streams,stream_scenario,real_streams,synthetic_streams,source_stream_ids,traffic_condition,seed,method,prediction_weight,selected_lambda,throughput,latency,packet_loss,jitter,qos_satisfaction,jain_fairness,resource_utilization
10,real_application_traces,10,0,afreeca_dataset;amazon_dataset;battleground_dataset;gamebox_dataset;geforce_dataset;meet_dataset;netflix_dataset;teams_dataset;youtube_dataset;zoom_dataset,LOW,42,FULL BLENDED MODEL,0.75,0.75,44.92219593103658,13.518807120217565,0.17251097858563927,5.317415227616947,98.43497757847534,0.3033638848576734,47.611953832818436
10,real_application_traces,10,0,afreeca_dataset;amazon_dataset;battleground_dataset;gamebox_dataset;geforce_dataset;meet_dataset;netflix_dataset;teams_dataset;youtube_dataset;zoom_dataset,LOW,42,PREDICTION ONLY,1.0,0.75,44.85326573251631,20.269932109057212,0.3255602133714701,17.831586326046914,97.31240657698056,0.30858911384820725,48.438939258007
10,real_application_traces,10,0,afreeca_dataset;amazon_dataset;battleground_dataset;gamebox_dataset;geforce_dataset;meet_dataset;netflix_dataset;teams_dataset;youtube_dataset;zoom_dataset,LOW,42,NO PREDICTION,0.0,0.75,44.96108289173206,10.001775834377883,0.0864824628175569,0.0015718273663696168,99.99103139013452,0.2846376070066132,44.961082891732104
10,real_application_traces,10,0,afreeca_dataset;amazon_dataset;battleground_dataset;gamebox_dataset;geforce_dataset;meet_dataset;netflix_dataset;teams_dataset;youtube_dataset;zoom_dataset,LOW,42,NO FAIRNESS,0.75,0.75,44.92161892616424,13.518594322293035,0.17379321163527556,5.317411054842028,98.43497757847534,0.30335682152336446,47.61143409656012
10,real_application_traces,10,0,afreeca_dataset;amazon_dataset;battleground_dataset;gamebox_dataset;geforce_dataset;meet_dataset;netflix_dataset;teams_dataset;youtube_dataset;zoom_dataset,LOW,42,NO PRIORITY,0.75,0.75,44.923565465209755,13.519252391478844,0.16946756931192233,5.317427381679924,98.43497757847534,0.30337243136591124,47.61197255093888
10,real_application_traces,10,0,afreeca_dataset;amazon_dataset;battleground_dataset;gamebox_dataset;geforce_dataset;meet_dataset;netflix_dataset;teams_dataset;youtube_dataset;zoom_dataset,LOW,42,SINGLE OBJECTIVE,0.75,0.75,44.93012294387194,13.534940328007044,0.15489539450709613,5.326858174953048,98.43497757847534,0.3034338105386099,47.61656563273068
10,real_application_traces,10,0,afreeca_dataset;gamebox_dataset;geforce_dataset;meet_dataset;navernow_dataset;netflix_dataset;roblox_dataset;tft_dataset;youtubeLive_dataset;youtube_dataset,LOW,43,FULL BLENDED MODEL,0.75,0.75,44.76651090147633,15.972295044830124,0.5172523176685474,8.031004282184671,96.60239162929746,0.36606933439051226,50.69995741151935
10,real_application_traces,10,0,afreeca_dataset;gamebox_dataset;geforce_dataset;meet_dataset;navernow_dataset;netflix_dataset;roblox_dataset;tft_dataset;youtubeLive_dataset;youtube_dataset,LOW,43,PREDICTION ONLY,1.0,0.75,44.30041195455122,29.32608416754249,1.552490306707122,29.507131414653216,95.41255605381166,0.37300760320211723,52.20840730362306
10,real_application_traces,10,0,afreeca_dataset;gamebox_dataset;geforce_dataset;meet_dataset;navernow_dataset;netflix_dataset;roblox_dataset;tft_dataset;youtubeLive_dataset;youtube_dataset,LOW,43,NO PREDICTION,0.0,0.75,45.00000000000009,10.000759767515392,0.0,0.001519762200021494,100.0,0.3316901207539158,45.0
10,real_application_traces,10,0,afreeca_dataset;gamebox_dataset;geforce_dataset;meet_dataset;navernow_dataset;netflix_dataset;roblox_dataset;tft_dataset;youtubeLive_dataset;youtube_dataset,LOW,43,NO FAIRNESS,0.75,0.75,44.76651090147633,15.972355109440254,0.5172523176685474,8.03088413500519,96.60239162929746,0.3660683499912961,50.700180024322975
10,real_application_traces,10,0,afreeca_dataset;gamebox_dataset;geforce_dataset;meet_dataset;navernow_dataset;netflix_dataset;roblox_dataset;tft_dataset;youtubeLive_dataset;youtube_dataset,LOW,43,NO PRIORITY,0.75,0.75,44.76668978557722,15.972333171313599,0.516854797444338,8.031083507703983,96.60239162929746,0.3660723848239425,50.70013552678786
10,real_application_traces,10,0,afreeca_dataset;gamebox_dataset;geforce_dataset;meet_dataset;navernow_dataset;netflix_dataset;roblox_dataset;tft_dataset;youtubeLive_dataset;youtube_dataset,LOW,43,SINGLE OBJECTIVE,0.75,0.75,44.76651090147634,15.973044442401255,0.5172523176685474,8.02950526297377,96.60239162929746,0.3660796840796332,50.70145571662835
10,real_application_traces,10,0,afreeca_dataset;amazon_dataset;battleground_dataset;geforce_dataset;navernow_dataset;netflix_dataset;teams_dataset;tft_dataset;youtube_dataset;zoom_dataset,LOW,44,FULL BLENDED MODEL,0.75,0.75,44.25114247632143,16.607212518775846,1.6636724352493322,8.26803248759352,96.30642750373693,0.2983750908325313,52.29432689157921
10,real_application_traces,10,0,afreeca_dataset;amazon_dataset;battleground_dataset;geforce_dataset;navernow_dataset;netflix_dataset;teams_dataset;tft_dataset;youtube_dataset;zoom_dataset,LOW,44,PREDICTION ONLY,1.0,0.75,42.85968898045928,30.988395369836503,4.7556395165602625,30.12834751569943,94.40059790732437,0.30412088116981045,53.57255976814843
10,real_application_traces,10,0,afreeca_dataset;amazon_dataset;battleground_dataset;geforce_dataset;navernow_dataset;netflix_dataset;teams_dataset;tft_dataset;youtube_dataset;zoom_dataset,LOW,44,NO PREDICTION,0.0,0.75,44.940320257428404,10.006645809503734,0.13262165015954294,0.010772022192287904,99.98804185351271,0.26328928153757364,44.9403202574282
10,real_application_traces,10,0,afreeca_dataset;amazon_dataset;battleground_dataset;geforce_dataset;navernow_dataset;netflix_dataset;teams_dataset;tft_dataset;youtube_dataset;zoom_dataset,LOW,44,NO FAIRNESS,0.75,0.75,44.25070468119698,16.607119853143015,1.6646453133036623,8.268154060032762,96.30642750373693,0.29836370089373015,52.293735379381914
10,real_application_traces,10,0,afreeca_dataset;amazon_dataset;battleground_dataset;geforce_dataset;navernow_dataset;netflix_dataset;teams_dataset;tft_dataset;youtube_dataset;zoom_dataset,LOW,44,NO PRIORITY,0.75,0.75,44.258924927212256,16.60859190418778,1.6463780999363977,8.26812317408961,96.30642750373693,0.29842111390186915,52.2962092371214
10,real_application_traces,10,0,afreeca_dataset;amazon_dataset;battleground_dataset;geforce_dataset;navernow_dataset;netflix_dataset;teams_dataset;tft_dataset;youtube_dataset;zoom_dataset,LOW,44,SINGLE OBJECTIVE,0.75,0.75,44.26561663375337,16.644953625924447,1.63150764095615,8.289606148619155,96.29596412556054,0.29847634129903133,52.30183321011901
10,real_application_traces,10,0,geforce_dataset;meet_dataset;netflix_dataset;roblox_dataset;teams_dataset;tft_dataset;youtubeLive_dataset;youtube_dataset;zepeto_dataset;zoom_dataset,LOW,45,FULL BLENDED MODEL,0.75,0.75,44.77287127671008,13.23064160122502,0.5015133713933289,4.70398815392835,98.20627802690584,0.1523047409178355,48.47522316411733
10,real_application_traces,10,0,geforce_dataset;meet_dataset;netflix_dataset;roblox_dataset;teams_dataset;tft_dataset;youtubeLive_dataset;youtube_dataset;zepeto_dataset;zoom_dataset,LOW,45,PREDICTION ONLY,1.0,0.75,44.56834104474496,19.102521614139093,0.9549526230461075,15.217438055721749,97.50373692077729,0.15569583071340015,49.48257963311131
10,real_application_traces,10,0,geforce_dataset;meet_dataset;netflix_dataset;roblox_dataset;teams_dataset;tft_dataset;youtubeLive_dataset;youtube_dataset;zepeto_dataset;zoom_dataset,LOW,45,NO PREDICTION,0.0,0.75,44.989174477985095,10.007072134112002,0.02405671558857461,0.010882192165331855,99.99402092675635,0.13903110347383474,44.98917447798514
10,real_application_traces,10,0,geforce_dataset;meet_dataset;netflix_dataset;roblox_dataset;teams_dataset;tft_dataset;youtubeLive_dataset;youtube_dataset;zepeto_dataset;zoom_dataset,LOW,45,NO FAIRNESS,0.75,0.75,44.7725493484865,13.230434131943507,0.5022287674456933,4.70395910487904,98.20627802690584,0.15229609562862384,48.473843302193494
10,real_application_traces,10,0,geforce_dataset;meet_dataset;netflix_dataset;roblox_dataset;teams_dataset;tft_dataset;youtubeLive_dataset;youtube_dataset;zepeto_dataset;zoom_dataset,LOW,45,NO PRIORITY,0.75,0.75,44.773946967377405,13.230591993798832,0.49912294768816723,4.702269814732116,98.20777279521674,0.15230773171560483,48.47619976175971
10,real_application_traces,10,0,geforce_dataset;meet_dataset;netflix_dataset;roblox_dataset;teams_dataset;tft_dataset;youtubeLive_dataset;youtube_dataset;zepeto_dataset;zoom_dataset,LOW,45,SINGLE OBJECTIVE,0.75,0.75,44.774986675744316,13.267062801731308,0.4968124846505833,4.739571303062289,98.19730941704036,0.15234430595151288,48.48334795746067
10,real_application_traces,10,0,afreeca_dataset;amazon_dataset;battleground_dataset;gamebox_dataset;meet_dataset;navernow_dataset;roblox_dataset;youtubeLive_dataset;zepeto_dataset;zoom_dataset,LOW,46,FULL BLENDED MODEL,0.75,0.75,43.326634886444765,16.895248007410395,3.716452154067131,8.553903049843976,95.2272047832586,0.34235674244105396,53.524039500499
10,real_application_traces,10,0,afreeca_dataset;amazon_dataset;battleground_dataset;gamebox_dataset;meet_dataset;navernow_dataset;roblox_dataset;youtubeLive_dataset;zepeto_dataset;zoom_dataset,LOW,46,PREDICTION ONLY,1.0,0.75,41.2668097438588,34.52544793973179,8.293129030757978,33.71473776950889,93.47234678624814,0.3525643650625171,54.83284973899272
10,real_application_traces,10,0,afreeca_dataset;amazon_dataset;battleground_dataset;gamebox_dataset;meet_dataset;navernow_dataset;roblox_dataset;youtubeLive_dataset;zepeto_dataset;zoom_dataset,LOW,46,NO PREDICTION,0.0,0.75,44.90617774320014,10.009313417094015,0.20849390399910253,0.015443680123201376,99.98206278026906,0.30245216591051305,44.9061777432004
10,real_application_traces,10,0,afreeca_dataset;amazon_dataset;battleground_dataset;gamebox_dataset;meet_dataset;navernow_dataset;roblox_dataset;youtubeLive_dataset;zepeto_dataset;zoom_dataset,LOW,46,NO FAIRNESS,0.75,0.75,43.326890931066565,16.8952941236643,3.7158831660186866,8.553972863737274,95.2272047832586,0.3423593171131812,53.52419573126587
10,real_application_traces,10,0,afreeca_dataset;amazon_dataset;battleground_dataset;gamebox_dataset;meet_dataset;navernow_dataset;roblox_dataset;youtubeLive_dataset;zepeto_dataset;zoom_dataset,LOW,46,NO PRIORITY,0.75,0.75,43.33586960014515,16.897680887152728,3.695930568066247,8.555161062859419,95.2272047832586,0.3424419623557504,53.52623260184471
10,real_application_traces,10,0,afreeca_dataset;amazon_dataset;battleground_dataset;gamebox_dataset;meet_dataset;navernow_dataset;roblox_dataset;youtubeLive_dataset;zepeto_dataset;zoom_dataset,LOW,46,SINGLE OBJECTIVE,0.75,0.75,43.3457477776784,16.960744830931393,3.673979062436846,8.594959930445478,95.20478325859492,0.34256570682117393,53.53726517494613
10,real_application_traces,10,0,afreeca_dataset;amazon_dataset;battleground_dataset;gamebox_dataset;geforce_dataset;meet_dataset;netflix_dataset;teams_dataset;youtube_dataset;zoom_dataset,MEDIUM,42,FULL BLENDED MODEL,0.75,0.75,79.53266140596733,13.84893581692665,0.5837862900967553,5.529301703655248,97.9626307922272,0.30151799426665965,84.19716791273102
10,real_application_traces,10,0,afreeca_dataset;amazon_dataset;battleground_dataset;gamebox_dataset;geforce_dataset;meet_dataset;netflix_dataset;teams_dataset;youtube_dataset;zoom_dataset,MEDIUM,42,PREDICTION ONLY,1.0,0.75,79.22552086041537,20.67986352857757,0.9675829878886193,17.9198635876119,96.80568011958147,0.3055764065769118,85.37926526979552
10,real_application_traces,10,0,afreeca_dataset;amazon_dataset;battleground_dataset;gamebox_dataset;geforce_dataset;meet_dataset;netflix_dataset;teams_dataset;youtube_dataset;zoom_dataset,MEDIUM,42,NO PREDICTION,0.0,0.75,79.73842224592602,10.1784630120548,0.32697219259277643,0.23695404621953395,99.84304932735427,0.2840346929143228,79.73842224592579
10,real_application_traces,10,0,afreeca_dataset;amazon_dataset;battleground_dataset;gamebox_dataset;geforce_dataset;meet_dataset;netflix_dataset;teams_dataset;youtube_dataset;zoom_dataset,MEDIUM,42,NO FAIRNESS,0.75,0.75,79.53589800680226,13.833884243123014,0.5797405390530688,5.525936576894374,97.98355754857997,0.301024414932606,84.15118864036394
10,real_application_traces,10,0,afreeca_dataset;amazon_dataset;battleground_dataset;gamebox_dataset;geforce_dataset;meet_dataset;netflix_dataset;teams_dataset;youtube_dataset;zoom_dataset,MEDIUM,42,NO PRIORITY,0.75,0.75,79.55808501696988,13.856120526952179,0.5520067763435845,5.533673110957407,97.98804185351271,0.3009550448651753,84.14647097823236
10,real_application_traces,10,0,afreeca_dataset;amazon_dataset;battleground_dataset;gamebox_dataset;geforce_dataset;meet_dataset;netflix_dataset;teams_dataset;youtube_dataset;zoom_dataset,MEDIUM,42,SINGLE OBJECTIVE,0.75,0.75,79.54378416334146,14.382564890859474,0.5698828433790606,5.788938788798959,97.78026905829596,0.30062984695950373,84.13477390798094
10,real_application_traces,10,0,afreeca_dataset;gamebox_dataset;geforce_dataset;meet_dataset;navernow_dataset;netflix_dataset;roblox_dataset;tft_dataset;youtubeLive_dataset;youtube_dataset,MEDIUM,43,FULL BLENDED MODEL,0.75,0.75,77.83219786464974,15.798977642739953,2.7081403234701567,7.202548080834223,95.98804185351271,0.3596785679301132,87.51510590944174
10,real_application_traces,10,0,afreeca_dataset;gamebox_dataset;geforce_dataset;meet_dataset;navernow_dataset;netflix_dataset;roblox_dataset;tft_dataset;youtubeLive_dataset;youtube_dataset,MEDIUM,43,PREDICTION ONLY,1.0,0.75,75.46822450241928,28.67720707243333,5.662569577685654,27.723359814664306,94.78026905829596,0.3609020014409781,87.59969258893355
10,real_application_traces,10,0,afreeca_dataset;gamebox_dataset;geforce_dataset;meet_dataset;navernow_dataset;netflix_dataset;roblox_dataset;tft_dataset;youtubeLive_dataset;youtube_dataset,MEDIUM,43,NO PREDICTION,0.0,0.75,79.70168710579208,10.521521235077316,0.3728911177598614,0.8389017155066821,99.6576980568012,0.3306593014105173,79.70168710579212
10,real_application_traces,10,0,afreeca_dataset;gamebox_dataset;geforce_dataset;meet_dataset;navernow_dataset;netflix_dataset;roblox_dataset;tft_dataset;youtubeLive_dataset;youtube_dataset,MEDIUM,43,NO FAIRNESS,0.75,0.75,77.83172658792468,15.79361347890969,2.708729419376627,7.202757963678938,95.99551569506727,0.3592028957244264,87.4846931602419
10,real_application_traces,10,0,afreeca_dataset;gamebox_dataset;geforce_dataset;meet_dataset;navernow_dataset;netflix_dataset;roblox_dataset;tft_dataset;youtubeLive_dataset;youtube_dataset,MEDIUM,43,NO PRIORITY,0.75,0.75,77.84794052773839,15.794880655413627,2.688461994609436,7.208695437541597,96.02690582959642,0.3590800231724985,87.43308689670324
10,real_application_traces,10,0,afreeca_dataset;gamebox_dataset;geforce_dataset;meet_dataset;navernow_dataset;netflix_dataset;roblox_dataset;tft_dataset;youtubeLive_dataset;youtube_dataset,MEDIUM,43,SINGLE OBJECTIVE,0.75,0.75,77.79723482986643,17.643659341604863,2.751844116949476,8.46116151176859,95.50822122571002,0.3591025444636783,87.61008556983627
10,real_application_traces,10,0,afreeca_dataset;amazon_dataset;battleground_dataset;geforce_dataset;navernow_dataset;netflix_dataset;teams_dataset;tft_dataset;youtube_dataset;zoom_dataset,MEDIUM,44,FULL BLENDED MODEL,0.75,0.75,75.16084394059065,16.07609292621743,6.048489679113787,7.074214517909295,95.25112107623319,0.2888354357234859,87.98929233342434
10,real_application_traces,10,0,afreeca_dataset;amazon_dataset;battleground_dataset;geforce_dataset;navernow_dataset;netflix_dataset;teams_dataset;tft_dataset;youtube_dataset;zoom_dataset,MEDIUM,44,PREDICTION ONLY,1.0,0.75,71.68852194514143,29.57359761322184,10.388740375043024,27.217125349957282,93.72047832585949,0.2884958417151029,87.61004667067448
10,real_application_traces,10,0,afreeca_dataset;amazon_dataset;battleground_dataset;geforce_dataset;navernow_dataset;netflix_dataset;teams_dataset;tft_dataset;youtube_dataset;zoom_dataset,MEDIUM,44,NO PREDICTION,0.0,0.75,78.73411668292935,10.67075235256303,1.582354146338597,1.0828766907302954,99.22122571001495,0.26041979567031087,78.73411668292911
10,real_application_traces,10,0,afreeca_dataset;amazon_dataset;battleground_dataset;geforce_dataset;navernow_dataset;netflix_dataset;teams_dataset;tft_dataset;youtube_dataset;zoom_dataset,MEDIUM,44,NO FAIRNESS,0.75,0.75,75.18306368275034,16.078081639657146,6.020715001414119,7.065435048707422,95.30642750373693,0.2880863678373924,87.94162405948968
10,real_application_traces,10,0,afreeca_dataset;amazon_dataset;battleground_dataset;geforce_dataset;navernow_dataset;netflix_dataset;teams_dataset;tft_dataset;youtube_dataset;zoom_dataset,MEDIUM,44,NO PRIORITY,0.75,0.75,75.22548772788235,16.094943934178083,5.9676849449991245,7.07696295647462,95.32735426008969,0.28789077480725345,87.87838575423042
10,real_application_traces,10,0,afreeca_dataset;amazon_dataset;battleground_dataset;geforce_dataset;navernow_dataset;netflix_dataset;teams_dataset;tft_dataset;youtube_dataset;zoom_dataset,MEDIUM,44,SINGLE OBJECTIVE,0.75,0.75,75.15640939764229,18.436602980627523,6.05403285779899,8.239992421009754,94.53363228699551,0.2876396581727048,88.16722646239552
10,real_application_traces,10,0,geforce_dataset;meet_dataset;netflix_dataset;roblox_dataset;teams_dataset;tft_dataset;youtubeLive_dataset;youtube_dataset;zepeto_dataset;zoom_dataset,MEDIUM,45,FULL BLENDED MODEL,0.75,0.75,78.74084999542174,13.48069394985551,1.5690191661230635,4.850279196138428,97.61136023916293,0.15075555187337766,84.95266539936858
10,real_application_traces,10,0,geforce_dataset;meet_dataset;netflix_dataset;roblox_dataset;teams_dataset;tft_dataset;youtubeLive_dataset;youtube_dataset;zepeto_dataset;zoom_dataset,MEDIUM,45,PREDICTION ONLY,1.0,0.75,78.1873327980068,19.741628096857923,2.2606133173429708,15.748026664442428,96.86547085201794,0.15345039025105608,86.31460390808283
10,real_application_traces,10,0,geforce_dataset;meet_dataset;netflix_dataset;roblox_dataset;teams_dataset;tft_dataset;youtubeLive_dataset;youtube_dataset;zepeto_dataset;zoom_dataset,MEDIUM,45,NO PREDICTION,0.0,0.75,79.20397826438958,10.16894939037781,0.9924185545719553,0.24322238865896287,99.53512705530643,0.13840649418214035,79.20397826438956
10,real_application_traces,10,0,geforce_dataset;meet_dataset;netflix_dataset;roblox_dataset;teams_dataset;tft_dataset;youtubeLive_dataset;youtube_dataset;zepeto_dataset;zoom_dataset,MEDIUM,45,NO FAIRNESS,0.75,0.75,78.79790105992232,13.48256444829386,1.4977053354972507,4.850163992606483,97.64723467862481,0.15034329053019757,84.93785733782
10,real_application_traces,10,0,geforce_dataset;meet_dataset;netflix_dataset;roblox_dataset;teams_dataset;tft_dataset;youtubeLive_dataset;youtube_dataset;zepeto_dataset;zoom_dataset,MEDIUM,45,NO PRIORITY,0.75,0.75,78.87848250236588,13.499470366793217,1.3974005020526694,4.843704531692028,97.71150971599403,0.1499103948750963,84.88724804668132
10,real_application_traces,10,0,geforce_dataset;meet_dataset;netflix_dataset;roblox_dataset;teams_dataset;tft_dataset;youtubeLive_dataset;youtube_dataset;zepeto_dataset;zoom_dataset,MEDIUM,45,SINGLE OBJECTIVE,0.75,0.75,78.90661355818,15.460522963223022,1.3622366822850691,6.060323778416082,97.25560538116592,0.14933633011909228,84.95574997404772
10,real_application_traces,10,0,afreeca_dataset;amazon_dataset;battleground_dataset;gamebox_dataset;meet_dataset;navernow_dataset;roblox_dataset;youtubeLive_dataset;zepeto_dataset;zoom_dataset,MEDIUM,46,FULL BLENDED MODEL,0.75,0.75,72.77392385898547,16.17116086011287,9.030458189101394,7.352903445472427,94.5829596412556,0.33821057501398394,88.49257112760253
10,real_application_traces,10,0,afreeca_dataset;amazon_dataset;battleground_dataset;gamebox_dataset;meet_dataset;navernow_dataset;roblox_dataset;youtubeLive_dataset;zepeto_dataset;zoom_dataset,MEDIUM,46,PREDICTION ONLY,1.0,0.75,68.46267354971647,32.289331000273414,14.418808746631901,30.52206847926222,93.07025411061285,0.3433433160880081,87.48028069605817
10,real_application_traces,10,0,afreeca_dataset;amazon_dataset;battleground_dataset;gamebox_dataset;meet_dataset;navernow_dataset;roblox_dataset;youtubeLive_dataset;zepeto_dataset;zoom_dataset,MEDIUM,46,NO PREDICTION,0.0,0.75,77.45710792016581,10.790095896411765,3.1786150997928657,1.3359000864704662,98.69207772795217,0.2975815378300094,77.45710792016571
10,real_application_traces,10,0,afreeca_dataset;amazon_dataset;battleground_dataset;gamebox_dataset;meet_dataset;navernow_dataset;roblox_dataset;youtubeLive_dataset;zepeto_dataset;zoom_dataset,MEDIUM,46,NO FAIRNESS,0.75,0.75,72.79434689438378,16.158360419147513,9.004929394853635,7.342549344244869,94.59342301943198,0.3373580004735399,88.43136130629632
10,real_application_traces,10,0,afreeca_dataset;amazon_dataset;battleground_dataset;gamebox_dataset;meet_dataset;navernow_dataset;roblox_dataset;youtubeLive_dataset;zepeto_dataset;zoom_dataset,MEDIUM,46,NO PRIORITY,0.75,0.75,72.8774080212476,16.211738405330532,8.90110298627369,7.3488547237951405,94.61285500747384,0.3373273756037033,88.46637519609587
10,real_application_traces,10,0,afreeca_dataset;amazon_dataset;battleground_dataset;gamebox_dataset;meet_dataset;navernow_dataset;roblox_dataset;youtubeLive_dataset;zepeto_dataset;zoom_dataset,MEDIUM,46,SINGLE OBJECTIVE,0.75,0.75,72.79142415524741,19.764790130709603,9.008582818773993,9.752736228396639,93.5814648729447,0.33713319995788693,89.12376339533418
10,real_application_traces,10,0,afreeca_dataset;amazon_dataset;battleground_dataset;gamebox_dataset;geforce_dataset;meet_dataset;netflix_dataset;teams_dataset;youtube_dataset;zoom_dataset,HIGH,42,FULL BLENDED MODEL,0.75,0.75,94.75878907975093,17.713423018411525,13.855259338691404,5.440479261187228,87.14499252615845,0.32948656678482685,99.34396837288307
10,real_application_traces,10,0,afreeca_dataset;amazon_dataset;battleground_dataset;gamebox_dataset;geforce_dataset;meet_dataset;netflix_dataset;teams_dataset;youtube_dataset;zoom_dataset,HIGH,42,PREDICTION ONLY,1.0,0.75,93.58644306778196,24.571697452870485,14.920899456333661,17.28631418694949,85.67713004484305,0.3339656134859545,99.42678642089757
10,real_application_traces,10,0,afreeca_dataset;amazon_dataset;battleground_dataset;gamebox_dataset;geforce_dataset;meet_dataset;netflix_dataset;teams_dataset;youtube_dataset;zoom_dataset,HIGH,42,NO PREDICTION,0.0,0.75,98.70909691388576,13.268724668617446,10.26445735101301,1.1982931239269714,91.57997010463379,0.3023981128371092,98.70909691388574
10,real_application_traces,10,0,afreeca_dataset;amazon_dataset;battleground_dataset;gamebox_dataset;geforce_dataset;meet_dataset;netflix_dataset;teams_dataset;youtube_dataset;zoom_dataset,HIGH,42,NO FAIRNESS,0.75,0.75,95.17199778539153,17.806833471837255,13.479615060836315,5.358057893770901,87.26307922272048,0.32612157445670487,99.33786914190779
10,real_application_traces,10,0,afreeca_dataset;amazon_dataset;battleground_dataset;gamebox_dataset;geforce_dataset;meet_dataset;netflix_dataset;teams_dataset;youtube_dataset;zoom_dataset,HIGH,42,NO PRIORITY,0.75,0.75,96.09999309695837,18.581646434595857,12.635982959411907,5.275278301554646,85.24962630792227,0.31885411712000805,99.3389822948431
10,real_application_traces,10,0,afreeca_dataset;amazon_dataset;battleground_dataset;gamebox_dataset;geforce_dataset;meet_dataset;netflix_dataset;teams_dataset;youtube_dataset;zoom_dataset,HIGH,42,SINGLE OBJECTIVE,0.75,0.75,97.91648476832849,163.8233583100109,10.984626894529589,14.10435435302562,38.37219730941704,0.28779291640218974,99.40561772859367
10,real_application_traces,10,0,afreeca_dataset;gamebox_dataset;geforce_dataset;meet_dataset;navernow_dataset;netflix_dataset;roblox_dataset;tft_dataset;youtubeLive_dataset;youtube_dataset,HIGH,43,FULL BLENDED MODEL,0.75,0.75,92.50338631761342,20.528716942045644,15.903844374100556,6.45893319386637,83.59940209267563,0.37388494346831036,99.5380340499911
10,real_application_traces,10,0,afreeca_dataset;gamebox_dataset;geforce_dataset;meet_dataset;navernow_dataset;netflix_dataset;roblox_dataset;tft_dataset;youtubeLive_dataset;youtube_dataset,HIGH,43,PREDICTION ONLY,1.0,0.75,90.55483324958601,31.936927280093037,17.674606488415517,24.70666963064159,84.050822122571,0.36825233876853575,99.43788375478364
10,real_application_traces,10,0,afreeca_dataset;gamebox_dataset;geforce_dataset;meet_dataset;navernow_dataset;netflix_dataset;roblox_dataset;tft_dataset;youtubeLive_dataset;youtube_dataset,HIGH,43,NO PREDICTION,0.0,0.75,98.62175142343347,15.575952357654122,10.341886404075593,3.3145443747009,89.85500747384155,0.3457809506854168,98.62175142343347
10,real_application_traces,10,0,afreeca_dataset;gamebox_dataset;geforce_dataset;meet_dataset;navernow_dataset;netflix_dataset;roblox_dataset;tft_dataset;youtubeLive_dataset;youtube_dataset,HIGH,43,NO FAIRNESS,0.75,0.75,92.97005614135121,20.660401042800427,15.479643807264306,6.411343900294936,83.73692077727952,0.3699319392144853,99.53210486009534
10,real_application_traces,10,0,afreeca_dataset;gamebox_dataset;geforce_dataset;meet_dataset;navernow_dataset;netflix_dataset;roblox_dataset;tft_dataset;youtubeLive_dataset;youtube_dataset,HIGH,43,NO PRIORITY,0.75,0.75,94.82193568453147,21.496709442107022,13.79652016463699,6.26429330380877,85.06427503736921,0.35780680048235325,99.50790827949591
10,real_application_traces,10,0,afreeca_dataset;gamebox_dataset;geforce_dataset;meet_dataset;navernow_dataset;netflix_dataset;roblox_dataset;tft_dataset;youtubeLive_dataset;youtube_dataset,HIGH,43,SINGLE OBJECTIVE,0.75,0.75,95.07040957315698,125.32148362464768,13.57074258777583,19.69209220273808,52.41405082212257,0.3312654496352431,99.60029216785627
10,real_application_traces,10,0,afreeca_dataset;amazon_dataset;battleground_dataset;geforce_dataset;navernow_dataset;netflix_dataset;teams_dataset;tft_dataset;youtube_dataset;zoom_dataset,HIGH,44,FULL BLENDED MODEL,0.75,0.75,88.64607709242698,17.46282160723219,19.409912559366116,6.409079819931029,87.54559043348281,0.3073947285085649,99.45096473388492
10,real_application_traces,10,0,afreeca_dataset;amazon_dataset;battleground_dataset;geforce_dataset;navernow_dataset;netflix_dataset;teams_dataset;tft_dataset;youtube_dataset;zoom_dataset,HIGH,44,PREDICTION ONLY,1.0,0.75,85.85475802703006,29.640536597867808,21.947466389833508,24.58652848521662,87.1778774289985,0.2956841879614826,99.17522780081906
10,real_application_traces,10,0,afreeca_dataset;amazon_dataset;battleground_dataset;geforce_dataset;navernow_dataset;netflix_dataset;teams_dataset;tft_dataset;youtube_dataset;zoom_dataset,HIGH,44,NO PREDICTION,0.0,0.75,96.79223961235483,12.749774154465575,12.004239164938458,2.7037688046894033,92.54708520179372,0.26962636387614125,96.79223961235485
10,real_application_traces,10,0,afreeca_dataset;amazon_dataset;battleground_dataset;geforce_dataset;navernow_dataset;netflix_dataset;teams_dataset;tft_dataset;youtube_dataset;zoom_dataset,HIGH,44,NO FAIRNESS,0.75,0.75,89.19415170990295,17.593671780388007,18.911662907115403,6.324172711587871,87.66068759342302,0.3026832330733469,99.44834953122701
10,real_application_traces,10,0,afreeca_dataset;amazon_dataset;battleground_dataset;geforce_dataset;navernow_dataset;netflix_dataset;teams_dataset;tft_dataset;youtube_dataset;zoom_dataset,HIGH,44,NO PRIORITY,0.75,0.75,91.39907300053274,18.237068808666166,16.906982304112436,6.331651590906746,88.41255605381166,0.2892443802191268,99.42605049756185
10,real_application_traces,10,0,afreeca_dataset;amazon_dataset;battleground_dataset;geforce_dataset;navernow_dataset;netflix_dataset;teams_dataset;tft_dataset;youtube_dataset;zoom_dataset,HIGH,44,SINGLE OBJECTIVE,0.75,0.75,92.05949561207217,156.0711322744681,16.303067267088796,18.43768062628639,45.997010463378174,0.2615313433327539,99.5760121953169
10,real_application_traces,10,0,geforce_dataset;meet_dataset;netflix_dataset;roblox_dataset;teams_dataset;tft_dataset;youtubeLive_dataset;youtube_dataset;zepeto_dataset;zoom_dataset,HIGH,45,FULL BLENDED MODEL,0.75,0.75,92.20679975909368,14.358786183416179,16.170340830014485,4.793315350315251,90.72795216741405,0.16033055569067994,98.61311685595354
10,real_application_traces,10,0,geforce_dataset;meet_dataset;netflix_dataset;roblox_dataset;teams_dataset;tft_dataset;youtubeLive_dataset;youtube_dataset;zepeto_dataset;zoom_dataset,HIGH,45,PREDICTION ONLY,1.0,0.75,90.51244848348065,20.619514770896114,17.710466971147255,15.588889662724192,89.92675635276532,0.16322198396392806,98.75135029226101
10,real_application_traces,10,0,geforce_dataset;meet_dataset;netflix_dataset;roblox_dataset;teams_dataset;tft_dataset;youtubeLive_dataset;youtube_dataset;zepeto_dataset;zoom_dataset,HIGH,45,NO PREDICTION,0.0,0.75,97.21929114478336,11.04025795976662,11.614566753738728,0.5469313076176789,93.94469357249626,0.14228253417828887,97.21929114478336
10,real_application_traces,10,0,geforce_dataset;meet_dataset;netflix_dataset;roblox_dataset;teams_dataset;tft_dataset;youtubeLive_dataset;youtube_dataset;zepeto_dataset;zoom_dataset,HIGH,45,NO FAIRNESS,0.75,0.75,92.39247460453272,14.38368485471636,16.00154551597899,4.797080671372947,90.6965620328849,0.15923538389708936,98.61231253931504
10,real_application_traces,10,0,geforce_dataset;meet_dataset;netflix_dataset;roblox_dataset;teams_dataset;tft_dataset;youtubeLive_dataset;youtube_dataset;zepeto_dataset;zoom_dataset,HIGH,45,NO PRIORITY,0.75,0.75,93.68613408615164,14.78196226615893,14.825491441780018,4.6682244713108485,90.83856502242152,0.15503260888047068,98.61222566330439
10,real_application_traces,10,0,geforce_dataset;meet_dataset;netflix_dataset;roblox_dataset;teams_dataset;tft_dataset;youtubeLive_dataset;youtube_dataset;zepeto_dataset;zoom_dataset,HIGH,45,SINGLE OBJECTIVE,0.75,0.75,95.61392386017461,135.2831384100149,13.067256818508685,16.99141216291098,56.48729446935725,0.14241142342269303,98.80166716922297
10,real_application_traces,10,0,afreeca_dataset;amazon_dataset;battleground_dataset;gamebox_dataset;meet_dataset;navernow_dataset;roblox_dataset;youtubeLive_dataset;zepeto_dataset;zoom_dataset,HIGH,46,FULL BLENDED MODEL,0.75,0.75,86.47359617698098,18.28519536261873,21.38550285194127,6.679018289985985,86.60388639760838,0.35171324505312906,99.44052282620477
10,real_application_traces,10,0,afreeca_dataset;amazon_dataset;battleground_dataset;gamebox_dataset;meet_dataset;navernow_dataset;roblox_dataset;youtubeLive_dataset;zepeto_dataset;zoom_dataset,HIGH,46,PREDICTION ONLY,1.0,0.75,83.17714744681443,32.196901785253424,24.381693651421305,26.961254481228938,86.7339312406577,0.3411520257901484,99.17456175113308
10,real_application_traces,10,0,afreeca_dataset;amazon_dataset;battleground_dataset;gamebox_dataset;meet_dataset;navernow_dataset;roblox_dataset;youtubeLive_dataset;zepeto_dataset;zoom_dataset,HIGH,46,NO PREDICTION,0.0,0.75,95.4438468636428,13.014137661821827,13.232866487597397,3.1578706887810424,93.1644245142003,0.2982426705705837,95.44384686364282
10,real_application_traces,10,0,afreeca_dataset;amazon_dataset;battleground_dataset;gamebox_dataset;meet_dataset;navernow_dataset;roblox_dataset;youtubeLive_dataset;zepeto_dataset;zoom_dataset,HIGH,46,NO FAIRNESS,0.75,0.75,87.385829421517,18.499919085594236,20.55619990236313,6.527605817010923,86.72645739910314,0.34394538601315716,99.43506951133077
10,real_application_traces,10,0,afreeca_dataset;amazon_dataset;battleground_dataset;gamebox_dataset;meet_dataset;navernow_dataset;roblox_dataset;youtubeLive_dataset;zepeto_dataset;zoom_dataset,HIGH,46,NO PRIORITY,0.75,0.75,89.510530930128,19.297020449481042,18.62465307635301,6.592795713033087,87.84304932735427,0.3306457920013463,99.41786803656348
10,real_application_traces,10,0,afreeca_dataset;amazon_dataset;battleground_dataset;gamebox_dataset;meet_dataset;navernow_dataset;roblox_dataset;youtubeLive_dataset;zepeto_dataset;zoom_dataset,HIGH,46,SINGLE OBJECTIVE,0.75,0.75,89.2264140845184,106.75441587817684,18.882941117816493,21.105420901607,63.52914798206278,0.30300827874569647,99.52596864611688
10,real_application_traces,10,0,afreeca_dataset;amazon_dataset;battleground_dataset;gamebox_dataset;geforce_dataset;meet_dataset;netflix_dataset;teams_dataset;youtube_dataset;zoom_dataset,SPIKE,42,FULL BLENDED MODEL,0.75,0.75,88.41631301002641,16.725592514466996,20.41031092315368,5.387818731756722,88.3288490284006,0.3393135718336507,93.12835683391094
10,real_application_traces,10,0,afreeca_dataset;amazon_dataset;battleground_dataset;gamebox_dataset;geforce_dataset;meet_dataset;netflix_dataset;teams_dataset;youtube_dataset;zoom_dataset,SPIKE,42,PREDICTION ONLY,1.0,0.75,87.63541171675583,23.319591781041005,21.11287675982934,17.089145338652866,87.21674140508222,0.3422971736493554,93.7047511687156
10,real_application_traces,10,0,afreeca_dataset;amazon_dataset;battleground_dataset;gamebox_dataset;geforce_dataset;meet_dataset;netflix_dataset;teams_dataset;youtube_dataset;zoom_dataset,SPIKE,42,NO PREDICTION,0.0,0.75,90.9380550831227,13.04648914037676,18.142218721314933,0.9084318002533265,90.58594917787742,0.3147007837564695,90.93805508312253
10,real_application_traces,10,0,afreeca_dataset;amazon_dataset;battleground_dataset;gamebox_dataset;geforce_dataset;meet_dataset;netflix_dataset;teams_dataset;youtube_dataset;zoom_dataset,SPIKE,42,NO FAIRNESS,0.75,0.75,88.81802624920613,16.85825462940309,20.04870923242611,5.314731868603741,88.35276532137519,0.33544508785086236,93.10056451075194
10,real_application_traces,10,0,afreeca_dataset;amazon_dataset;battleground_dataset;gamebox_dataset;geforce_dataset;meet_dataset;netflix_dataset;teams_dataset;youtube_dataset;zoom_dataset,SPIKE,42,NO PRIORITY,0.75,0.75,89.60588823527311,18.17427135412735,19.340784935078208,5.3291589926296705,88.28101644245142,0.3284064570103948,93.09471367156237
10,real_application_traces,10,0,afreeca_dataset;amazon_dataset;battleground_dataset;gamebox_dataset;geforce_dataset;meet_dataset;netflix_dataset;teams_dataset;youtube_dataset;zoom_dataset,SPIKE,42,SINGLE OBJECTIVE,0.75,0.75,90.46737283612474,111.22067883384901,18.551787298447103,10.633392082252417,60.29297458893871,0.2932724636525937,93.0909687715838
10,real_application_traces,10,0,afreeca_dataset;gamebox_dataset;geforce_dataset;meet_dataset;navernow_dataset;netflix_dataset;roblox_dataset;tft_dataset;youtubeLive_dataset;youtube_dataset,SPIKE,43,FULL BLENDED MODEL,0.75,0.75,86.37649375040466,19.059288428407655,22.409804398925665,6.659727559466174,85.90582959641256,0.38446382794624784,94.37552655139055
10,real_application_traces,10,0,afreeca_dataset;gamebox_dataset;geforce_dataset;meet_dataset;navernow_dataset;netflix_dataset;roblox_dataset;tft_dataset;youtubeLive_dataset;youtube_dataset,SPIKE,43,PREDICTION ONLY,1.0,0.75,84.35980903417182,30.747969496269217,24.220813227632313,25.057907979084796,85.17189835575486,0.38095805634040575,94.4231809373981
10,real_application_traces,10,0,afreeca_dataset;gamebox_dataset;geforce_dataset;meet_dataset;navernow_dataset;netflix_dataset;roblox_dataset;tft_dataset;youtubeLive_dataset;youtube_dataset,SPIKE,43,NO PREDICTION,0.0,0.75,90.6691966581151,14.561119361122907,18.554794472197788,2.1984620763904053,89.30493273542601,0.35325132313716157,90.66919665811514
10,real_application_traces,10,0,afreeca_dataset;gamebox_dataset;geforce_dataset;meet_dataset;navernow_dataset;netflix_dataset;roblox_dataset;tft_dataset;youtubeLive_dataset;youtube_dataset,SPIKE,43,NO FAIRNESS,0.75,0.75,86.82021767434428,19.243701617856587,22.010946199313814,6.624589289758696,85.91479820627802,0.3799497667587553,94.36488104326945
10,real_application_traces,10,0,afreeca_dataset;gamebox_dataset;geforce_dataset;meet_dataset;navernow_dataset;netflix_dataset;roblox_dataset;tft_dataset;youtubeLive_dataset;youtube_dataset,SPIKE,43,NO PRIORITY,0.75,0.75,87.97633523039167,20.81007125497091,20.972117821378177,6.801687391276944,85.69058295964126,0.3719599074419916,94.32789611928393
10,real_application_traces,10,0,afreeca_dataset;gamebox_dataset;geforce_dataset;meet_dataset;navernow_dataset;netflix_dataset;roblox_dataset;tft_dataset;youtubeLive_dataset;youtube_dataset,SPIKE,43,SINGLE OBJECTIVE,0.75,0.75,87.63501270404429,93.86182401033368,21.270713338553364,14.563507721076414,63.59940209267563,0.34507381465864495,94.42211008275109
10,real_application_traces,10,0,afreeca_dataset;amazon_dataset;battleground_dataset;geforce_dataset;navernow_dataset;netflix_dataset;teams_dataset;tft_dataset;youtube_dataset;zoom_dataset,SPIKE,44,FULL BLENDED MODEL,0.75,0.75,83.30235017652265,17.245132509225265,25.30386596516475,6.545128566326415,90.03437967115097,0.324426027476475,94.46118466314677
10,real_application_traces,10,0,afreeca_dataset;amazon_dataset;battleground_dataset;geforce_dataset;navernow_dataset;netflix_dataset;teams_dataset;tft_dataset;youtube_dataset;zoom_dataset,SPIKE,44,PREDICTION ONLY,1.0,0.75,80.42462003351024,29.21906447733897,27.884236490741912,24.546323820450663,88.78026905829596,0.315017077087155,94.2828053963506
10,real_application_traces,10,0,afreeca_dataset;amazon_dataset;battleground_dataset;geforce_dataset;navernow_dataset;netflix_dataset;teams_dataset;tft_dataset;youtube_dataset;zoom_dataset,SPIKE,44,NO PREDICTION,0.0,0.75,89.6669971024474,12.588220139970048,19.596505987863683,2.156231987798643,93.4185351270553,0.2851015046732846,89.66699710244733
10,real_application_traces,10,0,afreeca_dataset;amazon_dataset;battleground_dataset;geforce_dataset;navernow_dataset;netflix_dataset;teams_dataset;tft_dataset;youtube_dataset;zoom_dataset,SPIKE,44,NO FAIRNESS,0.75,0.75,83.74954922425522,17.37714243577335,24.9028217231821,6.491178015242238,90.08968609865471,0.3195900782732745,94.43612662229792
10,real_application_traces,10,0,afreeca_dataset;amazon_dataset;battleground_dataset;geforce_dataset;navernow_dataset;netflix_dataset;teams_dataset;tft_dataset;youtube_dataset;zoom_dataset,SPIKE,44,NO PRIORITY,0.75,0.75,85.27575497660365,18.5300083300323,23.533792863537194,6.714888292231345,90.01345291479821,0.3101766323089377,94.39037973791194
10,real_application_traces,10,0,afreeca_dataset;amazon_dataset;battleground_dataset;geforce_dataset;navernow_dataset;netflix_dataset;teams_dataset;tft_dataset;youtube_dataset;zoom_dataset,SPIKE,44,SINGLE OBJECTIVE,0.75,0.75,84.9355777154835,129.10849075329847,23.822166436702066,13.861261460913445,58.073243647234676,0.2731175260838695,94.55755309502972
10,real_application_traces,10,0,geforce_dataset;meet_dataset;netflix_dataset;roblox_dataset;teams_dataset;tft_dataset;youtubeLive_dataset;youtube_dataset;zepeto_dataset;zoom_dataset,SPIKE,45,FULL BLENDED MODEL,0.75,0.75,86.33235480571182,14.046481847053206,22.412405645315573,4.763788453115045,92.98206278026906,0.1657073050373646,92.93527423342532
10,real_application_traces,10,0,geforce_dataset;meet_dataset;netflix_dataset;roblox_dataset;teams_dataset;tft_dataset;youtubeLive_dataset;youtube_dataset;zepeto_dataset;zoom_dataset,SPIKE,45,PREDICTION ONLY,1.0,0.75,85.22888908807376,20.343279423700796,23.404012698439733,15.74259562873569,92.35276532137519,0.1681802236249647,93.65414398675364
10,real_application_traces,10,0,geforce_dataset;meet_dataset;netflix_dataset;roblox_dataset;teams_dataset;tft_dataset;youtubeLive_dataset;youtube_dataset;zepeto_dataset;zoom_dataset,SPIKE,45,NO PREDICTION,0.0,0.75,90.13980321620879,10.808628346482001,18.990911683279844,0.42803885168906464,95.1150971599402,0.14746034734153823,90.13980321620883
10,real_application_traces,10,0,geforce_dataset;meet_dataset;netflix_dataset;roblox_dataset;teams_dataset;tft_dataset;youtubeLive_dataset;youtube_dataset;zepeto_dataset;zoom_dataset,SPIKE,45,NO FAIRNESS,0.75,0.75,86.53846804364825,14.066976468532442,22.22718294192123,4.7647838807508975,92.99252615844544,0.16433635429367685,92.93226682548872
10,real_application_traces,10,0,geforce_dataset;meet_dataset;netflix_dataset;roblox_dataset;teams_dataset;tft_dataset;youtubeLive_dataset;youtube_dataset;zepeto_dataset;zoom_dataset,SPIKE,45,NO PRIORITY,0.75,0.75,87.83946991914343,14.518177209088114,21.05802442904044,4.697043799350832,93.02242152466367,0.15972080899636396,92.92461702350934
10,real_application_traces,10,0,geforce_dataset;meet_dataset;netflix_dataset;roblox_dataset;teams_dataset;tft_dataset;youtubeLive_dataset;youtube_dataset;zepeto_dataset;zoom_dataset,SPIKE,45,SINGLE OBJECTIVE,0.75,0.75,88.72235159805233,107.55051362114003,20.25496713610274,11.223962061314973,67.98654708520179,0.14608981101077526,92.99113884370051
10,real_application_traces,10,0,afreeca_dataset;amazon_dataset;battleground_dataset;gamebox_dataset;meet_dataset;navernow_dataset;roblox_dataset;youtubeLive_dataset;zepeto_dataset;zoom_dataset,SPIKE,46,FULL BLENDED MODEL,0.75,0.75,81.13716395376828,18.218152545407275,27.482176741784482,6.877552025551663,88.99701046337817,0.36850900434279665,94.30410407965893
10,real_application_traces,10,0,afreeca_dataset;amazon_dataset;battleground_dataset;gamebox_dataset;meet_dataset;navernow_dataset;roblox_dataset;youtubeLive_dataset;zepeto_dataset;zoom_dataset,SPIKE,46,PREDICTION ONLY,1.0,0.75,77.64528856590809,31.757230533950924,30.602989204218055,26.541395243493174,87.84304932735427,0.36279156071375046,93.82348554436804
10,real_application_traces,10,0,afreeca_dataset;amazon_dataset;battleground_dataset;gamebox_dataset;meet_dataset;navernow_dataset;roblox_dataset;youtubeLive_dataset;zepeto_dataset;zoom_dataset,SPIKE,46,NO PREDICTION,0.0,0.75,88.79599515806056,13.285019086109553,20.639853603263,2.7264170036549147,93.15396113602391,0.31935367371227014,88.79599515806056
10,real_application_traces,10,0,afreeca_dataset;amazon_dataset;battleground_dataset;gamebox_dataset;meet_dataset;navernow_dataset;roblox_dataset;youtubeLive_dataset;zepeto_dataset;zoom_dataset,SPIKE,46,NO FAIRNESS,0.75,0.75,81.75714435253373,18.375199803133118,26.928078344786236,6.81621949317699,89.02242152466367,0.3620977575351655,94.27843322522494
10,real_application_traces,10,0,afreeca_dataset;amazon_dataset;battleground_dataset;gamebox_dataset;meet_dataset;navernow_dataset;roblox_dataset;youtubeLive_dataset;zepeto_dataset;zoom_dataset,SPIKE,46,NO PRIORITY,0.75,0.75,83.22255280108901,19.744476095319808,25.618391016107,7.029005910863775,88.82511210762331,0.3528323205923135,94.2844006316352
10,real_application_traces,10,0,afreeca_dataset;amazon_dataset;battleground_dataset;gamebox_dataset;meet_dataset;navernow_dataset;roblox_dataset;youtubeLive_dataset;zepeto_dataset;zoom_dataset,SPIKE,46,SINGLE OBJECTIVE,0.75,0.75,81.84572896714603,103.95688545299487,26.848403314236677,15.740323616687471,64.27952167414051,0.32033678651621983,94.6482515753718
25,synthetic_scalability_scenario_derived_from_real_traffic,15,10,afreeca_dataset;amazon_dataset;battleground_dataset;gamebox_dataset;geforce_dataset;meet_dataset;navernow_dataset;netflix_dataset;roblox_dataset;teams_dataset;tft_dataset;youtubeLive_dataset;youtube_dataset;zepeto_dataset;zoom_dataset;roblox_dataset;navernow_dataset;amazon_dataset;zepeto_dataset;youtube_dataset;geforce_dataset;battleground_dataset;tft_dataset;amazon_dataset;navernow_dataset,LOW,42,FULL BLENDED MODEL,0.75,0.75,44.238039607249604,17.869581063280236,1.6898789065845596,5.83141937887592,95.29207772795216,0.31156504775626503,53.48923015507435
25,synthetic_scalability_scenario_derived_from_real_traffic,15,10,afreeca_dataset;amazon_dataset;battleground_dataset;gamebox_dataset;geforce_dataset;meet_dataset;navernow_dataset;netflix_dataset;roblox_dataset;teams_dataset;tft_dataset;youtubeLive_dataset;youtube_dataset;zepeto_dataset;zoom_dataset;roblox_dataset;navernow_dataset;amazon_dataset;zepeto_dataset;youtube_dataset;geforce_dataset;battleground_dataset;tft_dataset;amazon_dataset;navernow_dataset,LOW,42,PREDICTION ONLY,1.0,0.75,42.66184851709862,36.188640361609586,5.191403636706904,22.178635211299632,93.06307922272048,0.31914325155510415,54.99639438101161
25,synthetic_scalability_scenario_derived_from_real_traffic,15,10,afreeca_dataset;amazon_dataset;battleground_dataset;gamebox_dataset;geforce_dataset;meet_dataset;navernow_dataset;netflix_dataset;roblox_dataset;teams_dataset;tft_dataset;youtubeLive_dataset;youtube_dataset;zepeto_dataset;zoom_dataset;roblox_dataset;navernow_dataset;amazon_dataset;zepeto_dataset;youtube_dataset;geforce_dataset;battleground_dataset;tft_dataset;amazon_dataset;navernow_dataset,LOW,42,NO PREDICTION,0.0,0.75,44.9971116126793,10.000330822624584,0.0064186384905710655,0.0005446818917080067,99.99701046337817,0.2690392371730123,44.99711161267924
25,synthetic_scalability_scenario_derived_from_real_traffic,15,10,afreeca_dataset;amazon_dataset;battleground_dataset;gamebox_dataset;geforce_dataset;meet_dataset;navernow_dataset;netflix_dataset;roblox_dataset;teams_dataset;tft_dataset;youtubeLive_dataset;youtube_dataset;zepeto_dataset;zoom_dataset;roblox_dataset;navernow_dataset;amazon_dataset;zepeto_dataset;youtube_dataset;geforce_dataset;battleground_dataset;tft_dataset;amazon_dataset;navernow_dataset,LOW,42,NO FAIRNESS,0.75,0.75,44.23802702249441,17.869581088398377,1.689906872707216,5.831419328632132,95.29207772795216,0.3115649626418883,53.48923015507435
25,synthetic_scalability_scenario_derived_from_real_traffic,15,10,afreeca_dataset;amazon_dataset;battleground_dataset;gamebox_dataset;geforce_dataset;meet_dataset;navernow_dataset;netflix_dataset;roblox_dataset;teams_dataset;tft_dataset;youtubeLive_dataset;youtube_dataset;zepeto_dataset;zoom_dataset;roblox_dataset;navernow_dataset;amazon_dataset;zepeto_dataset;youtube_dataset;geforce_dataset;battleground_dataset;tft_dataset;amazon_dataset;navernow_dataset,LOW,42,NO PRIORITY,0.75,0.75,44.23992162955823,17.869563502419705,1.6856966347876232,5.830307730496963,95.2932735426009,0.311579100672445,53.489803197251476
25,synthetic_scalability_scenario_derived_from_real_traffic,15,10,afreeca_dataset;amazon_dataset;battleground_dataset;gamebox_dataset;geforce_dataset;meet_dataset;navernow_dataset;netflix_dataset;roblox_dataset;teams_dataset;tft_dataset;youtubeLive_dataset;youtube_dataset;zepeto_dataset;zoom_dataset;roblox_dataset;navernow_dataset;amazon_dataset;zepeto_dataset;youtube_dataset;geforce_dataset;battleground_dataset;tft_dataset;amazon_dataset;navernow_dataset,LOW,42,SINGLE OBJECTIVE,0.75,0.75,44.23992162955823,17.87133040235855,1.6856966347876232,5.826646210766271,95.29207772795216,0.31158019811482035,53.49081445361759
25,synthetic_scalability_scenario_derived_from_real_traffic,15,10,afreeca_dataset;amazon_dataset;battleground_dataset;gamebox_dataset;geforce_dataset;meet_dataset;navernow_dataset;netflix_dataset;roblox_dataset;teams_dataset;tft_dataset;youtubeLive_dataset;youtube_dataset;zepeto_dataset;zoom_dataset;zepeto_dataset;navernow_dataset;navernow_dataset;roblox_dataset;afreeca_dataset;meet_dataset;netflix_dataset;youtube_dataset;zoom_dataset;tft_dataset,LOW,43,FULL BLENDED MODEL,0.75,0.75,42.94606607651727,15.836860127925284,4.557529641113887,5.063013576512051,96.00717488789238,0.27824210317179443,53.332967009243944
25,synthetic_scalability_scenario_derived_from_real_traffic,15,10,afreeca_dataset;amazon_dataset;battleground_dataset;gamebox_dataset;geforce_dataset;meet_dataset;navernow_dataset;netflix_dataset;roblox_dataset;teams_dataset;tft_dataset;youtubeLive_dataset;youtube_dataset;zepeto_dataset;zoom_dataset;zepeto_dataset;navernow_dataset;navernow_dataset;roblox_dataset;afreeca_dataset;meet_dataset;netflix_dataset;youtube_dataset;zoom_dataset;tft_dataset,LOW,43,PREDICTION ONLY,1.0,0.75,40.3621219265247,29.581054294475642,10.299143340591112,19.994661121173444,94.50702541106129,0.2825896131390152,54.210382798354864
25,synthetic_scalability_scenario_derived_from_real_traffic,15,10,afreeca_dataset;amazon_dataset;battleground_dataset;gamebox_dataset;geforce_dataset;meet_dataset;navernow_dataset;netflix_dataset;roblox_dataset;teams_dataset;tft_dataset;youtubeLive_dataset;youtube_dataset;zepeto_dataset;zoom_dataset;zepeto_dataset;navernow_dataset;navernow_dataset;roblox_dataset;afreeca_dataset;meet_dataset;netflix_dataset;youtube_dataset;zoom_dataset;tft_dataset,LOW,43,NO PREDICTION,0.0,0.75,44.99585848404545,10.00032314825168,0.009203368788239803,0.0006312880297830099,99.9982062780269,0.247366093629664,44.99585848404529
25,synthetic_scalability_scenario_derived_from_real_traffic,15,10,afreeca_dataset;amazon_dataset;battleground_dataset;gamebox_dataset;geforce_dataset;meet_dataset;navernow_dataset;netflix_dataset;roblox_dataset;teams_dataset;tft_dataset;youtubeLive_dataset;youtube_dataset;zepeto_dataset;zoom_dataset;zepeto_dataset;navernow_dataset;navernow_dataset;roblox_dataset;afreeca_dataset;meet_dataset;netflix_dataset;youtube_dataset;zoom_dataset;tft_dataset,LOW,43,NO FAIRNESS,0.75,0.75,42.946123717597956,15.836859398511512,4.557401549823457,5.063015035557685,96.00717488789238,0.2782424770837372,53.332967009243944
25,synthetic_scalability_scenario_derived_from_real_traffic,15,10,afreeca_dataset;amazon_dataset;battleground_dataset;gamebox_dataset;geforce_dataset;meet_dataset;navernow_dataset;netflix_dataset;roblox_dataset;teams_dataset;tft_dataset;youtubeLive_dataset;youtube_dataset;zepeto_dataset;zoom_dataset;zepeto_dataset;navernow_dataset;navernow_dataset;roblox_dataset;afreeca_dataset;meet_dataset;netflix_dataset;youtube_dataset;zoom_dataset;tft_dataset,LOW,43,NO PRIORITY,0.75,0.75,42.94937258762253,15.83721785132093,4.55018183865775,5.062686454033306,96.00717488789238,0.27826444703144027,53.33365424184978
25,synthetic_scalability_scenario_derived_from_real_traffic,15,10,afreeca_dataset;amazon_dataset;battleground_dataset;gamebox_dataset;geforce_dataset;meet_dataset;navernow_dataset;netflix_dataset;roblox_dataset;teams_dataset;tft_dataset;youtubeLive_dataset;youtube_dataset;zepeto_dataset;zoom_dataset;zepeto_dataset;navernow_dataset;navernow_dataset;roblox_dataset;afreeca_dataset;meet_dataset;netflix_dataset;youtube_dataset;zoom_dataset;tft_dataset,LOW,43,SINGLE OBJECTIVE,0.75,0.75,42.9504787662947,15.840345763050179,4.547723663830696,5.06348613019325,96.00597907324365,0.27827413579809357,53.33551546515734
25,synthetic_scalability_scenario_derived_from_real_traffic,15,10,afreeca_dataset;amazon_dataset;battleground_dataset;gamebox_dataset;geforce_dataset;meet_dataset;navernow_dataset;netflix_dataset;roblox_dataset;teams_dataset;tft_dataset;youtubeLive_dataset;youtube_dataset;zepeto_dataset;zoom_dataset;roblox_dataset;navernow_dataset;roblox_dataset;amazon_dataset;roblox_dataset;youtube_dataset;zoom_dataset;youtubeLive_dataset;teams_dataset;tft_dataset,LOW,44,FULL BLENDED MODEL,0.75,0.75,43.064291439651214,16.190462179501232,4.300355751384527,5.248838246638142,95.73931240657699,0.2504643690897646,52.7731779419009
25,synthetic_scalability_scenario_derived_from_real_traffic,15,10,afreeca_dataset;amazon_dataset;battleground_dataset;gamebox_dataset;geforce_dataset;meet_dataset;navernow_dataset;netflix_dataset;roblox_dataset;teams_dataset;tft_dataset;youtubeLive_dataset;youtube_dataset;zepeto_dataset;zoom_dataset;roblox_dataset;navernow_dataset;roblox_dataset;amazon_dataset;roblox_dataset;youtube_dataset;zoom_dataset;youtubeLive_dataset;teams_dataset;tft_dataset,LOW,44,PREDICTION ONLY,1.0,0.75,41.03798110391105,30.767600309962198,8.802861332861832,20.680220204468682,94.12077727952168,0.2571978887828594,53.982373789724036
25,synthetic_scalability_scenario_derived_from_real_traffic,15,10,afreeca_dataset;amazon_dataset;battleground_dataset;gamebox_dataset;geforce_dataset;meet_dataset;navernow_dataset;netflix_dataset;roblox_dataset;teams_dataset;tft_dataset;youtubeLive_dataset;youtube_dataset;zepeto_dataset;zoom_dataset;roblox_dataset;navernow_dataset;roblox_dataset;amazon_dataset;roblox_dataset;youtube_dataset;zoom_dataset;youtubeLive_dataset;teams_dataset;tft_dataset,LOW,44,NO PREDICTION,0.0,0.75,44.98011684707727,10.00053246806854,0.04418478427289062,0.0007029617277147225,99.99521674140509,0.21665869665310927,44.9801168470772
25,synthetic_scalability_scenario_derived_from_real_traffic,15,10,afreeca_dataset;amazon_dataset;battleground_dataset;gamebox_dataset;geforce_dataset;meet_dataset;navernow_dataset;netflix_dataset;roblox_dataset;teams_dataset;tft_dataset;youtubeLive_dataset;youtube_dataset;zepeto_dataset;zoom_dataset;roblox_dataset;navernow_dataset;roblox_dataset;amazon_dataset;roblox_dataset;youtube_dataset;zoom_dataset;youtubeLive_dataset;teams_dataset;tft_dataset,LOW,44,NO FAIRNESS,0.75,0.75,43.06431524987788,16.190461902626154,4.300302839769708,5.248838800471082,95.73931240657699,0.25046450629955697,52.7731779419009
25,synthetic_scalability_scenario_derived_from_real_traffic,15,10,afreeca_dataset;amazon_dataset;battleground_dataset;gamebox_dataset;geforce_dataset;meet_dataset;navernow_dataset;netflix_dataset;roblox_dataset;teams_dataset;tft_dataset;youtubeLive_dataset;youtube_dataset;zepeto_dataset;zoom_dataset;roblox_dataset;navernow_dataset;roblox_dataset;amazon_dataset;roblox_dataset;youtube_dataset;zoom_dataset;youtubeLive_dataset;teams_dataset;tft_dataset,LOW,44,NO PRIORITY,0.75,0.75,43.06945330606257,16.190764803053387,4.288884937137082,5.248822433582739,95.74050822122571,0.25049432066774585,52.773826291608785
25,synthetic_scalability_scenario_derived_from_real_traffic,15,10,afreeca_dataset;amazon_dataset;battleground_dataset;gamebox_dataset;geforce_dataset;meet_dataset;navernow_dataset;netflix_dataset;roblox_dataset;teams_dataset;tft_dataset;youtubeLive_dataset;youtube_dataset;zepeto_dataset;zoom_dataset;roblox_dataset;navernow_dataset;roblox_dataset;amazon_dataset;roblox_dataset;youtube_dataset;zoom_dataset;youtubeLive_dataset;teams_dataset;tft_dataset,LOW,44,SINGLE OBJECTIVE,0.75,0.75,43.07170323941822,16.209367331370526,4.283885085235646,5.269875349371981,95.73512705530642,0.2505098767316514,52.77707824486889
25,synthetic_scalability_scenario_derived_from_real_traffic,15,10,afreeca_dataset;amazon_dataset;battleground_dataset;gamebox_dataset;geforce_dataset;meet_dataset;navernow_dataset;netflix_dataset;roblox_dataset;teams_dataset;tft_dataset;youtubeLive_dataset;youtube_dataset;zepeto_dataset;zoom_dataset;roblox_dataset;netflix_dataset;navernow_dataset;youtubeLive_dataset;meet_dataset;youtube_dataset;navernow_dataset;geforce_dataset;navernow_dataset;navernow_dataset,LOW,45,FULL BLENDED MODEL,0.75,0.75,44.25162031084699,19.03567557200078,1.65794018399873,6.5620525444372415,94.27742899850523,0.3738794786694057,55.38444078341247
25,synthetic_scalability_scenario_derived_from_real_traffic,15,10,afreeca_dataset;amazon_dataset;battleground_dataset;gamebox_dataset;geforce_dataset;meet_dataset;navernow_dataset;netflix_dataset;roblox_dataset;teams_dataset;tft_dataset;youtubeLive_dataset;youtube_dataset;zepeto_dataset;zoom_dataset;roblox_dataset;netflix_dataset;navernow_dataset;youtubeLive_dataset;meet_dataset;youtube_dataset;navernow_dataset;geforce_dataset;navernow_dataset;navernow_dataset,LOW,45,PREDICTION ONLY,1.0,0.75,42.6241497927576,41.03043550638983,5.272832738009785,25.42322643079389,92.22301943198804,0.3817518973291847,57.46767236631328
25,synthetic_scalability_scenario_derived_from_real_traffic,15,10,afreeca_dataset;amazon_dataset;battleground_dataset;gamebox_dataset;geforce_dataset;meet_dataset;navernow_dataset;netflix_dataset;roblox_dataset;teams_dataset;tft_dataset;youtubeLive_dataset;youtube_dataset;zepeto_dataset;zoom_dataset;roblox_dataset;netflix_dataset;navernow_dataset;youtubeLive_dataset;meet_dataset;youtube_dataset;navernow_dataset;geforce_dataset;navernow_dataset;navernow_dataset,LOW,45,NO PREDICTION,0.0,0.75,45.000000000000206,10.000023126822573,0.0,4.626056002669187e-05,100.0,0.32313312648629156,45.0
25,synthetic_scalability_scenario_derived_from_real_traffic,15,10,afreeca_dataset;amazon_dataset;battleground_dataset;gamebox_dataset;geforce_dataset;meet_dataset;navernow_dataset;netflix_dataset;roblox_dataset;teams_dataset;tft_dataset;youtubeLive_dataset;youtube_dataset;zepeto_dataset;zoom_dataset;roblox_dataset;netflix_dataset;navernow_dataset;youtubeLive_dataset;meet_dataset;youtube_dataset;navernow_dataset;geforce_dataset;navernow_dataset;navernow_dataset,LOW,45,NO FAIRNESS,0.75,0.75,44.25162031084699,19.03567557200078,1.65794018399873,6.5620525444372415,94.27742899850523,0.3738794786694057,55.38444078341247
25,synthetic_scalability_scenario_derived_from_real_traffic,15,10,afreeca_dataset;amazon_dataset;battleground_dataset;gamebox_dataset;geforce_dataset;meet_dataset;navernow_dataset;netflix_dataset;roblox_dataset;teams_dataset;tft_dataset;youtubeLive_dataset;youtube_dataset;zepeto_dataset;zoom_dataset;roblox_dataset;netflix_dataset;navernow_dataset;youtubeLive_dataset;meet_dataset;youtube_dataset;navernow_dataset;geforce_dataset;navernow_dataset;navernow_dataset,LOW,45,NO PRIORITY,0.75,0.75,44.252551912748295,19.035903839864968,1.655869957551371,6.561764470717679,94.27802690582959,0.37388816124605373,55.38492319942813
25,synthetic_scalability_scenario_derived_from_real_traffic,15,10,afreeca_dataset;amazon_dataset;battleground_dataset;gamebox_dataset;geforce_dataset;meet_dataset;navernow_dataset;netflix_dataset;roblox_dataset;teams_dataset;tft_dataset;youtubeLive_dataset;youtube_dataset;zepeto_dataset;zoom_dataset;roblox_dataset;netflix_dataset;navernow_dataset;youtubeLive_dataset;meet_dataset;youtube_dataset;navernow_dataset;geforce_dataset;navernow_dataset;navernow_dataset,LOW,45,SINGLE OBJECTIVE,0.75,0.75,44.252551912748295,19.038495189377556,1.655869957551371,6.563200021379253,94.27742899850523,0.3738890633957328,55.38530452289756
25,synthetic_scalability_scenario_derived_from_real_traffic,15,10,afreeca_dataset;amazon_dataset;battleground_dataset;gamebox_dataset;geforce_dataset;meet_dataset;navernow_dataset;netflix_dataset;roblox_dataset;teams_dataset;tft_dataset;youtubeLive_dataset;youtube_dataset;zepeto_dataset;zoom_dataset;teams_dataset;battleground_dataset;youtubeLive_dataset;zepeto_dataset;gamebox_dataset;geforce_dataset;zepeto_dataset;geforce_dataset;zoom_dataset;gamebox_dataset,LOW,46,FULL BLENDED MODEL,0.75,0.75,44.9151019056229,14.273414293400759,0.18802178611433615,4.1733887155316625,97.62750373692077,0.3390610459457416,48.504356185126056
25,synthetic_scalability_scenario_derived_from_real_traffic,15,10,afreeca_dataset;amazon_dataset;battleground_dataset;gamebox_dataset;geforce_dataset;meet_dataset;navernow_dataset;netflix_dataset;roblox_dataset;teams_dataset;tft_dataset;youtubeLive_dataset;youtube_dataset;zepeto_dataset;zoom_dataset;teams_dataset;battleground_dataset;youtubeLive_dataset;zepeto_dataset;gamebox_dataset;geforce_dataset;zepeto_dataset;geforce_dataset;zoom_dataset;gamebox_dataset,LOW,46,PREDICTION ONLY,1.0,0.75,44.74845417663006,23.849981721563765,0.5581365241528563,15.69815248165314,96.64334828101644,0.34462953288365056,49.53412654930122
25,synthetic_scalability_scenario_derived_from_real_traffic,15,10,afreeca_dataset;amazon_dataset;battleground_dataset;gamebox_dataset;geforce_dataset;meet_dataset;navernow_dataset;netflix_dataset;roblox_dataset;teams_dataset;tft_dataset;youtubeLive_dataset;youtube_dataset;zepeto_dataset;zoom_dataset;teams_dataset;battleground_dataset;youtubeLive_dataset;zepeto_dataset;gamebox_dataset;geforce_dataset;zepeto_dataset;geforce_dataset;zoom_dataset;gamebox_dataset,LOW,46,NO PREDICTION,0.0,0.75,44.999999999999915,10.0,0.0,0.0,100.0,0.3166112629202746,45.0
25,synthetic_scalability_scenario_derived_from_real_traffic,15,10,afreeca_dataset;amazon_dataset;battleground_dataset;gamebox_dataset;geforce_dataset;meet_dataset;navernow_dataset;netflix_dataset;roblox_dataset;teams_dataset;tft_dataset;youtubeLive_dataset;youtube_dataset;zepeto_dataset;zoom_dataset;teams_dataset;battleground_dataset;youtubeLive_dataset;zepeto_dataset;gamebox_dataset;geforce_dataset;zepeto_dataset;geforce_dataset;zoom_dataset;gamebox_dataset,LOW,46,NO FAIRNESS,0.75,0.75,44.9151019056229,14.273414293400759,0.18802178611433615,4.1733887155316625,97.62750373692077,0.3390610459457416,48.504356185126056
25,synthetic_scalability_scenario_derived_from_real_traffic,15,10,afreeca_dataset;amazon_dataset;battleground_dataset;gamebox_dataset;geforce_dataset;meet_dataset;navernow_dataset;netflix_dataset;roblox_dataset;teams_dataset;tft_dataset;youtubeLive_dataset;youtube_dataset;zepeto_dataset;zoom_dataset;teams_dataset;battleground_dataset;youtubeLive_dataset;zepeto_dataset;gamebox_dataset;geforce_dataset;zepeto_dataset;geforce_dataset;zoom_dataset;gamebox_dataset,LOW,46,NO PRIORITY,0.75,0.75,44.9151019056229,14.273414293400759,0.18802178611433615,4.1733887155316625,97.62750373692077,0.3390610459457416,48.504356185126056
25,synthetic_scalability_scenario_derived_from_real_traffic,15,10,afreeca_dataset;amazon_dataset;battleground_dataset;gamebox_dataset;geforce_dataset;meet_dataset;navernow_dataset;netflix_dataset;roblox_dataset;teams_dataset;tft_dataset;youtubeLive_dataset;youtube_dataset;zepeto_dataset;zoom_dataset;teams_dataset;battleground_dataset;youtubeLive_dataset;zepeto_dataset;gamebox_dataset;geforce_dataset;zepeto_dataset;geforce_dataset;zoom_dataset;gamebox_dataset,LOW,46,SINGLE OBJECTIVE,0.75,0.75,44.9151019056229,14.273414293400759,0.18802178611433615,4.1733887155316625,97.62750373692077,0.3390610459457416,48.504356185126056
25,synthetic_scalability_scenario_derived_from_real_traffic,15,10,afreeca_dataset;amazon_dataset;battleground_dataset;gamebox_dataset;geforce_dataset;meet_dataset;navernow_dataset;netflix_dataset;roblox_dataset;teams_dataset;tft_dataset;youtubeLive_dataset;youtube_dataset;zepeto_dataset;zoom_dataset;roblox_dataset;navernow_dataset;amazon_dataset;zepeto_dataset;youtube_dataset;geforce_dataset;battleground_dataset;tft_dataset;amazon_dataset;navernow_dataset,MEDIUM,42,FULL BLENDED MODEL,0.75,0.75,74.7339428206377,17.052728950569684,6.579354850710502,5.041603834875689,94.37369207772795,0.30285253274596363,90.4763605619238
25,synthetic_scalability_scenario_derived_from_real_traffic,15,10,afreeca_dataset;amazon_dataset;battleground_dataset;gamebox_dataset;geforce_dataset;meet_dataset;navernow_dataset;netflix_dataset;roblox_dataset;teams_dataset;tft_dataset;youtubeLive_dataset;youtube_dataset;zepeto_dataset;zoom_dataset;roblox_dataset;navernow_dataset;amazon_dataset;zepeto_dataset;youtube_dataset;geforce_dataset;battleground_dataset;tft_dataset;amazon_dataset;navernow_dataset,MEDIUM,42,PREDICTION ONLY,1.0,0.75,70.73846020721874,34.36306215082228,11.573134165757235,20.5701096089079,92.52615844544096,0.30591757519310614,90.82957008286502
25,synthetic_scalability_scenario_derived_from_real_traffic,15,10,afreeca_dataset;amazon_dataset;battleground_dataset;gamebox_dataset;geforce_dataset;meet_dataset;navernow_dataset;netflix_dataset;roblox_dataset;teams_dataset;tft_dataset;youtubeLive_dataset;youtube_dataset;zepeto_dataset;zoom_dataset;roblox_dataset;navernow_dataset;amazon_dataset;zepeto_dataset;youtube_dataset;geforce_dataset;battleground_dataset;tft_dataset;amazon_dataset;navernow_dataset,MEDIUM,42,NO PREDICTION,0.0,0.75,79.576509614222,10.178787897195084,0.5293629822225066,0.30475259061738375,99.78774289985053,0.2673119067925003,79.57650961422199
25,synthetic_scalability_scenario_derived_from_real_traffic,15,10,afreeca_dataset;amazon_dataset;battleground_dataset;gamebox_dataset;geforce_dataset;meet_dataset;navernow_dataset;netflix_dataset;roblox_dataset;teams_dataset;tft_dataset;youtubeLive_dataset;youtube_dataset;zepeto_dataset;zoom_dataset;roblox_dataset;navernow_dataset;amazon_dataset;zepeto_dataset;youtube_dataset;geforce_dataset;battleground_dataset;tft_dataset;amazon_dataset;navernow_dataset,MEDIUM,42,NO FAIRNESS,0.75,0.75,74.73689563038339,17.046610557034906,6.575663838528496,5.042436144506505,94.3880418535127,0.30248994161095966,90.4422225234221
25,synthetic_scalability_scenario_derived_from_real_traffic,15,10,afreeca_dataset;amazon_dataset;battleground_dataset;gamebox_dataset;geforce_dataset;meet_dataset;navernow_dataset;netflix_dataset;roblox_dataset;teams_dataset;tft_dataset;youtubeLive_dataset;youtube_dataset;zepeto_dataset;zoom_dataset;roblox_dataset;navernow_dataset;amazon_dataset;zepeto_dataset;youtube_dataset;geforce_dataset;battleground_dataset;tft_dataset;amazon_dataset;navernow_dataset,MEDIUM,42,NO PRIORITY,0.75,0.75,74.77803014278473,17.061016259901894,6.524245698026686,5.045747623982578,94.40478325859492,0.30224283366948007,90.3496772453118
25,synthetic_scalability_scenario_derived_from_real_traffic,15,10,afreeca_dataset;amazon_dataset;battleground_dataset;gamebox_dataset;geforce_dataset;meet_dataset;navernow_dataset;netflix_dataset;roblox_dataset;teams_dataset;tft_dataset;youtubeLive_dataset;youtube_dataset;zepeto_dataset;zoom_dataset;roblox_dataset;navernow_dataset;amazon_dataset;zepeto_dataset;youtube_dataset;geforce_dataset;battleground_dataset;tft_dataset;amazon_dataset;navernow_dataset,MEDIUM,42,SINGLE OBJECTIVE,0.75,0.75,74.76613259479554,18.617086008236516,6.53911763301334,5.775164440781787,93.87683109118086,0.3029908273869847,90.69464866994832
25,synthetic_scalability_scenario_derived_from_real_traffic,15,10,afreeca_dataset;amazon_dataset;battleground_dataset;gamebox_dataset;geforce_dataset;meet_dataset;navernow_dataset;netflix_dataset;roblox_dataset;teams_dataset;tft_dataset;youtubeLive_dataset;youtube_dataset;zepeto_dataset;zoom_dataset;zepeto_dataset;navernow_dataset;navernow_dataset;roblox_dataset;afreeca_dataset;meet_dataset;netflix_dataset;youtube_dataset;zoom_dataset;tft_dataset,MEDIUM,43,FULL BLENDED MODEL,0.75,0.75,71.4780968151377,14.921340471143616,10.647936209602834,4.054365160173261,95.09895366218237,0.2706707861917005,88.97305693911797
25,synthetic_scalability_scenario_derived_from_real_traffic,15,10,afreeca_dataset;amazon_dataset;battleground_dataset;gamebox_dataset;geforce_dataset;meet_dataset;navernow_dataset;netflix_dataset;roblox_dataset;teams_dataset;tft_dataset;youtubeLive_dataset;youtube_dataset;zepeto_dataset;zoom_dataset;zepeto_dataset;navernow_dataset;navernow_dataset;roblox_dataset;afreeca_dataset;meet_dataset;netflix_dataset;youtube_dataset;zoom_dataset;tft_dataset,MEDIUM,43,PREDICTION ONLY,1.0,0.75,66.19054572928643,27.31312309557653,17.25689065529977,17.389179909716407,94.0203288490284,0.27151462363364265,88.38134746445064
25,synthetic_scalability_scenario_derived_from_real_traffic,15,10,afreeca_dataset;amazon_dataset;battleground_dataset;gamebox_dataset;geforce_dataset;meet_dataset;navernow_dataset;netflix_dataset;roblox_dataset;teams_dataset;tft_dataset;youtubeLive_dataset;youtube_dataset;zepeto_dataset;zoom_dataset;zepeto_dataset;navernow_dataset;navernow_dataset;roblox_dataset;afreeca_dataset;meet_dataset;netflix_dataset;youtube_dataset;zoom_dataset;tft_dataset,MEDIUM,43,NO PREDICTION,0.0,0.75,78.9389207964934,10.300531640381207,1.326349004383176,0.5277973759561927,99.37399103139013,0.24538424515848783,78.93892079649346
25,synthetic_scalability_scenario_derived_from_real_traffic,15,10,afreeca_dataset;amazon_dataset;battleground_dataset;gamebox_dataset;geforce_dataset;meet_dataset;navernow_dataset;netflix_dataset;roblox_dataset;teams_dataset;tft_dataset;youtubeLive_dataset;youtube_dataset;zepeto_dataset;zoom_dataset;zepeto_dataset;navernow_dataset;navernow_dataset;roblox_dataset;afreeca_dataset;meet_dataset;netflix_dataset;youtube_dataset;zoom_dataset;tft_dataset,MEDIUM,43,NO FAIRNESS,0.75,0.75,71.48615573003319,14.919303246715462,10.637862565983347,4.054885028801948,95.10911808669657,0.27043688152553563,88.95276661739777
25,synthetic_scalability_scenario_derived_from_real_traffic,15,10,afreeca_dataset;amazon_dataset;battleground_dataset;gamebox_dataset;geforce_dataset;meet_dataset;navernow_dataset;netflix_dataset;roblox_dataset;teams_dataset;tft_dataset;youtubeLive_dataset;youtube_dataset;zepeto_dataset;zoom_dataset;zepeto_dataset;navernow_dataset;navernow_dataset;roblox_dataset;afreeca_dataset;meet_dataset;netflix_dataset;youtube_dataset;zoom_dataset;tft_dataset,MEDIUM,43,NO PRIORITY,0.75,0.75,71.52354433464676,14.922101515268388,10.591126810216474,4.051144222722786,95.13721973094171,0.270061493129117,88.85452877182392
25,synthetic_scalability_scenario_derived_from_real_traffic,15,10,afreeca_dataset;amazon_dataset;battleground_dataset;gamebox_dataset;geforce_dataset;meet_dataset;navernow_dataset;netflix_dataset;roblox_dataset;teams_dataset;tft_dataset;youtubeLive_dataset;youtube_dataset;zepeto_dataset;zoom_dataset;zepeto_dataset;navernow_dataset;navernow_dataset;roblox_dataset;afreeca_dataset;meet_dataset;netflix_dataset;youtube_dataset;zoom_dataset;tft_dataset,MEDIUM,43,SINGLE OBJECTIVE,0.75,0.75,71.45446641609325,16.35204852643883,10.677474208408576,5.0392311539928745,94.66188340807174,0.2704708530009939,89.21686094853214
25,synthetic_scalability_scenario_derived_from_real_traffic,15,10,afreeca_dataset;amazon_dataset;battleground_dataset;gamebox_dataset;geforce_dataset;meet_dataset;navernow_dataset;netflix_dataset;roblox_dataset;teams_dataset;tft_dataset;youtubeLive_dataset;youtube_dataset;zepeto_dataset;zoom_dataset;roblox_dataset;navernow_dataset;roblox_dataset;amazon_dataset;roblox_dataset;youtube_dataset;zoom_dataset;youtubeLive_dataset;teams_dataset;tft_dataset,MEDIUM,44,FULL BLENDED MODEL,0.75,0.75,72.80069815333292,15.636564495495795,8.997908481165766,4.767032201588464,95.07324364723468,0.24424415142140796,89.2307292649432
25,synthetic_scalability_scenario_derived_from_real_traffic,15,10,afreeca_dataset;amazon_dataset;battleground_dataset;gamebox_dataset;geforce_dataset;meet_dataset;navernow_dataset;netflix_dataset;roblox_dataset;teams_dataset;tft_dataset;youtubeLive_dataset;youtube_dataset;zepeto_dataset;zoom_dataset;roblox_dataset;navernow_dataset;roblox_dataset;amazon_dataset;roblox_dataset;youtube_dataset;zoom_dataset;youtubeLive_dataset;teams_dataset;tft_dataset,MEDIUM,44,PREDICTION ONLY,1.0,0.75,68.51272891648934,29.230432136931935,14.357463751497088,19.224612152313735,93.60298953662182,0.2475174870763267,89.38798311734692
25,synthetic_scalability_scenario_derived_from_real_traffic,15,10,afreeca_dataset;amazon_dataset;battleground_dataset;gamebox_dataset;geforce_dataset;meet_dataset;navernow_dataset;netflix_dataset;roblox_dataset;teams_dataset;tft_dataset;youtubeLive_dataset;youtube_dataset;zepeto_dataset;zoom_dataset;roblox_dataset;navernow_dataset;roblox_dataset;amazon_dataset;roblox_dataset;youtube_dataset;zoom_dataset;youtubeLive_dataset;teams_dataset;tft_dataset,MEDIUM,44,NO PREDICTION,0.0,0.75,79.05544562356957,10.186437306127361,1.1806929705379992,0.32389872338394055,99.52167414050822,0.214960042783358,79.05544562356961
25,synthetic_scalability_scenario_derived_from_real_traffic,15,10,afreeca_dataset;amazon_dataset;battleground_dataset;gamebox_dataset;geforce_dataset;meet_dataset;navernow_dataset;netflix_dataset;roblox_dataset;teams_dataset;tft_dataset;youtubeLive_dataset;youtube_dataset;zepeto_dataset;zoom_dataset;roblox_dataset;navernow_dataset;roblox_dataset;amazon_dataset;roblox_dataset;youtube_dataset;zoom_dataset;youtubeLive_dataset;teams_dataset;tft_dataset,MEDIUM,44,NO FAIRNESS,0.75,0.75,72.81560753669457,15.634234132206036,8.979271751963658,4.767754987470531,95.08400597907324,0.24394647945203735,89.21082695324618
25,synthetic_scalability_scenario_derived_from_real_traffic,15,10,afreeca_dataset;amazon_dataset;battleground_dataset;gamebox_dataset;geforce_dataset;meet_dataset;navernow_dataset;netflix_dataset;roblox_dataset;teams_dataset;tft_dataset;youtubeLive_dataset;youtube_dataset;zepeto_dataset;zoom_dataset;roblox_dataset;navernow_dataset;roblox_dataset;amazon_dataset;roblox_dataset;youtube_dataset;zoom_dataset;youtubeLive_dataset;teams_dataset;tft_dataset,MEDIUM,44,NO PRIORITY,0.75,0.75,72.89331169251507,15.643984603612427,8.882141557188087,4.7556493902144,95.14140508221226,0.24316628705153112,89.07481918158754
25,synthetic_scalability_scenario_derived_from_real_traffic,15,10,afreeca_dataset;amazon_dataset;battleground_dataset;gamebox_dataset;geforce_dataset;meet_dataset;navernow_dataset;netflix_dataset;roblox_dataset;teams_dataset;tft_dataset;youtubeLive_dataset;youtube_dataset;zepeto_dataset;zoom_dataset;roblox_dataset;navernow_dataset;roblox_dataset;amazon_dataset;roblox_dataset;youtube_dataset;zoom_dataset;youtubeLive_dataset;teams_dataset;tft_dataset,MEDIUM,44,SINGLE OBJECTIVE,0.75,0.75,72.85384662324739,17.698117535384473,8.930220970199638,5.930531700807334,94.48789237668161,0.24369375528561293,89.48363697622803
25,synthetic_scalability_scenario_derived_from_real_traffic,15,10,afreeca_dataset;amazon_dataset;battleground_dataset;gamebox_dataset;geforce_dataset;meet_dataset;navernow_dataset;netflix_dataset;roblox_dataset;teams_dataset;tft_dataset;youtubeLive_dataset;youtube_dataset;zepeto_dataset;zoom_dataset;roblox_dataset;netflix_dataset;navernow_dataset;youtubeLive_dataset;meet_dataset;youtube_dataset;navernow_dataset;geforce_dataset;navernow_dataset;navernow_dataset,MEDIUM,45,FULL BLENDED MODEL,0.75,0.75,73.90349333946038,17.77592987648377,7.616042246342896,5.302001069980162,93.15994020926756,0.3627491441250992,92.37033791781072
25,synthetic_scalability_scenario_derived_from_real_traffic,15,10,afreeca_dataset;amazon_dataset;battleground_dataset;gamebox_dataset;geforce_dataset;meet_dataset;navernow_dataset;netflix_dataset;roblox_dataset;teams_dataset;tft_dataset;youtubeLive_dataset;youtube_dataset;zepeto_dataset;zoom_dataset;roblox_dataset;netflix_dataset;navernow_dataset;youtubeLive_dataset;meet_dataset;youtube_dataset;navernow_dataset;geforce_dataset;navernow_dataset;navernow_dataset,MEDIUM,45,PREDICTION ONLY,1.0,0.75,68.4630972155927,38.29835435806357,14.416003553607469,23.150495713253186,91.5916292974589,0.36382967906353986,91.98459045591785
25,synthetic_scalability_scenario_derived_from_real_traffic,15,10,afreeca_dataset;amazon_dataset;battleground_dataset;gamebox_dataset;geforce_dataset;meet_dataset;navernow_dataset;netflix_dataset;roblox_dataset;teams_dataset;tft_dataset;youtubeLive_dataset;youtube_dataset;zepeto_dataset;zoom_dataset;roblox_dataset;netflix_dataset;navernow_dataset;youtubeLive_dataset;meet_dataset;youtube_dataset;navernow_dataset;geforce_dataset;navernow_dataset;navernow_dataset,MEDIUM,45,NO PREDICTION,0.0,0.75,79.6872691697838,10.258681155520879,0.39091353777038107,0.4520893121351537,99.76562032884902,0.3218970062795639,79.68726916978369
25,synthetic_scalability_scenario_derived_from_real_traffic,15,10,afreeca_dataset;amazon_dataset;battleground_dataset;gamebox_dataset;geforce_dataset;meet_dataset;navernow_dataset;netflix_dataset;roblox_dataset;teams_dataset;tft_dataset;youtubeLive_dataset;youtube_dataset;zepeto_dataset;zoom_dataset;roblox_dataset;netflix_dataset;navernow_dataset;youtubeLive_dataset;meet_dataset;youtube_dataset;navernow_dataset;geforce_dataset;navernow_dataset;navernow_dataset,MEDIUM,45,NO FAIRNESS,0.75,0.75,73.90553240586082,17.77138299311157,7.61349341334206,5.302835536223713,93.1695067264574,0.3623046758501321,92.33888213557748
25,synthetic_scalability_scenario_derived_from_real_traffic,15,10,afreeca_dataset;amazon_dataset;battleground_dataset;gamebox_dataset;geforce_dataset;meet_dataset;navernow_dataset;netflix_dataset;roblox_dataset;teams_dataset;tft_dataset;youtubeLive_dataset;youtube_dataset;zepeto_dataset;zoom_dataset;roblox_dataset;netflix_dataset;navernow_dataset;youtubeLive_dataset;meet_dataset;youtube_dataset;navernow_dataset;geforce_dataset;navernow_dataset;navernow_dataset,MEDIUM,45,NO PRIORITY,0.75,0.75,73.93215153247918,17.773514229500748,7.580219505069214,5.293943673576257,93.18744394618834,0.36206931905576223,92.23230581891772
25,synthetic_scalability_scenario_derived_from_real_traffic,15,10,afreeca_dataset;amazon_dataset;battleground_dataset;gamebox_dataset;geforce_dataset;meet_dataset;navernow_dataset;netflix_dataset;roblox_dataset;teams_dataset;tft_dataset;youtubeLive_dataset;youtube_dataset;zepeto_dataset;zoom_dataset;roblox_dataset;netflix_dataset;navernow_dataset;youtubeLive_dataset;meet_dataset;youtube_dataset;navernow_dataset;geforce_dataset;navernow_dataset;navernow_dataset,MEDIUM,45,SINGLE OBJECTIVE,0.75,0.75,73.8718047692699,20.44784719879441,7.655652959080835,6.516755543349391,92.33961136023916,0.3630336155699699,92.83192735470554
25,synthetic_scalability_scenario_derived_from_real_traffic,15,10,afreeca_dataset;amazon_dataset;battleground_dataset;gamebox_dataset;geforce_dataset;meet_dataset;navernow_dataset;netflix_dataset;roblox_dataset;teams_dataset;tft_dataset;youtubeLive_dataset;youtube_dataset;zepeto_dataset;zoom_dataset;teams_dataset;battleground_dataset;youtubeLive_dataset;zepeto_dataset;gamebox_dataset;geforce_dataset;zepeto_dataset;geforce_dataset;zoom_dataset;gamebox_dataset,MEDIUM,46,FULL BLENDED MODEL,0.75,0.75,79.1862334735694,14.200348624131594,1.0165675122029607,3.9361225735514624,97.42002989536621,0.33691710637803723,85.52192935400325
25,synthetic_scalability_scenario_derived_from_real_traffic,15,10,afreeca_dataset;amazon_dataset;battleground_dataset;gamebox_dataset;geforce_dataset;meet_dataset;navernow_dataset;netflix_dataset;roblox_dataset;teams_dataset;tft_dataset;youtubeLive_dataset;youtube_dataset;zepeto_dataset;zoom_dataset;teams_dataset;battleground_dataset;youtubeLive_dataset;zepeto_dataset;gamebox_dataset;geforce_dataset;zepeto_dataset;geforce_dataset;zoom_dataset;gamebox_dataset,MEDIUM,46,PREDICTION ONLY,1.0,0.75,78.25171992900567,23.64651353106668,2.1844958942959933,15.221816424014381,96.40179372197309,0.3407276127194047,86.61335803141931
25,synthetic_scalability_scenario_derived_from_real_traffic,15,10,afreeca_dataset;amazon_dataset;battleground_dataset;gamebox_dataset;geforce_dataset;meet_dataset;navernow_dataset;netflix_dataset;roblox_dataset;teams_dataset;tft_dataset;youtubeLive_dataset;youtube_dataset;zepeto_dataset;zoom_dataset;teams_dataset;battleground_dataset;youtubeLive_dataset;zepeto_dataset;gamebox_dataset;geforce_dataset;zepeto_dataset;geforce_dataset;zoom_dataset;gamebox_dataset,MEDIUM,46,NO PREDICTION,0.0,0.75,79.96145412129854,10.024007529442885,0.048182348376586845,0.04387880654607248,99.98804185351271,0.3163473223936454,79.96145412129873
25,synthetic_scalability_scenario_derived_from_real_traffic,15,10,afreeca_dataset;amazon_dataset;battleground_dataset;gamebox_dataset;geforce_dataset;meet_dataset;navernow_dataset;netflix_dataset;roblox_dataset;teams_dataset;tft_dataset;youtubeLive_dataset;youtube_dataset;zepeto_dataset;zoom_dataset;teams_dataset;battleground_dataset;youtubeLive_dataset;zepeto_dataset;gamebox_dataset;geforce_dataset;zepeto_dataset;geforce_dataset;zoom_dataset;gamebox_dataset,MEDIUM,46,NO FAIRNESS,0.75,0.75,79.18346287547818,14.198358358206702,1.0200307598169713,3.9366634738513953,97.42002989536621,0.33683110734274146,85.51383235630745
25,synthetic_scalability_scenario_derived_from_real_traffic,15,10,afreeca_dataset;amazon_dataset;battleground_dataset;gamebox_dataset;geforce_dataset;meet_dataset;navernow_dataset;netflix_dataset;roblox_dataset;teams_dataset;tft_dataset;youtubeLive_dataset;youtube_dataset;zepeto_dataset;zoom_dataset;teams_dataset;battleground_dataset;youtubeLive_dataset;zepeto_dataset;gamebox_dataset;geforce_dataset;zepeto_dataset;geforce_dataset;zoom_dataset;gamebox_dataset,MEDIUM,46,NO PRIORITY,0.75,0.75,79.19130068586124,14.201009623260367,1.0102334968380793,3.9362361857223975,97.42062780269059,0.3368900415742563,85.51565391481793
25,synthetic_scalability_scenario_derived_from_real_traffic,15,10,afreeca_dataset;amazon_dataset;battleground_dataset;gamebox_dataset;geforce_dataset;meet_dataset;navernow_dataset;netflix_dataset;roblox_dataset;teams_dataset;tft_dataset;youtubeLive_dataset;youtube_dataset;zepeto_dataset;zoom_dataset;teams_dataset;battleground_dataset;youtubeLive_dataset;zepeto_dataset;gamebox_dataset;geforce_dataset;zepeto_dataset;geforce_dataset;zoom_dataset;gamebox_dataset,MEDIUM,46,SINGLE OBJECTIVE,0.75,0.75,79.20084626167525,14.34409146466208,0.9983015270706368,4.031483848294406,97.38774289985052,0.3370252375317802,85.54411674664438
25,synthetic_scalability_scenario_derived_from_real_traffic,15,10,afreeca_dataset;amazon_dataset;battleground_dataset;gamebox_dataset;geforce_dataset;meet_dataset;navernow_dataset;netflix_dataset;roblox_dataset;teams_dataset;tft_dataset;youtubeLive_dataset;youtube_dataset;zepeto_dataset;zoom_dataset;roblox_dataset;navernow_dataset;amazon_dataset;zepeto_dataset;youtube_dataset;geforce_dataset;battleground_dataset;tft_dataset;amazon_dataset;navernow_dataset,HIGH,42,FULL BLENDED MODEL,0.75,0.75,86.51561001108621,18.813788274536,21.345150057542288,4.551586554177179,85.97847533632287,0.32353184536921303,99.92552906550117
25,synthetic_scalability_scenario_derived_from_real_traffic,15,10,afreeca_dataset;amazon_dataset;battleground_dataset;gamebox_dataset;geforce_dataset;meet_dataset;navernow_dataset;netflix_dataset;roblox_dataset;teams_dataset;tft_dataset;youtubeLive_dataset;youtube_dataset;zepeto_dataset;zoom_dataset;roblox_dataset;navernow_dataset;amazon_dataset;zepeto_dataset;youtube_dataset;geforce_dataset;battleground_dataset;tft_dataset;amazon_dataset;navernow_dataset,HIGH,42,PREDICTION ONLY,1.0,0.75,82.8753023336099,34.50650399298411,24.654175982013875,18.82119884604574,85.27832585949177,0.31491111034077557,99.89375304609209
25,synthetic_scalability_scenario_derived_from_real_traffic,15,10,afreeca_dataset;amazon_dataset;battleground_dataset;gamebox_dataset;geforce_dataset;meet_dataset;navernow_dataset;netflix_dataset;roblox_dataset;teams_dataset;tft_dataset;youtubeLive_dataset;youtube_dataset;zepeto_dataset;zoom_dataset;roblox_dataset;navernow_dataset;amazon_dataset;zepeto_dataset;youtube_dataset;geforce_dataset;battleground_dataset;tft_dataset;amazon_dataset;navernow_dataset,HIGH,42,NO PREDICTION,0.0,0.75,98.86181676600606,12.346956544832652,10.12562112181267,1.748957524317897,93.06965620328849,0.2798966214715436,98.86181676600611
25,synthetic_scalability_scenario_derived_from_real_traffic,15,10,afreeca_dataset;amazon_dataset;battleground_dataset;gamebox_dataset;geforce_dataset;meet_dataset;navernow_dataset;netflix_dataset;roblox_dataset;teams_dataset;tft_dataset;youtubeLive_dataset;youtube_dataset;zepeto_dataset;zoom_dataset;roblox_dataset;navernow_dataset;amazon_dataset;zepeto_dataset;youtube_dataset;geforce_dataset;battleground_dataset;tft_dataset;amazon_dataset;navernow_dataset,HIGH,42,NO FAIRNESS,0.75,0.75,87.13237352223123,18.886448158991016,20.784455956501223,4.494815060871683,86.24693572496263,0.3188254394522007,99.92428550498511
25,synthetic_scalability_scenario_derived_from_real_traffic,15,10,afreeca_dataset;amazon_dataset;battleground_dataset;gamebox_dataset;geforce_dataset;meet_dataset;navernow_dataset;netflix_dataset;roblox_dataset;teams_dataset;tft_dataset;youtubeLive_dataset;youtube_dataset;zepeto_dataset;zoom_dataset;roblox_dataset;navernow_dataset;amazon_dataset;zepeto_dataset;youtube_dataset;geforce_dataset;battleground_dataset;tft_dataset;amazon_dataset;navernow_dataset,HIGH,42,NO PRIORITY,0.75,0.75,91.80469129669164,19.882206681037463,16.537945911477806,4.41964831395785,87.48520179372197,0.2904183681695112,99.91335750579206
25,synthetic_scalability_scenario_derived_from_real_traffic,15,10,afreeca_dataset;amazon_dataset;battleground_dataset;gamebox_dataset;geforce_dataset;meet_dataset;navernow_dataset;netflix_dataset;roblox_dataset;teams_dataset;tft_dataset;youtubeLive_dataset;youtube_dataset;zepeto_dataset;zoom_dataset;roblox_dataset;navernow_dataset;amazon_dataset;zepeto_dataset;youtube_dataset;geforce_dataset;battleground_dataset;tft_dataset;amazon_dataset;navernow_dataset,HIGH,42,SINGLE OBJECTIVE,0.75,0.75,91.19578914802291,154.78009156092475,17.08811480851142,13.840087403267583,48.6355754857997,0.267875109100704,99.95056805594906
25,synthetic_scalability_scenario_derived_from_real_traffic,15,10,afreeca_dataset;amazon_dataset;battleground_dataset;gamebox_dataset;geforce_dataset;meet_dataset;navernow_dataset;netflix_dataset;roblox_dataset;teams_dataset;tft_dataset;youtubeLive_dataset;youtube_dataset;zepeto_dataset;zoom_dataset;zepeto_dataset;navernow_dataset;navernow_dataset;roblox_dataset;afreeca_dataset;meet_dataset;netflix_dataset;youtube_dataset;zoom_dataset;tft_dataset,HIGH,43,FULL BLENDED MODEL,0.75,0.75,84.85532945812618,15.693945800987622,22.85479689375233,3.639214955918294,89.73034379671151,0.29013645857639586,99.79358776625686
25,synthetic_scalability_scenario_derived_from_real_traffic,15,10,afreeca_dataset;amazon_dataset;battleground_dataset;gamebox_dataset;geforce_dataset;meet_dataset;navernow_dataset;netflix_dataset;roblox_dataset;teams_dataset;tft_dataset;youtubeLive_dataset;youtube_dataset;zepeto_dataset;zoom_dataset;zepeto_dataset;navernow_dataset;navernow_dataset;roblox_dataset;afreeca_dataset;meet_dataset;netflix_dataset;youtube_dataset;zoom_dataset;tft_dataset,HIGH,43,PREDICTION ONLY,1.0,0.75,80.33628090235919,26.603498458200974,26.962968575479806,15.50649194281719,90.07892376681615,0.27738327910275584,99.52818108595531
25,synthetic_scalability_scenario_derived_from_real_traffic,15,10,afreeca_dataset;amazon_dataset;battleground_dataset;gamebox_dataset;geforce_dataset;meet_dataset;navernow_dataset;netflix_dataset;roblox_dataset;teams_dataset;tft_dataset;youtubeLive_dataset;youtube_dataset;zepeto_dataset;zoom_dataset;zepeto_dataset;navernow_dataset;navernow_dataset;roblox_dataset;afreeca_dataset;meet_dataset;netflix_dataset;youtube_dataset;zoom_dataset;tft_dataset,HIGH,43,NO PREDICTION,0.0,0.75,97.11541141292055,11.658519872332985,11.71000103921198,1.7279473680357385,94.33781763826607,0.254156902385779,97.11541141292065
25,synthetic_scalability_scenario_derived_from_real_traffic,15,10,afreeca_dataset;amazon_dataset;battleground_dataset;gamebox_dataset;geforce_dataset;meet_dataset;navernow_dataset;netflix_dataset;roblox_dataset;teams_dataset;tft_dataset;youtubeLive_dataset;youtube_dataset;zepeto_dataset;zoom_dataset;zepeto_dataset;navernow_dataset;navernow_dataset;roblox_dataset;afreeca_dataset;meet_dataset;netflix_dataset;youtube_dataset;zoom_dataset;tft_dataset,HIGH,43,NO FAIRNESS,0.75,0.75,85.26587428074968,15.733814555141443,22.481591942498362,3.6081630273100944,89.88041853512705,0.2869384853352081,99.79263048683303
25,synthetic_scalability_scenario_derived_from_real_traffic,15,10,afreeca_dataset;amazon_dataset;battleground_dataset;gamebox_dataset;geforce_dataset;meet_dataset;navernow_dataset;netflix_dataset;roblox_dataset;teams_dataset;tft_dataset;youtubeLive_dataset;youtube_dataset;zepeto_dataset;zoom_dataset;zepeto_dataset;navernow_dataset;navernow_dataset;roblox_dataset;afreeca_dataset;meet_dataset;netflix_dataset;youtube_dataset;zoom_dataset;tft_dataset,HIGH,43,NO PRIORITY,0.75,0.75,88.96384697339845,16.45264014968374,19.120148035423522,3.6208621996687627,90.89147982062781,0.2648152090106917,99.77034516575503
25,synthetic_scalability_scenario_derived_from_real_traffic,15,10,afreeca_dataset;amazon_dataset;battleground_dataset;gamebox_dataset;geforce_dataset;meet_dataset;navernow_dataset;netflix_dataset;roblox_dataset;teams_dataset;tft_dataset;youtubeLive_dataset;youtube_dataset;zepeto_dataset;zoom_dataset;zepeto_dataset;navernow_dataset;navernow_dataset;roblox_dataset;afreeca_dataset;meet_dataset;netflix_dataset;youtube_dataset;zoom_dataset;tft_dataset,HIGH,43,SINGLE OBJECTIVE,0.75,0.75,87.45878801992889,123.14048597284207,20.487616787893234,12.503366558500606,58.58594917787743,0.24618984692063137,99.85536536553357
25,synthetic_scalability_scenario_derived_from_real_traffic,15,10,afreeca_dataset;amazon_dataset;battleground_dataset;gamebox_dataset;geforce_dataset;meet_dataset;navernow_dataset;netflix_dataset;roblox_dataset;teams_dataset;tft_dataset;youtubeLive_dataset;youtube_dataset;zepeto_dataset;zoom_dataset;roblox_dataset;navernow_dataset;roblox_dataset;amazon_dataset;roblox_dataset;youtube_dataset;zoom_dataset;youtubeLive_dataset;teams_dataset;tft_dataset,HIGH,44,FULL BLENDED MODEL,0.75,0.75,84.63349696053089,16.441968981579922,23.058392953504494,4.40736547534054,89.22212257100149,0.27170641691093467,99.7979005047142
25,synthetic_scalability_scenario_derived_from_real_traffic,15,10,afreeca_dataset;amazon_dataset;battleground_dataset;gamebox_dataset;geforce_dataset;meet_dataset;navernow_dataset;netflix_dataset;roblox_dataset;teams_dataset;tft_dataset;youtubeLive_dataset;youtube_dataset;zepeto_dataset;zoom_dataset;roblox_dataset;navernow_dataset;roblox_dataset;amazon_dataset;roblox_dataset;youtube_dataset;zoom_dataset;youtubeLive_dataset;teams_dataset;tft_dataset,HIGH,44,PREDICTION ONLY,1.0,0.75,80.62285951135809,28.790043466965237,26.704293170343682,17.649462315853487,88.7916292974589,0.2640174836044013,99.68909947200054
25,synthetic_scalability_scenario_derived_from_real_traffic,15,10,afreeca_dataset;amazon_dataset;battleground_dataset;gamebox_dataset;geforce_dataset;meet_dataset;navernow_dataset;netflix_dataset;roblox_dataset;teams_dataset;tft_dataset;youtubeLive_dataset;youtube_dataset;zepeto_dataset;zoom_dataset;roblox_dataset;navernow_dataset;roblox_dataset;amazon_dataset;roblox_dataset;youtube_dataset;zoom_dataset;youtubeLive_dataset;teams_dataset;tft_dataset,HIGH,44,NO PREDICTION,0.0,0.75,97.3133392932088,11.269006580440708,11.532717373830492,1.2593729465461658,94.91718983557548,0.22599415753170696,97.31333929320888
25,synthetic_scalability_scenario_derived_from_real_traffic,15,10,afreeca_dataset;amazon_dataset;battleground_dataset;gamebox_dataset;geforce_dataset;meet_dataset;navernow_dataset;netflix_dataset;roblox_dataset;teams_dataset;tft_dataset;youtubeLive_dataset;youtube_dataset;zepeto_dataset;zoom_dataset;roblox_dataset;navernow_dataset;roblox_dataset;amazon_dataset;roblox_dataset;youtube_dataset;zoom_dataset;youtubeLive_dataset;teams_dataset;tft_dataset,HIGH,44,NO FAIRNESS,0.75,0.75,85.10853637869013,16.50936174430027,22.626538936995914,4.348303339166682,89.29805680119581,0.26814513563602516,99.79699784949801
25,synthetic_scalability_scenario_derived_from_real_traffic,15,10,afreeca_dataset;amazon_dataset;battleground_dataset;gamebox_dataset;geforce_dataset;meet_dataset;navernow_dataset;netflix_dataset;roblox_dataset;teams_dataset;tft_dataset;youtubeLive_dataset;youtube_dataset;zepeto_dataset;zoom_dataset;roblox_dataset;navernow_dataset;roblox_dataset;amazon_dataset;roblox_dataset;youtube_dataset;zoom_dataset;youtubeLive_dataset;teams_dataset;tft_dataset,HIGH,44,NO PRIORITY,0.75,0.75,89.46868139945278,17.385488418448777,18.66265501705799,4.218597271946088,90.27563527653214,0.24251787259342095,99.77955659006035
25,synthetic_scalability_scenario_derived_from_real_traffic,15,10,afreeca_dataset;amazon_dataset;battleground_dataset;gamebox_dataset;geforce_dataset;meet_dataset;navernow_dataset;netflix_dataset;roblox_dataset;teams_dataset;tft_dataset;youtubeLive_dataset;youtube_dataset;zepeto_dataset;zoom_dataset;roblox_dataset;navernow_dataset;roblox_dataset;amazon_dataset;roblox_dataset;youtube_dataset;zoom_dataset;youtubeLive_dataset;teams_dataset;tft_dataset,HIGH,44,SINGLE OBJECTIVE,0.75,0.75,88.8414283253204,139.02687671314393,19.226110364312763,14.062267019752484,53.26696562032885,0.21825182529346038,99.84351847102623
25,synthetic_scalability_scenario_derived_from_real_traffic,15,10,afreeca_dataset;amazon_dataset;battleground_dataset;gamebox_dataset;geforce_dataset;meet_dataset;navernow_dataset;netflix_dataset;roblox_dataset;teams_dataset;tft_dataset;youtubeLive_dataset;youtube_dataset;zepeto_dataset;zoom_dataset;roblox_dataset;netflix_dataset;navernow_dataset;youtubeLive_dataset;meet_dataset;youtube_dataset;navernow_dataset;geforce_dataset;navernow_dataset;navernow_dataset,HIGH,45,FULL BLENDED MODEL,0.75,0.75,85.75997473574981,19.780689787298396,22.030636118600125,4.491295379108364,84.55964125560538,0.3787384916649596,99.96088466941812
25,synthetic_scalability_scenario_derived_from_real_traffic,15,10,afreeca_dataset;amazon_dataset;battleground_dataset;gamebox_dataset;geforce_dataset;meet_dataset;navernow_dataset;netflix_dataset;roblox_dataset;teams_dataset;tft_dataset;youtubeLive_dataset;youtube_dataset;zepeto_dataset;zoom_dataset;roblox_dataset;netflix_dataset;navernow_dataset;youtubeLive_dataset;meet_dataset;youtube_dataset;navernow_dataset;geforce_dataset;navernow_dataset;navernow_dataset,HIGH,45,PREDICTION ONLY,1.0,0.75,81.10577008465687,37.70477367343227,26.262212908766582,20.597237012730698,84.87294469357249,0.36285509847948905,99.9109371846303
25,synthetic_scalability_scenario_derived_from_real_traffic,15,10,afreeca_dataset;amazon_dataset;battleground_dataset;gamebox_dataset;geforce_dataset;meet_dataset;navernow_dataset;netflix_dataset;roblox_dataset;teams_dataset;tft_dataset;youtubeLive_dataset;youtube_dataset;zepeto_dataset;zoom_dataset;roblox_dataset;netflix_dataset;navernow_dataset;youtubeLive_dataset;meet_dataset;youtube_dataset;navernow_dataset;geforce_dataset;navernow_dataset;navernow_dataset,HIGH,45,NO PREDICTION,0.0,0.75,99.07911230187455,13.387104685518649,9.925591180932997,2.440736971812038,92.2846038863976,0.3375085279950647,99.07911230187445
25,synthetic_scalability_scenario_derived_from_real_traffic,15,10,afreeca_dataset;amazon_dataset;battleground_dataset;gamebox_dataset;geforce_dataset;meet_dataset;navernow_dataset;netflix_dataset;roblox_dataset;teams_dataset;tft_dataset;youtubeLive_dataset;youtube_dataset;zepeto_dataset;zoom_dataset;roblox_dataset;netflix_dataset;navernow_dataset;youtubeLive_dataset;meet_dataset;youtube_dataset;navernow_dataset;geforce_dataset;navernow_dataset;navernow_dataset,HIGH,45,NO FAIRNESS,0.75,0.75,86.32554000028892,19.852519936166964,21.516485878109773,4.457548484482702,84.80298953662182,0.37380852829235633,99.95979252140653
25,synthetic_scalability_scenario_derived_from_real_traffic,15,10,afreeca_dataset;amazon_dataset;battleground_dataset;gamebox_dataset;geforce_dataset;meet_dataset;navernow_dataset;netflix_dataset;roblox_dataset;teams_dataset;tft_dataset;youtubeLive_dataset;youtube_dataset;zepeto_dataset;zoom_dataset;roblox_dataset;netflix_dataset;navernow_dataset;youtubeLive_dataset;meet_dataset;youtube_dataset;navernow_dataset;geforce_dataset;navernow_dataset;navernow_dataset,HIGH,45,NO PRIORITY,0.75,0.75,91.30562340562744,21.058662937236033,16.99089203351478,4.446786192032097,86.70194319880419,0.33943438560085504,99.95371810536507
25,synthetic_scalability_scenario_derived_from_real_traffic,15,10,afreeca_dataset;amazon_dataset;battleground_dataset;gamebox_dataset;geforce_dataset;meet_dataset;navernow_dataset;netflix_dataset;roblox_dataset;teams_dataset;tft_dataset;youtubeLive_dataset;youtube_dataset;zepeto_dataset;zoom_dataset;roblox_dataset;netflix_dataset;navernow_dataset;youtubeLive_dataset;meet_dataset;youtube_dataset;navernow_dataset;geforce_dataset;navernow_dataset;navernow_dataset,HIGH,45,SINGLE OBJECTIVE,0.75,0.75,89.37782528666801,127.36263602580682,18.739866412701907,14.914453003784464,54.33482810164425,0.3195139478669197,99.97167165947724
25,synthetic_scalability_scenario_derived_from_real_traffic,15,10,afreeca_dataset;amazon_dataset;battleground_dataset;gamebox_dataset;geforce_dataset;meet_dataset;navernow_dataset;netflix_dataset;roblox_dataset;teams_dataset;tft_dataset;youtubeLive_dataset;youtube_dataset;zepeto_dataset;zoom_dataset;teams_dataset;battleground_dataset;youtubeLive_dataset;zepeto_dataset;gamebox_dataset;geforce_dataset;zepeto_dataset;geforce_dataset;zoom_dataset;gamebox_dataset,HIGH,46,FULL BLENDED MODEL,0.75,0.75,94.84713615905262,19.37456770117303,13.77108665306305,3.6124324063454467,84.6678624813154,0.3555239554513395,99.94341493716271
25,synthetic_scalability_scenario_derived_from_real_traffic,15,10,afreeca_dataset;amazon_dataset;battleground_dataset;gamebox_dataset;geforce_dataset;meet_dataset;navernow_dataset;netflix_dataset;roblox_dataset;teams_dataset;tft_dataset;youtubeLive_dataset;youtube_dataset;zepeto_dataset;zoom_dataset;teams_dataset;battleground_dataset;youtubeLive_dataset;zepeto_dataset;gamebox_dataset;geforce_dataset;zepeto_dataset;geforce_dataset;zoom_dataset;gamebox_dataset,HIGH,46,PREDICTION ONLY,1.0,0.75,93.61939309952255,28.281244770016226,14.887252100699769,14.076006431546745,84.1136023916293,0.35662566714264987,99.94994300606112
25,synthetic_scalability_scenario_derived_from_real_traffic,15,10,afreeca_dataset;amazon_dataset;battleground_dataset;gamebox_dataset;geforce_dataset;meet_dataset;navernow_dataset;netflix_dataset;roblox_dataset;teams_dataset;tft_dataset;youtubeLive_dataset;youtube_dataset;zepeto_dataset;zoom_dataset;teams_dataset;battleground_dataset;youtubeLive_dataset;zepeto_dataset;gamebox_dataset;geforce_dataset;zepeto_dataset;geforce_dataset;zoom_dataset;gamebox_dataset,HIGH,46,NO PREDICTION,0.0,0.75,99.71083564100923,14.49668920115565,9.352296953894523,1.3530279863348489,90.0101644245142,0.3313865559868594,99.71083564100933
25,synthetic_scalability_scenario_derived_from_real_traffic,15,10,afreeca_dataset;amazon_dataset;battleground_dataset;gamebox_dataset;geforce_dataset;meet_dataset;navernow_dataset;netflix_dataset;roblox_dataset;teams_dataset;tft_dataset;youtubeLive_dataset;youtube_dataset;zepeto_dataset;zoom_dataset;teams_dataset;battleground_dataset;youtubeLive_dataset;zepeto_dataset;gamebox_dataset;geforce_dataset;zepeto_dataset;geforce_dataset;zoom_dataset;gamebox_dataset,HIGH,46,NO FAIRNESS,0.75,0.75,95.2313628707248,19.411586247141674,13.42185414237438,3.5675781144597822,84.90881913303438,0.35267767787647597,99.94256822339976
25,synthetic_scalability_scenario_derived_from_real_traffic,15,10,afreeca_dataset;amazon_dataset;battleground_dataset;gamebox_dataset;geforce_dataset;meet_dataset;navernow_dataset;netflix_dataset;roblox_dataset;teams_dataset;tft_dataset;youtubeLive_dataset;youtube_dataset;zepeto_dataset;zoom_dataset;teams_dataset;battleground_dataset;youtubeLive_dataset;zepeto_dataset;gamebox_dataset;geforce_dataset;zepeto_dataset;geforce_dataset;zoom_dataset;gamebox_dataset,HIGH,46,NO PRIORITY,0.75,0.75,97.11262289762814,20.623525343068135,11.71182840776959,3.4637770687222162,84.70134529147983,0.34127732239199493,99.93504626662227
25,synthetic_scalability_scenario_derived_from_real_traffic,15,10,afreeca_dataset;amazon_dataset;battleground_dataset;gamebox_dataset;geforce_dataset;meet_dataset;navernow_dataset;netflix_dataset;roblox_dataset;teams_dataset;tft_dataset;youtubeLive_dataset;youtube_dataset;zepeto_dataset;zoom_dataset;teams_dataset;battleground_dataset;youtubeLive_dataset;zepeto_dataset;gamebox_dataset;geforce_dataset;zepeto_dataset;geforce_dataset;zoom_dataset;gamebox_dataset,HIGH,46,SINGLE OBJECTIVE,0.75,0.75,97.79378696374515,173.81456788133096,11.083634466915631,11.331505869116025,38.001793721973094,0.31867315960967446,99.96342993171027
25,synthetic_scalability_scenario_derived_from_real_traffic,15,10,afreeca_dataset;amazon_dataset;battleground_dataset;gamebox_dataset;geforce_dataset;meet_dataset;navernow_dataset;netflix_dataset;roblox_dataset;teams_dataset;tft_dataset;youtubeLive_dataset;youtube_dataset;zepeto_dataset;zoom_dataset;roblox_dataset;navernow_dataset;amazon_dataset;zepeto_dataset;youtube_dataset;geforce_dataset;battleground_dataset;tft_dataset;amazon_dataset;navernow_dataset,SPIKE,42,FULL BLENDED MODEL,0.75,0.75,81.74620197044932,18.36003790353232,26.735967546866277,4.62552983481173,88.0914798206278,0.33269072015647405,95.62659040154335
25,synthetic_scalability_scenario_derived_from_real_traffic,15,10,afreeca_dataset;amazon_dataset;battleground_dataset;gamebox_dataset;geforce_dataset;meet_dataset;navernow_dataset;netflix_dataset;roblox_dataset;teams_dataset;tft_dataset;youtubeLive_dataset;youtube_dataset;zepeto_dataset;zoom_dataset;roblox_dataset;navernow_dataset;amazon_dataset;zepeto_dataset;youtube_dataset;geforce_dataset;battleground_dataset;tft_dataset;amazon_dataset;navernow_dataset,SPIKE,42,PREDICTION ONLY,1.0,0.75,78.04998772106482,34.020873559415584,30.048094018618908,18.72085820426806,86.54110612855007,0.32630839078190016,95.81782422973724
25,synthetic_scalability_scenario_derived_from_real_traffic,15,10,afreeca_dataset;amazon_dataset;battleground_dataset;gamebox_dataset;geforce_dataset;meet_dataset;navernow_dataset;netflix_dataset;roblox_dataset;teams_dataset;tft_dataset;youtubeLive_dataset;youtube_dataset;zepeto_dataset;zoom_dataset;roblox_dataset;navernow_dataset;amazon_dataset;zepeto_dataset;youtube_dataset;geforce_dataset;battleground_dataset;tft_dataset;amazon_dataset;navernow_dataset,SPIKE,42,NO PREDICTION,0.0,0.75,90.31184698054024,12.267050457940854,19.061250377688552,1.2281863105202742,92.71748878923766,0.292544920498617,90.31184698054021
25,synthetic_scalability_scenario_derived_from_real_traffic,15,10,afreeca_dataset;amazon_dataset;battleground_dataset;gamebox_dataset;geforce_dataset;meet_dataset;navernow_dataset;netflix_dataset;roblox_dataset;teams_dataset;tft_dataset;youtubeLive_dataset;youtube_dataset;zepeto_dataset;zoom_dataset;roblox_dataset;navernow_dataset;amazon_dataset;zepeto_dataset;youtube_dataset;geforce_dataset;battleground_dataset;tft_dataset;amazon_dataset;navernow_dataset,SPIKE,42,NO FAIRNESS,0.75,0.75,82.28032256959405,18.47949893767579,26.257168348100233,4.576570064151914,88.13094170403588,0.32804784651430774,95.60791602009951
25,synthetic_scalability_scenario_derived_from_real_traffic,15,10,afreeca_dataset;amazon_dataset;battleground_dataset;gamebox_dataset;geforce_dataset;meet_dataset;navernow_dataset;netflix_dataset;roblox_dataset;teams_dataset;tft_dataset;youtubeLive_dataset;youtube_dataset;zepeto_dataset;zoom_dataset;roblox_dataset;navernow_dataset;amazon_dataset;zepeto_dataset;youtube_dataset;geforce_dataset;battleground_dataset;tft_dataset;amazon_dataset;navernow_dataset,SPIKE,42,NO PRIORITY,0.75,0.75,84.95109561919239,19.707666785746838,23.863582951171797,4.6661334655963485,88.00956651718984,0.31043546428942964,95.5485131650978
25,synthetic_scalability_scenario_derived_from_real_traffic,15,10,afreeca_dataset;amazon_dataset;battleground_dataset;gamebox_dataset;geforce_dataset;meet_dataset;navernow_dataset;netflix_dataset;roblox_dataset;teams_dataset;tft_dataset;youtubeLive_dataset;youtube_dataset;zepeto_dataset;zoom_dataset;roblox_dataset;navernow_dataset;amazon_dataset;zepeto_dataset;youtube_dataset;geforce_dataset;battleground_dataset;tft_dataset;amazon_dataset;navernow_dataset,SPIKE,42,SINGLE OBJECTIVE,0.75,0.75,83.90883946007153,115.69461594524714,24.78826234697978,10.037288891024716,61.52227204783259,0.2848324827094349,95.7364343724462
25,synthetic_scalability_scenario_derived_from_real_traffic,15,10,afreeca_dataset;amazon_dataset;battleground_dataset;gamebox_dataset;geforce_dataset;meet_dataset;navernow_dataset;netflix_dataset;roblox_dataset;teams_dataset;tft_dataset;youtubeLive_dataset;youtube_dataset;zepeto_dataset;zoom_dataset;zepeto_dataset;navernow_dataset;navernow_dataset;roblox_dataset;afreeca_dataset;meet_dataset;netflix_dataset;youtube_dataset;zoom_dataset;tft_dataset,SPIKE,43,FULL BLENDED MODEL,0.75,0.75,79.83272370175541,15.708512638873035,28.46662215295991,3.7461154552825398,90.76233183856502,0.30213181725126254,94.86862009225388
25,synthetic_scalability_scenario_derived_from_real_traffic,15,10,afreeca_dataset;amazon_dataset;battleground_dataset;gamebox_dataset;geforce_dataset;meet_dataset;navernow_dataset;netflix_dataset;roblox_dataset;teams_dataset;tft_dataset;youtubeLive_dataset;youtube_dataset;zepeto_dataset;zoom_dataset;zepeto_dataset;navernow_dataset;navernow_dataset;roblox_dataset;afreeca_dataset;meet_dataset;netflix_dataset;youtube_dataset;zoom_dataset;tft_dataset,SPIKE,43,PREDICTION ONLY,1.0,0.75,75.23644166847888,26.576709116997062,32.584643343164984,15.469869201286768,90.0,0.29376164555783296,94.54358147444097
25,synthetic_scalability_scenario_derived_from_real_traffic,15,10,afreeca_dataset;amazon_dataset;battleground_dataset;gamebox_dataset;geforce_dataset;meet_dataset;navernow_dataset;netflix_dataset;roblox_dataset;teams_dataset;tft_dataset;youtubeLive_dataset;youtube_dataset;zepeto_dataset;zoom_dataset;zepeto_dataset;navernow_dataset;navernow_dataset;roblox_dataset;afreeca_dataset;meet_dataset;netflix_dataset;youtube_dataset;zoom_dataset;tft_dataset,SPIKE,43,NO PREDICTION,0.0,0.75,89.85398447473858,11.691114200101817,19.487723774902534,1.332809527279212,94.24334828101644,0.26734093327963127,89.85398447473867
25,synthetic_scalability_scenario_derived_from_real_traffic,15,10,afreeca_dataset;amazon_dataset;battleground_dataset;gamebox_dataset;geforce_dataset;meet_dataset;navernow_dataset;netflix_dataset;roblox_dataset;teams_dataset;tft_dataset;youtubeLive_dataset;youtube_dataset;zepeto_dataset;zoom_dataset;zepeto_dataset;navernow_dataset;navernow_dataset;roblox_dataset;afreeca_dataset;meet_dataset;netflix_dataset;youtube_dataset;zoom_dataset;tft_dataset,SPIKE,43,NO FAIRNESS,0.75,0.75,80.14723693685218,15.758935555106046,28.18482424326978,3.7317955318125295,90.7713004484305,0.2990610502269785,94.85698190315816
25,synthetic_scalability_scenario_derived_from_real_traffic,15,10,afreeca_dataset;amazon_dataset;battleground_dataset;gamebox_dataset;geforce_dataset;meet_dataset;navernow_dataset;netflix_dataset;roblox_dataset;teams_dataset;tft_dataset;youtubeLive_dataset;youtube_dataset;zepeto_dataset;zoom_dataset;zepeto_dataset;navernow_dataset;navernow_dataset;roblox_dataset;afreeca_dataset;meet_dataset;netflix_dataset;youtube_dataset;zoom_dataset;tft_dataset,SPIKE,43,NO PRIORITY,0.75,0.75,82.36931121336859,16.757369472887998,26.19373254995681,3.932309726097752,90.71569506726458,0.2854729921427479,94.78946351185022
25,synthetic_scalability_scenario_derived_from_real_traffic,15,10,afreeca_dataset;amazon_dataset;battleground_dataset;gamebox_dataset;geforce_dataset;meet_dataset;navernow_dataset;netflix_dataset;roblox_dataset;teams_dataset;tft_dataset;youtubeLive_dataset;youtube_dataset;zepeto_dataset;zoom_dataset;zepeto_dataset;navernow_dataset;navernow_dataset;roblox_dataset;afreeca_dataset;meet_dataset;netflix_dataset;youtube_dataset;zoom_dataset;tft_dataset,SPIKE,43,SINGLE OBJECTIVE,0.75,0.75,80.39218246252244,107.87215068514499,27.9559144085553,9.096977413748775,64.64454409566517,0.25848240075036716,94.98676309857875
25,synthetic_scalability_scenario_derived_from_real_traffic,15,10,afreeca_dataset;amazon_dataset;battleground_dataset;gamebox_dataset;geforce_dataset;meet_dataset;navernow_dataset;netflix_dataset;roblox_dataset;teams_dataset;tft_dataset;youtubeLive_dataset;youtube_dataset;zepeto_dataset;zoom_dataset;roblox_dataset;navernow_dataset;roblox_dataset;amazon_dataset;roblox_dataset;youtube_dataset;zoom_dataset;youtubeLive_dataset;teams_dataset;tft_dataset,SPIKE,44,FULL BLENDED MODEL,0.75,0.75,79.8170502899541,16.304349419931388,28.661502541746405,4.4163466498301025,90.8322869955157,0.2812332658766879,94.7162025205419
25,synthetic_scalability_scenario_derived_from_real_traffic,15,10,afreeca_dataset;amazon_dataset;battleground_dataset;gamebox_dataset;geforce_dataset;meet_dataset;navernow_dataset;netflix_dataset;roblox_dataset;teams_dataset;tft_dataset;youtubeLive_dataset;youtube_dataset;zepeto_dataset;zoom_dataset;roblox_dataset;navernow_dataset;roblox_dataset;amazon_dataset;roblox_dataset;youtube_dataset;zoom_dataset;youtubeLive_dataset;teams_dataset;tft_dataset,SPIKE,44,PREDICTION ONLY,1.0,0.75,75.95670002707388,28.396105703276007,32.11168429265909,17.432055414149904,89.62331838565022,0.27555416574398306,94.86182281247011
25,synthetic_scalability_scenario_derived_from_real_traffic,15,10,afreeca_dataset;amazon_dataset;battleground_dataset;gamebox_dataset;geforce_dataset;meet_dataset;navernow_dataset;netflix_dataset;roblox_dataset;teams_dataset;tft_dataset;youtubeLive_dataset;youtube_dataset;zepeto_dataset;zoom_dataset;roblox_dataset;navernow_dataset;roblox_dataset;amazon_dataset;roblox_dataset;youtube_dataset;zoom_dataset;youtubeLive_dataset;teams_dataset;tft_dataset,SPIKE,44,NO PREDICTION,0.0,0.75,89.682370182481,11.302585746605084,19.84487248021433,0.9664667170577447,94.84424514200299,0.24030581942458604,89.68237018248111
25,synthetic_scalability_scenario_derived_from_real_traffic,15,10,afreeca_dataset;amazon_dataset;battleground_dataset;gamebox_dataset;geforce_dataset;meet_dataset;navernow_dataset;netflix_dataset;roblox_dataset;teams_dataset;tft_dataset;youtubeLive_dataset;youtube_dataset;zepeto_dataset;zoom_dataset;roblox_dataset;navernow_dataset;roblox_dataset;amazon_dataset;roblox_dataset;youtube_dataset;zoom_dataset;youtubeLive_dataset;teams_dataset;tft_dataset,SPIKE,44,NO FAIRNESS,0.75,0.75,80.18360943101669,16.360484034645552,28.333828301854588,4.393205185691841,90.8406576980568,0.2779161130964573,94.70674063871296
25,synthetic_scalability_scenario_derived_from_real_traffic,15,10,afreeca_dataset;amazon_dataset;battleground_dataset;gamebox_dataset;geforce_dataset;meet_dataset;navernow_dataset;netflix_dataset;roblox_dataset;teams_dataset;tft_dataset;youtubeLive_dataset;youtube_dataset;zepeto_dataset;zoom_dataset;roblox_dataset;navernow_dataset;roblox_dataset;amazon_dataset;roblox_dataset;youtube_dataset;zoom_dataset;youtubeLive_dataset;teams_dataset;tft_dataset,SPIKE,44,NO PRIORITY,0.75,0.75,82.93692007079363,17.55289447005187,25.871911841222737,4.466150166071138,90.77309417040358,0.26035079084962914,94.62696427612619
25,synthetic_scalability_scenario_derived_from_real_traffic,15,10,afreeca_dataset;amazon_dataset;battleground_dataset;gamebox_dataset;geforce_dataset;meet_dataset;navernow_dataset;netflix_dataset;roblox_dataset;teams_dataset;tft_dataset;youtubeLive_dataset;youtube_dataset;zepeto_dataset;zoom_dataset;roblox_dataset;navernow_dataset;roblox_dataset;amazon_dataset;roblox_dataset;youtube_dataset;zoom_dataset;youtubeLive_dataset;teams_dataset;tft_dataset,SPIKE,44,SINGLE OBJECTIVE,0.75,0.75,81.5206234389047,127.51485259986043,27.127269870456566,9.757996474889095,60.459192825112105,0.23101699010399718,94.83401914159121
25,synthetic_scalability_scenario_derived_from_real_traffic,15,10,afreeca_dataset;amazon_dataset;battleground_dataset;gamebox_dataset;geforce_dataset;meet_dataset;navernow_dataset;netflix_dataset;roblox_dataset;teams_dataset;tft_dataset;youtubeLive_dataset;youtube_dataset;zepeto_dataset;zoom_dataset;roblox_dataset;netflix_dataset;navernow_dataset;youtubeLive_dataset;meet_dataset;youtube_dataset;navernow_dataset;geforce_dataset;navernow_dataset;navernow_dataset,SPIKE,45,FULL BLENDED MODEL,0.75,0.75,80.85204438340753,19.323805748462032,27.750504424542655,4.748375310471554,86.60149476831091,0.39149531679948407,96.17696983493911
25,synthetic_scalability_scenario_derived_from_real_traffic,15,10,afreeca_dataset;amazon_dataset;battleground_dataset;gamebox_dataset;geforce_dataset;meet_dataset;navernow_dataset;netflix_dataset;roblox_dataset;teams_dataset;tft_dataset;youtubeLive_dataset;youtube_dataset;zepeto_dataset;zoom_dataset;roblox_dataset;netflix_dataset;navernow_dataset;youtubeLive_dataset;meet_dataset;youtube_dataset;navernow_dataset;geforce_dataset;navernow_dataset;navernow_dataset,SPIKE,45,PREDICTION ONLY,1.0,0.75,75.98142281743831,37.53212714622009,32.10227272801429,20.72784175286454,85.57369207772796,0.380940465960332,96.01900607867539
25,synthetic_scalability_scenario_derived_from_real_traffic,15,10,afreeca_dataset;amazon_dataset;battleground_dataset;gamebox_dataset;geforce_dataset;meet_dataset;navernow_dataset;netflix_dataset;roblox_dataset;teams_dataset;tft_dataset;youtubeLive_dataset;youtube_dataset;zepeto_dataset;zoom_dataset;roblox_dataset;netflix_dataset;navernow_dataset;youtubeLive_dataset;meet_dataset;youtube_dataset;navernow_dataset;geforce_dataset;navernow_dataset;navernow_dataset,SPIKE,45,NO PREDICTION,0.0,0.75,89.96169032982591,13.261191205901216,19.611279220461416,1.6958782172368985,91.59880418535127,0.350454409226029,89.96169032982588
25,synthetic_scalability_scenario_derived_from_real_traffic,15,10,afreeca_dataset;amazon_dataset;battleground_dataset;gamebox_dataset;geforce_dataset;meet_dataset;navernow_dataset;netflix_dataset;roblox_dataset;teams_dataset;tft_dataset;youtubeLive_dataset;youtube_dataset;zepeto_dataset;zoom_dataset;roblox_dataset;netflix_dataset;navernow_dataset;youtubeLive_dataset;meet_dataset;youtube_dataset;navernow_dataset;geforce_dataset;navernow_dataset;navernow_dataset,SPIKE,45,NO FAIRNESS,0.75,0.75,81.33150025733416,19.462048834195762,27.321912414593633,4.723382801971428,86.62182361733932,0.386576327016144,96.16432589488203
25,synthetic_scalability_scenario_derived_from_real_traffic,15,10,afreeca_dataset;amazon_dataset;battleground_dataset;gamebox_dataset;geforce_dataset;meet_dataset;navernow_dataset;netflix_dataset;roblox_dataset;teams_dataset;tft_dataset;youtubeLive_dataset;youtube_dataset;zepeto_dataset;zoom_dataset;roblox_dataset;netflix_dataset;navernow_dataset;youtubeLive_dataset;meet_dataset;youtube_dataset;navernow_dataset;geforce_dataset;navernow_dataset;navernow_dataset,SPIKE,45,NO PRIORITY,0.75,0.75,84.05831445943598,21.032096088819813,24.885294742744936,4.93554659043965,86.25710014947683,0.36680907266143525,96.10910941439938
25,synthetic_scalability_scenario_derived_from_real_traffic,15,10,afreeca_dataset;amazon_dataset;battleground_dataset;gamebox_dataset;geforce_dataset;meet_dataset;navernow_dataset;netflix_dataset;roblox_dataset;teams_dataset;tft_dataset;youtubeLive_dataset;youtube_dataset;zepeto_dataset;zoom_dataset;roblox_dataset;netflix_dataset;navernow_dataset;youtubeLive_dataset;meet_dataset;youtube_dataset;navernow_dataset;geforce_dataset;navernow_dataset;navernow_dataset,SPIKE,45,SINGLE OBJECTIVE,0.75,0.75,82.07690213815482,105.40427542655236,26.647223540529055,11.26912299567317,63.18206278026906,0.34177009583518697,96.42359019727229
25,synthetic_scalability_scenario_derived_from_real_traffic,15,10,afreeca_dataset;amazon_dataset;battleground_dataset;gamebox_dataset;geforce_dataset;meet_dataset;navernow_dataset;netflix_dataset;roblox_dataset;teams_dataset;tft_dataset;youtubeLive_dataset;youtube_dataset;zepeto_dataset;zoom_dataset;teams_dataset;battleground_dataset;youtubeLive_dataset;zepeto_dataset;gamebox_dataset;geforce_dataset;zepeto_dataset;geforce_dataset;zoom_dataset;gamebox_dataset,SPIKE,46,FULL BLENDED MODEL,0.75,0.75,87.00024158149161,17.883575054056074,22.309306593786996,3.686006709148041,85.61614349775785,0.36407749082182245,92.65073560806155
25,synthetic_scalability_scenario_derived_from_real_traffic,15,10,afreeca_dataset;amazon_dataset;battleground_dataset;gamebox_dataset;geforce_dataset;meet_dataset;navernow_dataset;netflix_dataset;roblox_dataset;teams_dataset;tft_dataset;youtubeLive_dataset;youtube_dataset;zepeto_dataset;zoom_dataset;teams_dataset;battleground_dataset;youtubeLive_dataset;zepeto_dataset;gamebox_dataset;geforce_dataset;zepeto_dataset;geforce_dataset;zoom_dataset;gamebox_dataset,SPIKE,46,PREDICTION ONLY,1.0,0.75,85.95259388154759,26.798681606444497,23.24463949189282,14.202271833351231,84.74499252615844,0.3655132188655883,93.19601651266306
25,synthetic_scalability_scenario_derived_from_real_traffic,15,10,afreeca_dataset;amazon_dataset;battleground_dataset;gamebox_dataset;geforce_dataset;meet_dataset;navernow_dataset;netflix_dataset;roblox_dataset;teams_dataset;tft_dataset;youtubeLive_dataset;youtube_dataset;zepeto_dataset;zoom_dataset;teams_dataset;battleground_dataset;youtubeLive_dataset;zepeto_dataset;gamebox_dataset;geforce_dataset;zepeto_dataset;geforce_dataset;zoom_dataset;gamebox_dataset,SPIKE,46,NO PREDICTION,0.0,0.75,89.99246419316515,13.99439826147243,19.637924101776047,0.7607990811476786,88.10463378176382,0.3410070762501067,89.99246419316522
25,synthetic_scalability_scenario_derived_from_real_traffic,15,10,afreeca_dataset;amazon_dataset;battleground_dataset;gamebox_dataset;geforce_dataset;meet_dataset;navernow_dataset;netflix_dataset;roblox_dataset;teams_dataset;tft_dataset;youtubeLive_dataset;youtube_dataset;zepeto_dataset;zoom_dataset;teams_dataset;battleground_dataset;youtubeLive_dataset;zepeto_dataset;gamebox_dataset;geforce_dataset;zepeto_dataset;geforce_dataset;zoom_dataset;gamebox_dataset,SPIKE,46,NO FAIRNESS,0.75,0.75,87.42760882667851,18.024972299832747,21.927373384835956,3.634465827008765,85.63527653213752,0.3604729330446554,92.64870146825452
25,synthetic_scalability_scenario_derived_from_real_traffic,15,10,afreeca_dataset;amazon_dataset;battleground_dataset;gamebox_dataset;geforce_dataset;meet_dataset;navernow_dataset;netflix_dataset;roblox_dataset;teams_dataset;tft_dataset;youtubeLive_dataset;youtube_dataset;zepeto_dataset;zoom_dataset;teams_dataset;battleground_dataset;youtubeLive_dataset;zepeto_dataset;gamebox_dataset;geforce_dataset;zepeto_dataset;geforce_dataset;zoom_dataset;gamebox_dataset,SPIKE,46,NO PRIORITY,0.75,0.75,88.4679532189826,19.024714397227754,20.99838940449054,3.6132127479062053,85.39192825112107,0.35267132503220344,92.64953535997054
25,synthetic_scalability_scenario_derived_from_real_traffic,15,10,afreeca_dataset;amazon_dataset;battleground_dataset;gamebox_dataset;geforce_dataset;meet_dataset;navernow_dataset;netflix_dataset;roblox_dataset;teams_dataset;tft_dataset;youtubeLive_dataset;youtube_dataset;zepeto_dataset;zoom_dataset;teams_dataset;battleground_dataset;youtubeLive_dataset;zepeto_dataset;gamebox_dataset;geforce_dataset;zepeto_dataset;geforce_dataset;zoom_dataset;gamebox_dataset,SPIKE,46,SINGLE OBJECTIVE,0.75,0.75,88.61482433660419,114.93919576355701,20.85657661912163,7.574365449302184,60.352167414050825,0.3278562750708161,92.65852121142562
50,synthetic_scalability_scenario_derived_from_real_traffic,15,35,afreeca_dataset;amazon_dataset;battleground_dataset;gamebox_dataset;geforce_dataset;meet_dataset;navernow_dataset;netflix_dataset;roblox_dataset;teams_dataset;tft_dataset;youtubeLive_dataset;youtube_dataset;zepeto_dataset;zoom_dataset;roblox_dataset;navernow_dataset;amazon_dataset;zepeto_dataset;youtube_dataset;geforce_dataset;battleground_dataset;tft_dataset;amazon_dataset;navernow_dataset;tft_dataset;youtubeLive_dataset;meet_dataset;netflix_dataset;roblox_dataset;youtubeLive_dataset;zepeto_dataset;meet_dataset;navernow_dataset;zepeto_dataset;amazon_dataset;youtubeLive_dataset;navernow_dataset;tft_dataset;geforce_dataset;roblox_dataset;zoom_dataset;battleground_dataset;teams_dataset;amazon_dataset;youtubeLive_dataset;navernow_dataset;youtube_dataset;zepeto_dataset;gamebox_dataset,LOW,42,FULL BLENDED MODEL,0.75,0.75,43.688363674265325,18.101556046525737,2.9113642787852356,4.29539481872862,94.73692077727952,0.29624405354688876,54.433268393349266
50,synthetic_scalability_scenario_derived_from_real_traffic,15,35,afreeca_dataset;amazon_dataset;battleground_dataset;gamebox_dataset;geforce_dataset;meet_dataset;navernow_dataset;netflix_dataset;roblox_dataset;teams_dataset;tft_dataset;youtubeLive_dataset;youtube_dataset;zepeto_dataset;zoom_dataset;roblox_dataset;navernow_dataset;amazon_dataset;zepeto_dataset;youtube_dataset;geforce_dataset;battleground_dataset;tft_dataset;amazon_dataset;navernow_dataset;tft_dataset;youtubeLive_dataset;meet_dataset;netflix_dataset;roblox_dataset;youtubeLive_dataset;zepeto_dataset;meet_dataset;navernow_dataset;zepeto_dataset;amazon_dataset;youtubeLive_dataset;navernow_dataset;tft_dataset;geforce_dataset;roblox_dataset;zoom_dataset;battleground_dataset;teams_dataset;amazon_dataset;youtubeLive_dataset;navernow_dataset;youtube_dataset;zepeto_dataset;gamebox_dataset,LOW,42,PREDICTION ONLY,1.0,0.75,41.566796244571215,37.82376144161019,7.6248308630828365,16.854135184303054,92.5168908819133,0.3046011089389159,55.89333587001622
50,synthetic_scalability_scenario_derived_from_real_traffic,15,35,afreeca_dataset;amazon_dataset;battleground_dataset;gamebox_dataset;geforce_dataset;meet_dataset;navernow_dataset;netflix_dataset;roblox_dataset;teams_dataset;tft_dataset;youtubeLive_dataset;youtube_dataset;zepeto_dataset;zoom_dataset;roblox_dataset;navernow_dataset;amazon_dataset;zepeto_dataset;youtube_dataset;geforce_dataset;battleground_dataset;tft_dataset;amazon_dataset;navernow_dataset;tft_dataset;youtubeLive_dataset;meet_dataset;netflix_dataset;roblox_dataset;youtubeLive_dataset;zepeto_dataset;meet_dataset;navernow_dataset;zepeto_dataset;amazon_dataset;youtubeLive_dataset;navernow_dataset;tft_dataset;geforce_dataset;roblox_dataset;zoom_dataset;battleground_dataset;teams_dataset;amazon_dataset;youtubeLive_dataset;navernow_dataset;youtube_dataset;zepeto_dataset;gamebox_dataset,LOW,42,NO PREDICTION,0.0,0.75,44.99999999999987,10.0,0.0,0.0,100.0,0.2510806440825571,45.0
50,synthetic_scalability_scenario_derived_from_real_traffic,15,35,afreeca_dataset;amazon_dataset;battleground_dataset;gamebox_dataset;geforce_dataset;meet_dataset;navernow_dataset;netflix_dataset;roblox_dataset;teams_dataset;tft_dataset;youtubeLive_dataset;youtube_dataset;zepeto_dataset;zoom_dataset;roblox_dataset;navernow_dataset;amazon_dataset;zepeto_dataset;youtube_dataset;geforce_dataset;battleground_dataset;tft_dataset;amazon_dataset;navernow_dataset;tft_dataset;youtubeLive_dataset;meet_dataset;netflix_dataset;roblox_dataset;youtubeLive_dataset;zepeto_dataset;meet_dataset;navernow_dataset;zepeto_dataset;amazon_dataset;youtubeLive_dataset;navernow_dataset;tft_dataset;geforce_dataset;roblox_dataset;zoom_dataset;battleground_dataset;teams_dataset;amazon_dataset;youtubeLive_dataset;navernow_dataset;youtube_dataset;zepeto_dataset;gamebox_dataset,LOW,42,NO FAIRNESS,0.75,0.75,43.688363674265325,18.101556046525737,2.9113642787852356,4.29539481872862,94.73692077727952,0.29624405354688876,54.433268393349266
50,synthetic_scalability_scenario_derived_from_real_traffic,15,35,afreeca_dataset;amazon_dataset;battleground_dataset;gamebox_dataset;geforce_dataset;meet_dataset;navernow_dataset;netflix_dataset;roblox_dataset;teams_dataset;tft_dataset;youtubeLive_dataset;youtube_dataset;zepeto_dataset;zoom_dataset;roblox_dataset;navernow_dataset;amazon_dataset;zepeto_dataset;youtube_dataset;geforce_dataset;battleground_dataset;tft_dataset;amazon_dataset;navernow_dataset;tft_dataset;youtubeLive_dataset;meet_dataset;netflix_dataset;roblox_dataset;youtubeLive_dataset;zepeto_dataset;meet_dataset;navernow_dataset;zepeto_dataset;amazon_dataset;youtubeLive_dataset;navernow_dataset;tft_dataset;geforce_dataset;roblox_dataset;zoom_dataset;battleground_dataset;teams_dataset;amazon_dataset;youtubeLive_dataset;navernow_dataset;youtube_dataset;zepeto_dataset;gamebox_dataset,LOW,42,NO PRIORITY,0.75,0.75,43.688363674265325,18.101556046525737,2.9113642787852356,4.29539481872862,94.73692077727952,0.29624405354688876,54.433268393349266
50,synthetic_scalability_scenario_derived_from_real_traffic,15,35,afreeca_dataset;amazon_dataset;battleground_dataset;gamebox_dataset;geforce_dataset;meet_dataset;navernow_dataset;netflix_dataset;roblox_dataset;teams_dataset;tft_dataset;youtubeLive_dataset;youtube_dataset;zepeto_dataset;zoom_dataset;roblox_dataset;navernow_dataset;amazon_dataset;zepeto_dataset;youtube_dataset;geforce_dataset;battleground_dataset;tft_dataset;amazon_dataset;navernow_dataset;tft_dataset;youtubeLive_dataset;meet_dataset;netflix_dataset;roblox_dataset;youtubeLive_dataset;zepeto_dataset;meet_dataset;navernow_dataset;zepeto_dataset;amazon_dataset;youtubeLive_dataset;navernow_dataset;tft_dataset;geforce_dataset;roblox_dataset;zoom_dataset;battleground_dataset;teams_dataset;amazon_dataset;youtubeLive_dataset;navernow_dataset;youtube_dataset;zepeto_dataset;gamebox_dataset,LOW,42,SINGLE OBJECTIVE,0.75,0.75,43.688363674265325,18.101556046525737,2.9113642787852356,4.29539481872862,94.73692077727952,0.29624405354688876,54.433268393349266
50,synthetic_scalability_scenario_derived_from_real_traffic,15,35,afreeca_dataset;amazon_dataset;battleground_dataset;gamebox_dataset;geforce_dataset;meet_dataset;navernow_dataset;netflix_dataset;roblox_dataset;teams_dataset;tft_dataset;youtubeLive_dataset;youtube_dataset;zepeto_dataset;zoom_dataset;zepeto_dataset;navernow_dataset;navernow_dataset;roblox_dataset;afreeca_dataset;meet_dataset;netflix_dataset;youtube_dataset;zoom_dataset;tft_dataset;zepeto_dataset;afreeca_dataset;roblox_dataset;youtube_dataset;amazon_dataset;amazon_dataset;youtube_dataset;tft_dataset;teams_dataset;tft_dataset;battleground_dataset;teams_dataset;netflix_dataset;youtubeLive_dataset;afreeca_dataset;roblox_dataset;geforce_dataset;geforce_dataset;tft_dataset;netflix_dataset;tft_dataset;youtube_dataset;geforce_dataset;amazon_dataset;gamebox_dataset,LOW,43,FULL BLENDED MODEL,0.75,0.75,44.380746532920796,15.618949079546416,1.3725483978320128,3.5161840015877495,96.90194319880419,0.2668028688016884,50.907799188274936
50,synthetic_scalability_scenario_derived_from_real_traffic,15,35,afreeca_dataset;amazon_dataset;battleground_dataset;gamebox_dataset;geforce_dataset;meet_dataset;navernow_dataset;netflix_dataset;roblox_dataset;teams_dataset;tft_dataset;youtubeLive_dataset;youtube_dataset;zepeto_dataset;zoom_dataset;zepeto_dataset;navernow_dataset;navernow_dataset;roblox_dataset;afreeca_dataset;meet_dataset;netflix_dataset;youtube_dataset;zoom_dataset;tft_dataset;zepeto_dataset;afreeca_dataset;roblox_dataset;youtube_dataset;amazon_dataset;amazon_dataset;youtube_dataset;tft_dataset;teams_dataset;tft_dataset;battleground_dataset;teams_dataset;netflix_dataset;youtubeLive_dataset;afreeca_dataset;roblox_dataset;geforce_dataset;geforce_dataset;tft_dataset;netflix_dataset;tft_dataset;youtube_dataset;geforce_dataset;amazon_dataset;gamebox_dataset,LOW,43,PREDICTION ONLY,1.0,0.75,43.318792960970725,27.55862239770523,3.7320270505653457,13.30512095039347,95.21584454409566,0.2724639848830952,52.02152983477607
50,synthetic_scalability_scenario_derived_from_real_traffic,15,35,afreeca_dataset;amazon_dataset;battleground_dataset;gamebox_dataset;geforce_dataset;meet_dataset;navernow_dataset;netflix_dataset;roblox_dataset;teams_dataset;tft_dataset;youtubeLive_dataset;youtube_dataset;zepeto_dataset;zoom_dataset;zepeto_dataset;navernow_dataset;navernow_dataset;roblox_dataset;afreeca_dataset;meet_dataset;netflix_dataset;youtube_dataset;zoom_dataset;tft_dataset;zepeto_dataset;afreeca_dataset;roblox_dataset;youtube_dataset;amazon_dataset;amazon_dataset;youtube_dataset;tft_dataset;teams_dataset;tft_dataset;battleground_dataset;teams_dataset;netflix_dataset;youtubeLive_dataset;afreeca_dataset;roblox_dataset;geforce_dataset;geforce_dataset;tft_dataset;netflix_dataset;tft_dataset;youtube_dataset;geforce_dataset;amazon_dataset;gamebox_dataset,LOW,43,NO PREDICTION,0.0,0.75,44.99999999999989,10.0,0.0,0.0,100.0,0.2373875838112739,45.0
50,synthetic_scalability_scenario_derived_from_real_traffic,15,35,afreeca_dataset;amazon_dataset;battleground_dataset;gamebox_dataset;geforce_dataset;meet_dataset;navernow_dataset;netflix_dataset;roblox_dataset;teams_dataset;tft_dataset;youtubeLive_dataset;youtube_dataset;zepeto_dataset;zoom_dataset;zepeto_dataset;navernow_dataset;navernow_dataset;roblox_dataset;afreeca_dataset;meet_dataset;netflix_dataset;youtube_dataset;zoom_dataset;tft_dataset;zepeto_dataset;afreeca_dataset;roblox_dataset;youtube_dataset;amazon_dataset;amazon_dataset;youtube_dataset;tft_dataset;teams_dataset;tft_dataset;battleground_dataset;teams_dataset;netflix_dataset;youtubeLive_dataset;afreeca_dataset;roblox_dataset;geforce_dataset;geforce_dataset;tft_dataset;netflix_dataset;tft_dataset;youtube_dataset;geforce_dataset;amazon_dataset;gamebox_dataset,LOW,43,NO FAIRNESS,0.75,0.75,44.380746532920796,15.618949079546416,1.3725483978320128,3.5161840015877495,96.90194319880419,0.2668028688016884,50.907799188274936
50,synthetic_scalability_scenario_derived_from_real_traffic,15,35,afreeca_dataset;amazon_dataset;battleground_dataset;gamebox_dataset;geforce_dataset;meet_dataset;navernow_dataset;netflix_dataset;roblox_dataset;teams_dataset;tft_dataset;youtubeLive_dataset;youtube_dataset;zepeto_dataset;zoom_dataset;zepeto_dataset;navernow_dataset;navernow_dataset;roblox_dataset;afreeca_dataset;meet_dataset;netflix_dataset;youtube_dataset;zoom_dataset;tft_dataset;zepeto_dataset;afreeca_dataset;roblox_dataset;youtube_dataset;amazon_dataset;amazon_dataset;youtube_dataset;tft_dataset;teams_dataset;tft_dataset;battleground_dataset;teams_dataset;netflix_dataset;youtubeLive_dataset;afreeca_dataset;roblox_dataset;geforce_dataset;geforce_dataset;tft_dataset;netflix_dataset;tft_dataset;youtube_dataset;geforce_dataset;amazon_dataset;gamebox_dataset,LOW,43,NO PRIORITY,0.75,0.75,44.380746532920796,15.618949079546416,1.3725483978320128,3.5161840015877495,96.90194319880419,0.2668028688016884,50.907799188274936
50,synthetic_scalability_scenario_derived_from_real_traffic,15,35,afreeca_dataset;amazon_dataset;battleground_dataset;gamebox_dataset;geforce_dataset;meet_dataset;navernow_dataset;netflix_dataset;roblox_dataset;teams_dataset;tft_dataset;youtubeLive_dataset;youtube_dataset;zepeto_dataset;zoom_dataset;zepeto_dataset;navernow_dataset;navernow_dataset;roblox_dataset;afreeca_dataset;meet_dataset;netflix_dataset;youtube_dataset;zoom_dataset;tft_dataset;zepeto_dataset;afreeca_dataset;roblox_dataset;youtube_dataset;amazon_dataset;amazon_dataset;youtube_dataset;tft_dataset;teams_dataset;tft_dataset;battleground_dataset;teams_dataset;netflix_dataset;youtubeLive_dataset;afreeca_dataset;roblox_dataset;geforce_dataset;geforce_dataset;tft_dataset;netflix_dataset;tft_dataset;youtube_dataset;geforce_dataset;amazon_dataset;gamebox_dataset,LOW,43,SINGLE OBJECTIVE,0.75,0.75,44.380746532920796,15.618949079546416,1.3725483978320128,3.5161840015877495,96.90194319880419,0.2668028688016884,50.907799188274936
50,synthetic_scalability_scenario_derived_from_real_traffic,15,35,afreeca_dataset;amazon_dataset;battleground_dataset;gamebox_dataset;geforce_dataset;meet_dataset;navernow_dataset;netflix_dataset;roblox_dataset;teams_dataset;tft_dataset;youtubeLive_dataset;youtube_dataset;zepeto_dataset;zoom_dataset;roblox_dataset;navernow_dataset;roblox_dataset;amazon_dataset;roblox_dataset;youtube_dataset;zoom_dataset;youtubeLive_dataset;teams_dataset;tft_dataset;zoom_dataset;gamebox_dataset;youtube_dataset;zoom_dataset;tft_dataset;geforce_dataset;teams_dataset;meet_dataset;meet_dataset;roblox_dataset;youtube_dataset;battleground_dataset;navernow_dataset;roblox_dataset;youtube_dataset;roblox_dataset;geforce_dataset;youtubeLive_dataset;roblox_dataset;afreeca_dataset;geforce_dataset;zepeto_dataset;battleground_dataset;roblox_dataset;netflix_dataset,LOW,44,FULL BLENDED MODEL,0.75,0.75,44.238499179017666,14.720760365668824,1.6914651350270653,3.1760393659694546,97.22272047832585,0.23395069534694873,50.498246348881345
50,synthetic_scalability_scenario_derived_from_real_traffic,15,35,afreeca_dataset;amazon_dataset;battleground_dataset;gamebox_dataset;geforce_dataset;meet_dataset;navernow_dataset;netflix_dataset;roblox_dataset;teams_dataset;tft_dataset;youtubeLive_dataset;youtube_dataset;zepeto_dataset;zoom_dataset;roblox_dataset;navernow_dataset;roblox_dataset;amazon_dataset;roblox_dataset;youtube_dataset;zoom_dataset;youtubeLive_dataset;teams_dataset;tft_dataset;zoom_dataset;gamebox_dataset;youtube_dataset;zoom_dataset;tft_dataset;geforce_dataset;teams_dataset;meet_dataset;meet_dataset;roblox_dataset;youtube_dataset;battleground_dataset;navernow_dataset;roblox_dataset;youtube_dataset;roblox_dataset;geforce_dataset;youtubeLive_dataset;roblox_dataset;afreeca_dataset;geforce_dataset;zepeto_dataset;battleground_dataset;roblox_dataset;netflix_dataset,LOW,44,PREDICTION ONLY,1.0,0.75,43.09369205137776,24.862833244984138,4.235228003693126,12.186082728800413,95.93034379671151,0.2381372679599229,51.44002161119613
50,synthetic_scalability_scenario_derived_from_real_traffic,15,35,afreeca_dataset;amazon_dataset;battleground_dataset;gamebox_dataset;geforce_dataset;meet_dataset;navernow_dataset;netflix_dataset;roblox_dataset;teams_dataset;tft_dataset;youtubeLive_dataset;youtube_dataset;zepeto_dataset;zoom_dataset;roblox_dataset;navernow_dataset;roblox_dataset;amazon_dataset;roblox_dataset;youtube_dataset;zoom_dataset;youtubeLive_dataset;teams_dataset;tft_dataset;zoom_dataset;gamebox_dataset;youtube_dataset;zoom_dataset;tft_dataset;geforce_dataset;teams_dataset;meet_dataset;meet_dataset;roblox_dataset;youtube_dataset;battleground_dataset;navernow_dataset;roblox_dataset;youtube_dataset;roblox_dataset;geforce_dataset;youtubeLive_dataset;roblox_dataset;afreeca_dataset;geforce_dataset;zepeto_dataset;battleground_dataset;roblox_dataset;netflix_dataset,LOW,44,NO PREDICTION,0.0,0.75,44.999999999999915,10.0,0.0,0.0,100.0,0.21010559469139806,45.0
50,synthetic_scalability_scenario_derived_from_real_traffic,15,35,afreeca_dataset;amazon_dataset;battleground_dataset;gamebox_dataset;geforce_dataset;meet_dataset;navernow_dataset;netflix_dataset;roblox_dataset;teams_dataset;tft_dataset;youtubeLive_dataset;youtube_dataset;zepeto_dataset;zoom_dataset;roblox_dataset;navernow_dataset;roblox_dataset;amazon_dataset;roblox_dataset;youtube_dataset;zoom_dataset;youtubeLive_dataset;teams_dataset;tft_dataset;zoom_dataset;gamebox_dataset;youtube_dataset;zoom_dataset;tft_dataset;geforce_dataset;teams_dataset;meet_dataset;meet_dataset;roblox_dataset;youtube_dataset;battleground_dataset;navernow_dataset;roblox_dataset;youtube_dataset;roblox_dataset;geforce_dataset;youtubeLive_dataset;roblox_dataset;afreeca_dataset;geforce_dataset;zepeto_dataset;battleground_dataset;roblox_dataset;netflix_dataset,LOW,44,NO FAIRNESS,0.75,0.75,44.238499179017666,14.720760365668824,1.6914651350270653,3.1760393659694546,97.22272047832585,0.23395069534694873,50.498246348881345
50,synthetic_scalability_scenario_derived_from_real_traffic,15,35,afreeca_dataset;amazon_dataset;battleground_dataset;gamebox_dataset;geforce_dataset;meet_dataset;navernow_dataset;netflix_dataset;roblox_dataset;teams_dataset;tft_dataset;youtubeLive_dataset;youtube_dataset;zepeto_dataset;zoom_dataset;roblox_dataset;navernow_dataset;roblox_dataset;amazon_dataset;roblox_dataset;youtube_dataset;zoom_dataset;youtubeLive_dataset;teams_dataset;tft_dataset;zoom_dataset;gamebox_dataset;youtube_dataset;zoom_dataset;tft_dataset;geforce_dataset;teams_dataset;meet_dataset;meet_dataset;roblox_dataset;youtube_dataset;battleground_dataset;navernow_dataset;roblox_dataset;youtube_dataset;roblox_dataset;geforce_dataset;youtubeLive_dataset;roblox_dataset;afreeca_dataset;geforce_dataset;zepeto_dataset;battleground_dataset;roblox_dataset;netflix_dataset,LOW,44,NO PRIORITY,0.75,0.75,44.238499179017666,14.720760365668824,1.6914651350270653,3.1760393659694546,97.22272047832585,0.23395069534694873,50.498246348881345
50,synthetic_scalability_scenario_derived_from_real_traffic,15,35,afreeca_dataset;amazon_dataset;battleground_dataset;gamebox_dataset;geforce_dataset;meet_dataset;navernow_dataset;netflix_dataset;roblox_dataset;teams_dataset;tft_dataset;youtubeLive_dataset;youtube_dataset;zepeto_dataset;zoom_dataset;roblox_dataset;navernow_dataset;roblox_dataset;amazon_dataset;roblox_dataset;youtube_dataset;zoom_dataset;youtubeLive_dataset;teams_dataset;tft_dataset;zoom_dataset;gamebox_dataset;youtube_dataset;zoom_dataset;tft_dataset;geforce_dataset;teams_dataset;meet_dataset;meet_dataset;roblox_dataset;youtube_dataset;battleground_dataset;navernow_dataset;roblox_dataset;youtube_dataset;roblox_dataset;geforce_dataset;youtubeLive_dataset;roblox_dataset;afreeca_dataset;geforce_dataset;zepeto_dataset;battleground_dataset;roblox_dataset;netflix_dataset,LOW,44,SINGLE OBJECTIVE,0.75,0.75,44.238499179017666,14.720760365668824,1.6914651350270653,3.1760393659694546,97.22272047832585,0.23395069534694873,50.498246348881345
50,synthetic_scalability_scenario_derived_from_real_traffic,15,35,afreeca_dataset;amazon_dataset;battleground_dataset;gamebox_dataset;geforce_dataset;meet_dataset;navernow_dataset;netflix_dataset;roblox_dataset;teams_dataset;tft_dataset;youtubeLive_dataset;youtube_dataset;zepeto_dataset;zoom_dataset;roblox_dataset;netflix_dataset;navernow_dataset;youtubeLive_dataset;meet_dataset;youtube_dataset;navernow_dataset;geforce_dataset;navernow_dataset;navernow_dataset;meet_dataset;youtube_dataset;zepeto_dataset;afreeca_dataset;roblox_dataset;battleground_dataset;geforce_dataset;youtube_dataset;battleground_dataset;gamebox_dataset;navernow_dataset;zepeto_dataset;youtubeLive_dataset;battleground_dataset;afreeca_dataset;meet_dataset;afreeca_dataset;geforce_dataset;zepeto_dataset;youtube_dataset;zepeto_dataset;youtubeLive_dataset;meet_dataset;zoom_dataset;zoom_dataset,LOW,45,FULL BLENDED MODEL,0.75,0.75,44.23753396418146,16.247310760590057,1.690074613852394,3.7817995103370996,96.13124065769806,0.2991467754199304,52.670457430617766
50,synthetic_scalability_scenario_derived_from_real_traffic,15,35,afreeca_dataset;amazon_dataset;battleground_dataset;gamebox_dataset;geforce_dataset;meet_dataset;navernow_dataset;netflix_dataset;roblox_dataset;teams_dataset;tft_dataset;youtubeLive_dataset;youtube_dataset;zepeto_dataset;zoom_dataset;roblox_dataset;netflix_dataset;navernow_dataset;youtubeLive_dataset;meet_dataset;youtube_dataset;navernow_dataset;geforce_dataset;navernow_dataset;navernow_dataset;meet_dataset;youtube_dataset;zepeto_dataset;afreeca_dataset;roblox_dataset;battleground_dataset;geforce_dataset;youtube_dataset;battleground_dataset;gamebox_dataset;navernow_dataset;zepeto_dataset;youtubeLive_dataset;battleground_dataset;afreeca_dataset;meet_dataset;afreeca_dataset;geforce_dataset;zepeto_dataset;youtube_dataset;zepeto_dataset;youtubeLive_dataset;meet_dataset;zoom_dataset;zoom_dataset,LOW,45,PREDICTION ONLY,1.0,0.75,42.649526060319346,30.649746192279583,5.217950839535095,14.60419972327749,94.73183856502243,0.3044669845836648,53.8934240155677
50,synthetic_scalability_scenario_derived_from_real_traffic,15,35,afreeca_dataset;amazon_dataset;battleground_dataset;gamebox_dataset;geforce_dataset;meet_dataset;navernow_dataset;netflix_dataset;roblox_dataset;teams_dataset;tft_dataset;youtubeLive_dataset;youtube_dataset;zepeto_dataset;zoom_dataset;roblox_dataset;netflix_dataset;navernow_dataset;youtubeLive_dataset;meet_dataset;youtube_dataset;navernow_dataset;geforce_dataset;navernow_dataset;navernow_dataset;meet_dataset;youtube_dataset;zepeto_dataset;afreeca_dataset;roblox_dataset;battleground_dataset;geforce_dataset;youtube_dataset;battleground_dataset;gamebox_dataset;navernow_dataset;zepeto_dataset;youtubeLive_dataset;battleground_dataset;afreeca_dataset;meet_dataset;afreeca_dataset;geforce_dataset;zepeto_dataset;youtube_dataset;zepeto_dataset;youtubeLive_dataset;meet_dataset;zoom_dataset;zoom_dataset,LOW,45,NO PREDICTION,0.0,0.75,44.999999999999766,10.0,0.0,0.0,100.0,0.26433083182604883,45.0
50,synthetic_scalability_scenario_derived_from_real_traffic,15,35,afreeca_dataset;amazon_dataset;battleground_dataset;gamebox_dataset;geforce_dataset;meet_dataset;navernow_dataset;netflix_dataset;roblox_dataset;teams_dataset;tft_dataset;youtubeLive_dataset;youtube_dataset;zepeto_dataset;zoom_dataset;roblox_dataset;netflix_dataset;navernow_dataset;youtubeLive_dataset;meet_dataset;youtube_dataset;navernow_dataset;geforce_dataset;navernow_dataset;navernow_dataset;meet_dataset;youtube_dataset;zepeto_dataset;afreeca_dataset;roblox_dataset;battleground_dataset;geforce_dataset;youtube_dataset;battleground_dataset;gamebox_dataset;navernow_dataset;zepeto_dataset;youtubeLive_dataset;battleground_dataset;afreeca_dataset;meet_dataset;afreeca_dataset;geforce_dataset;zepeto_dataset;youtube_dataset;zepeto_dataset;youtubeLive_dataset;meet_dataset;zoom_dataset;zoom_dataset,LOW,45,NO FAIRNESS,0.75,0.75,44.23753396418146,16.247310760590057,1.690074613852394,3.7817995103370996,96.13124065769806,0.2991467754199304,52.670457430617766
50,synthetic_scalability_scenario_derived_from_real_traffic,15,35,afreeca_dataset;amazon_dataset;battleground_dataset;gamebox_dataset;geforce_dataset;meet_dataset;navernow_dataset;netflix_dataset;roblox_dataset;teams_dataset;tft_dataset;youtubeLive_dataset;youtube_dataset;zepeto_dataset;zoom_dataset;roblox_dataset;netflix_dataset;navernow_dataset;youtubeLive_dataset;meet_dataset;youtube_dataset;navernow_dataset;geforce_dataset;navernow_dataset;navernow_dataset;meet_dataset;youtube_dataset;zepeto_dataset;afreeca_dataset;roblox_dataset;battleground_dataset;geforce_dataset;youtube_dataset;battleground_dataset;gamebox_dataset;navernow_dataset;zepeto_dataset;youtubeLive_dataset;battleground_dataset;afreeca_dataset;meet_dataset;afreeca_dataset;geforce_dataset;zepeto_dataset;youtube_dataset;zepeto_dataset;youtubeLive_dataset;meet_dataset;zoom_dataset;zoom_dataset,LOW,45,NO PRIORITY,0.75,0.75,44.23753396418146,16.247310760590057,1.690074613852394,3.7817995103370996,96.13124065769806,0.2991467754199304,52.670457430617766
50,synthetic_scalability_scenario_derived_from_real_traffic,15,35,afreeca_dataset;amazon_dataset;battleground_dataset;gamebox_dataset;geforce_dataset;meet_dataset;navernow_dataset;netflix_dataset;roblox_dataset;teams_dataset;tft_dataset;youtubeLive_dataset;youtube_dataset;zepeto_dataset;zoom_dataset;roblox_dataset;netflix_dataset;navernow_dataset;youtubeLive_dataset;meet_dataset;youtube_dataset;navernow_dataset;geforce_dataset;navernow_dataset;navernow_dataset;meet_dataset;youtube_dataset;zepeto_dataset;afreeca_dataset;roblox_dataset;battleground_dataset;geforce_dataset;youtube_dataset;battleground_dataset;gamebox_dataset;navernow_dataset;zepeto_dataset;youtubeLive_dataset;battleground_dataset;afreeca_dataset;meet_dataset;afreeca_dataset;geforce_dataset;zepeto_dataset;youtube_dataset;zepeto_dataset;youtubeLive_dataset;meet_dataset;zoom_dataset;zoom_dataset,LOW,45,SINGLE OBJECTIVE,0.75,0.75,44.23753396418146,16.247310760590057,1.690074613852394,3.7817995103370996,96.13124065769806,0.2991467754199304,52.670457430617766
50,synthetic_scalability_scenario_derived_from_real_traffic,15,35,afreeca_dataset;amazon_dataset;battleground_dataset;gamebox_dataset;geforce_dataset;meet_dataset;navernow_dataset;netflix_dataset;roblox_dataset;teams_dataset;tft_dataset;youtubeLive_dataset;youtube_dataset;zepeto_dataset;zoom_dataset;teams_dataset;battleground_dataset;youtubeLive_dataset;zepeto_dataset;gamebox_dataset;geforce_dataset;zepeto_dataset;geforce_dataset;zoom_dataset;gamebox_dataset;meet_dataset;teams_dataset;afreeca_dataset;battleground_dataset;geforce_dataset;zoom_dataset;teams_dataset;tft_dataset;youtube_dataset;zoom_dataset;youtube_dataset;netflix_dataset;battleground_dataset;teams_dataset;tft_dataset;youtubeLive_dataset;meet_dataset;battleground_dataset;gamebox_dataset;battleground_dataset;navernow_dataset;meet_dataset;youtubeLive_dataset;geforce_dataset;netflix_dataset,LOW,46,FULL BLENDED MODEL,0.75,0.75,44.804654435977184,13.998806403449098,0.4330650289732835,2.991396816561386,97.81793721973094,0.2811084212022658,48.93604419433953
50,synthetic_scalability_scenario_derived_from_real_traffic,15,35,afreeca_dataset;amazon_dataset;battleground_dataset;gamebox_dataset;geforce_dataset;meet_dataset;navernow_dataset;netflix_dataset;roblox_dataset;teams_dataset;tft_dataset;youtubeLive_dataset;youtube_dataset;zepeto_dataset;zoom_dataset;teams_dataset;battleground_dataset;youtubeLive_dataset;zepeto_dataset;gamebox_dataset;geforce_dataset;zepeto_dataset;geforce_dataset;zoom_dataset;gamebox_dataset;meet_dataset;teams_dataset;afreeca_dataset;battleground_dataset;geforce_dataset;zoom_dataset;teams_dataset;tft_dataset;youtube_dataset;zoom_dataset;youtube_dataset;netflix_dataset;battleground_dataset;teams_dataset;tft_dataset;youtubeLive_dataset;meet_dataset;battleground_dataset;gamebox_dataset;battleground_dataset;navernow_dataset;meet_dataset;youtubeLive_dataset;geforce_dataset;netflix_dataset,LOW,46,PREDICTION ONLY,1.0,0.75,44.37567075799069,22.614139106035104,1.3860166830283511,11.395355564869318,96.9153961136024,0.2856528933108473,49.88419043580727
50,synthetic_scalability_scenario_derived_from_real_traffic,15,35,afreeca_dataset;amazon_dataset;battleground_dataset;gamebox_dataset;geforce_dataset;meet_dataset;navernow_dataset;netflix_dataset;roblox_dataset;teams_dataset;tft_dataset;youtubeLive_dataset;youtube_dataset;zepeto_dataset;zoom_dataset;teams_dataset;battleground_dataset;youtubeLive_dataset;zepeto_dataset;gamebox_dataset;geforce_dataset;zepeto_dataset;geforce_dataset;zoom_dataset;gamebox_dataset;meet_dataset;teams_dataset;afreeca_dataset;battleground_dataset;geforce_dataset;zoom_dataset;teams_dataset;tft_dataset;youtube_dataset;zoom_dataset;youtube_dataset;netflix_dataset;battleground_dataset;teams_dataset;tft_dataset;youtubeLive_dataset;meet_dataset;battleground_dataset;gamebox_dataset;battleground_dataset;navernow_dataset;meet_dataset;youtubeLive_dataset;geforce_dataset;netflix_dataset,LOW,46,NO PREDICTION,0.0,0.75,44.99999999999988,10.0,0.0,0.0,100.0,0.26001959941851605,45.0
50,synthetic_scalability_scenario_derived_from_real_traffic,15,35,afreeca_dataset;amazon_dataset;battleground_dataset;gamebox_dataset;geforce_dataset;meet_dataset;navernow_dataset;netflix_dataset;roblox_dataset;teams_dataset;tft_dataset;youtubeLive_dataset;youtube_dataset;zepeto_dataset;zoom_dataset;teams_dataset;battleground_dataset;youtubeLive_dataset;zepeto_dataset;gamebox_dataset;geforce_dataset;zepeto_dataset;geforce_dataset;zoom_dataset;gamebox_dataset;meet_dataset;teams_dataset;afreeca_dataset;battleground_dataset;geforce_dataset;zoom_dataset;teams_dataset;tft_dataset;youtube_dataset;zoom_dataset;youtube_dataset;netflix_dataset;battleground_dataset;teams_dataset;tft_dataset;youtubeLive_dataset;meet_dataset;battleground_dataset;gamebox_dataset;battleground_dataset;navernow_dataset;meet_dataset;youtubeLive_dataset;geforce_dataset;netflix_dataset,LOW,46,NO FAIRNESS,0.75,0.75,44.804654435977184,13.998806403449098,0.4330650289732835,2.991396816561386,97.81793721973094,0.2811084212022658,48.93604419433953
50,synthetic_scalability_scenario_derived_from_real_traffic,15,35,afreeca_dataset;amazon_dataset;battleground_dataset;gamebox_dataset;geforce_dataset;meet_dataset;navernow_dataset;netflix_dataset;roblox_dataset;teams_dataset;tft_dataset;youtubeLive_dataset;youtube_dataset;zepeto_dataset;zoom_dataset;teams_dataset;battleground_dataset;youtubeLive_dataset;zepeto_dataset;gamebox_dataset;geforce_dataset;zepeto_dataset;geforce_dataset;zoom_dataset;gamebox_dataset;meet_dataset;teams_dataset;afreeca_dataset;battleground_dataset;geforce_dataset;zoom_dataset;teams_dataset;tft_dataset;youtube_dataset;zoom_dataset;youtube_dataset;netflix_dataset;battleground_dataset;teams_dataset;tft_dataset;youtubeLive_dataset;meet_dataset;battleground_dataset;gamebox_dataset;battleground_dataset;navernow_dataset;meet_dataset;youtubeLive_dataset;geforce_dataset;netflix_dataset,LOW,46,NO PRIORITY,0.75,0.75,44.804654435977184,13.998806403449098,0.4330650289732835,2.991396816561386,97.81793721973094,0.2811084212022658,48.93604419433953
50,synthetic_scalability_scenario_derived_from_real_traffic,15,35,afreeca_dataset;amazon_dataset;battleground_dataset;gamebox_dataset;geforce_dataset;meet_dataset;navernow_dataset;netflix_dataset;roblox_dataset;teams_dataset;tft_dataset;youtubeLive_dataset;youtube_dataset;zepeto_dataset;zoom_dataset;teams_dataset;battleground_dataset;youtubeLive_dataset;zepeto_dataset;gamebox_dataset;geforce_dataset;zepeto_dataset;geforce_dataset;zoom_dataset;gamebox_dataset;meet_dataset;teams_dataset;afreeca_dataset;battleground_dataset;geforce_dataset;zoom_dataset;teams_dataset;tft_dataset;youtube_dataset;zoom_dataset;youtube_dataset;netflix_dataset;battleground_dataset;teams_dataset;tft_dataset;youtubeLive_dataset;meet_dataset;battleground_dataset;gamebox_dataset;battleground_dataset;navernow_dataset;meet_dataset;youtubeLive_dataset;geforce_dataset;netflix_dataset,LOW,46,SINGLE OBJECTIVE,0.75,0.75,44.804654435977184,13.998806403449098,0.4330650289732835,2.991396816561386,97.81793721973094,0.2811084212022658,48.93604419433953
50,synthetic_scalability_scenario_derived_from_real_traffic,15,35,afreeca_dataset;amazon_dataset;battleground_dataset;gamebox_dataset;geforce_dataset;meet_dataset;navernow_dataset;netflix_dataset;roblox_dataset;teams_dataset;tft_dataset;youtubeLive_dataset;youtube_dataset;zepeto_dataset;zoom_dataset;roblox_dataset;navernow_dataset;amazon_dataset;zepeto_dataset;youtube_dataset;geforce_dataset;battleground_dataset;tft_dataset;amazon_dataset;navernow_dataset;tft_dataset;youtubeLive_dataset;meet_dataset;netflix_dataset;roblox_dataset;youtubeLive_dataset;zepeto_dataset;meet_dataset;navernow_dataset;zepeto_dataset;amazon_dataset;youtubeLive_dataset;navernow_dataset;tft_dataset;geforce_dataset;roblox_dataset;zoom_dataset;battleground_dataset;teams_dataset;amazon_dataset;youtubeLive_dataset;navernow_dataset;youtube_dataset;zepeto_dataset;gamebox_dataset,MEDIUM,42,FULL BLENDED MODEL,0.75,0.75,73.14606797261621,17.129389920510672,8.564221395051675,3.77587577726897,93.8813153961136,0.28804695035667116,91.72081500337777
50,synthetic_scalability_scenario_derived_from_real_traffic,15,35,afreeca_dataset;amazon_dataset;battleground_dataset;gamebox_dataset;geforce_dataset;meet_dataset;navernow_dataset;netflix_dataset;roblox_dataset;teams_dataset;tft_dataset;youtubeLive_dataset;youtube_dataset;zepeto_dataset;zoom_dataset;roblox_dataset;navernow_dataset;amazon_dataset;zepeto_dataset;youtube_dataset;geforce_dataset;battleground_dataset;tft_dataset;amazon_dataset;navernow_dataset;tft_dataset;youtubeLive_dataset;meet_dataset;netflix_dataset;roblox_dataset;youtubeLive_dataset;zepeto_dataset;meet_dataset;navernow_dataset;zepeto_dataset;amazon_dataset;youtubeLive_dataset;navernow_dataset;tft_dataset;geforce_dataset;roblox_dataset;zoom_dataset;battleground_dataset;teams_dataset;amazon_dataset;youtubeLive_dataset;navernow_dataset;youtube_dataset;zepeto_dataset;gamebox_dataset,MEDIUM,42,PREDICTION ONLY,1.0,0.75,68.44654387791822,35.560668332768635,14.437861080462309,15.681324070188333,92.08729446935725,0.292651494987644,92.4020839340073
50,synthetic_scalability_scenario_derived_from_real_traffic,15,35,afreeca_dataset;amazon_dataset;battleground_dataset;gamebox_dataset;geforce_dataset;meet_dataset;navernow_dataset;netflix_dataset;roblox_dataset;teams_dataset;tft_dataset;youtubeLive_dataset;youtube_dataset;zepeto_dataset;zoom_dataset;roblox_dataset;navernow_dataset;amazon_dataset;zepeto_dataset;youtube_dataset;geforce_dataset;battleground_dataset;tft_dataset;amazon_dataset;navernow_dataset;tft_dataset;youtubeLive_dataset;meet_dataset;netflix_dataset;roblox_dataset;youtubeLive_dataset;zepeto_dataset;meet_dataset;navernow_dataset;zepeto_dataset;amazon_dataset;youtubeLive_dataset;navernow_dataset;tft_dataset;geforce_dataset;roblox_dataset;zoom_dataset;battleground_dataset;teams_dataset;amazon_dataset;youtubeLive_dataset;navernow_dataset;youtube_dataset;zepeto_dataset;gamebox_dataset,MEDIUM,42,NO PREDICTION,0.0,0.75,79.72090339015534,10.06057034967045,0.34887076230550157,0.10978687843349819,99.89387144992526,0.24998245630575897,79.72090339015561
50,synthetic_scalability_scenario_derived_from_real_traffic,15,35,afreeca_dataset;amazon_dataset;battleground_dataset;gamebox_dataset;geforce_dataset;meet_dataset;navernow_dataset;netflix_dataset;roblox_dataset;teams_dataset;tft_dataset;youtubeLive_dataset;youtube_dataset;zepeto_dataset;zoom_dataset;roblox_dataset;navernow_dataset;amazon_dataset;zepeto_dataset;youtube_dataset;geforce_dataset;battleground_dataset;tft_dataset;amazon_dataset;navernow_dataset;tft_dataset;youtubeLive_dataset;meet_dataset;netflix_dataset;roblox_dataset;youtubeLive_dataset;zepeto_dataset;meet_dataset;navernow_dataset;zepeto_dataset;amazon_dataset;youtubeLive_dataset;navernow_dataset;tft_dataset;geforce_dataset;roblox_dataset;zoom_dataset;battleground_dataset;teams_dataset;amazon_dataset;youtubeLive_dataset;navernow_dataset;youtube_dataset;zepeto_dataset;gamebox_dataset,MEDIUM,42,NO FAIRNESS,0.75,0.75,73.14783057102875,17.126231767331547,8.562018147036044,3.7774552388322524,93.8863976083707,0.28783952070214947,91.7008732731735
50,synthetic_scalability_scenario_derived_from_real_traffic,15,35,afreeca_dataset;amazon_dataset;battleground_dataset;gamebox_dataset;geforce_dataset;meet_dataset;navernow_dataset;netflix_dataset;roblox_dataset;teams_dataset;tft_dataset;youtubeLive_dataset;youtube_dataset;zepeto_dataset;zoom_dataset;roblox_dataset;navernow_dataset;amazon_dataset;zepeto_dataset;youtube_dataset;geforce_dataset;battleground_dataset;tft_dataset;amazon_dataset;navernow_dataset;tft_dataset;youtubeLive_dataset;meet_dataset;netflix_dataset;roblox_dataset;youtubeLive_dataset;zepeto_dataset;meet_dataset;navernow_dataset;zepeto_dataset;amazon_dataset;youtubeLive_dataset;navernow_dataset;tft_dataset;geforce_dataset;roblox_dataset;zoom_dataset;battleground_dataset;teams_dataset;amazon_dataset;youtubeLive_dataset;navernow_dataset;youtube_dataset;zepeto_dataset;gamebox_dataset,MEDIUM,42,NO PRIORITY,0.75,0.75,73.20402795780761,17.140762269583398,8.491771413562683,3.770661517063734,93.90074738415545,0.2878144464056742,91.66621845116627
50,synthetic_scalability_scenario_derived_from_real_traffic,15,35,afreeca_dataset;amazon_dataset;battleground_dataset;gamebox_dataset;geforce_dataset;meet_dataset;navernow_dataset;netflix_dataset;roblox_dataset;teams_dataset;tft_dataset;youtubeLive_dataset;youtube_dataset;zepeto_dataset;zoom_dataset;roblox_dataset;navernow_dataset;amazon_dataset;zepeto_dataset;youtube_dataset;geforce_dataset;battleground_dataset;tft_dataset;amazon_dataset;navernow_dataset;tft_dataset;youtubeLive_dataset;meet_dataset;netflix_dataset;roblox_dataset;youtubeLive_dataset;zepeto_dataset;meet_dataset;navernow_dataset;zepeto_dataset;amazon_dataset;youtubeLive_dataset;navernow_dataset;tft_dataset;geforce_dataset;roblox_dataset;zoom_dataset;battleground_dataset;teams_dataset;amazon_dataset;youtubeLive_dataset;navernow_dataset;youtube_dataset;zepeto_dataset;gamebox_dataset,MEDIUM,42,SINGLE OBJECTIVE,0.75,0.75,73.21225113123397,18.66465914006952,8.481492446779598,4.517090884809226,93.4152466367713,0.288459535776283,91.98840466901767
50,synthetic_scalability_scenario_derived_from_real_traffic,15,35,afreeca_dataset;amazon_dataset;battleground_dataset;gamebox_dataset;geforce_dataset;meet_dataset;navernow_dataset;netflix_dataset;roblox_dataset;teams_dataset;tft_dataset;youtubeLive_dataset;youtube_dataset;zepeto_dataset;zoom_dataset;zepeto_dataset;navernow_dataset;navernow_dataset;roblox_dataset;afreeca_dataset;meet_dataset;netflix_dataset;youtube_dataset;zoom_dataset;tft_dataset;zepeto_dataset;afreeca_dataset;roblox_dataset;youtube_dataset;amazon_dataset;amazon_dataset;youtube_dataset;tft_dataset;teams_dataset;tft_dataset;battleground_dataset;teams_dataset;netflix_dataset;youtubeLive_dataset;afreeca_dataset;roblox_dataset;geforce_dataset;geforce_dataset;tft_dataset;netflix_dataset;tft_dataset;youtube_dataset;geforce_dataset;amazon_dataset;gamebox_dataset,MEDIUM,43,FULL BLENDED MODEL,0.75,0.75,76.52152157869192,15.28577525309197,4.345604838947138,3.1814665965881455,96.20269058295965,0.261510294396271,88.01901473042625
50,synthetic_scalability_scenario_derived_from_real_traffic,15,35,afreeca_dataset;amazon_dataset;battleground_dataset;gamebox_dataset;geforce_dataset;meet_dataset;navernow_dataset;netflix_dataset;roblox_dataset;teams_dataset;tft_dataset;youtubeLive_dataset;youtube_dataset;zepeto_dataset;zoom_dataset;zepeto_dataset;navernow_dataset;navernow_dataset;roblox_dataset;afreeca_dataset;meet_dataset;netflix_dataset;youtube_dataset;zoom_dataset;tft_dataset;zepeto_dataset;afreeca_dataset;roblox_dataset;youtube_dataset;amazon_dataset;amazon_dataset;youtube_dataset;tft_dataset;teams_dataset;tft_dataset;battleground_dataset;teams_dataset;netflix_dataset;youtubeLive_dataset;afreeca_dataset;roblox_dataset;geforce_dataset;geforce_dataset;tft_dataset;netflix_dataset;tft_dataset;youtube_dataset;geforce_dataset;amazon_dataset;gamebox_dataset,MEDIUM,43,PREDICTION ONLY,1.0,0.75,74.04123391404795,26.754966343197957,7.4456316132935445,12.388352074469706,94.81733931240657,0.2650352533410966,89.10910155147035
50,synthetic_scalability_scenario_derived_from_real_traffic,15,35,afreeca_dataset;amazon_dataset;battleground_dataset;gamebox_dataset;geforce_dataset;meet_dataset;navernow_dataset;netflix_dataset;roblox_dataset;teams_dataset;tft_dataset;youtubeLive_dataset;youtube_dataset;zepeto_dataset;zoom_dataset;zepeto_dataset;navernow_dataset;navernow_dataset;roblox_dataset;afreeca_dataset;meet_dataset;netflix_dataset;youtube_dataset;zoom_dataset;tft_dataset;zepeto_dataset;afreeca_dataset;roblox_dataset;youtube_dataset;amazon_dataset;amazon_dataset;youtube_dataset;tft_dataset;teams_dataset;tft_dataset;battleground_dataset;teams_dataset;netflix_dataset;youtubeLive_dataset;afreeca_dataset;roblox_dataset;geforce_dataset;geforce_dataset;tft_dataset;netflix_dataset;tft_dataset;youtube_dataset;geforce_dataset;amazon_dataset;gamebox_dataset,MEDIUM,43,NO PREDICTION,0.0,0.75,79.831842440182,10.03192919841054,0.21019694977236486,0.05923968049900558,99.94648729446936,0.23665758560745837,79.83184244018211
50,synthetic_scalability_scenario_derived_from_real_traffic,15,35,afreeca_dataset;amazon_dataset;battleground_dataset;gamebox_dataset;geforce_dataset;meet_dataset;navernow_dataset;netflix_dataset;roblox_dataset;teams_dataset;tft_dataset;youtubeLive_dataset;youtube_dataset;zepeto_dataset;zoom_dataset;zepeto_dataset;navernow_dataset;navernow_dataset;roblox_dataset;afreeca_dataset;meet_dataset;netflix_dataset;youtube_dataset;zoom_dataset;tft_dataset;zepeto_dataset;afreeca_dataset;roblox_dataset;youtube_dataset;amazon_dataset;amazon_dataset;youtube_dataset;tft_dataset;teams_dataset;tft_dataset;battleground_dataset;teams_dataset;netflix_dataset;youtubeLive_dataset;afreeca_dataset;roblox_dataset;geforce_dataset;geforce_dataset;tft_dataset;netflix_dataset;tft_dataset;youtube_dataset;geforce_dataset;amazon_dataset;gamebox_dataset,MEDIUM,43,NO FAIRNESS,0.75,0.75,76.51933568397475,15.284426535423242,4.348337207343603,3.18162161217915,96.20448430493273,0.26145214702651104,88.01216567236636
50,synthetic_scalability_scenario_derived_from_real_traffic,15,35,afreeca_dataset;amazon_dataset;battleground_dataset;gamebox_dataset;geforce_dataset;meet_dataset;navernow_dataset;netflix_dataset;roblox_dataset;teams_dataset;tft_dataset;youtubeLive_dataset;youtube_dataset;zepeto_dataset;zoom_dataset;zepeto_dataset;navernow_dataset;navernow_dataset;roblox_dataset;afreeca_dataset;meet_dataset;netflix_dataset;youtube_dataset;zoom_dataset;tft_dataset;zepeto_dataset;afreeca_dataset;roblox_dataset;youtube_dataset;amazon_dataset;amazon_dataset;youtube_dataset;tft_dataset;teams_dataset;tft_dataset;battleground_dataset;teams_dataset;netflix_dataset;youtubeLive_dataset;afreeca_dataset;roblox_dataset;geforce_dataset;geforce_dataset;tft_dataset;netflix_dataset;tft_dataset;youtube_dataset;geforce_dataset;amazon_dataset;gamebox_dataset,MEDIUM,43,NO PRIORITY,0.75,0.75,76.54220259937784,15.291610259495933,4.319753563089698,3.1817205026168334,96.20627802690584,0.2614588979013636,88.00273435688766
50,synthetic_scalability_scenario_derived_from_real_traffic,15,35,afreeca_dataset;amazon_dataset;battleground_dataset;gamebox_dataset;geforce_dataset;meet_dataset;navernow_dataset;netflix_dataset;roblox_dataset;teams_dataset;tft_dataset;youtubeLive_dataset;youtube_dataset;zepeto_dataset;zoom_dataset;zepeto_dataset;navernow_dataset;navernow_dataset;roblox_dataset;afreeca_dataset;meet_dataset;netflix_dataset;youtube_dataset;zoom_dataset;tft_dataset;zepeto_dataset;afreeca_dataset;roblox_dataset;youtube_dataset;amazon_dataset;amazon_dataset;youtube_dataset;tft_dataset;teams_dataset;tft_dataset;battleground_dataset;teams_dataset;netflix_dataset;youtubeLive_dataset;afreeca_dataset;roblox_dataset;geforce_dataset;geforce_dataset;tft_dataset;netflix_dataset;tft_dataset;youtube_dataset;geforce_dataset;amazon_dataset;gamebox_dataset,MEDIUM,43,SINGLE OBJECTIVE,0.75,0.75,76.5723075182953,15.692223108681887,4.2821224144428305,3.4164817332010617,96.07324364723468,0.2617415740142595,88.08387534541417
50,synthetic_scalability_scenario_derived_from_real_traffic,15,35,afreeca_dataset;amazon_dataset;battleground_dataset;gamebox_dataset;geforce_dataset;meet_dataset;navernow_dataset;netflix_dataset;roblox_dataset;teams_dataset;tft_dataset;youtubeLive_dataset;youtube_dataset;zepeto_dataset;zoom_dataset;roblox_dataset;navernow_dataset;roblox_dataset;amazon_dataset;roblox_dataset;youtube_dataset;zoom_dataset;youtubeLive_dataset;teams_dataset;tft_dataset;zoom_dataset;gamebox_dataset;youtube_dataset;zoom_dataset;tft_dataset;geforce_dataset;teams_dataset;meet_dataset;meet_dataset;roblox_dataset;youtube_dataset;battleground_dataset;navernow_dataset;roblox_dataset;youtube_dataset;roblox_dataset;geforce_dataset;youtubeLive_dataset;roblox_dataset;afreeca_dataset;geforce_dataset;zepeto_dataset;battleground_dataset;roblox_dataset;netflix_dataset,MEDIUM,44,FULL BLENDED MODEL,0.75,0.75,76.30567039180428,14.413687525838771,4.617153098643787,2.8791327679751104,96.55874439461883,0.22929116240155628,87.36246055603668
50,synthetic_scalability_scenario_derived_from_real_traffic,15,35,afreeca_dataset;amazon_dataset;battleground_dataset;gamebox_dataset;geforce_dataset;meet_dataset;navernow_dataset;netflix_dataset;roblox_dataset;teams_dataset;tft_dataset;youtubeLive_dataset;youtube_dataset;zepeto_dataset;zoom_dataset;roblox_dataset;navernow_dataset;roblox_dataset;amazon_dataset;roblox_dataset;youtube_dataset;zoom_dataset;youtubeLive_dataset;teams_dataset;tft_dataset;zoom_dataset;gamebox_dataset;youtube_dataset;zoom_dataset;tft_dataset;geforce_dataset;teams_dataset;meet_dataset;meet_dataset;roblox_dataset;youtube_dataset;battleground_dataset;navernow_dataset;roblox_dataset;youtube_dataset;roblox_dataset;geforce_dataset;youtubeLive_dataset;roblox_dataset;afreeca_dataset;geforce_dataset;zepeto_dataset;battleground_dataset;roblox_dataset;netflix_dataset,MEDIUM,44,PREDICTION ONLY,1.0,0.75,73.82078044985111,24.125206712568517,7.723012555552217,11.382885286202761,95.60568011958146,0.23190125206472076,88.33478431304582
50,synthetic_scalability_scenario_derived_from_real_traffic,15,35,afreeca_dataset;amazon_dataset;battleground_dataset;gamebox_dataset;geforce_dataset;meet_dataset;navernow_dataset;netflix_dataset;roblox_dataset;teams_dataset;tft_dataset;youtubeLive_dataset;youtube_dataset;zepeto_dataset;zoom_dataset;roblox_dataset;navernow_dataset;roblox_dataset;amazon_dataset;roblox_dataset;youtube_dataset;zoom_dataset;youtubeLive_dataset;teams_dataset;tft_dataset;zoom_dataset;gamebox_dataset;youtube_dataset;zoom_dataset;tft_dataset;geforce_dataset;teams_dataset;meet_dataset;meet_dataset;roblox_dataset;youtube_dataset;battleground_dataset;navernow_dataset;roblox_dataset;youtube_dataset;roblox_dataset;geforce_dataset;youtubeLive_dataset;roblox_dataset;afreeca_dataset;geforce_dataset;zepeto_dataset;battleground_dataset;roblox_dataset;netflix_dataset,MEDIUM,44,NO PREDICTION,0.0,0.75,79.87613304973384,10.025651269602859,0.15483368783297766,0.04799413953123237,99.94857997010463,0.2096637275924318,79.87613304973361
50,synthetic_scalability_scenario_derived_from_real_traffic,15,35,afreeca_dataset;amazon_dataset;battleground_dataset;gamebox_dataset;geforce_dataset;meet_dataset;navernow_dataset;netflix_dataset;roblox_dataset;teams_dataset;tft_dataset;youtubeLive_dataset;youtube_dataset;zepeto_dataset;zoom_dataset;roblox_dataset;navernow_dataset;roblox_dataset;amazon_dataset;roblox_dataset;youtube_dataset;zoom_dataset;youtubeLive_dataset;teams_dataset;tft_dataset;zoom_dataset;gamebox_dataset;youtube_dataset;zoom_dataset;tft_dataset;geforce_dataset;teams_dataset;meet_dataset;meet_dataset;roblox_dataset;youtube_dataset;battleground_dataset;navernow_dataset;roblox_dataset;youtube_dataset;roblox_dataset;geforce_dataset;youtubeLive_dataset;roblox_dataset;afreeca_dataset;geforce_dataset;zepeto_dataset;battleground_dataset;roblox_dataset;netflix_dataset,MEDIUM,44,NO FAIRNESS,0.75,0.75,76.30382940426723,14.412997250538076,4.619454333065147,2.879451671651291,96.55874439461883,0.229263416599283,87.35893224948114
50,synthetic_scalability_scenario_derived_from_real_traffic,15,35,afreeca_dataset;amazon_dataset;battleground_dataset;gamebox_dataset;geforce_dataset;meet_dataset;navernow_dataset;netflix_dataset;roblox_dataset;teams_dataset;tft_dataset;youtubeLive_dataset;youtube_dataset;zepeto_dataset;zoom_dataset;roblox_dataset;navernow_dataset;roblox_dataset;amazon_dataset;roblox_dataset;youtube_dataset;zoom_dataset;youtubeLive_dataset;teams_dataset;tft_dataset;zoom_dataset;gamebox_dataset;youtube_dataset;zoom_dataset;tft_dataset;geforce_dataset;teams_dataset;meet_dataset;meet_dataset;roblox_dataset;youtube_dataset;battleground_dataset;navernow_dataset;roblox_dataset;youtube_dataset;roblox_dataset;geforce_dataset;youtubeLive_dataset;roblox_dataset;afreeca_dataset;geforce_dataset;zepeto_dataset;battleground_dataset;roblox_dataset;netflix_dataset,MEDIUM,44,NO PRIORITY,0.75,0.75,76.31771939281776,14.417118213592184,4.602091847376962,2.8826475351665537,96.55844544095665,0.22927247402951978,87.35453297731968
50,synthetic_scalability_scenario_derived_from_real_traffic,15,35,afreeca_dataset;amazon_dataset;battleground_dataset;gamebox_dataset;geforce_dataset;meet_dataset;navernow_dataset;netflix_dataset;roblox_dataset;teams_dataset;tft_dataset;youtubeLive_dataset;youtube_dataset;zepeto_dataset;zoom_dataset;roblox_dataset;navernow_dataset;roblox_dataset;amazon_dataset;roblox_dataset;youtube_dataset;zoom_dataset;youtubeLive_dataset;teams_dataset;tft_dataset;zoom_dataset;gamebox_dataset;youtube_dataset;zoom_dataset;tft_dataset;geforce_dataset;teams_dataset;meet_dataset;meet_dataset;roblox_dataset;youtube_dataset;battleground_dataset;navernow_dataset;roblox_dataset;youtube_dataset;roblox_dataset;geforce_dataset;youtubeLive_dataset;roblox_dataset;afreeca_dataset;geforce_dataset;zepeto_dataset;battleground_dataset;roblox_dataset;netflix_dataset,MEDIUM,44,SINGLE OBJECTIVE,0.75,0.75,76.33126344400212,14.643912626698269,4.585155071731357,3.0229496938326084,96.47862481315396,0.22943602318046,87.40127983863923
50,synthetic_scalability_scenario_derived_from_real_traffic,15,35,afreeca_dataset;amazon_dataset;battleground_dataset;gamebox_dataset;geforce_dataset;meet_dataset;navernow_dataset;netflix_dataset;roblox_dataset;teams_dataset;tft_dataset;youtubeLive_dataset;youtube_dataset;zepeto_dataset;zoom_dataset;roblox_dataset;netflix_dataset;navernow_dataset;youtubeLive_dataset;meet_dataset;youtube_dataset;navernow_dataset;geforce_dataset;navernow_dataset;navernow_dataset;meet_dataset;youtube_dataset;zepeto_dataset;afreeca_dataset;roblox_dataset;battleground_dataset;geforce_dataset;youtube_dataset;battleground_dataset;gamebox_dataset;navernow_dataset;zepeto_dataset;youtubeLive_dataset;battleground_dataset;afreeca_dataset;meet_dataset;afreeca_dataset;geforce_dataset;zepeto_dataset;youtube_dataset;zepeto_dataset;youtubeLive_dataset;meet_dataset;zoom_dataset;zoom_dataset,MEDIUM,45,FULL BLENDED MODEL,0.75,0.75,74.9235948001156,15.42821577641381,6.342216257072723,3.215274355860314,95.196711509716,0.29215241060622077,89.74385931370425
50,synthetic_scalability_scenario_derived_from_real_traffic,15,35,afreeca_dataset;amazon_dataset;battleground_dataset;gamebox_dataset;geforce_dataset;meet_dataset;navernow_dataset;netflix_dataset;roblox_dataset;teams_dataset;tft_dataset;youtubeLive_dataset;youtube_dataset;zepeto_dataset;zoom_dataset;roblox_dataset;netflix_dataset;navernow_dataset;youtubeLive_dataset;meet_dataset;youtube_dataset;navernow_dataset;geforce_dataset;navernow_dataset;navernow_dataset;meet_dataset;youtube_dataset;zepeto_dataset;afreeca_dataset;roblox_dataset;battleground_dataset;geforce_dataset;youtube_dataset;battleground_dataset;gamebox_dataset;navernow_dataset;zepeto_dataset;youtubeLive_dataset;battleground_dataset;afreeca_dataset;meet_dataset;afreeca_dataset;geforce_dataset;zepeto_dataset;youtube_dataset;zepeto_dataset;youtubeLive_dataset;meet_dataset;zoom_dataset;zoom_dataset,MEDIUM,45,PREDICTION ONLY,1.0,0.75,71.06076839485812,28.90496075257935,11.17039990020558,13.455216080139428,94.21255605381165,0.2947217046803109,90.36605401485295
50,synthetic_scalability_scenario_derived_from_real_traffic,15,35,afreeca_dataset;amazon_dataset;battleground_dataset;gamebox_dataset;geforce_dataset;meet_dataset;navernow_dataset;netflix_dataset;roblox_dataset;teams_dataset;tft_dataset;youtubeLive_dataset;youtube_dataset;zepeto_dataset;zoom_dataset;roblox_dataset;netflix_dataset;navernow_dataset;youtubeLive_dataset;meet_dataset;youtube_dataset;navernow_dataset;geforce_dataset;navernow_dataset;navernow_dataset;meet_dataset;youtube_dataset;zepeto_dataset;afreeca_dataset;roblox_dataset;battleground_dataset;geforce_dataset;youtube_dataset;battleground_dataset;gamebox_dataset;navernow_dataset;zepeto_dataset;youtubeLive_dataset;battleground_dataset;afreeca_dataset;meet_dataset;afreeca_dataset;geforce_dataset;zepeto_dataset;youtube_dataset;zepeto_dataset;youtubeLive_dataset;meet_dataset;zoom_dataset;zoom_dataset,MEDIUM,45,NO PREDICTION,0.0,0.75,79.91080183068577,10.042013814953409,0.11149771164297059,0.08174869124739804,99.93931240657697,0.26400796801581006,79.91080183068563
50,synthetic_scalability_scenario_derived_from_real_traffic,15,35,afreeca_dataset;amazon_dataset;battleground_dataset;gamebox_dataset;geforce_dataset;meet_dataset;navernow_dataset;netflix_dataset;roblox_dataset;teams_dataset;tft_dataset;youtubeLive_dataset;youtube_dataset;zepeto_dataset;zoom_dataset;roblox_dataset;netflix_dataset;navernow_dataset;youtubeLive_dataset;meet_dataset;youtube_dataset;navernow_dataset;geforce_dataset;navernow_dataset;navernow_dataset;meet_dataset;youtube_dataset;zepeto_dataset;afreeca_dataset;roblox_dataset;battleground_dataset;geforce_dataset;youtube_dataset;battleground_dataset;gamebox_dataset;navernow_dataset;zepeto_dataset;youtubeLive_dataset;battleground_dataset;afreeca_dataset;meet_dataset;afreeca_dataset;geforce_dataset;zepeto_dataset;youtube_dataset;zepeto_dataset;youtubeLive_dataset;meet_dataset;zoom_dataset;zoom_dataset,MEDIUM,45,NO FAIRNESS,0.75,0.75,74.9221009839686,15.427770991187002,6.344083527256399,3.2155360440177208,95.19701046337818,0.2921032077388065,89.73936554284599
50,synthetic_scalability_scenario_derived_from_real_traffic,15,35,afreeca_dataset;amazon_dataset;battleground_dataset;gamebox_dataset;geforce_dataset;meet_dataset;navernow_dataset;netflix_dataset;roblox_dataset;teams_dataset;tft_dataset;youtubeLive_dataset;youtube_dataset;zepeto_dataset;zoom_dataset;roblox_dataset;netflix_dataset;navernow_dataset;youtubeLive_dataset;meet_dataset;youtube_dataset;navernow_dataset;geforce_dataset;navernow_dataset;navernow_dataset;meet_dataset;youtube_dataset;zepeto_dataset;afreeca_dataset;roblox_dataset;battleground_dataset;geforce_dataset;youtube_dataset;battleground_dataset;gamebox_dataset;navernow_dataset;zepeto_dataset;youtubeLive_dataset;battleground_dataset;afreeca_dataset;meet_dataset;afreeca_dataset;geforce_dataset;zepeto_dataset;youtube_dataset;zepeto_dataset;youtubeLive_dataset;meet_dataset;zoom_dataset;zoom_dataset,MEDIUM,45,NO PRIORITY,0.75,0.75,74.93464952157639,15.431341122493443,6.328397855246664,3.213689194397352,95.1982062780269,0.29214363098842244,89.73289945181348
50,synthetic_scalability_scenario_derived_from_real_traffic,15,35,afreeca_dataset;amazon_dataset;battleground_dataset;gamebox_dataset;geforce_dataset;meet_dataset;navernow_dataset;netflix_dataset;roblox_dataset;teams_dataset;tft_dataset;youtubeLive_dataset;youtube_dataset;zepeto_dataset;zoom_dataset;roblox_dataset;netflix_dataset;navernow_dataset;youtubeLive_dataset;meet_dataset;youtube_dataset;navernow_dataset;geforce_dataset;navernow_dataset;navernow_dataset;meet_dataset;youtube_dataset;zepeto_dataset;afreeca_dataset;roblox_dataset;battleground_dataset;geforce_dataset;youtube_dataset;battleground_dataset;gamebox_dataset;navernow_dataset;zepeto_dataset;youtubeLive_dataset;battleground_dataset;afreeca_dataset;meet_dataset;afreeca_dataset;geforce_dataset;zepeto_dataset;youtube_dataset;zepeto_dataset;youtubeLive_dataset;meet_dataset;zoom_dataset;zoom_dataset,MEDIUM,45,SINGLE OBJECTIVE,0.75,0.75,74.93482001047106,15.815039581192964,6.328184744128206,3.424734338305694,95.07533632286996,0.2923595623163835,89.8391893574504
50,synthetic_scalability_scenario_derived_from_real_traffic,15,35,afreeca_dataset;amazon_dataset;battleground_dataset;gamebox_dataset;geforce_dataset;meet_dataset;navernow_dataset;netflix_dataset;roblox_dataset;teams_dataset;tft_dataset;youtubeLive_dataset;youtube_dataset;zepeto_dataset;zoom_dataset;teams_dataset;battleground_dataset;youtubeLive_dataset;zepeto_dataset;gamebox_dataset;geforce_dataset;zepeto_dataset;geforce_dataset;zoom_dataset;gamebox_dataset;meet_dataset;teams_dataset;afreeca_dataset;battleground_dataset;geforce_dataset;zoom_dataset;teams_dataset;tft_dataset;youtube_dataset;zoom_dataset;youtube_dataset;netflix_dataset;battleground_dataset;teams_dataset;tft_dataset;youtubeLive_dataset;meet_dataset;battleground_dataset;gamebox_dataset;battleground_dataset;navernow_dataset;meet_dataset;youtubeLive_dataset;geforce_dataset;netflix_dataset,MEDIUM,46,FULL BLENDED MODEL,0.75,0.75,78.50038201531386,13.853340491754567,1.8734862564461765,2.775719907828458,97.39850523168909,0.27821681660367664,85.83309674605295
50,synthetic_scalability_scenario_derived_from_real_traffic,15,35,afreeca_dataset;amazon_dataset;battleground_dataset;gamebox_dataset;geforce_dataset;meet_dataset;navernow_dataset;netflix_dataset;roblox_dataset;teams_dataset;tft_dataset;youtubeLive_dataset;youtube_dataset;zepeto_dataset;zoom_dataset;teams_dataset;battleground_dataset;youtubeLive_dataset;zepeto_dataset;gamebox_dataset;geforce_dataset;zepeto_dataset;geforce_dataset;zoom_dataset;gamebox_dataset;meet_dataset;teams_dataset;afreeca_dataset;battleground_dataset;geforce_dataset;zoom_dataset;teams_dataset;tft_dataset;youtube_dataset;zoom_dataset;youtube_dataset;netflix_dataset;battleground_dataset;teams_dataset;tft_dataset;youtubeLive_dataset;meet_dataset;battleground_dataset;gamebox_dataset;battleground_dataset;navernow_dataset;meet_dataset;youtubeLive_dataset;geforce_dataset;netflix_dataset,MEDIUM,46,PREDICTION ONLY,1.0,0.75,77.22129573321686,22.25581116462239,3.471998700931363,10.947948012951104,96.59581464872944,0.2814682540789999,86.95693747435983
50,synthetic_scalability_scenario_derived_from_real_traffic,15,35,afreeca_dataset;amazon_dataset;battleground_dataset;gamebox_dataset;geforce_dataset;meet_dataset;navernow_dataset;netflix_dataset;roblox_dataset;teams_dataset;tft_dataset;youtubeLive_dataset;youtube_dataset;zepeto_dataset;zoom_dataset;teams_dataset;battleground_dataset;youtubeLive_dataset;zepeto_dataset;gamebox_dataset;geforce_dataset;zepeto_dataset;geforce_dataset;zoom_dataset;gamebox_dataset;meet_dataset;teams_dataset;afreeca_dataset;battleground_dataset;geforce_dataset;zoom_dataset;teams_dataset;tft_dataset;youtube_dataset;zoom_dataset;youtube_dataset;netflix_dataset;battleground_dataset;teams_dataset;tft_dataset;youtubeLive_dataset;meet_dataset;battleground_dataset;gamebox_dataset;battleground_dataset;navernow_dataset;meet_dataset;youtubeLive_dataset;geforce_dataset;netflix_dataset,MEDIUM,46,NO PREDICTION,0.0,0.75,79.97823147382503,10.006835196076908,0.02721065771851554,0.013494566932721705,99.9898355754858,0.25990499771104175,79.97823147382518
50,synthetic_scalability_scenario_derived_from_real_traffic,15,35,afreeca_dataset;amazon_dataset;battleground_dataset;gamebox_dataset;geforce_dataset;meet_dataset;navernow_dataset;netflix_dataset;roblox_dataset;teams_dataset;tft_dataset;youtubeLive_dataset;youtube_dataset;zepeto_dataset;zoom_dataset;teams_dataset;battleground_dataset;youtubeLive_dataset;zepeto_dataset;gamebox_dataset;geforce_dataset;zepeto_dataset;geforce_dataset;zoom_dataset;gamebox_dataset;meet_dataset;teams_dataset;afreeca_dataset;battleground_dataset;geforce_dataset;zoom_dataset;teams_dataset;tft_dataset;youtube_dataset;zoom_dataset;youtube_dataset;netflix_dataset;battleground_dataset;teams_dataset;tft_dataset;youtubeLive_dataset;meet_dataset;battleground_dataset;gamebox_dataset;battleground_dataset;navernow_dataset;meet_dataset;youtubeLive_dataset;geforce_dataset;netflix_dataset,MEDIUM,46,NO FAIRNESS,0.75,0.75,78.49943582778573,13.852986081091975,1.874668990856333,2.775746816313381,97.39850523168909,0.27819962569801354,85.8308018795365
50,synthetic_scalability_scenario_derived_from_real_traffic,15,35,afreeca_dataset;amazon_dataset;battleground_dataset;gamebox_dataset;geforce_dataset;meet_dataset;navernow_dataset;netflix_dataset;roblox_dataset;teams_dataset;tft_dataset;youtubeLive_dataset;youtube_dataset;zepeto_dataset;zoom_dataset;teams_dataset;battleground_dataset;youtubeLive_dataset;zepeto_dataset;gamebox_dataset;geforce_dataset;zepeto_dataset;geforce_dataset;zoom_dataset;gamebox_dataset;meet_dataset;teams_dataset;afreeca_dataset;battleground_dataset;geforce_dataset;zoom_dataset;teams_dataset;tft_dataset;youtube_dataset;zoom_dataset;youtube_dataset;netflix_dataset;battleground_dataset;teams_dataset;tft_dataset;youtubeLive_dataset;meet_dataset;battleground_dataset;gamebox_dataset;battleground_dataset;navernow_dataset;meet_dataset;youtubeLive_dataset;geforce_dataset;netflix_dataset,MEDIUM,46,NO PRIORITY,0.75,0.75,78.50451360894736,13.853957965419724,1.8683217644043082,2.7752863826963114,97.39880418535127,0.27821775145514566,85.83182393804776
50,synthetic_scalability_scenario_derived_from_real_traffic,15,35,afreeca_dataset;amazon_dataset;battleground_dataset;gamebox_dataset;geforce_dataset;meet_dataset;navernow_dataset;netflix_dataset;roblox_dataset;teams_dataset;tft_dataset;youtubeLive_dataset;youtube_dataset;zepeto_dataset;zoom_dataset;teams_dataset;battleground_dataset;youtubeLive_dataset;zepeto_dataset;gamebox_dataset;geforce_dataset;zepeto_dataset;geforce_dataset;zoom_dataset;gamebox_dataset;meet_dataset;teams_dataset;afreeca_dataset;battleground_dataset;geforce_dataset;zoom_dataset;teams_dataset;tft_dataset;youtube_dataset;zoom_dataset;youtube_dataset;netflix_dataset;battleground_dataset;teams_dataset;tft_dataset;youtubeLive_dataset;meet_dataset;battleground_dataset;gamebox_dataset;battleground_dataset;navernow_dataset;meet_dataset;youtubeLive_dataset;geforce_dataset;netflix_dataset,MEDIUM,46,SINGLE OBJECTIVE,0.75,0.75,78.50920444866694,13.903156701870758,1.8624582147548232,2.8106460588365176,97.38355754857997,0.27826899021250495,85.84407617166501
50,synthetic_scalability_scenario_derived_from_real_traffic,15,35,afreeca_dataset;amazon_dataset;battleground_dataset;gamebox_dataset;geforce_dataset;meet_dataset;navernow_dataset;netflix_dataset;roblox_dataset;teams_dataset;tft_dataset;youtubeLive_dataset;youtube_dataset;zepeto_dataset;zoom_dataset;roblox_dataset;navernow_dataset;amazon_dataset;zepeto_dataset;youtube_dataset;geforce_dataset;battleground_dataset;tft_dataset;amazon_dataset;navernow_dataset;tft_dataset;youtubeLive_dataset;meet_dataset;netflix_dataset;roblox_dataset;youtubeLive_dataset;zepeto_dataset;meet_dataset;navernow_dataset;zepeto_dataset;amazon_dataset;youtubeLive_dataset;navernow_dataset;tft_dataset;geforce_dataset;roblox_dataset;zoom_dataset;battleground_dataset;teams_dataset;amazon_dataset;youtubeLive_dataset;navernow_dataset;youtube_dataset;zepeto_dataset;gamebox_dataset,HIGH,42,FULL BLENDED MODEL,0.75,0.75,84.33665052565632,18.535360450062353,23.326287907218077,3.4355614067052898,85.73632286995516,0.3098039404806174,99.99679512725544
50,synthetic_scalability_scenario_derived_from_real_traffic,15,35,afreeca_dataset;amazon_dataset;battleground_dataset;gamebox_dataset;geforce_dataset;meet_dataset;navernow_dataset;netflix_dataset;roblox_dataset;teams_dataset;tft_dataset;youtubeLive_dataset;youtube_dataset;zepeto_dataset;zoom_dataset;roblox_dataset;navernow_dataset;amazon_dataset;zepeto_dataset;youtube_dataset;geforce_dataset;battleground_dataset;tft_dataset;amazon_dataset;navernow_dataset;tft_dataset;youtubeLive_dataset;meet_dataset;netflix_dataset;roblox_dataset;youtubeLive_dataset;zepeto_dataset;meet_dataset;navernow_dataset;zepeto_dataset;amazon_dataset;youtubeLive_dataset;navernow_dataset;tft_dataset;geforce_dataset;roblox_dataset;zoom_dataset;battleground_dataset;teams_dataset;amazon_dataset;youtubeLive_dataset;navernow_dataset;youtube_dataset;zepeto_dataset;gamebox_dataset,HIGH,42,PREDICTION ONLY,1.0,0.75,79.89967167924361,35.29487435762647,27.359773209155794,14.437116116007891,85.2660687593423,0.3013547921387698,99.99168748264844
50,synthetic_scalability_scenario_derived_from_real_traffic,15,35,afreeca_dataset;amazon_dataset;battleground_dataset;gamebox_dataset;geforce_dataset;meet_dataset;navernow_dataset;netflix_dataset;roblox_dataset;teams_dataset;tft_dataset;youtubeLive_dataset;youtube_dataset;zepeto_dataset;zoom_dataset;roblox_dataset;navernow_dataset;amazon_dataset;zepeto_dataset;youtube_dataset;geforce_dataset;battleground_dataset;tft_dataset;amazon_dataset;navernow_dataset;tft_dataset;youtubeLive_dataset;meet_dataset;netflix_dataset;roblox_dataset;youtubeLive_dataset;zepeto_dataset;meet_dataset;navernow_dataset;zepeto_dataset;amazon_dataset;youtubeLive_dataset;navernow_dataset;tft_dataset;geforce_dataset;roblox_dataset;zoom_dataset;battleground_dataset;teams_dataset;amazon_dataset;youtubeLive_dataset;navernow_dataset;youtube_dataset;zepeto_dataset;gamebox_dataset,HIGH,42,NO PREDICTION,0.0,0.75,99.43001038750289,11.81830406649313,9.609058568897883,1.1921074219353474,93.74678624813154,0.26041920812111496,99.43001038750285
50,synthetic_scalability_scenario_derived_from_real_traffic,15,35,afreeca_dataset;amazon_dataset;battleground_dataset;gamebox_dataset;geforce_dataset;meet_dataset;navernow_dataset;netflix_dataset;roblox_dataset;teams_dataset;tft_dataset;youtubeLive_dataset;youtube_dataset;zepeto_dataset;zoom_dataset;roblox_dataset;navernow_dataset;amazon_dataset;zepeto_dataset;youtube_dataset;geforce_dataset;battleground_dataset;tft_dataset;amazon_dataset;navernow_dataset;tft_dataset;youtubeLive_dataset;meet_dataset;netflix_dataset;roblox_dataset;youtubeLive_dataset;zepeto_dataset;meet_dataset;navernow_dataset;zepeto_dataset;amazon_dataset;youtubeLive_dataset;navernow_dataset;tft_dataset;geforce_dataset;roblox_dataset;zoom_dataset;battleground_dataset;teams_dataset;amazon_dataset;youtubeLive_dataset;navernow_dataset;youtube_dataset;zepeto_dataset;gamebox_dataset,HIGH,42,NO FAIRNESS,0.75,0.75,84.96578575011105,18.60828476119852,22.75437668191764,3.3948949178118673,85.94678624813154,0.3050158780426513,99.99675580757052
50,synthetic_scalability_scenario_derived_from_real_traffic,15,35,afreeca_dataset;amazon_dataset;battleground_dataset;gamebox_dataset;geforce_dataset;meet_dataset;navernow_dataset;netflix_dataset;roblox_dataset;teams_dataset;tft_dataset;youtubeLive_dataset;youtube_dataset;zepeto_dataset;zoom_dataset;roblox_dataset;navernow_dataset;amazon_dataset;zepeto_dataset;youtube_dataset;geforce_dataset;battleground_dataset;tft_dataset;amazon_dataset;navernow_dataset;tft_dataset;youtubeLive_dataset;meet_dataset;netflix_dataset;roblox_dataset;youtubeLive_dataset;zepeto_dataset;meet_dataset;navernow_dataset;zepeto_dataset;amazon_dataset;youtubeLive_dataset;navernow_dataset;tft_dataset;geforce_dataset;roblox_dataset;zoom_dataset;battleground_dataset;teams_dataset;amazon_dataset;youtubeLive_dataset;navernow_dataset;youtube_dataset;zepeto_dataset;gamebox_dataset,HIGH,42,NO PRIORITY,0.75,0.75,90.19182916574728,19.634909512217305,18.003913222255925,3.2944983913682586,88.1321375186846,0.2737547614914546,99.99608982691478
50,synthetic_scalability_scenario_derived_from_real_traffic,15,35,afreeca_dataset;amazon_dataset;battleground_dataset;gamebox_dataset;geforce_dataset;meet_dataset;navernow_dataset;netflix_dataset;roblox_dataset;teams_dataset;tft_dataset;youtubeLive_dataset;youtube_dataset;zepeto_dataset;zoom_dataset;roblox_dataset;navernow_dataset;amazon_dataset;zepeto_dataset;youtube_dataset;geforce_dataset;battleground_dataset;tft_dataset;amazon_dataset;navernow_dataset;tft_dataset;youtubeLive_dataset;meet_dataset;netflix_dataset;roblox_dataset;youtubeLive_dataset;zepeto_dataset;meet_dataset;navernow_dataset;zepeto_dataset;amazon_dataset;youtubeLive_dataset;navernow_dataset;tft_dataset;geforce_dataset;roblox_dataset;zoom_dataset;battleground_dataset;teams_dataset;amazon_dataset;youtubeLive_dataset;navernow_dataset;youtube_dataset;zepeto_dataset;gamebox_dataset,HIGH,42,SINGLE OBJECTIVE,0.75,0.75,88.85068406096171,158.3073854553064,19.218517037058895,10.490346878407195,48.8678624813154,0.251689987681458,100.0
50,synthetic_scalability_scenario_derived_from_real_traffic,15,35,afreeca_dataset;amazon_dataset;battleground_dataset;gamebox_dataset;geforce_dataset;meet_dataset;navernow_dataset;netflix_dataset;roblox_dataset;teams_dataset;tft_dataset;youtubeLive_dataset;youtube_dataset;zepeto_dataset;zoom_dataset;zepeto_dataset;navernow_dataset;navernow_dataset;roblox_dataset;afreeca_dataset;meet_dataset;netflix_dataset;youtube_dataset;zoom_dataset;tft_dataset;zepeto_dataset;afreeca_dataset;roblox_dataset;youtube_dataset;amazon_dataset;amazon_dataset;youtube_dataset;tft_dataset;teams_dataset;tft_dataset;battleground_dataset;teams_dataset;netflix_dataset;youtubeLive_dataset;afreeca_dataset;roblox_dataset;geforce_dataset;geforce_dataset;tft_dataset;netflix_dataset;tft_dataset;youtube_dataset;geforce_dataset;amazon_dataset;gamebox_dataset,HIGH,43,FULL BLENDED MODEL,0.75,0.75,90.01536849070132,17.015449477816123,18.163893276189796,2.919070902653713,87.49775784753363,0.28348045931023597,99.9872367699138
50,synthetic_scalability_scenario_derived_from_real_traffic,15,35,afreeca_dataset;amazon_dataset;battleground_dataset;gamebox_dataset;geforce_dataset;meet_dataset;navernow_dataset;netflix_dataset;roblox_dataset;teams_dataset;tft_dataset;youtubeLive_dataset;youtube_dataset;zepeto_dataset;zoom_dataset;zepeto_dataset;navernow_dataset;navernow_dataset;roblox_dataset;afreeca_dataset;meet_dataset;netflix_dataset;youtube_dataset;zoom_dataset;tft_dataset;zepeto_dataset;afreeca_dataset;roblox_dataset;youtube_dataset;amazon_dataset;amazon_dataset;youtube_dataset;tft_dataset;teams_dataset;tft_dataset;battleground_dataset;teams_dataset;netflix_dataset;youtubeLive_dataset;afreeca_dataset;roblox_dataset;geforce_dataset;geforce_dataset;tft_dataset;netflix_dataset;tft_dataset;youtube_dataset;geforce_dataset;amazon_dataset;gamebox_dataset,HIGH,43,PREDICTION ONLY,1.0,0.75,87.38604821265474,27.813232962196818,20.553967142326353,11.471174165549165,86.77698056801196,0.2806769021770525,99.9872153440347
50,synthetic_scalability_scenario_derived_from_real_traffic,15,35,afreeca_dataset;amazon_dataset;battleground_dataset;gamebox_dataset;geforce_dataset;meet_dataset;navernow_dataset;netflix_dataset;roblox_dataset;teams_dataset;tft_dataset;youtubeLive_dataset;youtube_dataset;zepeto_dataset;zoom_dataset;zepeto_dataset;navernow_dataset;navernow_dataset;roblox_dataset;afreeca_dataset;meet_dataset;netflix_dataset;youtube_dataset;zoom_dataset;tft_dataset;zepeto_dataset;afreeca_dataset;roblox_dataset;youtube_dataset;amazon_dataset;amazon_dataset;youtube_dataset;tft_dataset;teams_dataset;tft_dataset;battleground_dataset;teams_dataset;netflix_dataset;youtubeLive_dataset;afreeca_dataset;roblox_dataset;geforce_dataset;geforce_dataset;tft_dataset;netflix_dataset;tft_dataset;youtube_dataset;geforce_dataset;amazon_dataset;gamebox_dataset,HIGH,43,NO PREDICTION,0.0,0.75,99.75062200368876,11.84439415040734,9.314257655348722,0.9581154352619875,93.2831091180867,0.24912914976220651,99.75062200368876
50,synthetic_scalability_scenario_derived_from_real_traffic,15,35,afreeca_dataset;amazon_dataset;battleground_dataset;gamebox_dataset;geforce_dataset;meet_dataset;navernow_dataset;netflix_dataset;roblox_dataset;teams_dataset;tft_dataset;youtubeLive_dataset;youtube_dataset;zepeto_dataset;zoom_dataset;zepeto_dataset;navernow_dataset;navernow_dataset;roblox_dataset;afreeca_dataset;meet_dataset;netflix_dataset;youtube_dataset;zoom_dataset;tft_dataset;zepeto_dataset;afreeca_dataset;roblox_dataset;youtube_dataset;amazon_dataset;amazon_dataset;youtube_dataset;tft_dataset;teams_dataset;tft_dataset;battleground_dataset;teams_dataset;netflix_dataset;youtubeLive_dataset;afreeca_dataset;roblox_dataset;geforce_dataset;geforce_dataset;tft_dataset;netflix_dataset;tft_dataset;youtube_dataset;geforce_dataset;amazon_dataset;gamebox_dataset,HIGH,43,NO FAIRNESS,0.75,0.75,90.44807162316587,17.055898321169636,17.770528804921035,2.8981252388655494,87.62750373692077,0.28047637171794976,99.98687381918143
50,synthetic_scalability_scenario_derived_from_real_traffic,15,35,afreeca_dataset;amazon_dataset;battleground_dataset;gamebox_dataset;geforce_dataset;meet_dataset;navernow_dataset;netflix_dataset;roblox_dataset;teams_dataset;tft_dataset;youtubeLive_dataset;youtube_dataset;zepeto_dataset;zoom_dataset;zepeto_dataset;navernow_dataset;navernow_dataset;roblox_dataset;afreeca_dataset;meet_dataset;netflix_dataset;youtube_dataset;zoom_dataset;tft_dataset;zepeto_dataset;afreeca_dataset;roblox_dataset;youtube_dataset;amazon_dataset;amazon_dataset;youtube_dataset;tft_dataset;teams_dataset;tft_dataset;battleground_dataset;teams_dataset;netflix_dataset;youtubeLive_dataset;afreeca_dataset;roblox_dataset;geforce_dataset;geforce_dataset;tft_dataset;netflix_dataset;tft_dataset;youtube_dataset;geforce_dataset;amazon_dataset;gamebox_dataset,HIGH,43,NO PRIORITY,0.75,0.75,93.77341189861943,17.79507786830333,14.747282808775795,2.8452265950643723,88.72406576980568,0.26211423208433815,99.9857734692741
50,synthetic_scalability_scenario_derived_from_real_traffic,15,35,afreeca_dataset;amazon_dataset;battleground_dataset;gamebox_dataset;geforce_dataset;meet_dataset;navernow_dataset;netflix_dataset;roblox_dataset;teams_dataset;tft_dataset;youtubeLive_dataset;youtube_dataset;zepeto_dataset;zoom_dataset;zepeto_dataset;navernow_dataset;navernow_dataset;roblox_dataset;afreeca_dataset;meet_dataset;netflix_dataset;youtube_dataset;zoom_dataset;tft_dataset;zepeto_dataset;afreeca_dataset;roblox_dataset;youtube_dataset;amazon_dataset;amazon_dataset;youtube_dataset;tft_dataset;teams_dataset;tft_dataset;battleground_dataset;teams_dataset;netflix_dataset;youtubeLive_dataset;afreeca_dataset;roblox_dataset;geforce_dataset;geforce_dataset;tft_dataset;netflix_dataset;tft_dataset;youtube_dataset;geforce_dataset;amazon_dataset;gamebox_dataset,HIGH,43,SINGLE OBJECTIVE,0.75,0.75,94.07247046861393,164.71087294989132,14.468415941668262,8.768414769188274,43.799701046337816,0.23826423850590903,99.99174154617285
50,synthetic_scalability_scenario_derived_from_real_traffic,15,35,afreeca_dataset;amazon_dataset;battleground_dataset;gamebox_dataset;geforce_dataset;meet_dataset;navernow_dataset;netflix_dataset;roblox_dataset;teams_dataset;tft_dataset;youtubeLive_dataset;youtube_dataset;zepeto_dataset;zoom_dataset;roblox_dataset;navernow_dataset;roblox_dataset;amazon_dataset;roblox_dataset;youtube_dataset;zoom_dataset;youtubeLive_dataset;teams_dataset;tft_dataset;zoom_dataset;gamebox_dataset;youtube_dataset;zoom_dataset;tft_dataset;geforce_dataset;teams_dataset;meet_dataset;meet_dataset;roblox_dataset;youtube_dataset;battleground_dataset;navernow_dataset;roblox_dataset;youtube_dataset;roblox_dataset;geforce_dataset;youtubeLive_dataset;roblox_dataset;afreeca_dataset;geforce_dataset;zepeto_dataset;battleground_dataset;roblox_dataset;netflix_dataset,HIGH,44,FULL BLENDED MODEL,0.75,0.75,90.60089723514075,15.919448024730173,17.632966209115366,2.6811021923617777,88.32795216741405,0.2420287603869866,99.99561003732467
50,synthetic_scalability_scenario_derived_from_real_traffic,15,35,afreeca_dataset;amazon_dataset;battleground_dataset;gamebox_dataset;geforce_dataset;meet_dataset;navernow_dataset;netflix_dataset;roblox_dataset;teams_dataset;tft_dataset;youtubeLive_dataset;youtube_dataset;zepeto_dataset;zoom_dataset;roblox_dataset;navernow_dataset;roblox_dataset;amazon_dataset;roblox_dataset;youtube_dataset;zoom_dataset;youtubeLive_dataset;teams_dataset;tft_dataset;zoom_dataset;gamebox_dataset;youtube_dataset;zoom_dataset;tft_dataset;geforce_dataset;teams_dataset;meet_dataset;meet_dataset;roblox_dataset;youtube_dataset;battleground_dataset;navernow_dataset;roblox_dataset;youtube_dataset;roblox_dataset;geforce_dataset;youtubeLive_dataset;roblox_dataset;afreeca_dataset;geforce_dataset;zepeto_dataset;battleground_dataset;roblox_dataset;netflix_dataset,HIGH,44,PREDICTION ONLY,1.0,0.75,88.17007873667202,25.081994295647323,19.842647776110653,10.65055244014594,88.11838565022421,0.23896690429629813,99.99281279162287
50,synthetic_scalability_scenario_derived_from_real_traffic,15,35,afreeca_dataset;amazon_dataset;battleground_dataset;gamebox_dataset;geforce_dataset;meet_dataset;navernow_dataset;netflix_dataset;roblox_dataset;teams_dataset;tft_dataset;youtubeLive_dataset;youtube_dataset;zepeto_dataset;zoom_dataset;roblox_dataset;navernow_dataset;roblox_dataset;amazon_dataset;roblox_dataset;youtube_dataset;zoom_dataset;youtubeLive_dataset;teams_dataset;tft_dataset;zoom_dataset;gamebox_dataset;youtube_dataset;zoom_dataset;tft_dataset;geforce_dataset;teams_dataset;meet_dataset;meet_dataset;roblox_dataset;youtube_dataset;battleground_dataset;navernow_dataset;roblox_dataset;youtube_dataset;roblox_dataset;geforce_dataset;youtubeLive_dataset;roblox_dataset;afreeca_dataset;geforce_dataset;zepeto_dataset;battleground_dataset;roblox_dataset;netflix_dataset,HIGH,44,NO PREDICTION,0.0,0.75,99.7022924085711,11.663536629046968,9.359520182877061,0.8281117612039498,93.30792227204783,0.21773710304814173,99.70229240857101
50,synthetic_scalability_scenario_derived_from_real_traffic,15,35,afreeca_dataset;amazon_dataset;battleground_dataset;gamebox_dataset;geforce_dataset;meet_dataset;navernow_dataset;netflix_dataset;roblox_dataset;teams_dataset;tft_dataset;youtubeLive_dataset;youtube_dataset;zepeto_dataset;zoom_dataset;roblox_dataset;navernow_dataset;roblox_dataset;amazon_dataset;roblox_dataset;youtube_dataset;zoom_dataset;youtubeLive_dataset;teams_dataset;tft_dataset;zoom_dataset;gamebox_dataset;youtube_dataset;zoom_dataset;tft_dataset;geforce_dataset;teams_dataset;meet_dataset;meet_dataset;roblox_dataset;youtube_dataset;battleground_dataset;navernow_dataset;roblox_dataset;youtube_dataset;roblox_dataset;geforce_dataset;youtubeLive_dataset;roblox_dataset;afreeca_dataset;geforce_dataset;zepeto_dataset;battleground_dataset;roblox_dataset;netflix_dataset,HIGH,44,NO FAIRNESS,0.75,0.75,90.92361169373328,15.94166889061423,17.33958942857667,2.667077974832135,88.4101644245142,0.24027759862976622,99.99546199609868
50,synthetic_scalability_scenario_derived_from_real_traffic,15,35,afreeca_dataset;amazon_dataset;battleground_dataset;gamebox_dataset;geforce_dataset;meet_dataset;navernow_dataset;netflix_dataset;roblox_dataset;teams_dataset;tft_dataset;youtubeLive_dataset;youtube_dataset;zepeto_dataset;zoom_dataset;roblox_dataset;navernow_dataset;roblox_dataset;amazon_dataset;roblox_dataset;youtube_dataset;zoom_dataset;youtubeLive_dataset;teams_dataset;tft_dataset;zoom_dataset;gamebox_dataset;youtube_dataset;zoom_dataset;tft_dataset;geforce_dataset;teams_dataset;meet_dataset;meet_dataset;roblox_dataset;youtube_dataset;battleground_dataset;navernow_dataset;roblox_dataset;youtube_dataset;roblox_dataset;geforce_dataset;youtubeLive_dataset;roblox_dataset;afreeca_dataset;geforce_dataset;zepeto_dataset;battleground_dataset;roblox_dataset;netflix_dataset,HIGH,44,NO PRIORITY,0.75,0.75,93.9866754753881,16.535108024258918,14.554867945586716,2.625279849857653,89.57757847533632,0.22682359321004253,99.99327642245811
50,synthetic_scalability_scenario_derived_from_real_traffic,15,35,afreeca_dataset;amazon_dataset;battleground_dataset;gamebox_dataset;geforce_dataset;meet_dataset;navernow_dataset;netflix_dataset;roblox_dataset;teams_dataset;tft_dataset;youtubeLive_dataset;youtube_dataset;zepeto_dataset;zoom_dataset;roblox_dataset;navernow_dataset;roblox_dataset;amazon_dataset;roblox_dataset;youtube_dataset;zoom_dataset;youtubeLive_dataset;teams_dataset;tft_dataset;zoom_dataset;gamebox_dataset;youtube_dataset;zoom_dataset;tft_dataset;geforce_dataset;teams_dataset;meet_dataset;meet_dataset;roblox_dataset;youtube_dataset;battleground_dataset;navernow_dataset;roblox_dataset;youtube_dataset;roblox_dataset;geforce_dataset;youtubeLive_dataset;roblox_dataset;afreeca_dataset;geforce_dataset;zepeto_dataset;battleground_dataset;roblox_dataset;netflix_dataset,HIGH,44,SINGLE OBJECTIVE,0.75,0.75,93.82524948824775,152.693520301094,14.695313266495615,8.659609856090174,49.57249626307922,0.21147158074233324,100.0
50,synthetic_scalability_scenario_derived_from_real_traffic,15,35,afreeca_dataset;amazon_dataset;battleground_dataset;gamebox_dataset;geforce_dataset;meet_dataset;navernow_dataset;netflix_dataset;roblox_dataset;teams_dataset;tft_dataset;youtubeLive_dataset;youtube_dataset;zepeto_dataset;zoom_dataset;roblox_dataset;netflix_dataset;navernow_dataset;youtubeLive_dataset;meet_dataset;youtube_dataset;navernow_dataset;geforce_dataset;navernow_dataset;navernow_dataset;meet_dataset;youtube_dataset;zepeto_dataset;afreeca_dataset;roblox_dataset;battleground_dataset;geforce_dataset;youtube_dataset;battleground_dataset;gamebox_dataset;navernow_dataset;zepeto_dataset;youtubeLive_dataset;battleground_dataset;afreeca_dataset;meet_dataset;afreeca_dataset;geforce_dataset;zepeto_dataset;youtube_dataset;zepeto_dataset;youtubeLive_dataset;meet_dataset;zoom_dataset;zoom_dataset,HIGH,45,FULL BLENDED MODEL,0.75,0.75,88.31747288453472,17.209255141813966,19.706328418512797,2.881484814024332,86.57159940209267,0.3073378538149409,99.99616882857067
50,synthetic_scalability_scenario_derived_from_real_traffic,15,35,afreeca_dataset;amazon_dataset;battleground_dataset;gamebox_dataset;geforce_dataset;meet_dataset;navernow_dataset;netflix_dataset;roblox_dataset;teams_dataset;tft_dataset;youtubeLive_dataset;youtube_dataset;zepeto_dataset;zoom_dataset;roblox_dataset;netflix_dataset;navernow_dataset;youtubeLive_dataset;meet_dataset;youtube_dataset;navernow_dataset;geforce_dataset;navernow_dataset;navernow_dataset;meet_dataset;youtube_dataset;zepeto_dataset;afreeca_dataset;roblox_dataset;battleground_dataset;geforce_dataset;youtube_dataset;battleground_dataset;gamebox_dataset;navernow_dataset;zepeto_dataset;youtubeLive_dataset;battleground_dataset;afreeca_dataset;meet_dataset;afreeca_dataset;geforce_dataset;zepeto_dataset;youtube_dataset;zepeto_dataset;youtubeLive_dataset;meet_dataset;zoom_dataset;zoom_dataset,HIGH,45,PREDICTION ONLY,1.0,0.75,85.00131827510651,29.371656882340343,22.721056590311203,12.322331586671435,86.90313901345291,0.298862612478987,99.98650562914396
50,synthetic_scalability_scenario_derived_from_real_traffic,15,35,afreeca_dataset;amazon_dataset;battleground_dataset;gamebox_dataset;geforce_dataset;meet_dataset;navernow_dataset;netflix_dataset;roblox_dataset;teams_dataset;tft_dataset;youtubeLive_dataset;youtube_dataset;zepeto_dataset;zoom_dataset;roblox_dataset;netflix_dataset;navernow_dataset;youtubeLive_dataset;meet_dataset;youtube_dataset;navernow_dataset;geforce_dataset;navernow_dataset;navernow_dataset;meet_dataset;youtube_dataset;zepeto_dataset;afreeca_dataset;roblox_dataset;battleground_dataset;geforce_dataset;youtube_dataset;battleground_dataset;gamebox_dataset;navernow_dataset;zepeto_dataset;youtubeLive_dataset;battleground_dataset;afreeca_dataset;meet_dataset;afreeca_dataset;geforce_dataset;zepeto_dataset;youtube_dataset;zepeto_dataset;youtubeLive_dataset;meet_dataset;zoom_dataset;zoom_dataset,HIGH,45,NO PREDICTION,0.0,0.75,99.67458870666657,12.32144302248356,9.382897322453156,1.2083233785377259,92.6795216741405,0.2764772272007081,99.6745887066665
50,synthetic_scalability_scenario_derived_from_real_traffic,15,35,afreeca_dataset;amazon_dataset;battleground_dataset;gamebox_dataset;geforce_dataset;meet_dataset;navernow_dataset;netflix_dataset;roblox_dataset;teams_dataset;tft_dataset;youtubeLive_dataset;youtube_dataset;zepeto_dataset;zoom_dataset;roblox_dataset;netflix_dataset;navernow_dataset;youtubeLive_dataset;meet_dataset;youtube_dataset;navernow_dataset;geforce_dataset;navernow_dataset;navernow_dataset;meet_dataset;youtube_dataset;zepeto_dataset;afreeca_dataset;roblox_dataset;battleground_dataset;geforce_dataset;youtube_dataset;battleground_dataset;gamebox_dataset;navernow_dataset;zepeto_dataset;youtubeLive_dataset;battleground_dataset;afreeca_dataset;meet_dataset;afreeca_dataset;geforce_dataset;zepeto_dataset;youtube_dataset;zepeto_dataset;youtubeLive_dataset;meet_dataset;zoom_dataset;zoom_dataset,HIGH,45,NO FAIRNESS,0.75,0.75,88.74591725535677,17.24813757497971,19.316847116316588,2.8633500344185627,86.73841554559043,0.30444482361732444,99.99575320281515
50,synthetic_scalability_scenario_derived_from_real_traffic,15,35,afreeca_dataset;amazon_dataset;battleground_dataset;gamebox_dataset;geforce_dataset;meet_dataset;navernow_dataset;netflix_dataset;roblox_dataset;teams_dataset;tft_dataset;youtubeLive_dataset;youtube_dataset;zepeto_dataset;zoom_dataset;roblox_dataset;netflix_dataset;navernow_dataset;youtubeLive_dataset;meet_dataset;youtube_dataset;navernow_dataset;geforce_dataset;navernow_dataset;navernow_dataset;meet_dataset;youtube_dataset;zepeto_dataset;afreeca_dataset;roblox_dataset;battleground_dataset;geforce_dataset;youtube_dataset;battleground_dataset;gamebox_dataset;navernow_dataset;zepeto_dataset;youtubeLive_dataset;battleground_dataset;afreeca_dataset;meet_dataset;afreeca_dataset;geforce_dataset;zepeto_dataset;youtube_dataset;zepeto_dataset;youtubeLive_dataset;meet_dataset;zoom_dataset;zoom_dataset,HIGH,45,NO PRIORITY,0.75,0.75,92.84380718972398,18.07295568530219,15.591647517544002,2.811091750956353,88.44424514200298,0.2817788111015918,99.99195734203727
50,synthetic_scalability_scenario_derived_from_real_traffic,15,35,afreeca_dataset;amazon_dataset;battleground_dataset;gamebox_dataset;geforce_dataset;meet_dataset;navernow_dataset;netflix_dataset;roblox_dataset;teams_dataset;tft_dataset;youtubeLive_dataset;youtube_dataset;zepeto_dataset;zoom_dataset;roblox_dataset;netflix_dataset;navernow_dataset;youtubeLive_dataset;meet_dataset;youtube_dataset;navernow_dataset;geforce_dataset;navernow_dataset;navernow_dataset;meet_dataset;youtube_dataset;zepeto_dataset;afreeca_dataset;roblox_dataset;battleground_dataset;geforce_dataset;youtube_dataset;battleground_dataset;gamebox_dataset;navernow_dataset;zepeto_dataset;youtubeLive_dataset;battleground_dataset;afreeca_dataset;meet_dataset;afreeca_dataset;geforce_dataset;zepeto_dataset;youtube_dataset;zepeto_dataset;youtubeLive_dataset;meet_dataset;zoom_dataset;zoom_dataset,HIGH,45,SINGLE OBJECTIVE,0.75,0.75,91.47973078022167,139.38568610538164,16.826993145477235,9.177684990958316,50.92526158445441,0.26482336305958487,99.99897861245
50,synthetic_scalability_scenario_derived_from_real_traffic,15,35,afreeca_dataset;amazon_dataset;battleground_dataset;gamebox_dataset;geforce_dataset;meet_dataset;navernow_dataset;netflix_dataset;roblox_dataset;teams_dataset;tft_dataset;youtubeLive_dataset;youtube_dataset;zepeto_dataset;zoom_dataset;teams_dataset;battleground_dataset;youtubeLive_dataset;zepeto_dataset;gamebox_dataset;geforce_dataset;zepeto_dataset;geforce_dataset;zoom_dataset;gamebox_dataset;meet_dataset;teams_dataset;afreeca_dataset;battleground_dataset;geforce_dataset;zoom_dataset;teams_dataset;tft_dataset;youtube_dataset;zoom_dataset;youtube_dataset;netflix_dataset;battleground_dataset;teams_dataset;tft_dataset;youtubeLive_dataset;meet_dataset;battleground_dataset;gamebox_dataset;battleground_dataset;navernow_dataset;meet_dataset;youtubeLive_dataset;geforce_dataset;netflix_dataset,HIGH,46,FULL BLENDED MODEL,0.75,0.75,93.73010535852936,17.010399208023316,14.787202496552306,2.583825008745522,86.38953662182362,0.29576617778039827,99.99870928919941
50,synthetic_scalability_scenario_derived_from_real_traffic,15,35,afreeca_dataset;amazon_dataset;battleground_dataset;gamebox_dataset;geforce_dataset;meet_dataset;navernow_dataset;netflix_dataset;roblox_dataset;teams_dataset;tft_dataset;youtubeLive_dataset;youtube_dataset;zepeto_dataset;zoom_dataset;teams_dataset;battleground_dataset;youtubeLive_dataset;zepeto_dataset;gamebox_dataset;geforce_dataset;zepeto_dataset;geforce_dataset;zoom_dataset;gamebox_dataset;meet_dataset;teams_dataset;afreeca_dataset;battleground_dataset;geforce_dataset;zoom_dataset;teams_dataset;tft_dataset;youtube_dataset;zoom_dataset;youtube_dataset;netflix_dataset;battleground_dataset;teams_dataset;tft_dataset;youtubeLive_dataset;meet_dataset;battleground_dataset;gamebox_dataset;battleground_dataset;navernow_dataset;meet_dataset;youtubeLive_dataset;geforce_dataset;netflix_dataset,HIGH,46,PREDICTION ONLY,1.0,0.75,92.18862076497066,24.992332790790137,16.188386586766402,10.327590012285059,86.06517189835576,0.2961838059744646,99.99793311320698
50,synthetic_scalability_scenario_derived_from_real_traffic,15,35,afreeca_dataset;amazon_dataset;battleground_dataset;gamebox_dataset;geforce_dataset;meet_dataset;navernow_dataset;netflix_dataset;roblox_dataset;teams_dataset;tft_dataset;youtubeLive_dataset;youtube_dataset;zepeto_dataset;zoom_dataset;teams_dataset;battleground_dataset;youtubeLive_dataset;zepeto_dataset;gamebox_dataset;geforce_dataset;zepeto_dataset;geforce_dataset;zoom_dataset;gamebox_dataset;meet_dataset;teams_dataset;afreeca_dataset;battleground_dataset;geforce_dataset;zoom_dataset;teams_dataset;tft_dataset;youtube_dataset;zoom_dataset;youtube_dataset;netflix_dataset;battleground_dataset;teams_dataset;tft_dataset;youtubeLive_dataset;meet_dataset;battleground_dataset;gamebox_dataset;battleground_dataset;navernow_dataset;meet_dataset;youtubeLive_dataset;geforce_dataset;netflix_dataset,HIGH,46,NO PREDICTION,0.0,0.75,99.91621161779568,12.85044711085034,9.165799119748234,0.8379067847114765,91.51240657698057,0.2726800832630586,99.91621161779568
50,synthetic_scalability_scenario_derived_from_real_traffic,15,35,afreeca_dataset;amazon_dataset;battleground_dataset;gamebox_dataset;geforce_dataset;meet_dataset;navernow_dataset;netflix_dataset;roblox_dataset;teams_dataset;tft_dataset;youtubeLive_dataset;youtube_dataset;zepeto_dataset;zoom_dataset;teams_dataset;battleground_dataset;youtubeLive_dataset;zepeto_dataset;gamebox_dataset;geforce_dataset;zepeto_dataset;geforce_dataset;zoom_dataset;gamebox_dataset;meet_dataset;teams_dataset;afreeca_dataset;battleground_dataset;geforce_dataset;zoom_dataset;teams_dataset;tft_dataset;youtube_dataset;zoom_dataset;youtube_dataset;netflix_dataset;battleground_dataset;teams_dataset;tft_dataset;youtubeLive_dataset;meet_dataset;battleground_dataset;gamebox_dataset;battleground_dataset;navernow_dataset;meet_dataset;youtubeLive_dataset;geforce_dataset;netflix_dataset,HIGH,46,NO FAIRNESS,0.75,0.75,94.05162456677357,17.046406857530343,14.49491811091059,2.5624721238576647,86.52735426008968,0.2936560552643941,99.99867170218344
50,synthetic_scalability_scenario_derived_from_real_traffic,15,35,afreeca_dataset;amazon_dataset;battleground_dataset;gamebox_dataset;geforce_dataset;meet_dataset;navernow_dataset;netflix_dataset;roblox_dataset;teams_dataset;tft_dataset;youtubeLive_dataset;youtube_dataset;zepeto_dataset;zoom_dataset;teams_dataset;battleground_dataset;youtubeLive_dataset;zepeto_dataset;gamebox_dataset;geforce_dataset;zepeto_dataset;geforce_dataset;zoom_dataset;gamebox_dataset;meet_dataset;teams_dataset;afreeca_dataset;battleground_dataset;geforce_dataset;zoom_dataset;teams_dataset;tft_dataset;youtube_dataset;zoom_dataset;youtube_dataset;netflix_dataset;battleground_dataset;teams_dataset;tft_dataset;youtubeLive_dataset;meet_dataset;battleground_dataset;gamebox_dataset;battleground_dataset;navernow_dataset;meet_dataset;youtubeLive_dataset;geforce_dataset;netflix_dataset,HIGH,46,NO PRIORITY,0.75,0.75,96.4292664664008,17.801680931022496,12.334094373775047,2.452986784257216,87.42869955156951,0.2817765264648669,99.99730414380132
50,synthetic_scalability_scenario_derived_from_real_traffic,15,35,afreeca_dataset;amazon_dataset;battleground_dataset;gamebox_dataset;geforce_dataset;meet_dataset;navernow_dataset;netflix_dataset;roblox_dataset;teams_dataset;tft_dataset;youtubeLive_dataset;youtube_dataset;zepeto_dataset;zoom_dataset;teams_dataset;battleground_dataset;youtubeLive_dataset;zepeto_dataset;gamebox_dataset;geforce_dataset;zepeto_dataset;geforce_dataset;zoom_dataset;gamebox_dataset;meet_dataset;teams_dataset;afreeca_dataset;battleground_dataset;geforce_dataset;zoom_dataset;teams_dataset;tft_dataset;youtube_dataset;zoom_dataset;youtube_dataset;netflix_dataset;battleground_dataset;teams_dataset;tft_dataset;youtubeLive_dataset;meet_dataset;battleground_dataset;gamebox_dataset;battleground_dataset;navernow_dataset;meet_dataset;youtubeLive_dataset;geforce_dataset;netflix_dataset,HIGH,46,SINGLE OBJECTIVE,0.75,0.75,96.88342060348639,203.46475291418682,11.911966327918288,8.107467170715768,33.498056801195816,0.2621436063803919,100.0
50,synthetic_scalability_scenario_derived_from_real_traffic,15,35,afreeca_dataset;amazon_dataset;battleground_dataset;gamebox_dataset;geforce_dataset;meet_dataset;navernow_dataset;netflix_dataset;roblox_dataset;teams_dataset;tft_dataset;youtubeLive_dataset;youtube_dataset;zepeto_dataset;zoom_dataset;roblox_dataset;navernow_dataset;amazon_dataset;zepeto_dataset;youtube_dataset;geforce_dataset;battleground_dataset;tft_dataset;amazon_dataset;navernow_dataset;tft_dataset;youtubeLive_dataset;meet_dataset;netflix_dataset;roblox_dataset;youtubeLive_dataset;zepeto_dataset;meet_dataset;navernow_dataset;zepeto_dataset;amazon_dataset;youtubeLive_dataset;navernow_dataset;tft_dataset;geforce_dataset;roblox_dataset;zoom_dataset;battleground_dataset;teams_dataset;amazon_dataset;youtubeLive_dataset;navernow_dataset;youtube_dataset;zepeto_dataset;gamebox_dataset,SPIKE,42,FULL BLENDED MODEL,0.75,0.75,79.40071080342908,18.114470130994295,29.057902291733317,3.5006319588608785,88.51449925261585,0.3204770955794802,95.9283775626936
50,synthetic_scalability_scenario_derived_from_real_traffic,15,35,afreeca_dataset;amazon_dataset;battleground_dataset;gamebox_dataset;geforce_dataset;meet_dataset;navernow_dataset;netflix_dataset;roblox_dataset;teams_dataset;tft_dataset;youtubeLive_dataset;youtube_dataset;zepeto_dataset;zoom_dataset;roblox_dataset;navernow_dataset;amazon_dataset;zepeto_dataset;youtube_dataset;geforce_dataset;battleground_dataset;tft_dataset;amazon_dataset;navernow_dataset;tft_dataset;youtubeLive_dataset;meet_dataset;netflix_dataset;roblox_dataset;youtubeLive_dataset;zepeto_dataset;meet_dataset;navernow_dataset;zepeto_dataset;amazon_dataset;youtubeLive_dataset;navernow_dataset;tft_dataset;geforce_dataset;roblox_dataset;zoom_dataset;battleground_dataset;teams_dataset;amazon_dataset;youtubeLive_dataset;navernow_dataset;youtube_dataset;zepeto_dataset;gamebox_dataset,SPIKE,42,PREDICTION ONLY,1.0,0.75,74.83745930634726,34.70911427055823,33.13459293670821,14.372548926343821,86.92974588938715,0.31520487936632186,96.27922998436428
50,synthetic_scalability_scenario_derived_from_real_traffic,15,35,afreeca_dataset;amazon_dataset;battleground_dataset;gamebox_dataset;geforce_dataset;meet_dataset;navernow_dataset;netflix_dataset;roblox_dataset;teams_dataset;tft_dataset;youtubeLive_dataset;youtube_dataset;zepeto_dataset;zoom_dataset;roblox_dataset;navernow_dataset;amazon_dataset;zepeto_dataset;youtube_dataset;geforce_dataset;battleground_dataset;tft_dataset;amazon_dataset;navernow_dataset;tft_dataset;youtubeLive_dataset;meet_dataset;netflix_dataset;roblox_dataset;youtubeLive_dataset;zepeto_dataset;meet_dataset;navernow_dataset;zepeto_dataset;amazon_dataset;youtubeLive_dataset;navernow_dataset;tft_dataset;geforce_dataset;roblox_dataset;zoom_dataset;battleground_dataset;teams_dataset;amazon_dataset;youtubeLive_dataset;navernow_dataset;youtube_dataset;zepeto_dataset;gamebox_dataset,SPIKE,42,NO PREDICTION,0.0,0.75,89.96421695527029,11.717561067122311,19.622358113311925,0.7424968718986195,93.41136023916293,0.2748239131554353,89.96421695527032
50,synthetic_scalability_scenario_derived_from_real_traffic,15,35,afreeca_dataset;amazon_dataset;battleground_dataset;gamebox_dataset;geforce_dataset;meet_dataset;navernow_dataset;netflix_dataset;roblox_dataset;teams_dataset;tft_dataset;youtubeLive_dataset;youtube_dataset;zepeto_dataset;zoom_dataset;roblox_dataset;navernow_dataset;amazon_dataset;zepeto_dataset;youtube_dataset;geforce_dataset;battleground_dataset;tft_dataset;amazon_dataset;navernow_dataset;tft_dataset;youtubeLive_dataset;meet_dataset;netflix_dataset;roblox_dataset;youtubeLive_dataset;zepeto_dataset;meet_dataset;navernow_dataset;zepeto_dataset;amazon_dataset;youtubeLive_dataset;navernow_dataset;tft_dataset;geforce_dataset;roblox_dataset;zoom_dataset;battleground_dataset;teams_dataset;amazon_dataset;youtubeLive_dataset;navernow_dataset;youtube_dataset;zepeto_dataset;gamebox_dataset,SPIKE,42,NO FAIRNESS,0.75,0.75,79.93023138752109,18.219800290378426,28.584834210802022,3.4623063420769054,88.54080717488789,0.3158866325568306,95.91849884121574
50,synthetic_scalability_scenario_derived_from_real_traffic,15,35,afreeca_dataset;amazon_dataset;battleground_dataset;gamebox_dataset;geforce_dataset;meet_dataset;navernow_dataset;netflix_dataset;roblox_dataset;teams_dataset;tft_dataset;youtubeLive_dataset;youtube_dataset;zepeto_dataset;zoom_dataset;roblox_dataset;navernow_dataset;amazon_dataset;zepeto_dataset;youtube_dataset;geforce_dataset;battleground_dataset;tft_dataset;amazon_dataset;navernow_dataset;tft_dataset;youtubeLive_dataset;meet_dataset;netflix_dataset;roblox_dataset;youtubeLive_dataset;zepeto_dataset;meet_dataset;navernow_dataset;zepeto_dataset;amazon_dataset;youtubeLive_dataset;navernow_dataset;tft_dataset;geforce_dataset;roblox_dataset;zoom_dataset;battleground_dataset;teams_dataset;amazon_dataset;youtubeLive_dataset;navernow_dataset;youtube_dataset;zepeto_dataset;gamebox_dataset,SPIKE,42,NO PRIORITY,0.75,0.75,83.03664310189261,19.65759385948377,25.80938762307859,3.493991274413815,88.41106128550075,0.29647021523124867,95.89798175941131
50,synthetic_scalability_scenario_derived_from_real_traffic,15,35,afreeca_dataset;amazon_dataset;battleground_dataset;gamebox_dataset;geforce_dataset;meet_dataset;navernow_dataset;netflix_dataset;roblox_dataset;teams_dataset;tft_dataset;youtubeLive_dataset;youtube_dataset;zepeto_dataset;zoom_dataset;roblox_dataset;navernow_dataset;amazon_dataset;zepeto_dataset;youtube_dataset;geforce_dataset;battleground_dataset;tft_dataset;amazon_dataset;navernow_dataset;tft_dataset;youtubeLive_dataset;meet_dataset;netflix_dataset;roblox_dataset;youtubeLive_dataset;zepeto_dataset;meet_dataset;navernow_dataset;zepeto_dataset;amazon_dataset;youtubeLive_dataset;navernow_dataset;tft_dataset;geforce_dataset;roblox_dataset;zoom_dataset;battleground_dataset;teams_dataset;amazon_dataset;youtubeLive_dataset;navernow_dataset;youtube_dataset;zepeto_dataset;gamebox_dataset,SPIKE,42,SINGLE OBJECTIVE,0.75,0.75,81.60189175888203,117.13880005411528,27.082111660241367,7.686928390569753,62.676532137518684,0.2697825647398743,96.05946014530652
50,synthetic_scalability_scenario_derived_from_real_traffic,15,35,afreeca_dataset;amazon_dataset;battleground_dataset;gamebox_dataset;geforce_dataset;meet_dataset;navernow_dataset;netflix_dataset;roblox_dataset;teams_dataset;tft_dataset;youtubeLive_dataset;youtube_dataset;zepeto_dataset;zoom_dataset;zepeto_dataset;navernow_dataset;navernow_dataset;roblox_dataset;afreeca_dataset;meet_dataset;netflix_dataset;youtube_dataset;zoom_dataset;tft_dataset;zepeto_dataset;afreeca_dataset;roblox_dataset;youtube_dataset;amazon_dataset;amazon_dataset;youtube_dataset;tft_dataset;teams_dataset;tft_dataset;battleground_dataset;teams_dataset;netflix_dataset;youtubeLive_dataset;afreeca_dataset;roblox_dataset;geforce_dataset;geforce_dataset;tft_dataset;netflix_dataset;tft_dataset;youtube_dataset;geforce_dataset;amazon_dataset;gamebox_dataset,SPIKE,43,FULL BLENDED MODEL,0.75,0.75,83.36459820315196,16.516263904454075,25.606189936883943,2.972650259933062,90.08251121076233,0.29730464066488427,93.98664127197783
50,synthetic_scalability_scenario_derived_from_real_traffic,15,35,afreeca_dataset;amazon_dataset;battleground_dataset;gamebox_dataset;geforce_dataset;meet_dataset;navernow_dataset;netflix_dataset;roblox_dataset;teams_dataset;tft_dataset;youtubeLive_dataset;youtube_dataset;zepeto_dataset;zoom_dataset;zepeto_dataset;navernow_dataset;navernow_dataset;roblox_dataset;afreeca_dataset;meet_dataset;netflix_dataset;youtube_dataset;zoom_dataset;tft_dataset;zepeto_dataset;afreeca_dataset;roblox_dataset;youtube_dataset;amazon_dataset;amazon_dataset;youtube_dataset;tft_dataset;teams_dataset;tft_dataset;battleground_dataset;teams_dataset;netflix_dataset;youtubeLive_dataset;afreeca_dataset;roblox_dataset;geforce_dataset;geforce_dataset;tft_dataset;netflix_dataset;tft_dataset;youtube_dataset;geforce_dataset;amazon_dataset;gamebox_dataset,SPIKE,43,PREDICTION ONLY,1.0,0.75,80.83955616502568,27.193365267949314,27.859334556132538,11.548290090236494,88.81255605381166,0.2953392356221334,94.54234602162454
50,synthetic_scalability_scenario_derived_from_real_traffic,15,35,afreeca_dataset;amazon_dataset;battleground_dataset;gamebox_dataset;geforce_dataset;meet_dataset;navernow_dataset;netflix_dataset;roblox_dataset;teams_dataset;tft_dataset;youtubeLive_dataset;youtube_dataset;zepeto_dataset;zoom_dataset;zepeto_dataset;navernow_dataset;navernow_dataset;roblox_dataset;afreeca_dataset;meet_dataset;netflix_dataset;youtube_dataset;zoom_dataset;tft_dataset;zepeto_dataset;afreeca_dataset;roblox_dataset;youtube_dataset;amazon_dataset;amazon_dataset;youtube_dataset;tft_dataset;teams_dataset;tft_dataset;battleground_dataset;teams_dataset;netflix_dataset;youtubeLive_dataset;afreeca_dataset;roblox_dataset;geforce_dataset;geforce_dataset;tft_dataset;netflix_dataset;tft_dataset;youtube_dataset;geforce_dataset;amazon_dataset;gamebox_dataset,SPIKE,43,NO PREDICTION,0.0,0.75,89.83139363910458,11.645564940650956,19.83610808971861,0.535183239009723,93.30463378176383,0.2650243624307012,89.83139363910458
50,synthetic_scalability_scenario_derived_from_real_traffic,15,35,afreeca_dataset;amazon_dataset;battleground_dataset;gamebox_dataset;geforce_dataset;meet_dataset;navernow_dataset;netflix_dataset;roblox_dataset;teams_dataset;tft_dataset;youtubeLive_dataset;youtube_dataset;zepeto_dataset;zoom_dataset;zepeto_dataset;navernow_dataset;navernow_dataset;roblox_dataset;afreeca_dataset;meet_dataset;netflix_dataset;youtube_dataset;zoom_dataset;tft_dataset;zepeto_dataset;afreeca_dataset;roblox_dataset;youtube_dataset;amazon_dataset;amazon_dataset;youtube_dataset;tft_dataset;teams_dataset;tft_dataset;battleground_dataset;teams_dataset;netflix_dataset;youtubeLive_dataset;afreeca_dataset;roblox_dataset;geforce_dataset;geforce_dataset;tft_dataset;netflix_dataset;tft_dataset;youtube_dataset;geforce_dataset;amazon_dataset;gamebox_dataset,SPIKE,43,NO FAIRNESS,0.75,0.75,83.73723774577132,16.601910784328812,25.273645405122526,2.9468002518314718,90.09387144992526,0.2941247605399744,93.98331344897497
50,synthetic_scalability_scenario_derived_from_real_traffic,15,35,afreeca_dataset;amazon_dataset;battleground_dataset;gamebox_dataset;geforce_dataset;meet_dataset;navernow_dataset;netflix_dataset;roblox_dataset;teams_dataset;tft_dataset;youtubeLive_dataset;youtube_dataset;zepeto_dataset;zoom_dataset;zepeto_dataset;navernow_dataset;navernow_dataset;roblox_dataset;afreeca_dataset;meet_dataset;netflix_dataset;youtube_dataset;zoom_dataset;tft_dataset;zepeto_dataset;afreeca_dataset;roblox_dataset;youtube_dataset;amazon_dataset;amazon_dataset;youtube_dataset;tft_dataset;teams_dataset;tft_dataset;battleground_dataset;teams_dataset;netflix_dataset;youtubeLive_dataset;afreeca_dataset;roblox_dataset;geforce_dataset;geforce_dataset;tft_dataset;netflix_dataset;tft_dataset;youtube_dataset;geforce_dataset;amazon_dataset;gamebox_dataset,SPIKE,43,NO PRIORITY,0.75,0.75,85.82743017224307,17.676834934062228,23.407704274917037,2.9780999141992393,89.97010463378176,0.28129011692639366,93.98021771317998
50,synthetic_scalability_scenario_derived_from_real_traffic,15,35,afreeca_dataset;amazon_dataset;battleground_dataset;gamebox_dataset;geforce_dataset;meet_dataset;navernow_dataset;netflix_dataset;roblox_dataset;teams_dataset;tft_dataset;youtubeLive_dataset;youtube_dataset;zepeto_dataset;zoom_dataset;zepeto_dataset;navernow_dataset;navernow_dataset;roblox_dataset;afreeca_dataset;meet_dataset;netflix_dataset;youtube_dataset;zoom_dataset;tft_dataset;zepeto_dataset;afreeca_dataset;roblox_dataset;youtube_dataset;amazon_dataset;amazon_dataset;youtube_dataset;tft_dataset;teams_dataset;tft_dataset;battleground_dataset;teams_dataset;netflix_dataset;youtubeLive_dataset;afreeca_dataset;roblox_dataset;geforce_dataset;geforce_dataset;tft_dataset;netflix_dataset;tft_dataset;youtube_dataset;geforce_dataset;amazon_dataset;gamebox_dataset,SPIKE,43,SINGLE OBJECTIVE,0.75,0.75,85.59196601783457,120.55794165113025,23.60835239168332,6.415915939196186,60.874439461883405,0.2492238889957785,94.02163025655321
50,synthetic_scalability_scenario_derived_from_real_traffic,15,35,afreeca_dataset;amazon_dataset;battleground_dataset;gamebox_dataset;geforce_dataset;meet_dataset;navernow_dataset;netflix_dataset;roblox_dataset;teams_dataset;tft_dataset;youtubeLive_dataset;youtube_dataset;zepeto_dataset;zoom_dataset;roblox_dataset;navernow_dataset;roblox_dataset;amazon_dataset;roblox_dataset;youtube_dataset;zoom_dataset;youtubeLive_dataset;teams_dataset;tft_dataset;zoom_dataset;gamebox_dataset;youtube_dataset;zoom_dataset;tft_dataset;geforce_dataset;teams_dataset;meet_dataset;meet_dataset;roblox_dataset;youtube_dataset;battleground_dataset;navernow_dataset;roblox_dataset;youtube_dataset;roblox_dataset;geforce_dataset;youtubeLive_dataset;roblox_dataset;afreeca_dataset;geforce_dataset;zepeto_dataset;battleground_dataset;roblox_dataset;netflix_dataset,SPIKE,44,FULL BLENDED MODEL,0.75,0.75,83.95869119038205,15.424909206939729,24.848313701922137,2.7169672510620853,90.54499252615845,0.2514630791595825,93.97600452248906
50,synthetic_scalability_scenario_derived_from_real_traffic,15,35,afreeca_dataset;amazon_dataset;battleground_dataset;gamebox_dataset;geforce_dataset;meet_dataset;navernow_dataset;netflix_dataset;roblox_dataset;teams_dataset;tft_dataset;youtubeLive_dataset;youtube_dataset;zepeto_dataset;zoom_dataset;roblox_dataset;navernow_dataset;roblox_dataset;amazon_dataset;roblox_dataset;youtube_dataset;zoom_dataset;youtubeLive_dataset;teams_dataset;tft_dataset;zoom_dataset;gamebox_dataset;youtube_dataset;zoom_dataset;tft_dataset;geforce_dataset;teams_dataset;meet_dataset;meet_dataset;roblox_dataset;youtube_dataset;battleground_dataset;navernow_dataset;roblox_dataset;youtube_dataset;roblox_dataset;geforce_dataset;youtubeLive_dataset;roblox_dataset;afreeca_dataset;geforce_dataset;zepeto_dataset;battleground_dataset;roblox_dataset;netflix_dataset,SPIKE,44,PREDICTION ONLY,1.0,0.75,81.5733795345379,24.50743304011203,26.983291504390973,10.60714211148193,89.71509715994021,0.24924449159908327,94.47486089831412
50,synthetic_scalability_scenario_derived_from_real_traffic,15,35,afreeca_dataset;amazon_dataset;battleground_dataset;gamebox_dataset;geforce_dataset;meet_dataset;navernow_dataset;netflix_dataset;roblox_dataset;teams_dataset;tft_dataset;youtubeLive_dataset;youtube_dataset;zepeto_dataset;zoom_dataset;roblox_dataset;navernow_dataset;roblox_dataset;amazon_dataset;roblox_dataset;youtube_dataset;zoom_dataset;youtubeLive_dataset;teams_dataset;tft_dataset;zoom_dataset;gamebox_dataset;youtube_dataset;zoom_dataset;tft_dataset;geforce_dataset;teams_dataset;meet_dataset;meet_dataset;roblox_dataset;youtube_dataset;battleground_dataset;navernow_dataset;roblox_dataset;youtube_dataset;roblox_dataset;geforce_dataset;youtubeLive_dataset;roblox_dataset;afreeca_dataset;geforce_dataset;zepeto_dataset;battleground_dataset;roblox_dataset;netflix_dataset,SPIKE,44,NO PREDICTION,0.0,0.75,90.29387218501965,11.421430920315345,19.178543815235187,0.45508069471558515,93.41554559043348,0.22749802356255197,90.29387218501957
50,synthetic_scalability_scenario_derived_from_real_traffic,15,35,afreeca_dataset;amazon_dataset;battleground_dataset;gamebox_dataset;geforce_dataset;meet_dataset;navernow_dataset;netflix_dataset;roblox_dataset;teams_dataset;tft_dataset;youtubeLive_dataset;youtube_dataset;zepeto_dataset;zoom_dataset;roblox_dataset;navernow_dataset;roblox_dataset;amazon_dataset;roblox_dataset;youtube_dataset;zoom_dataset;youtubeLive_dataset;teams_dataset;tft_dataset;zoom_dataset;gamebox_dataset;youtube_dataset;zoom_dataset;tft_dataset;geforce_dataset;teams_dataset;meet_dataset;meet_dataset;roblox_dataset;youtube_dataset;battleground_dataset;navernow_dataset;roblox_dataset;youtube_dataset;roblox_dataset;geforce_dataset;youtubeLive_dataset;roblox_dataset;afreeca_dataset;geforce_dataset;zepeto_dataset;battleground_dataset;roblox_dataset;netflix_dataset,SPIKE,44,NO FAIRNESS,0.75,0.75,84.22434244042879,15.470760160311912,24.610537678303942,2.707563802068764,90.54708520179372,0.24970486209369092,93.97455227677983
50,synthetic_scalability_scenario_derived_from_real_traffic,15,35,afreeca_dataset;amazon_dataset;battleground_dataset;gamebox_dataset;geforce_dataset;meet_dataset;navernow_dataset;netflix_dataset;roblox_dataset;teams_dataset;tft_dataset;youtubeLive_dataset;youtube_dataset;zepeto_dataset;zoom_dataset;roblox_dataset;navernow_dataset;roblox_dataset;amazon_dataset;roblox_dataset;youtube_dataset;zoom_dataset;youtubeLive_dataset;teams_dataset;tft_dataset;zoom_dataset;gamebox_dataset;youtube_dataset;zoom_dataset;tft_dataset;geforce_dataset;teams_dataset;meet_dataset;meet_dataset;roblox_dataset;youtube_dataset;battleground_dataset;navernow_dataset;roblox_dataset;youtube_dataset;roblox_dataset;geforce_dataset;youtubeLive_dataset;roblox_dataset;afreeca_dataset;geforce_dataset;zepeto_dataset;battleground_dataset;roblox_dataset;netflix_dataset,SPIKE,44,NO PRIORITY,0.75,0.75,86.14827600620129,16.25902640012287,22.888065443356492,2.7425113761610587,90.52496263079223,0.24045024930877518,93.97241916147053
50,synthetic_scalability_scenario_derived_from_real_traffic,15,35,afreeca_dataset;amazon_dataset;battleground_dataset;gamebox_dataset;geforce_dataset;meet_dataset;navernow_dataset;netflix_dataset;roblox_dataset;teams_dataset;tft_dataset;youtubeLive_dataset;youtube_dataset;zepeto_dataset;zoom_dataset;roblox_dataset;navernow_dataset;roblox_dataset;amazon_dataset;roblox_dataset;youtube_dataset;zoom_dataset;youtubeLive_dataset;teams_dataset;tft_dataset;zoom_dataset;gamebox_dataset;youtube_dataset;zoom_dataset;tft_dataset;geforce_dataset;teams_dataset;meet_dataset;meet_dataset;roblox_dataset;youtube_dataset;battleground_dataset;navernow_dataset;roblox_dataset;youtube_dataset;roblox_dataset;geforce_dataset;youtubeLive_dataset;roblox_dataset;afreeca_dataset;geforce_dataset;zepeto_dataset;battleground_dataset;roblox_dataset;netflix_dataset,SPIKE,44,SINGLE OBJECTIVE,0.75,0.75,85.63697933664244,131.96969622488584,23.33551629984472,5.958368263855351,60.32137518684604,0.22030026658352347,93.99456659505462
50,synthetic_scalability_scenario_derived_from_real_traffic,15,35,afreeca_dataset;amazon_dataset;battleground_dataset;gamebox_dataset;geforce_dataset;meet_dataset;navernow_dataset;netflix_dataset;roblox_dataset;teams_dataset;tft_dataset;youtubeLive_dataset;youtube_dataset;zepeto_dataset;zoom_dataset;roblox_dataset;netflix_dataset;navernow_dataset;youtubeLive_dataset;meet_dataset;youtube_dataset;navernow_dataset;geforce_dataset;navernow_dataset;navernow_dataset;meet_dataset;youtube_dataset;zepeto_dataset;afreeca_dataset;roblox_dataset;battleground_dataset;geforce_dataset;youtube_dataset;battleground_dataset;gamebox_dataset;navernow_dataset;zepeto_dataset;youtubeLive_dataset;battleground_dataset;afreeca_dataset;meet_dataset;afreeca_dataset;geforce_dataset;zepeto_dataset;youtube_dataset;zepeto_dataset;youtubeLive_dataset;meet_dataset;zoom_dataset;zoom_dataset,SPIKE,45,FULL BLENDED MODEL,0.75,0.75,82.58407711759877,16.715627270486163,26.017173605907885,2.9804638778986865,88.91330343796712,0.3193645897571419,95.20516832426812
50,synthetic_scalability_scenario_derived_from_real_traffic,15,35,afreeca_dataset;amazon_dataset;battleground_dataset;gamebox_dataset;geforce_dataset;meet_dataset;navernow_dataset;netflix_dataset;roblox_dataset;teams_dataset;tft_dataset;youtubeLive_dataset;youtube_dataset;zepeto_dataset;zoom_dataset;roblox_dataset;netflix_dataset;navernow_dataset;youtubeLive_dataset;meet_dataset;youtube_dataset;navernow_dataset;geforce_dataset;navernow_dataset;navernow_dataset;meet_dataset;youtube_dataset;zepeto_dataset;afreeca_dataset;roblox_dataset;battleground_dataset;geforce_dataset;youtube_dataset;battleground_dataset;gamebox_dataset;navernow_dataset;zepeto_dataset;youtubeLive_dataset;battleground_dataset;afreeca_dataset;meet_dataset;afreeca_dataset;geforce_dataset;zepeto_dataset;youtube_dataset;zepeto_dataset;youtubeLive_dataset;meet_dataset;zoom_dataset;zoom_dataset,SPIKE,45,PREDICTION ONLY,1.0,0.75,79.07292156802751,29.009337565387533,29.162281644267463,12.36629964293967,88.1423019431988,0.31432816252481094,95.48611585867516
50,synthetic_scalability_scenario_derived_from_real_traffic,15,35,afreeca_dataset;amazon_dataset;battleground_dataset;gamebox_dataset;geforce_dataset;meet_dataset;navernow_dataset;netflix_dataset;roblox_dataset;teams_dataset;tft_dataset;youtubeLive_dataset;youtube_dataset;zepeto_dataset;zoom_dataset;roblox_dataset;netflix_dataset;navernow_dataset;youtubeLive_dataset;meet_dataset;youtube_dataset;navernow_dataset;geforce_dataset;navernow_dataset;navernow_dataset;meet_dataset;youtube_dataset;zepeto_dataset;afreeca_dataset;roblox_dataset;battleground_dataset;geforce_dataset;youtube_dataset;battleground_dataset;gamebox_dataset;navernow_dataset;zepeto_dataset;youtubeLive_dataset;battleground_dataset;afreeca_dataset;meet_dataset;afreeca_dataset;geforce_dataset;zepeto_dataset;youtube_dataset;zepeto_dataset;youtubeLive_dataset;meet_dataset;zoom_dataset;zoom_dataset,SPIKE,45,NO PREDICTION,0.0,0.75,90.41339734674618,12.083365558016666,19.004123970458256,0.7384591339215801,92.55067264573991,0.28836082593249807,90.41339734674607
50,synthetic_scalability_scenario_derived_from_real_traffic,15,35,afreeca_dataset;amazon_dataset;battleground_dataset;gamebox_dataset;geforce_dataset;meet_dataset;navernow_dataset;netflix_dataset;roblox_dataset;teams_dataset;tft_dataset;youtubeLive_dataset;youtube_dataset;zepeto_dataset;zoom_dataset;roblox_dataset;netflix_dataset;navernow_dataset;youtubeLive_dataset;meet_dataset;youtube_dataset;navernow_dataset;geforce_dataset;navernow_dataset;navernow_dataset;meet_dataset;youtube_dataset;zepeto_dataset;afreeca_dataset;roblox_dataset;battleground_dataset;geforce_dataset;youtube_dataset;battleground_dataset;gamebox_dataset;navernow_dataset;zepeto_dataset;youtubeLive_dataset;battleground_dataset;afreeca_dataset;meet_dataset;afreeca_dataset;geforce_dataset;zepeto_dataset;youtube_dataset;zepeto_dataset;youtubeLive_dataset;meet_dataset;zoom_dataset;zoom_dataset,SPIKE,45,NO FAIRNESS,0.75,0.75,82.95745352237671,16.804931512485613,25.68261208030513,2.95854636629386,88.92137518684603,0.3163907391048924,95.20348952835015
50,synthetic_scalability_scenario_derived_from_real_traffic,15,35,afreeca_dataset;amazon_dataset;battleground_dataset;gamebox_dataset;geforce_dataset;meet_dataset;navernow_dataset;netflix_dataset;roblox_dataset;teams_dataset;tft_dataset;youtubeLive_dataset;youtube_dataset;zepeto_dataset;zoom_dataset;roblox_dataset;netflix_dataset;navernow_dataset;youtubeLive_dataset;meet_dataset;youtube_dataset;navernow_dataset;geforce_dataset;navernow_dataset;navernow_dataset;meet_dataset;youtube_dataset;zepeto_dataset;afreeca_dataset;roblox_dataset;battleground_dataset;geforce_dataset;youtube_dataset;battleground_dataset;gamebox_dataset;navernow_dataset;zepeto_dataset;youtubeLive_dataset;battleground_dataset;afreeca_dataset;meet_dataset;afreeca_dataset;geforce_dataset;zepeto_dataset;youtube_dataset;zepeto_dataset;youtubeLive_dataset;meet_dataset;zoom_dataset;zoom_dataset,SPIKE,45,NO PRIORITY,0.75,0.75,85.28358372973776,17.929375826651185,23.59860963335635,3.063731690967895,88.73512705530642,0.30288072204007016,95.19833575281875
50,synthetic_scalability_scenario_derived_from_real_traffic,15,35,afreeca_dataset;amazon_dataset;battleground_dataset;gamebox_dataset;geforce_dataset;meet_dataset;navernow_dataset;netflix_dataset;roblox_dataset;teams_dataset;tft_dataset;youtubeLive_dataset;youtube_dataset;zepeto_dataset;zoom_dataset;roblox_dataset;netflix_dataset;navernow_dataset;youtubeLive_dataset;meet_dataset;youtube_dataset;navernow_dataset;geforce_dataset;navernow_dataset;navernow_dataset;meet_dataset;youtube_dataset;zepeto_dataset;afreeca_dataset;roblox_dataset;battleground_dataset;geforce_dataset;youtube_dataset;battleground_dataset;gamebox_dataset;navernow_dataset;zepeto_dataset;youtubeLive_dataset;battleground_dataset;afreeca_dataset;meet_dataset;afreeca_dataset;geforce_dataset;zepeto_dataset;youtube_dataset;zepeto_dataset;youtubeLive_dataset;meet_dataset;zoom_dataset;zoom_dataset,SPIKE,45,SINGLE OBJECTIVE,0.75,0.75,83.85685196190113,101.19035626106646,24.86844800572895,6.639176659967196,65.25381165919282,0.2787740645870709,95.25604927879951
50,synthetic_scalability_scenario_derived_from_real_traffic,15,35,afreeca_dataset;amazon_dataset;battleground_dataset;gamebox_dataset;geforce_dataset;meet_dataset;navernow_dataset;netflix_dataset;roblox_dataset;teams_dataset;tft_dataset;youtubeLive_dataset;youtube_dataset;zepeto_dataset;zoom_dataset;teams_dataset;battleground_dataset;youtubeLive_dataset;zepeto_dataset;gamebox_dataset;geforce_dataset;zepeto_dataset;geforce_dataset;zoom_dataset;gamebox_dataset;meet_dataset;teams_dataset;afreeca_dataset;battleground_dataset;geforce_dataset;zoom_dataset;teams_dataset;tft_dataset;youtube_dataset;zoom_dataset;youtube_dataset;netflix_dataset;battleground_dataset;teams_dataset;tft_dataset;youtubeLive_dataset;meet_dataset;battleground_dataset;gamebox_dataset;battleground_dataset;navernow_dataset;meet_dataset;youtubeLive_dataset;geforce_dataset;netflix_dataset,SPIKE,46,FULL BLENDED MODEL,0.75,0.75,85.98902226785037,16.014657877931615,23.259988375763644,2.6290403376389637,88.44633781763827,0.3052375896381021,92.84422536403865
50,synthetic_scalability_scenario_derived_from_real_traffic,15,35,afreeca_dataset;amazon_dataset;battleground_dataset;gamebox_dataset;geforce_dataset;meet_dataset;navernow_dataset;netflix_dataset;roblox_dataset;teams_dataset;tft_dataset;youtubeLive_dataset;youtube_dataset;zepeto_dataset;zoom_dataset;teams_dataset;battleground_dataset;youtubeLive_dataset;zepeto_dataset;gamebox_dataset;geforce_dataset;zepeto_dataset;geforce_dataset;zoom_dataset;gamebox_dataset;meet_dataset;teams_dataset;afreeca_dataset;battleground_dataset;geforce_dataset;zoom_dataset;teams_dataset;tft_dataset;youtube_dataset;zoom_dataset;youtube_dataset;netflix_dataset;battleground_dataset;teams_dataset;tft_dataset;youtubeLive_dataset;meet_dataset;battleground_dataset;gamebox_dataset;battleground_dataset;navernow_dataset;meet_dataset;youtubeLive_dataset;geforce_dataset;netflix_dataset,SPIKE,46,PREDICTION ONLY,1.0,0.75,84.59220748244731,24.020281474760914,24.506194053437824,10.407536426392399,87.73213751868461,0.30604790017235234,93.4073293475816
50,synthetic_scalability_scenario_derived_from_real_traffic,15,35,afreeca_dataset;amazon_dataset;battleground_dataset;gamebox_dataset;geforce_dataset;meet_dataset;navernow_dataset;netflix_dataset;roblox_dataset;teams_dataset;tft_dataset;youtubeLive_dataset;youtube_dataset;zepeto_dataset;zoom_dataset;teams_dataset;battleground_dataset;youtubeLive_dataset;zepeto_dataset;gamebox_dataset;geforce_dataset;zepeto_dataset;geforce_dataset;zoom_dataset;gamebox_dataset;meet_dataset;teams_dataset;afreeca_dataset;battleground_dataset;geforce_dataset;zoom_dataset;teams_dataset;tft_dataset;youtube_dataset;zoom_dataset;youtube_dataset;netflix_dataset;battleground_dataset;teams_dataset;tft_dataset;youtubeLive_dataset;meet_dataset;battleground_dataset;gamebox_dataset;battleground_dataset;navernow_dataset;meet_dataset;youtubeLive_dataset;geforce_dataset;netflix_dataset,SPIKE,46,NO PREDICTION,0.0,0.75,89.91536437482911,12.417529170577952,19.757342347178106,0.44143889752119714,90.79431988041854,0.28301333991285255,89.91536437482911
50,synthetic_scalability_scenario_derived_from_real_traffic,15,35,afreeca_dataset;amazon_dataset;battleground_dataset;gamebox_dataset;geforce_dataset;meet_dataset;navernow_dataset;netflix_dataset;roblox_dataset;teams_dataset;tft_dataset;youtubeLive_dataset;youtube_dataset;zepeto_dataset;zoom_dataset;teams_dataset;battleground_dataset;youtubeLive_dataset;zepeto_dataset;gamebox_dataset;geforce_dataset;zepeto_dataset;geforce_dataset;zoom_dataset;gamebox_dataset;meet_dataset;teams_dataset;afreeca_dataset;battleground_dataset;geforce_dataset;zoom_dataset;teams_dataset;tft_dataset;youtube_dataset;zoom_dataset;youtube_dataset;netflix_dataset;battleground_dataset;teams_dataset;tft_dataset;youtubeLive_dataset;meet_dataset;battleground_dataset;gamebox_dataset;battleground_dataset;navernow_dataset;meet_dataset;youtubeLive_dataset;geforce_dataset;netflix_dataset,SPIKE,46,NO FAIRNESS,0.75,0.75,86.33539691700383,16.119489948186903,22.95078030732664,2.5846338059251424,88.46666666666667,0.3026185812632498,92.84293993129667
50,synthetic_scalability_scenario_derived_from_real_traffic,15,35,afreeca_dataset;amazon_dataset;battleground_dataset;gamebox_dataset;geforce_dataset;meet_dataset;navernow_dataset;netflix_dataset;roblox_dataset;teams_dataset;tft_dataset;youtubeLive_dataset;youtube_dataset;zepeto_dataset;zoom_dataset;teams_dataset;battleground_dataset;youtubeLive_dataset;zepeto_dataset;gamebox_dataset;geforce_dataset;zepeto_dataset;geforce_dataset;zoom_dataset;gamebox_dataset;meet_dataset;teams_dataset;afreeca_dataset;battleground_dataset;geforce_dataset;zoom_dataset;teams_dataset;tft_dataset;youtube_dataset;zoom_dataset;youtube_dataset;netflix_dataset;battleground_dataset;teams_dataset;tft_dataset;youtubeLive_dataset;meet_dataset;battleground_dataset;gamebox_dataset;battleground_dataset;navernow_dataset;meet_dataset;youtubeLive_dataset;geforce_dataset;netflix_dataset,SPIKE,46,NO PRIORITY,0.75,0.75,87.70277625549267,17.01441501056888,21.73051340732163,2.56853008366493,88.33004484304932,0.29461144263680905,92.84348998335604
50,synthetic_scalability_scenario_derived_from_real_traffic,15,35,afreeca_dataset;amazon_dataset;battleground_dataset;gamebox_dataset;geforce_dataset;meet_dataset;navernow_dataset;netflix_dataset;roblox_dataset;teams_dataset;tft_dataset;youtubeLive_dataset;youtube_dataset;zepeto_dataset;zoom_dataset;teams_dataset;battleground_dataset;youtubeLive_dataset;zepeto_dataset;gamebox_dataset;geforce_dataset;zepeto_dataset;geforce_dataset;zoom_dataset;gamebox_dataset;meet_dataset;teams_dataset;afreeca_dataset;battleground_dataset;geforce_dataset;zoom_dataset;teams_dataset;tft_dataset;youtube_dataset;zoom_dataset;youtube_dataset;netflix_dataset;battleground_dataset;teams_dataset;tft_dataset;youtubeLive_dataset;meet_dataset;battleground_dataset;gamebox_dataset;battleground_dataset;navernow_dataset;meet_dataset;youtubeLive_dataset;geforce_dataset;netflix_dataset,SPIKE,46,SINGLE OBJECTIVE,0.75,0.75,87.81539108379553,124.97803868193638,21.61884846043342,5.632583365688823,60.3270553064275,0.269807482156719,92.8491948108501
100,synthetic_scalability_scenario_derived_from_real_traffic,15,85,afreeca_dataset;amazon_dataset;battleground_dataset;gamebox_dataset;geforce_dataset;meet_dataset;navernow_dataset;netflix_dataset;roblox_dataset;teams_dataset;tft_dataset;youtubeLive_dataset;youtube_dataset;zepeto_dataset;zoom_dataset;roblox_dataset;navernow_dataset;amazon_dataset;zepeto_dataset;youtube_dataset;geforce_dataset;battleground_dataset;tft_dataset;amazon_dataset;navernow_dataset;tft_dataset;youtubeLive_dataset;meet_dataset;netflix_dataset;roblox_dataset;youtubeLive_dataset;zepeto_dataset;meet_dataset;navernow_dataset;zepeto_dataset;amazon_dataset;youtubeLive_dataset;navernow_dataset;tft_dataset;geforce_dataset;roblox_dataset;zoom_dataset;battleground_dataset;teams_dataset;amazon_dataset;youtubeLive_dataset;navernow_dataset;youtube_dataset;zepeto_dataset;gamebox_dataset;teams_dataset;youtube_dataset;youtube_dataset;youtubeLive_dataset;youtubeLive_dataset;netflix_dataset;geforce_dataset;roblox_dataset;netflix_dataset;afreeca_dataset;gamebox_dataset;navernow_dataset;teams_dataset;youtube_dataset;amazon_dataset;roblox_dataset;roblox_dataset;amazon_dataset;youtubeLive_dataset;teams_dataset;meet_dataset;zoom_dataset;geforce_dataset;zoom_dataset;afreeca_dataset;youtube_dataset;youtube_dataset;zepeto_dataset;navernow_dataset;amazon_dataset;netflix_dataset;zoom_dataset;navernow_dataset;navernow_dataset;geforce_dataset;meet_dataset;amazon_dataset;youtubeLive_dataset;tft_dataset;tft_dataset;zepeto_dataset;zoom_dataset;netflix_dataset;netflix_dataset;battleground_dataset;gamebox_dataset;tft_dataset;teams_dataset;zoom_dataset;meet_dataset,LOW,42,FULL BLENDED MODEL,0.75,0.75,43.7323927722534,17.305333267967253,2.812683394973451,2.8749916789190544,95.30149476831092,0.28392849159426975,53.518225466748085
100,synthetic_scalability_scenario_derived_from_real_traffic,15,85,afreeca_dataset;amazon_dataset;battleground_dataset;gamebox_dataset;geforce_dataset;meet_dataset;navernow_dataset;netflix_dataset;roblox_dataset;teams_dataset;tft_dataset;youtubeLive_dataset;youtube_dataset;zepeto_dataset;zoom_dataset;roblox_dataset;navernow_dataset;amazon_dataset;zepeto_dataset;youtube_dataset;geforce_dataset;battleground_dataset;tft_dataset;amazon_dataset;navernow_dataset;tft_dataset;youtubeLive_dataset;meet_dataset;netflix_dataset;roblox_dataset;youtubeLive_dataset;zepeto_dataset;meet_dataset;navernow_dataset;zepeto_dataset;amazon_dataset;youtubeLive_dataset;navernow_dataset;tft_dataset;geforce_dataset;roblox_dataset;zoom_dataset;battleground_dataset;teams_dataset;amazon_dataset;youtubeLive_dataset;navernow_dataset;youtube_dataset;zepeto_dataset;gamebox_dataset;teams_dataset;youtube_dataset;youtube_dataset;youtubeLive_dataset;youtubeLive_dataset;netflix_dataset;geforce_dataset;roblox_dataset;netflix_dataset;afreeca_dataset;gamebox_dataset;navernow_dataset;teams_dataset;youtube_dataset;amazon_dataset;roblox_dataset;roblox_dataset;amazon_dataset;youtubeLive_dataset;teams_dataset;meet_dataset;zoom_dataset;geforce_dataset;zoom_dataset;afreeca_dataset;youtube_dataset;youtube_dataset;zepeto_dataset;navernow_dataset;amazon_dataset;netflix_dataset;zoom_dataset;navernow_dataset;navernow_dataset;geforce_dataset;meet_dataset;amazon_dataset;youtubeLive_dataset;tft_dataset;tft_dataset;zepeto_dataset;zoom_dataset;netflix_dataset;netflix_dataset;battleground_dataset;gamebox_dataset;tft_dataset;teams_dataset;zoom_dataset;meet_dataset,LOW,42,PREDICTION ONLY,1.0,0.75,41.82019618418187,34.73153514562518,7.061044855366448,11.336032983909364,93.26292974588938,0.2916087871243996,54.86797311017475
100,synthetic_scalability_scenario_derived_from_real_traffic,15,85,afreeca_dataset;amazon_dataset;battleground_dataset;gamebox_dataset;geforce_dataset;meet_dataset;navernow_dataset;netflix_dataset;roblox_dataset;teams_dataset;tft_dataset;youtubeLive_dataset;youtube_dataset;zepeto_dataset;zoom_dataset;roblox_dataset;navernow_dataset;amazon_dataset;zepeto_dataset;youtube_dataset;geforce_dataset;battleground_dataset;tft_dataset;amazon_dataset;navernow_dataset;tft_dataset;youtubeLive_dataset;meet_dataset;netflix_dataset;roblox_dataset;youtubeLive_dataset;zepeto_dataset;meet_dataset;navernow_dataset;zepeto_dataset;amazon_dataset;youtubeLive_dataset;navernow_dataset;tft_dataset;geforce_dataset;roblox_dataset;zoom_dataset;battleground_dataset;teams_dataset;amazon_dataset;youtubeLive_dataset;navernow_dataset;youtube_dataset;zepeto_dataset;gamebox_dataset;teams_dataset;youtube_dataset;youtube_dataset;youtubeLive_dataset;youtubeLive_dataset;netflix_dataset;geforce_dataset;roblox_dataset;netflix_dataset;afreeca_dataset;gamebox_dataset;navernow_dataset;teams_dataset;youtube_dataset;amazon_dataset;roblox_dataset;roblox_dataset;amazon_dataset;youtubeLive_dataset;teams_dataset;meet_dataset;zoom_dataset;geforce_dataset;zoom_dataset;afreeca_dataset;youtube_dataset;youtube_dataset;zepeto_dataset;navernow_dataset;amazon_dataset;netflix_dataset;zoom_dataset;navernow_dataset;navernow_dataset;geforce_dataset;meet_dataset;amazon_dataset;youtubeLive_dataset;tft_dataset;tft_dataset;zepeto_dataset;zoom_dataset;netflix_dataset;netflix_dataset;battleground_dataset;gamebox_dataset;tft_dataset;teams_dataset;zoom_dataset;meet_dataset,LOW,42,NO PREDICTION,0.0,0.75,44.99999999999993,10.0,0.0,0.0,100.0,0.24286783664925668,45.0
100,synthetic_scalability_scenario_derived_from_real_traffic,15,85,afreeca_dataset;amazon_dataset;battleground_dataset;gamebox_dataset;geforce_dataset;meet_dataset;navernow_dataset;netflix_dataset;roblox_dataset;teams_dataset;tft_dataset;youtubeLive_dataset;youtube_dataset;zepeto_dataset;zoom_dataset;roblox_dataset;navernow_dataset;amazon_dataset;zepeto_dataset;youtube_dataset;geforce_dataset;battleground_dataset;tft_dataset;amazon_dataset;navernow_dataset;tft_dataset;youtubeLive_dataset;meet_dataset;netflix_dataset;roblox_dataset;youtubeLive_dataset;zepeto_dataset;meet_dataset;navernow_dataset;zepeto_dataset;amazon_dataset;youtubeLive_dataset;navernow_dataset;tft_dataset;geforce_dataset;roblox_dataset;zoom_dataset;battleground_dataset;teams_dataset;amazon_dataset;youtubeLive_dataset;navernow_dataset;youtube_dataset;zepeto_dataset;gamebox_dataset;teams_dataset;youtube_dataset;youtube_dataset;youtubeLive_dataset;youtubeLive_dataset;netflix_dataset;geforce_dataset;roblox_dataset;netflix_dataset;afreeca_dataset;gamebox_dataset;navernow_dataset;teams_dataset;youtube_dataset;amazon_dataset;roblox_dataset;roblox_dataset;amazon_dataset;youtubeLive_dataset;teams_dataset;meet_dataset;zoom_dataset;geforce_dataset;zoom_dataset;afreeca_dataset;youtube_dataset;youtube_dataset;zepeto_dataset;navernow_dataset;amazon_dataset;netflix_dataset;zoom_dataset;navernow_dataset;navernow_dataset;geforce_dataset;meet_dataset;amazon_dataset;youtubeLive_dataset;tft_dataset;tft_dataset;zepeto_dataset;zoom_dataset;netflix_dataset;netflix_dataset;battleground_dataset;gamebox_dataset;tft_dataset;teams_dataset;zoom_dataset;meet_dataset,LOW,42,NO FAIRNESS,0.75,0.75,43.7323927722534,17.305333267967253,2.812683394973451,2.8749916789190544,95.30149476831092,0.28392849159426975,53.518225466748085
100,synthetic_scalability_scenario_derived_from_real_traffic,15,85,afreeca_dataset;amazon_dataset;battleground_dataset;gamebox_dataset;geforce_dataset;meet_dataset;navernow_dataset;netflix_dataset;roblox_dataset;teams_dataset;tft_dataset;youtubeLive_dataset;youtube_dataset;zepeto_dataset;zoom_dataset;roblox_dataset;navernow_dataset;amazon_dataset;zepeto_dataset;youtube_dataset;geforce_dataset;battleground_dataset;tft_dataset;amazon_dataset;navernow_dataset;tft_dataset;youtubeLive_dataset;meet_dataset;netflix_dataset;roblox_dataset;youtubeLive_dataset;zepeto_dataset;meet_dataset;navernow_dataset;zepeto_dataset;amazon_dataset;youtubeLive_dataset;navernow_dataset;tft_dataset;geforce_dataset;roblox_dataset;zoom_dataset;battleground_dataset;teams_dataset;amazon_dataset;youtubeLive_dataset;navernow_dataset;youtube_dataset;zepeto_dataset;gamebox_dataset;teams_dataset;youtube_dataset;youtube_dataset;youtubeLive_dataset;youtubeLive_dataset;netflix_dataset;geforce_dataset;roblox_dataset;netflix_dataset;afreeca_dataset;gamebox_dataset;navernow_dataset;teams_dataset;youtube_dataset;amazon_dataset;roblox_dataset;roblox_dataset;amazon_dataset;youtubeLive_dataset;teams_dataset;meet_dataset;zoom_dataset;geforce_dataset;zoom_dataset;afreeca_dataset;youtube_dataset;youtube_dataset;zepeto_dataset;navernow_dataset;amazon_dataset;netflix_dataset;zoom_dataset;navernow_dataset;navernow_dataset;geforce_dataset;meet_dataset;amazon_dataset;youtubeLive_dataset;tft_dataset;tft_dataset;zepeto_dataset;zoom_dataset;netflix_dataset;netflix_dataset;battleground_dataset;gamebox_dataset;tft_dataset;teams_dataset;zoom_dataset;meet_dataset,LOW,42,NO PRIORITY,0.75,0.75,43.7323927722534,17.305333267967253,2.812683394973451,2.8749916789190544,95.30149476831092,0.28392849159426975,53.518225466748085
100,synthetic_scalability_scenario_derived_from_real_traffic,15,85,afreeca_dataset;amazon_dataset;battleground_dataset;gamebox_dataset;geforce_dataset;meet_dataset;navernow_dataset;netflix_dataset;roblox_dataset;teams_dataset;tft_dataset;youtubeLive_dataset;youtube_dataset;zepeto_dataset;zoom_dataset;roblox_dataset;navernow_dataset;amazon_dataset;zepeto_dataset;youtube_dataset;geforce_dataset;battleground_dataset;tft_dataset;amazon_dataset;navernow_dataset;tft_dataset;youtubeLive_dataset;meet_dataset;netflix_dataset;roblox_dataset;youtubeLive_dataset;zepeto_dataset;meet_dataset;navernow_dataset;zepeto_dataset;amazon_dataset;youtubeLive_dataset;navernow_dataset;tft_dataset;geforce_dataset;roblox_dataset;zoom_dataset;battleground_dataset;teams_dataset;amazon_dataset;youtubeLive_dataset;navernow_dataset;youtube_dataset;zepeto_dataset;gamebox_dataset;teams_dataset;youtube_dataset;youtube_dataset;youtubeLive_dataset;youtubeLive_dataset;netflix_dataset;geforce_dataset;roblox_dataset;netflix_dataset;afreeca_dataset;gamebox_dataset;navernow_dataset;teams_dataset;youtube_dataset;amazon_dataset;roblox_dataset;roblox_dataset;amazon_dataset;youtubeLive_dataset;teams_dataset;meet_dataset;zoom_dataset;geforce_dataset;zoom_dataset;afreeca_dataset;youtube_dataset;youtube_dataset;zepeto_dataset;navernow_dataset;amazon_dataset;netflix_dataset;zoom_dataset;navernow_dataset;navernow_dataset;geforce_dataset;meet_dataset;amazon_dataset;youtubeLive_dataset;tft_dataset;tft_dataset;zepeto_dataset;zoom_dataset;netflix_dataset;netflix_dataset;battleground_dataset;gamebox_dataset;tft_dataset;teams_dataset;zoom_dataset;meet_dataset,LOW,42,SINGLE OBJECTIVE,0.75,0.75,43.7323927722534,17.305333267967253,2.812683394973451,2.8749916789190544,95.30149476831092,0.28392849159426975,53.518225466748085
100,synthetic_scalability_scenario_derived_from_real_traffic,15,85,afreeca_dataset;amazon_dataset;battleground_dataset;gamebox_dataset;geforce_dataset;meet_dataset;navernow_dataset;netflix_dataset;roblox_dataset;teams_dataset;tft_dataset;youtubeLive_dataset;youtube_dataset;zepeto_dataset;zoom_dataset;zepeto_dataset;navernow_dataset;navernow_dataset;roblox_dataset;afreeca_dataset;meet_dataset;netflix_dataset;youtube_dataset;zoom_dataset;tft_dataset;zepeto_dataset;afreeca_dataset;roblox_dataset;youtube_dataset;amazon_dataset;amazon_dataset;youtube_dataset;tft_dataset;teams_dataset;tft_dataset;battleground_dataset;teams_dataset;netflix_dataset;youtubeLive_dataset;afreeca_dataset;roblox_dataset;geforce_dataset;geforce_dataset;tft_dataset;netflix_dataset;tft_dataset;youtube_dataset;geforce_dataset;amazon_dataset;gamebox_dataset;meet_dataset;battleground_dataset;gamebox_dataset;teams_dataset;zepeto_dataset;teams_dataset;afreeca_dataset;meet_dataset;zepeto_dataset;tft_dataset;teams_dataset;amazon_dataset;navernow_dataset;battleground_dataset;battleground_dataset;geforce_dataset;zoom_dataset;youtubeLive_dataset;youtube_dataset;zepeto_dataset;tft_dataset;battleground_dataset;zoom_dataset;youtube_dataset;amazon_dataset;geforce_dataset;navernow_dataset;netflix_dataset;zoom_dataset;navernow_dataset;battleground_dataset;youtubeLive_dataset;zoom_dataset;zepeto_dataset;gamebox_dataset;zoom_dataset;netflix_dataset;youtubeLive_dataset;roblox_dataset;zoom_dataset;netflix_dataset;geforce_dataset;youtube_dataset;meet_dataset;teams_dataset;tft_dataset;zepeto_dataset;geforce_dataset;roblox_dataset;teams_dataset,LOW,43,FULL BLENDED MODEL,0.75,0.75,44.307479188312286,15.085674781360565,1.5348255364533376,2.358579581916599,97.06965620328849,0.2514254583298394,50.72176909225392
100,synthetic_scalability_scenario_derived_from_real_traffic,15,85,afreeca_dataset;amazon_dataset;battleground_dataset;gamebox_dataset;geforce_dataset;meet_dataset;navernow_dataset;netflix_dataset;roblox_dataset;teams_dataset;tft_dataset;youtubeLive_dataset;youtube_dataset;zepeto_dataset;zoom_dataset;zepeto_dataset;navernow_dataset;navernow_dataset;roblox_dataset;afreeca_dataset;meet_dataset;netflix_dataset;youtube_dataset;zoom_dataset;tft_dataset;zepeto_dataset;afreeca_dataset;roblox_dataset;youtube_dataset;amazon_dataset;amazon_dataset;youtube_dataset;tft_dataset;teams_dataset;tft_dataset;battleground_dataset;teams_dataset;netflix_dataset;youtubeLive_dataset;afreeca_dataset;roblox_dataset;geforce_dataset;geforce_dataset;tft_dataset;netflix_dataset;tft_dataset;youtube_dataset;geforce_dataset;amazon_dataset;gamebox_dataset;meet_dataset;battleground_dataset;gamebox_dataset;teams_dataset;zepeto_dataset;teams_dataset;afreeca_dataset;meet_dataset;zepeto_dataset;tft_dataset;teams_dataset;amazon_dataset;navernow_dataset;battleground_dataset;battleground_dataset;geforce_dataset;zoom_dataset;youtubeLive_dataset;youtube_dataset;zepeto_dataset;tft_dataset;battleground_dataset;zoom_dataset;youtube_dataset;amazon_dataset;geforce_dataset;navernow_dataset;netflix_dataset;zoom_dataset;navernow_dataset;battleground_dataset;youtubeLive_dataset;zoom_dataset;zepeto_dataset;gamebox_dataset;zoom_dataset;netflix_dataset;youtubeLive_dataset;roblox_dataset;zoom_dataset;netflix_dataset;geforce_dataset;youtube_dataset;meet_dataset;teams_dataset;tft_dataset;zepeto_dataset;geforce_dataset;roblox_dataset;teams_dataset,LOW,43,PREDICTION ONLY,1.0,0.75,43.19365738831916,26.164683995002314,4.009632328913136,9.040784114858637,95.61778774289985,0.2563201676641064,51.74604392690829
100,synthetic_scalability_scenario_derived_from_real_traffic,15,85,afreeca_dataset;amazon_dataset;battleground_dataset;gamebox_dataset;geforce_dataset;meet_dataset;navernow_dataset;netflix_dataset;roblox_dataset;teams_dataset;tft_dataset;youtubeLive_dataset;youtube_dataset;zepeto_dataset;zoom_dataset;zepeto_dataset;navernow_dataset;navernow_dataset;roblox_dataset;afreeca_dataset;meet_dataset;netflix_dataset;youtube_dataset;zoom_dataset;tft_dataset;zepeto_dataset;afreeca_dataset;roblox_dataset;youtube_dataset;amazon_dataset;amazon_dataset;youtube_dataset;tft_dataset;teams_dataset;tft_dataset;battleground_dataset;teams_dataset;netflix_dataset;youtubeLive_dataset;afreeca_dataset;roblox_dataset;geforce_dataset;geforce_dataset;tft_dataset;netflix_dataset;tft_dataset;youtube_dataset;geforce_dataset;amazon_dataset;gamebox_dataset;meet_dataset;battleground_dataset;gamebox_dataset;teams_dataset;zepeto_dataset;teams_dataset;afreeca_dataset;meet_dataset;zepeto_dataset;tft_dataset;teams_dataset;amazon_dataset;navernow_dataset;battleground_dataset;battleground_dataset;geforce_dataset;zoom_dataset;youtubeLive_dataset;youtube_dataset;zepeto_dataset;tft_dataset;battleground_dataset;zoom_dataset;youtube_dataset;amazon_dataset;geforce_dataset;navernow_dataset;netflix_dataset;zoom_dataset;navernow_dataset;battleground_dataset;youtubeLive_dataset;zoom_dataset;zepeto_dataset;gamebox_dataset;zoom_dataset;netflix_dataset;youtubeLive_dataset;roblox_dataset;zoom_dataset;netflix_dataset;geforce_dataset;youtube_dataset;meet_dataset;teams_dataset;tft_dataset;zepeto_dataset;geforce_dataset;roblox_dataset;teams_dataset,LOW,43,NO PREDICTION,0.0,0.75,44.99999999999999,10.0,0.0,0.0,100.0,0.2246379771198063,45.0
100,synthetic_scalability_scenario_derived_from_real_traffic,15,85,afreeca_dataset;amazon_dataset;battleground_dataset;gamebox_dataset;geforce_dataset;meet_dataset;navernow_dataset;netflix_dataset;roblox_dataset;teams_dataset;tft_dataset;youtubeLive_dataset;youtube_dataset;zepeto_dataset;zoom_dataset;zepeto_dataset;navernow_dataset;navernow_dataset;roblox_dataset;afreeca_dataset;meet_dataset;netflix_dataset;youtube_dataset;zoom_dataset;tft_dataset;zepeto_dataset;afreeca_dataset;roblox_dataset;youtube_dataset;amazon_dataset;amazon_dataset;youtube_dataset;tft_dataset;teams_dataset;tft_dataset;battleground_dataset;teams_dataset;netflix_dataset;youtubeLive_dataset;afreeca_dataset;roblox_dataset;geforce_dataset;geforce_dataset;tft_dataset;netflix_dataset;tft_dataset;youtube_dataset;geforce_dataset;amazon_dataset;gamebox_dataset;meet_dataset;battleground_dataset;gamebox_dataset;teams_dataset;zepeto_dataset;teams_dataset;afreeca_dataset;meet_dataset;zepeto_dataset;tft_dataset;teams_dataset;amazon_dataset;navernow_dataset;battleground_dataset;battleground_dataset;geforce_dataset;zoom_dataset;youtubeLive_dataset;youtube_dataset;zepeto_dataset;tft_dataset;battleground_dataset;zoom_dataset;youtube_dataset;amazon_dataset;geforce_dataset;navernow_dataset;netflix_dataset;zoom_dataset;navernow_dataset;battleground_dataset;youtubeLive_dataset;zoom_dataset;zepeto_dataset;gamebox_dataset;zoom_dataset;netflix_dataset;youtubeLive_dataset;roblox_dataset;zoom_dataset;netflix_dataset;geforce_dataset;youtube_dataset;meet_dataset;teams_dataset;tft_dataset;zepeto_dataset;geforce_dataset;roblox_dataset;teams_dataset,LOW,43,NO FAIRNESS,0.75,0.75,44.307479188312286,15.085674781360565,1.5348255364533376,2.358579581916599,97.06965620328849,0.2514254583298394,50.72176909225392
100,synthetic_scalability_scenario_derived_from_real_traffic,15,85,afreeca_dataset;amazon_dataset;battleground_dataset;gamebox_dataset;geforce_dataset;meet_dataset;navernow_dataset;netflix_dataset;roblox_dataset;teams_dataset;tft_dataset;youtubeLive_dataset;youtube_dataset;zepeto_dataset;zoom_dataset;zepeto_dataset;navernow_dataset;navernow_dataset;roblox_dataset;afreeca_dataset;meet_dataset;netflix_dataset;youtube_dataset;zoom_dataset;tft_dataset;zepeto_dataset;afreeca_dataset;roblox_dataset;youtube_dataset;amazon_dataset;amazon_dataset;youtube_dataset;tft_dataset;teams_dataset;tft_dataset;battleground_dataset;teams_dataset;netflix_dataset;youtubeLive_dataset;afreeca_dataset;roblox_dataset;geforce_dataset;geforce_dataset;tft_dataset;netflix_dataset;tft_dataset;youtube_dataset;geforce_dataset;amazon_dataset;gamebox_dataset;meet_dataset;battleground_dataset;gamebox_dataset;teams_dataset;zepeto_dataset;teams_dataset;afreeca_dataset;meet_dataset;zepeto_dataset;tft_dataset;teams_dataset;amazon_dataset;navernow_dataset;battleground_dataset;battleground_dataset;geforce_dataset;zoom_dataset;youtubeLive_dataset;youtube_dataset;zepeto_dataset;tft_dataset;battleground_dataset;zoom_dataset;youtube_dataset;amazon_dataset;geforce_dataset;navernow_dataset;netflix_dataset;zoom_dataset;navernow_dataset;battleground_dataset;youtubeLive_dataset;zoom_dataset;zepeto_dataset;gamebox_dataset;zoom_dataset;netflix_dataset;youtubeLive_dataset;roblox_dataset;zoom_dataset;netflix_dataset;geforce_dataset;youtube_dataset;meet_dataset;teams_dataset;tft_dataset;zepeto_dataset;geforce_dataset;roblox_dataset;teams_dataset,LOW,43,NO PRIORITY,0.75,0.75,44.307479188312286,15.085674781360565,1.5348255364533376,2.358579581916599,97.06965620328849,0.2514254583298394,50.72176909225392
100,synthetic_scalability_scenario_derived_from_real_traffic,15,85,afreeca_dataset;amazon_dataset;battleground_dataset;gamebox_dataset;geforce_dataset;meet_dataset;navernow_dataset;netflix_dataset;roblox_dataset;teams_dataset;tft_dataset;youtubeLive_dataset;youtube_dataset;zepeto_dataset;zoom_dataset;zepeto_dataset;navernow_dataset;navernow_dataset;roblox_dataset;afreeca_dataset;meet_dataset;netflix_dataset;youtube_dataset;zoom_dataset;tft_dataset;zepeto_dataset;afreeca_dataset;roblox_dataset;youtube_dataset;amazon_dataset;amazon_dataset;youtube_dataset;tft_dataset;teams_dataset;tft_dataset;battleground_dataset;teams_dataset;netflix_dataset;youtubeLive_dataset;afreeca_dataset;roblox_dataset;geforce_dataset;geforce_dataset;tft_dataset;netflix_dataset;tft_dataset;youtube_dataset;geforce_dataset;amazon_dataset;gamebox_dataset;meet_dataset;battleground_dataset;gamebox_dataset;teams_dataset;zepeto_dataset;teams_dataset;afreeca_dataset;meet_dataset;zepeto_dataset;tft_dataset;teams_dataset;amazon_dataset;navernow_dataset;battleground_dataset;battleground_dataset;geforce_dataset;zoom_dataset;youtubeLive_dataset;youtube_dataset;zepeto_dataset;tft_dataset;battleground_dataset;zoom_dataset;youtube_dataset;amazon_dataset;geforce_dataset;navernow_dataset;netflix_dataset;zoom_dataset;navernow_dataset;battleground_dataset;youtubeLive_dataset;zoom_dataset;zepeto_dataset;gamebox_dataset;zoom_dataset;netflix_dataset;youtubeLive_dataset;roblox_dataset;zoom_dataset;netflix_dataset;geforce_dataset;youtube_dataset;meet_dataset;teams_dataset;tft_dataset;zepeto_dataset;geforce_dataset;roblox_dataset;teams_dataset,LOW,43,SINGLE OBJECTIVE,0.75,0.75,44.307479188312286,15.085674781360565,1.5348255364533376,2.358579581916599,97.06965620328849,0.2514254583298394,50.72176909225392
100,synthetic_scalability_scenario_derived_from_real_traffic,15,85,afreeca_dataset;amazon_dataset;battleground_dataset;gamebox_dataset;geforce_dataset;meet_dataset;navernow_dataset;netflix_dataset;roblox_dataset;teams_dataset;tft_dataset;youtubeLive_dataset;youtube_dataset;zepeto_dataset;zoom_dataset;roblox_dataset;navernow_dataset;roblox_dataset;amazon_dataset;roblox_dataset;youtube_dataset;zoom_dataset;youtubeLive_dataset;teams_dataset;tft_dataset;zoom_dataset;gamebox_dataset;youtube_dataset;zoom_dataset;tft_dataset;geforce_dataset;teams_dataset;meet_dataset;meet_dataset;roblox_dataset;youtube_dataset;battleground_dataset;navernow_dataset;roblox_dataset;youtube_dataset;roblox_dataset;geforce_dataset;youtubeLive_dataset;roblox_dataset;afreeca_dataset;geforce_dataset;zepeto_dataset;battleground_dataset;roblox_dataset;netflix_dataset;roblox_dataset;amazon_dataset;meet_dataset;zoom_dataset;amazon_dataset;youtube_dataset;zepeto_dataset;gamebox_dataset;netflix_dataset;tft_dataset;meet_dataset;gamebox_dataset;zoom_dataset;teams_dataset;teams_dataset;battleground_dataset;battleground_dataset;meet_dataset;battleground_dataset;zepeto_dataset;zepeto_dataset;youtube_dataset;meet_dataset;navernow_dataset;meet_dataset;netflix_dataset;gamebox_dataset;afreeca_dataset;geforce_dataset;zoom_dataset;battleground_dataset;battleground_dataset;amazon_dataset;meet_dataset;teams_dataset;battleground_dataset;youtube_dataset;youtube_dataset;battleground_dataset;youtubeLive_dataset;meet_dataset;youtubeLive_dataset;roblox_dataset;amazon_dataset;roblox_dataset;roblox_dataset;gamebox_dataset;geforce_dataset;tft_dataset;netflix_dataset,LOW,44,FULL BLENDED MODEL,0.75,0.75,44.23253327718572,14.399324371827127,1.7031229303430382,2.085799288795341,97.40657698056802,0.22009859457034678,49.97661206335059
100,synthetic_scalability_scenario_derived_from_real_traffic,15,85,afreeca_dataset;amazon_dataset;battleground_dataset;gamebox_dataset;geforce_dataset;meet_dataset;navernow_dataset;netflix_dataset;roblox_dataset;teams_dataset;tft_dataset;youtubeLive_dataset;youtube_dataset;zepeto_dataset;zoom_dataset;roblox_dataset;navernow_dataset;roblox_dataset;amazon_dataset;roblox_dataset;youtube_dataset;zoom_dataset;youtubeLive_dataset;teams_dataset;tft_dataset;zoom_dataset;gamebox_dataset;youtube_dataset;zoom_dataset;tft_dataset;geforce_dataset;teams_dataset;meet_dataset;meet_dataset;roblox_dataset;youtube_dataset;battleground_dataset;navernow_dataset;roblox_dataset;youtube_dataset;roblox_dataset;geforce_dataset;youtubeLive_dataset;roblox_dataset;afreeca_dataset;geforce_dataset;zepeto_dataset;battleground_dataset;roblox_dataset;netflix_dataset;roblox_dataset;amazon_dataset;meet_dataset;zoom_dataset;amazon_dataset;youtube_dataset;zepeto_dataset;gamebox_dataset;netflix_dataset;tft_dataset;meet_dataset;gamebox_dataset;zoom_dataset;teams_dataset;teams_dataset;battleground_dataset;battleground_dataset;meet_dataset;battleground_dataset;zepeto_dataset;zepeto_dataset;youtube_dataset;meet_dataset;navernow_dataset;meet_dataset;netflix_dataset;gamebox_dataset;afreeca_dataset;geforce_dataset;zoom_dataset;battleground_dataset;battleground_dataset;amazon_dataset;meet_dataset;teams_dataset;battleground_dataset;youtube_dataset;youtube_dataset;battleground_dataset;youtubeLive_dataset;meet_dataset;youtubeLive_dataset;roblox_dataset;amazon_dataset;roblox_dataset;roblox_dataset;gamebox_dataset;geforce_dataset;tft_dataset;netflix_dataset,LOW,44,PREDICTION ONLY,1.0,0.75,43.285059933686284,23.76164125260634,3.8082759182416717,7.847193422024164,96.13363228699552,0.2246958701420488,50.94383164857265
100,synthetic_scalability_scenario_derived_from_real_traffic,15,85,afreeca_dataset;amazon_dataset;battleground_dataset;gamebox_dataset;geforce_dataset;meet_dataset;navernow_dataset;netflix_dataset;roblox_dataset;teams_dataset;tft_dataset;youtubeLive_dataset;youtube_dataset;zepeto_dataset;zoom_dataset;roblox_dataset;navernow_dataset;roblox_dataset;amazon_dataset;roblox_dataset;youtube_dataset;zoom_dataset;youtubeLive_dataset;teams_dataset;tft_dataset;zoom_dataset;gamebox_dataset;youtube_dataset;zoom_dataset;tft_dataset;geforce_dataset;teams_dataset;meet_dataset;meet_dataset;roblox_dataset;youtube_dataset;battleground_dataset;navernow_dataset;roblox_dataset;youtube_dataset;roblox_dataset;geforce_dataset;youtubeLive_dataset;roblox_dataset;afreeca_dataset;geforce_dataset;zepeto_dataset;battleground_dataset;roblox_dataset;netflix_dataset;roblox_dataset;amazon_dataset;meet_dataset;zoom_dataset;amazon_dataset;youtube_dataset;zepeto_dataset;gamebox_dataset;netflix_dataset;tft_dataset;meet_dataset;gamebox_dataset;zoom_dataset;teams_dataset;teams_dataset;battleground_dataset;battleground_dataset;meet_dataset;battleground_dataset;zepeto_dataset;zepeto_dataset;youtube_dataset;meet_dataset;navernow_dataset;meet_dataset;netflix_dataset;gamebox_dataset;afreeca_dataset;geforce_dataset;zoom_dataset;battleground_dataset;battleground_dataset;amazon_dataset;meet_dataset;teams_dataset;battleground_dataset;youtube_dataset;youtube_dataset;battleground_dataset;youtubeLive_dataset;meet_dataset;youtubeLive_dataset;roblox_dataset;amazon_dataset;roblox_dataset;roblox_dataset;gamebox_dataset;geforce_dataset;tft_dataset;netflix_dataset,LOW,44,NO PREDICTION,0.0,0.75,45.00000000000001,10.0,0.0,0.0,100.0,0.19752444808869368,45.0
100,synthetic_scalability_scenario_derived_from_real_traffic,15,85,afreeca_dataset;amazon_dataset;battleground_dataset;gamebox_dataset;geforce_dataset;meet_dataset;navernow_dataset;netflix_dataset;roblox_dataset;teams_dataset;tft_dataset;youtubeLive_dataset;youtube_dataset;zepeto_dataset;zoom_dataset;roblox_dataset;navernow_dataset;roblox_dataset;amazon_dataset;roblox_dataset;youtube_dataset;zoom_dataset;youtubeLive_dataset;teams_dataset;tft_dataset;zoom_dataset;gamebox_dataset;youtube_dataset;zoom_dataset;tft_dataset;geforce_dataset;teams_dataset;meet_dataset;meet_dataset;roblox_dataset;youtube_dataset;battleground_dataset;navernow_dataset;roblox_dataset;youtube_dataset;roblox_dataset;geforce_dataset;youtubeLive_dataset;roblox_dataset;afreeca_dataset;geforce_dataset;zepeto_dataset;battleground_dataset;roblox_dataset;netflix_dataset;roblox_dataset;amazon_dataset;meet_dataset;zoom_dataset;amazon_dataset;youtube_dataset;zepeto_dataset;gamebox_dataset;netflix_dataset;tft_dataset;meet_dataset;gamebox_dataset;zoom_dataset;teams_dataset;teams_dataset;battleground_dataset;battleground_dataset;meet_dataset;battleground_dataset;zepeto_dataset;zepeto_dataset;youtube_dataset;meet_dataset;navernow_dataset;meet_dataset;netflix_dataset;gamebox_dataset;afreeca_dataset;geforce_dataset;zoom_dataset;battleground_dataset;battleground_dataset;amazon_dataset;meet_dataset;teams_dataset;battleground_dataset;youtube_dataset;youtube_dataset;battleground_dataset;youtubeLive_dataset;meet_dataset;youtubeLive_dataset;roblox_dataset;amazon_dataset;roblox_dataset;roblox_dataset;gamebox_dataset;geforce_dataset;tft_dataset;netflix_dataset,LOW,44,NO FAIRNESS,0.75,0.75,44.23253327718572,14.399324371827127,1.7031229303430382,2.085799288795341,97.40657698056802,0.22009859457034678,49.97661206335059
100,synthetic_scalability_scenario_derived_from_real_traffic,15,85,afreeca_dataset;amazon_dataset;battleground_dataset;gamebox_dataset;geforce_dataset;meet_dataset;navernow_dataset;netflix_dataset;roblox_dataset;teams_dataset;tft_dataset;youtubeLive_dataset;youtube_dataset;zepeto_dataset;zoom_dataset;roblox_dataset;navernow_dataset;roblox_dataset;amazon_dataset;roblox_dataset;youtube_dataset;zoom_dataset;youtubeLive_dataset;teams_dataset;tft_dataset;zoom_dataset;gamebox_dataset;youtube_dataset;zoom_dataset;tft_dataset;geforce_dataset;teams_dataset;meet_dataset;meet_dataset;roblox_dataset;youtube_dataset;battleground_dataset;navernow_dataset;roblox_dataset;youtube_dataset;roblox_dataset;geforce_dataset;youtubeLive_dataset;roblox_dataset;afreeca_dataset;geforce_dataset;zepeto_dataset;battleground_dataset;roblox_dataset;netflix_dataset;roblox_dataset;amazon_dataset;meet_dataset;zoom_dataset;amazon_dataset;youtube_dataset;zepeto_dataset;gamebox_dataset;netflix_dataset;tft_dataset;meet_dataset;gamebox_dataset;zoom_dataset;teams_dataset;teams_dataset;battleground_dataset;battleground_dataset;meet_dataset;battleground_dataset;zepeto_dataset;zepeto_dataset;youtube_dataset;meet_dataset;navernow_dataset;meet_dataset;netflix_dataset;gamebox_dataset;afreeca_dataset;geforce_dataset;zoom_dataset;battleground_dataset;battleground_dataset;amazon_dataset;meet_dataset;teams_dataset;battleground_dataset;youtube_dataset;youtube_dataset;battleground_dataset;youtubeLive_dataset;meet_dataset;youtubeLive_dataset;roblox_dataset;amazon_dataset;roblox_dataset;roblox_dataset;gamebox_dataset;geforce_dataset;tft_dataset;netflix_dataset,LOW,44,NO PRIORITY,0.75,0.75,44.23253327718572,14.399324371827127,1.7031229303430382,2.085799288795341,97.40657698056802,0.22009859457034678,49.97661206335059
100,synthetic_scalability_scenario_derived_from_real_traffic,15,85,afreeca_dataset;amazon_dataset;battleground_dataset;gamebox_dataset;geforce_dataset;meet_dataset;navernow_dataset;netflix_dataset;roblox_dataset;teams_dataset;tft_dataset;youtubeLive_dataset;youtube_dataset;zepeto_dataset;zoom_dataset;roblox_dataset;navernow_dataset;roblox_dataset;amazon_dataset;roblox_dataset;youtube_dataset;zoom_dataset;youtubeLive_dataset;teams_dataset;tft_dataset;zoom_dataset;gamebox_dataset;youtube_dataset;zoom_dataset;tft_dataset;geforce_dataset;teams_dataset;meet_dataset;meet_dataset;roblox_dataset;youtube_dataset;battleground_dataset;navernow_dataset;roblox_dataset;youtube_dataset;roblox_dataset;geforce_dataset;youtubeLive_dataset;roblox_dataset;afreeca_dataset;geforce_dataset;zepeto_dataset;battleground_dataset;roblox_dataset;netflix_dataset;roblox_dataset;amazon_dataset;meet_dataset;zoom_dataset;amazon_dataset;youtube_dataset;zepeto_dataset;gamebox_dataset;netflix_dataset;tft_dataset;meet_dataset;gamebox_dataset;zoom_dataset;teams_dataset;teams_dataset;battleground_dataset;battleground_dataset;meet_dataset;battleground_dataset;zepeto_dataset;zepeto_dataset;youtube_dataset;meet_dataset;navernow_dataset;meet_dataset;netflix_dataset;gamebox_dataset;afreeca_dataset;geforce_dataset;zoom_dataset;battleground_dataset;battleground_dataset;amazon_dataset;meet_dataset;teams_dataset;battleground_dataset;youtube_dataset;youtube_dataset;battleground_dataset;youtubeLive_dataset;meet_dataset;youtubeLive_dataset;roblox_dataset;amazon_dataset;roblox_dataset;roblox_dataset;gamebox_dataset;geforce_dataset;tft_dataset;netflix_dataset,LOW,44,SINGLE OBJECTIVE,0.75,0.75,44.23253327718572,14.399324371827127,1.7031229303430382,2.085799288795341,97.40657698056802,0.22009859457034678,49.97661206335059
100,synthetic_scalability_scenario_derived_from_real_traffic,15,85,afreeca_dataset;amazon_dataset;battleground_dataset;gamebox_dataset;geforce_dataset;meet_dataset;navernow_dataset;netflix_dataset;roblox_dataset;teams_dataset;tft_dataset;youtubeLive_dataset;youtube_dataset;zepeto_dataset;zoom_dataset;roblox_dataset;netflix_dataset;navernow_dataset;youtubeLive_dataset;meet_dataset;youtube_dataset;navernow_dataset;geforce_dataset;navernow_dataset;navernow_dataset;meet_dataset;youtube_dataset;zepeto_dataset;afreeca_dataset;roblox_dataset;battleground_dataset;geforce_dataset;youtube_dataset;battleground_dataset;gamebox_dataset;navernow_dataset;zepeto_dataset;youtubeLive_dataset;battleground_dataset;afreeca_dataset;meet_dataset;afreeca_dataset;geforce_dataset;zepeto_dataset;youtube_dataset;zepeto_dataset;youtubeLive_dataset;meet_dataset;zoom_dataset;zoom_dataset;tft_dataset;netflix_dataset;zoom_dataset;youtube_dataset;youtubeLive_dataset;teams_dataset;geforce_dataset;netflix_dataset;zepeto_dataset;tft_dataset;youtubeLive_dataset;meet_dataset;meet_dataset;netflix_dataset;netflix_dataset;navernow_dataset;meet_dataset;zoom_dataset;afreeca_dataset;battleground_dataset;afreeca_dataset;geforce_dataset;tft_dataset;tft_dataset;teams_dataset;afreeca_dataset;zepeto_dataset;battleground_dataset;youtube_dataset;netflix_dataset;battleground_dataset;youtubeLive_dataset;amazon_dataset;zepeto_dataset;battleground_dataset;zepeto_dataset;netflix_dataset;afreeca_dataset;geforce_dataset;amazon_dataset;amazon_dataset;tft_dataset;meet_dataset;tft_dataset;navernow_dataset;zepeto_dataset;gamebox_dataset;amazon_dataset;gamebox_dataset;zepeto_dataset,LOW,45,FULL BLENDED MODEL,0.75,0.75,44.08206366642657,15.652098963266328,2.0364080457532663,2.4735546329985514,96.52989536621824,0.2687858766778156,51.798281357596174
100,synthetic_scalability_scenario_derived_from_real_traffic,15,85,afreeca_dataset;amazon_dataset;battleground_dataset;gamebox_dataset;geforce_dataset;meet_dataset;navernow_dataset;netflix_dataset;roblox_dataset;teams_dataset;tft_dataset;youtubeLive_dataset;youtube_dataset;zepeto_dataset;zoom_dataset;roblox_dataset;netflix_dataset;navernow_dataset;youtubeLive_dataset;meet_dataset;youtube_dataset;navernow_dataset;geforce_dataset;navernow_dataset;navernow_dataset;meet_dataset;youtube_dataset;zepeto_dataset;afreeca_dataset;roblox_dataset;battleground_dataset;geforce_dataset;youtube_dataset;battleground_dataset;gamebox_dataset;navernow_dataset;zepeto_dataset;youtubeLive_dataset;battleground_dataset;afreeca_dataset;meet_dataset;afreeca_dataset;geforce_dataset;zepeto_dataset;youtube_dataset;zepeto_dataset;youtubeLive_dataset;meet_dataset;zoom_dataset;zoom_dataset;tft_dataset;netflix_dataset;zoom_dataset;youtube_dataset;youtubeLive_dataset;teams_dataset;geforce_dataset;netflix_dataset;zepeto_dataset;tft_dataset;youtubeLive_dataset;meet_dataset;meet_dataset;netflix_dataset;netflix_dataset;navernow_dataset;meet_dataset;zoom_dataset;afreeca_dataset;battleground_dataset;afreeca_dataset;geforce_dataset;tft_dataset;tft_dataset;teams_dataset;afreeca_dataset;zepeto_dataset;battleground_dataset;youtube_dataset;netflix_dataset;battleground_dataset;youtubeLive_dataset;amazon_dataset;zepeto_dataset;battleground_dataset;zepeto_dataset;netflix_dataset;afreeca_dataset;geforce_dataset;amazon_dataset;amazon_dataset;tft_dataset;meet_dataset;tft_dataset;navernow_dataset;zepeto_dataset;gamebox_dataset;amazon_dataset;gamebox_dataset;zepeto_dataset,LOW,45,PREDICTION ONLY,1.0,0.75,42.61110536826814,28.559131538518262,5.304697962594132,9.623760198892302,95.03931240657698,0.27438178406165353,52.899395623160885
100,synthetic_scalability_scenario_derived_from_real_traffic,15,85,afreeca_dataset;amazon_dataset;battleground_dataset;gamebox_dataset;geforce_dataset;meet_dataset;navernow_dataset;netflix_dataset;roblox_dataset;teams_dataset;tft_dataset;youtubeLive_dataset;youtube_dataset;zepeto_dataset;zoom_dataset;roblox_dataset;netflix_dataset;navernow_dataset;youtubeLive_dataset;meet_dataset;youtube_dataset;navernow_dataset;geforce_dataset;navernow_dataset;navernow_dataset;meet_dataset;youtube_dataset;zepeto_dataset;afreeca_dataset;roblox_dataset;battleground_dataset;geforce_dataset;youtube_dataset;battleground_dataset;gamebox_dataset;navernow_dataset;zepeto_dataset;youtubeLive_dataset;battleground_dataset;afreeca_dataset;meet_dataset;afreeca_dataset;geforce_dataset;zepeto_dataset;youtube_dataset;zepeto_dataset;youtubeLive_dataset;meet_dataset;zoom_dataset;zoom_dataset;tft_dataset;netflix_dataset;zoom_dataset;youtube_dataset;youtubeLive_dataset;teams_dataset;geforce_dataset;netflix_dataset;zepeto_dataset;tft_dataset;youtubeLive_dataset;meet_dataset;meet_dataset;netflix_dataset;netflix_dataset;navernow_dataset;meet_dataset;zoom_dataset;afreeca_dataset;battleground_dataset;afreeca_dataset;geforce_dataset;tft_dataset;tft_dataset;teams_dataset;afreeca_dataset;zepeto_dataset;battleground_dataset;youtube_dataset;netflix_dataset;battleground_dataset;youtubeLive_dataset;amazon_dataset;zepeto_dataset;battleground_dataset;zepeto_dataset;netflix_dataset;afreeca_dataset;geforce_dataset;amazon_dataset;amazon_dataset;tft_dataset;meet_dataset;tft_dataset;navernow_dataset;zepeto_dataset;gamebox_dataset;amazon_dataset;gamebox_dataset;zepeto_dataset,LOW,45,NO PREDICTION,0.0,0.75,45.000000000000185,10.0,0.0,0.0,100.0,0.23691985065423474,45.0
100,synthetic_scalability_scenario_derived_from_real_traffic,15,85,afreeca_dataset;amazon_dataset;battleground_dataset;gamebox_dataset;geforce_dataset;meet_dataset;navernow_dataset;netflix_dataset;roblox_dataset;teams_dataset;tft_dataset;youtubeLive_dataset;youtube_dataset;zepeto_dataset;zoom_dataset;roblox_dataset;netflix_dataset;navernow_dataset;youtubeLive_dataset;meet_dataset;youtube_dataset;navernow_dataset;geforce_dataset;navernow_dataset;navernow_dataset;meet_dataset;youtube_dataset;zepeto_dataset;afreeca_dataset;roblox_dataset;battleground_dataset;geforce_dataset;youtube_dataset;battleground_dataset;gamebox_dataset;navernow_dataset;zepeto_dataset;youtubeLive_dataset;battleground_dataset;afreeca_dataset;meet_dataset;afreeca_dataset;geforce_dataset;zepeto_dataset;youtube_dataset;zepeto_dataset;youtubeLive_dataset;meet_dataset;zoom_dataset;zoom_dataset;tft_dataset;netflix_dataset;zoom_dataset;youtube_dataset;youtubeLive_dataset;teams_dataset;geforce_dataset;netflix_dataset;zepeto_dataset;tft_dataset;youtubeLive_dataset;meet_dataset;meet_dataset;netflix_dataset;netflix_dataset;navernow_dataset;meet_dataset;zoom_dataset;afreeca_dataset;battleground_dataset;afreeca_dataset;geforce_dataset;tft_dataset;tft_dataset;teams_dataset;afreeca_dataset;zepeto_dataset;battleground_dataset;youtube_dataset;netflix_dataset;battleground_dataset;youtubeLive_dataset;amazon_dataset;zepeto_dataset;battleground_dataset;zepeto_dataset;netflix_dataset;afreeca_dataset;geforce_dataset;amazon_dataset;amazon_dataset;tft_dataset;meet_dataset;tft_dataset;navernow_dataset;zepeto_dataset;gamebox_dataset;amazon_dataset;gamebox_dataset;zepeto_dataset,LOW,45,NO FAIRNESS,0.75,0.75,44.08206366642657,15.652098963266328,2.0364080457532663,2.4735546329985514,96.52989536621824,0.2687858766778156,51.798281357596174
100,synthetic_scalability_scenario_derived_from_real_traffic,15,85,afreeca_dataset;amazon_dataset;battleground_dataset;gamebox_dataset;geforce_dataset;meet_dataset;navernow_dataset;netflix_dataset;roblox_dataset;teams_dataset;tft_dataset;youtubeLive_dataset;youtube_dataset;zepeto_dataset;zoom_dataset;roblox_dataset;netflix_dataset;navernow_dataset;youtubeLive_dataset;meet_dataset;youtube_dataset;navernow_dataset;geforce_dataset;navernow_dataset;navernow_dataset;meet_dataset;youtube_dataset;zepeto_dataset;afreeca_dataset;roblox_dataset;battleground_dataset;geforce_dataset;youtube_dataset;battleground_dataset;gamebox_dataset;navernow_dataset;zepeto_dataset;youtubeLive_dataset;battleground_dataset;afreeca_dataset;meet_dataset;afreeca_dataset;geforce_dataset;zepeto_dataset;youtube_dataset;zepeto_dataset;youtubeLive_dataset;meet_dataset;zoom_dataset;zoom_dataset;tft_dataset;netflix_dataset;zoom_dataset;youtube_dataset;youtubeLive_dataset;teams_dataset;geforce_dataset;netflix_dataset;zepeto_dataset;tft_dataset;youtubeLive_dataset;meet_dataset;meet_dataset;netflix_dataset;netflix_dataset;navernow_dataset;meet_dataset;zoom_dataset;afreeca_dataset;battleground_dataset;afreeca_dataset;geforce_dataset;tft_dataset;tft_dataset;teams_dataset;afreeca_dataset;zepeto_dataset;battleground_dataset;youtube_dataset;netflix_dataset;battleground_dataset;youtubeLive_dataset;amazon_dataset;zepeto_dataset;battleground_dataset;zepeto_dataset;netflix_dataset;afreeca_dataset;geforce_dataset;amazon_dataset;amazon_dataset;tft_dataset;meet_dataset;tft_dataset;navernow_dataset;zepeto_dataset;gamebox_dataset;amazon_dataset;gamebox_dataset;zepeto_dataset,LOW,45,NO PRIORITY,0.75,0.75,44.08206366642657,15.652098963266328,2.0364080457532663,2.4735546329985514,96.52989536621824,0.2687858766778156,51.798281357596174
100,synthetic_scalability_scenario_derived_from_real_traffic,15,85,afreeca_dataset;amazon_dataset;battleground_dataset;gamebox_dataset;geforce_dataset;meet_dataset;navernow_dataset;netflix_dataset;roblox_dataset;teams_dataset;tft_dataset;youtubeLive_dataset;youtube_dataset;zepeto_dataset;zoom_dataset;roblox_dataset;netflix_dataset;navernow_dataset;youtubeLive_dataset;meet_dataset;youtube_dataset;navernow_dataset;geforce_dataset;navernow_dataset;navernow_dataset;meet_dataset;youtube_dataset;zepeto_dataset;afreeca_dataset;roblox_dataset;battleground_dataset;geforce_dataset;youtube_dataset;battleground_dataset;gamebox_dataset;navernow_dataset;zepeto_dataset;youtubeLive_dataset;battleground_dataset;afreeca_dataset;meet_dataset;afreeca_dataset;geforce_dataset;zepeto_dataset;youtube_dataset;zepeto_dataset;youtubeLive_dataset;meet_dataset;zoom_dataset;zoom_dataset;tft_dataset;netflix_dataset;zoom_dataset;youtube_dataset;youtubeLive_dataset;teams_dataset;geforce_dataset;netflix_dataset;zepeto_dataset;tft_dataset;youtubeLive_dataset;meet_dataset;meet_dataset;netflix_dataset;netflix_dataset;navernow_dataset;meet_dataset;zoom_dataset;afreeca_dataset;battleground_dataset;afreeca_dataset;geforce_dataset;tft_dataset;tft_dataset;teams_dataset;afreeca_dataset;zepeto_dataset;battleground_dataset;youtube_dataset;netflix_dataset;battleground_dataset;youtubeLive_dataset;amazon_dataset;zepeto_dataset;battleground_dataset;zepeto_dataset;netflix_dataset;afreeca_dataset;geforce_dataset;amazon_dataset;amazon_dataset;tft_dataset;meet_dataset;tft_dataset;navernow_dataset;zepeto_dataset;gamebox_dataset;amazon_dataset;gamebox_dataset;zepeto_dataset,LOW,45,SINGLE OBJECTIVE,0.75,0.75,44.08206366642657,15.652098963266328,2.0364080457532663,2.4735546329985514,96.52989536621824,0.2687858766778156,51.798281357596174
100,synthetic_scalability_scenario_derived_from_real_traffic,15,85,afreeca_dataset;amazon_dataset;battleground_dataset;gamebox_dataset;geforce_dataset;meet_dataset;navernow_dataset;netflix_dataset;roblox_dataset;teams_dataset;tft_dataset;youtubeLive_dataset;youtube_dataset;zepeto_dataset;zoom_dataset;teams_dataset;battleground_dataset;youtubeLive_dataset;zepeto_dataset;gamebox_dataset;geforce_dataset;zepeto_dataset;geforce_dataset;zoom_dataset;gamebox_dataset;meet_dataset;teams_dataset;afreeca_dataset;battleground_dataset;geforce_dataset;zoom_dataset;teams_dataset;tft_dataset;youtube_dataset;zoom_dataset;youtube_dataset;netflix_dataset;battleground_dataset;teams_dataset;tft_dataset;youtubeLive_dataset;meet_dataset;battleground_dataset;gamebox_dataset;battleground_dataset;navernow_dataset;meet_dataset;youtubeLive_dataset;geforce_dataset;netflix_dataset;zepeto_dataset;zoom_dataset;geforce_dataset;afreeca_dataset;zepeto_dataset;roblox_dataset;netflix_dataset;netflix_dataset;gamebox_dataset;meet_dataset;zepeto_dataset;gamebox_dataset;meet_dataset;zepeto_dataset;teams_dataset;zoom_dataset;teams_dataset;amazon_dataset;tft_dataset;geforce_dataset;teams_dataset;youtubeLive_dataset;youtube_dataset;meet_dataset;roblox_dataset;netflix_dataset;netflix_dataset;amazon_dataset;youtubeLive_dataset;amazon_dataset;tft_dataset;teams_dataset;geforce_dataset;battleground_dataset;meet_dataset;zoom_dataset;meet_dataset;gamebox_dataset;youtube_dataset;tft_dataset;roblox_dataset;tft_dataset;afreeca_dataset;zoom_dataset;netflix_dataset;meet_dataset;amazon_dataset;battleground_dataset;teams_dataset;navernow_dataset,LOW,46,FULL BLENDED MODEL,0.75,0.75,44.68687802665449,14.059556001554569,0.6938250247219742,2.212083266248123,97.76532137518684,0.25270702712602516,49.161042227769535
100,synthetic_scalability_scenario_derived_from_real_traffic,15,85,afreeca_dataset;amazon_dataset;battleground_dataset;gamebox_dataset;geforce_dataset;meet_dataset;navernow_dataset;netflix_dataset;roblox_dataset;teams_dataset;tft_dataset;youtubeLive_dataset;youtube_dataset;zepeto_dataset;zoom_dataset;teams_dataset;battleground_dataset;youtubeLive_dataset;zepeto_dataset;gamebox_dataset;geforce_dataset;zepeto_dataset;geforce_dataset;zoom_dataset;gamebox_dataset;meet_dataset;teams_dataset;afreeca_dataset;battleground_dataset;geforce_dataset;zoom_dataset;teams_dataset;tft_dataset;youtube_dataset;zoom_dataset;youtube_dataset;netflix_dataset;battleground_dataset;teams_dataset;tft_dataset;youtubeLive_dataset;meet_dataset;battleground_dataset;gamebox_dataset;battleground_dataset;navernow_dataset;meet_dataset;youtubeLive_dataset;geforce_dataset;netflix_dataset;zepeto_dataset;zoom_dataset;geforce_dataset;afreeca_dataset;zepeto_dataset;roblox_dataset;netflix_dataset;netflix_dataset;gamebox_dataset;meet_dataset;zepeto_dataset;gamebox_dataset;meet_dataset;zepeto_dataset;teams_dataset;zoom_dataset;teams_dataset;amazon_dataset;tft_dataset;geforce_dataset;teams_dataset;youtubeLive_dataset;youtube_dataset;meet_dataset;roblox_dataset;netflix_dataset;netflix_dataset;amazon_dataset;youtubeLive_dataset;amazon_dataset;tft_dataset;teams_dataset;geforce_dataset;battleground_dataset;meet_dataset;zoom_dataset;meet_dataset;gamebox_dataset;youtube_dataset;tft_dataset;roblox_dataset;tft_dataset;afreeca_dataset;zoom_dataset;netflix_dataset;meet_dataset;amazon_dataset;battleground_dataset;teams_dataset;navernow_dataset,LOW,46,PREDICTION ONLY,1.0,0.75,44.13472282409497,22.822237499686814,1.9203908388844415,8.568112829746859,96.65799701046338,0.25747888572675587,50.10027509224864
100,synthetic_scalability_scenario_derived_from_real_traffic,15,85,afreeca_dataset;amazon_dataset;battleground_dataset;gamebox_dataset;geforce_dataset;meet_dataset;navernow_dataset;netflix_dataset;roblox_dataset;teams_dataset;tft_dataset;youtubeLive_dataset;youtube_dataset;zepeto_dataset;zoom_dataset;teams_dataset;battleground_dataset;youtubeLive_dataset;zepeto_dataset;gamebox_dataset;geforce_dataset;zepeto_dataset;geforce_dataset;zoom_dataset;gamebox_dataset;meet_dataset;teams_dataset;afreeca_dataset;battleground_dataset;geforce_dataset;zoom_dataset;teams_dataset;tft_dataset;youtube_dataset;zoom_dataset;youtube_dataset;netflix_dataset;battleground_dataset;teams_dataset;tft_dataset;youtubeLive_dataset;meet_dataset;battleground_dataset;gamebox_dataset;battleground_dataset;navernow_dataset;meet_dataset;youtubeLive_dataset;geforce_dataset;netflix_dataset;zepeto_dataset;zoom_dataset;geforce_dataset;afreeca_dataset;zepeto_dataset;roblox_dataset;netflix_dataset;netflix_dataset;gamebox_dataset;meet_dataset;zepeto_dataset;gamebox_dataset;meet_dataset;zepeto_dataset;teams_dataset;zoom_dataset;teams_dataset;amazon_dataset;tft_dataset;geforce_dataset;teams_dataset;youtubeLive_dataset;youtube_dataset;meet_dataset;roblox_dataset;netflix_dataset;netflix_dataset;amazon_dataset;youtubeLive_dataset;amazon_dataset;tft_dataset;teams_dataset;geforce_dataset;battleground_dataset;meet_dataset;zoom_dataset;meet_dataset;gamebox_dataset;youtube_dataset;tft_dataset;roblox_dataset;tft_dataset;afreeca_dataset;zoom_dataset;netflix_dataset;meet_dataset;amazon_dataset;battleground_dataset;teams_dataset;navernow_dataset,LOW,46,NO PREDICTION,0.0,0.75,45.000000000000185,10.0,0.0,0.0,100.0,0.23080023865686308,45.0
100,synthetic_scalability_scenario_derived_from_real_traffic,15,85,afreeca_dataset;amazon_dataset;battleground_dataset;gamebox_dataset;geforce_dataset;meet_dataset;navernow_dataset;netflix_dataset;roblox_dataset;teams_dataset;tft_dataset;youtubeLive_dataset;youtube_dataset;zepeto_dataset;zoom_dataset;teams_dataset;battleground_dataset;youtubeLive_dataset;zepeto_dataset;gamebox_dataset;geforce_dataset;zepeto_dataset;geforce_dataset;zoom_dataset;gamebox_dataset;meet_dataset;teams_dataset;afreeca_dataset;battleground_dataset;geforce_dataset;zoom_dataset;teams_dataset;tft_dataset;youtube_dataset;zoom_dataset;youtube_dataset;netflix_dataset;battleground_dataset;teams_dataset;tft_dataset;youtubeLive_dataset;meet_dataset;battleground_dataset;gamebox_dataset;battleground_dataset;navernow_dataset;meet_dataset;youtubeLive_dataset;geforce_dataset;netflix_dataset;zepeto_dataset;zoom_dataset;geforce_dataset;afreeca_dataset;zepeto_dataset;roblox_dataset;netflix_dataset;netflix_dataset;gamebox_dataset;meet_dataset;zepeto_dataset;gamebox_dataset;meet_dataset;zepeto_dataset;teams_dataset;zoom_dataset;teams_dataset;amazon_dataset;tft_dataset;geforce_dataset;teams_dataset;youtubeLive_dataset;youtube_dataset;meet_dataset;roblox_dataset;netflix_dataset;netflix_dataset;amazon_dataset;youtubeLive_dataset;amazon_dataset;tft_dataset;teams_dataset;geforce_dataset;battleground_dataset;meet_dataset;zoom_dataset;meet_dataset;gamebox_dataset;youtube_dataset;tft_dataset;roblox_dataset;tft_dataset;afreeca_dataset;zoom_dataset;netflix_dataset;meet_dataset;amazon_dataset;battleground_dataset;teams_dataset;navernow_dataset,LOW,46,NO FAIRNESS,0.75,0.75,44.68687802665449,14.059556001554569,0.6938250247219742,2.212083266248123,97.76532137518684,0.25270702712602516,49.161042227769535
100,synthetic_scalability_scenario_derived_from_real_traffic,15,85,afreeca_dataset;amazon_dataset;battleground_dataset;gamebox_dataset;geforce_dataset;meet_dataset;navernow_dataset;netflix_dataset;roblox_dataset;teams_dataset;tft_dataset;youtubeLive_dataset;youtube_dataset;zepeto_dataset;zoom_dataset;teams_dataset;battleground_dataset;youtubeLive_dataset;zepeto_dataset;gamebox_dataset;geforce_dataset;zepeto_dataset;geforce_dataset;zoom_dataset;gamebox_dataset;meet_dataset;teams_dataset;afreeca_dataset;battleground_dataset;geforce_dataset;zoom_dataset;teams_dataset;tft_dataset;youtube_dataset;zoom_dataset;youtube_dataset;netflix_dataset;battleground_dataset;teams_dataset;tft_dataset;youtubeLive_dataset;meet_dataset;battleground_dataset;gamebox_dataset;battleground_dataset;navernow_dataset;meet_dataset;youtubeLive_dataset;geforce_dataset;netflix_dataset;zepeto_dataset;zoom_dataset;geforce_dataset;afreeca_dataset;zepeto_dataset;roblox_dataset;netflix_dataset;netflix_dataset;gamebox_dataset;meet_dataset;zepeto_dataset;gamebox_dataset;meet_dataset;zepeto_dataset;teams_dataset;zoom_dataset;teams_dataset;amazon_dataset;tft_dataset;geforce_dataset;teams_dataset;youtubeLive_dataset;youtube_dataset;meet_dataset;roblox_dataset;netflix_dataset;netflix_dataset;amazon_dataset;youtubeLive_dataset;amazon_dataset;tft_dataset;teams_dataset;geforce_dataset;battleground_dataset;meet_dataset;zoom_dataset;meet_dataset;gamebox_dataset;youtube_dataset;tft_dataset;roblox_dataset;tft_dataset;afreeca_dataset;zoom_dataset;netflix_dataset;meet_dataset;amazon_dataset;battleground_dataset;teams_dataset;navernow_dataset,LOW,46,NO PRIORITY,0.75,0.75,44.68687802665449,14.059556001554569,0.6938250247219742,2.212083266248123,97.76532137518684,0.25270702712602516,49.161042227769535
100,synthetic_scalability_scenario_derived_from_real_traffic,15,85,afreeca_dataset;amazon_dataset;battleground_dataset;gamebox_dataset;geforce_dataset;meet_dataset;navernow_dataset;netflix_dataset;roblox_dataset;teams_dataset;tft_dataset;youtubeLive_dataset;youtube_dataset;zepeto_dataset;zoom_dataset;teams_dataset;battleground_dataset;youtubeLive_dataset;zepeto_dataset;gamebox_dataset;geforce_dataset;zepeto_dataset;geforce_dataset;zoom_dataset;gamebox_dataset;meet_dataset;teams_dataset;afreeca_dataset;battleground_dataset;geforce_dataset;zoom_dataset;teams_dataset;tft_dataset;youtube_dataset;zoom_dataset;youtube_dataset;netflix_dataset;battleground_dataset;teams_dataset;tft_dataset;youtubeLive_dataset;meet_dataset;battleground_dataset;gamebox_dataset;battleground_dataset;navernow_dataset;meet_dataset;youtubeLive_dataset;geforce_dataset;netflix_dataset;zepeto_dataset;zoom_dataset;geforce_dataset;afreeca_dataset;zepeto_dataset;roblox_dataset;netflix_dataset;netflix_dataset;gamebox_dataset;meet_dataset;zepeto_dataset;gamebox_dataset;meet_dataset;zepeto_dataset;teams_dataset;zoom_dataset;teams_dataset;amazon_dataset;tft_dataset;geforce_dataset;teams_dataset;youtubeLive_dataset;youtube_dataset;meet_dataset;roblox_dataset;netflix_dataset;netflix_dataset;amazon_dataset;youtubeLive_dataset;amazon_dataset;tft_dataset;teams_dataset;geforce_dataset;battleground_dataset;meet_dataset;zoom_dataset;meet_dataset;gamebox_dataset;youtube_dataset;tft_dataset;roblox_dataset;tft_dataset;afreeca_dataset;zoom_dataset;netflix_dataset;meet_dataset;amazon_dataset;battleground_dataset;teams_dataset;navernow_dataset,LOW,46,SINGLE OBJECTIVE,0.75,0.75,44.68687802665449,14.059556001554569,0.6938250247219742,2.212083266248123,97.76532137518684,0.25270702712602516,49.161042227769535
100,synthetic_scalability_scenario_derived_from_real_traffic,15,85,afreeca_dataset;amazon_dataset;battleground_dataset;gamebox_dataset;geforce_dataset;meet_dataset;navernow_dataset;netflix_dataset;roblox_dataset;teams_dataset;tft_dataset;youtubeLive_dataset;youtube_dataset;zepeto_dataset;zoom_dataset;roblox_dataset;navernow_dataset;amazon_dataset;zepeto_dataset;youtube_dataset;geforce_dataset;battleground_dataset;tft_dataset;amazon_dataset;navernow_dataset;tft_dataset;youtubeLive_dataset;meet_dataset;netflix_dataset;roblox_dataset;youtubeLive_dataset;zepeto_dataset;meet_dataset;navernow_dataset;zepeto_dataset;amazon_dataset;youtubeLive_dataset;navernow_dataset;tft_dataset;geforce_dataset;roblox_dataset;zoom_dataset;battleground_dataset;teams_dataset;amazon_dataset;youtubeLive_dataset;navernow_dataset;youtube_dataset;zepeto_dataset;gamebox_dataset;teams_dataset;youtube_dataset;youtube_dataset;youtubeLive_dataset;youtubeLive_dataset;netflix_dataset;geforce_dataset;roblox_dataset;netflix_dataset;afreeca_dataset;gamebox_dataset;navernow_dataset;teams_dataset;youtube_dataset;amazon_dataset;roblox_dataset;roblox_dataset;amazon_dataset;youtubeLive_dataset;teams_dataset;meet_dataset;zoom_dataset;geforce_dataset;zoom_dataset;afreeca_dataset;youtube_dataset;youtube_dataset;zepeto_dataset;navernow_dataset;amazon_dataset;netflix_dataset;zoom_dataset;navernow_dataset;navernow_dataset;geforce_dataset;meet_dataset;amazon_dataset;youtubeLive_dataset;tft_dataset;tft_dataset;zepeto_dataset;zoom_dataset;netflix_dataset;netflix_dataset;battleground_dataset;gamebox_dataset;tft_dataset;teams_dataset;zoom_dataset;meet_dataset,MEDIUM,42,FULL BLENDED MODEL,0.75,0.75,73.81827461050197,16.508542359066606,7.723710016445417,2.5973901069838607,94.47698056801195,0.2770710263787503,91.0770146456849
100,synthetic_scalability_scenario_derived_from_real_traffic,15,85,afreeca_dataset;amazon_dataset;battleground_dataset;gamebox_dataset;geforce_dataset;meet_dataset;navernow_dataset;netflix_dataset;roblox_dataset;teams_dataset;tft_dataset;youtubeLive_dataset;youtube_dataset;zepeto_dataset;zoom_dataset;roblox_dataset;navernow_dataset;amazon_dataset;zepeto_dataset;youtube_dataset;geforce_dataset;battleground_dataset;tft_dataset;amazon_dataset;navernow_dataset;tft_dataset;youtubeLive_dataset;meet_dataset;netflix_dataset;roblox_dataset;youtubeLive_dataset;zepeto_dataset;meet_dataset;navernow_dataset;zepeto_dataset;amazon_dataset;youtubeLive_dataset;navernow_dataset;tft_dataset;geforce_dataset;roblox_dataset;zoom_dataset;battleground_dataset;teams_dataset;amazon_dataset;youtubeLive_dataset;navernow_dataset;youtube_dataset;zepeto_dataset;gamebox_dataset;teams_dataset;youtube_dataset;youtube_dataset;youtubeLive_dataset;youtubeLive_dataset;netflix_dataset;geforce_dataset;roblox_dataset;netflix_dataset;afreeca_dataset;gamebox_dataset;navernow_dataset;teams_dataset;youtube_dataset;amazon_dataset;roblox_dataset;roblox_dataset;amazon_dataset;youtubeLive_dataset;teams_dataset;meet_dataset;zoom_dataset;geforce_dataset;zoom_dataset;afreeca_dataset;youtube_dataset;youtube_dataset;zepeto_dataset;navernow_dataset;amazon_dataset;netflix_dataset;zoom_dataset;navernow_dataset;navernow_dataset;geforce_dataset;meet_dataset;amazon_dataset;youtubeLive_dataset;tft_dataset;tft_dataset;zepeto_dataset;zoom_dataset;netflix_dataset;netflix_dataset;battleground_dataset;gamebox_dataset;tft_dataset;teams_dataset;zoom_dataset;meet_dataset,MEDIUM,42,PREDICTION ONLY,1.0,0.75,69.61171158703303,32.862597265679106,12.981412846066384,10.605002377610397,92.8542600896861,0.28210749728003953,92.25459495967081
100,synthetic_scalability_scenario_derived_from_real_traffic,15,85,afreeca_dataset;amazon_dataset;battleground_dataset;gamebox_dataset;geforce_dataset;meet_dataset;navernow_dataset;netflix_dataset;roblox_dataset;teams_dataset;tft_dataset;youtubeLive_dataset;youtube_dataset;zepeto_dataset;zoom_dataset;roblox_dataset;navernow_dataset;amazon_dataset;zepeto_dataset;youtube_dataset;geforce_dataset;battleground_dataset;tft_dataset;amazon_dataset;navernow_dataset;tft_dataset;youtubeLive_dataset;meet_dataset;netflix_dataset;roblox_dataset;youtubeLive_dataset;zepeto_dataset;meet_dataset;navernow_dataset;zepeto_dataset;amazon_dataset;youtubeLive_dataset;navernow_dataset;tft_dataset;geforce_dataset;roblox_dataset;zoom_dataset;battleground_dataset;teams_dataset;amazon_dataset;youtubeLive_dataset;navernow_dataset;youtube_dataset;zepeto_dataset;gamebox_dataset;teams_dataset;youtube_dataset;youtube_dataset;youtubeLive_dataset;youtubeLive_dataset;netflix_dataset;geforce_dataset;roblox_dataset;netflix_dataset;afreeca_dataset;gamebox_dataset;navernow_dataset;teams_dataset;youtube_dataset;amazon_dataset;roblox_dataset;roblox_dataset;amazon_dataset;youtubeLive_dataset;teams_dataset;meet_dataset;zoom_dataset;geforce_dataset;zoom_dataset;afreeca_dataset;youtube_dataset;youtube_dataset;zepeto_dataset;navernow_dataset;amazon_dataset;netflix_dataset;zoom_dataset;navernow_dataset;navernow_dataset;geforce_dataset;meet_dataset;amazon_dataset;youtubeLive_dataset;tft_dataset;tft_dataset;zepeto_dataset;zoom_dataset;netflix_dataset;netflix_dataset;battleground_dataset;gamebox_dataset;tft_dataset;teams_dataset;zoom_dataset;meet_dataset,MEDIUM,42,NO PREDICTION,0.0,0.75,79.91793342237133,10.00886315525475,0.1025832220357142,0.01695484985604042,99.97533632286995,0.242504860375239,79.91793342237143
100,synthetic_scalability_scenario_derived_from_real_traffic,15,85,afreeca_dataset;amazon_dataset;battleground_dataset;gamebox_dataset;geforce_dataset;meet_dataset;navernow_dataset;netflix_dataset;roblox_dataset;teams_dataset;tft_dataset;youtubeLive_dataset;youtube_dataset;zepeto_dataset;zoom_dataset;roblox_dataset;navernow_dataset;amazon_dataset;zepeto_dataset;youtube_dataset;geforce_dataset;battleground_dataset;tft_dataset;amazon_dataset;navernow_dataset;tft_dataset;youtubeLive_dataset;meet_dataset;netflix_dataset;roblox_dataset;youtubeLive_dataset;zepeto_dataset;meet_dataset;navernow_dataset;zepeto_dataset;amazon_dataset;youtubeLive_dataset;navernow_dataset;tft_dataset;geforce_dataset;roblox_dataset;zoom_dataset;battleground_dataset;teams_dataset;amazon_dataset;youtubeLive_dataset;navernow_dataset;youtube_dataset;zepeto_dataset;gamebox_dataset;teams_dataset;youtube_dataset;youtube_dataset;youtubeLive_dataset;youtubeLive_dataset;netflix_dataset;geforce_dataset;roblox_dataset;netflix_dataset;afreeca_dataset;gamebox_dataset;navernow_dataset;teams_dataset;youtube_dataset;amazon_dataset;roblox_dataset;roblox_dataset;amazon_dataset;youtubeLive_dataset;teams_dataset;meet_dataset;zoom_dataset;geforce_dataset;zoom_dataset;afreeca_dataset;youtube_dataset;youtube_dataset;zepeto_dataset;navernow_dataset;amazon_dataset;netflix_dataset;zoom_dataset;navernow_dataset;navernow_dataset;geforce_dataset;meet_dataset;amazon_dataset;youtubeLive_dataset;tft_dataset;tft_dataset;zepeto_dataset;zoom_dataset;netflix_dataset;netflix_dataset;battleground_dataset;gamebox_dataset;tft_dataset;teams_dataset;zoom_dataset;meet_dataset,MEDIUM,42,NO FAIRNESS,0.75,0.75,73.8167692024166,16.507703093849454,7.7255917765521795,2.5977758933298603,94.47772795216741,0.2770182693639411,91.07245099223859
100,synthetic_scalability_scenario_derived_from_real_traffic,15,85,afreeca_dataset;amazon_dataset;battleground_dataset;gamebox_dataset;geforce_dataset;meet_dataset;navernow_dataset;netflix_dataset;roblox_dataset;teams_dataset;tft_dataset;youtubeLive_dataset;youtube_dataset;zepeto_dataset;zoom_dataset;roblox_dataset;navernow_dataset;amazon_dataset;zepeto_dataset;youtube_dataset;geforce_dataset;battleground_dataset;tft_dataset;amazon_dataset;navernow_dataset;tft_dataset;youtubeLive_dataset;meet_dataset;netflix_dataset;roblox_dataset;youtubeLive_dataset;zepeto_dataset;meet_dataset;navernow_dataset;zepeto_dataset;amazon_dataset;youtubeLive_dataset;navernow_dataset;tft_dataset;geforce_dataset;roblox_dataset;zoom_dataset;battleground_dataset;teams_dataset;amazon_dataset;youtubeLive_dataset;navernow_dataset;youtube_dataset;zepeto_dataset;gamebox_dataset;teams_dataset;youtube_dataset;youtube_dataset;youtubeLive_dataset;youtubeLive_dataset;netflix_dataset;geforce_dataset;roblox_dataset;netflix_dataset;afreeca_dataset;gamebox_dataset;navernow_dataset;teams_dataset;youtube_dataset;amazon_dataset;roblox_dataset;roblox_dataset;amazon_dataset;youtubeLive_dataset;teams_dataset;meet_dataset;zoom_dataset;geforce_dataset;zoom_dataset;afreeca_dataset;youtube_dataset;youtube_dataset;zepeto_dataset;navernow_dataset;amazon_dataset;netflix_dataset;zoom_dataset;navernow_dataset;navernow_dataset;geforce_dataset;meet_dataset;amazon_dataset;youtubeLive_dataset;tft_dataset;tft_dataset;zepeto_dataset;zoom_dataset;netflix_dataset;netflix_dataset;battleground_dataset;gamebox_dataset;tft_dataset;teams_dataset;zoom_dataset;meet_dataset,MEDIUM,42,NO PRIORITY,0.75,0.75,73.86991642962533,16.515328702714605,7.659157742541191,2.5954268294710734,94.48026905829596,0.27714516913683795,91.07100939424642
100,synthetic_scalability_scenario_derived_from_real_traffic,15,85,afreeca_dataset;amazon_dataset;battleground_dataset;gamebox_dataset;geforce_dataset;meet_dataset;navernow_dataset;netflix_dataset;roblox_dataset;teams_dataset;tft_dataset;youtubeLive_dataset;youtube_dataset;zepeto_dataset;zoom_dataset;roblox_dataset;navernow_dataset;amazon_dataset;zepeto_dataset;youtube_dataset;geforce_dataset;battleground_dataset;tft_dataset;amazon_dataset;navernow_dataset;tft_dataset;youtubeLive_dataset;meet_dataset;netflix_dataset;roblox_dataset;youtubeLive_dataset;zepeto_dataset;meet_dataset;navernow_dataset;zepeto_dataset;amazon_dataset;youtubeLive_dataset;navernow_dataset;tft_dataset;geforce_dataset;roblox_dataset;zoom_dataset;battleground_dataset;teams_dataset;amazon_dataset;youtubeLive_dataset;navernow_dataset;youtube_dataset;zepeto_dataset;gamebox_dataset;teams_dataset;youtube_dataset;youtube_dataset;youtubeLive_dataset;youtubeLive_dataset;netflix_dataset;geforce_dataset;roblox_dataset;netflix_dataset;afreeca_dataset;gamebox_dataset;navernow_dataset;teams_dataset;youtube_dataset;amazon_dataset;roblox_dataset;roblox_dataset;amazon_dataset;youtubeLive_dataset;teams_dataset;meet_dataset;zoom_dataset;geforce_dataset;zoom_dataset;afreeca_dataset;youtube_dataset;youtube_dataset;zepeto_dataset;navernow_dataset;amazon_dataset;netflix_dataset;zoom_dataset;navernow_dataset;navernow_dataset;geforce_dataset;meet_dataset;amazon_dataset;youtubeLive_dataset;tft_dataset;tft_dataset;zepeto_dataset;zoom_dataset;netflix_dataset;netflix_dataset;battleground_dataset;gamebox_dataset;tft_dataset;teams_dataset;zoom_dataset;meet_dataset,MEDIUM,42,SINGLE OBJECTIVE,0.75,0.75,73.88378974065596,17.055114266485912,7.64181610375295,2.892508227008405,94.30597907324365,0.2773759975673433,91.17990909411148
100,synthetic_scalability_scenario_derived_from_real_traffic,15,85,afreeca_dataset;amazon_dataset;battleground_dataset;gamebox_dataset;geforce_dataset;meet_dataset;navernow_dataset;netflix_dataset;roblox_dataset;teams_dataset;tft_dataset;youtubeLive_dataset;youtube_dataset;zepeto_dataset;zoom_dataset;zepeto_dataset;navernow_dataset;navernow_dataset;roblox_dataset;afreeca_dataset;meet_dataset;netflix_dataset;youtube_dataset;zoom_dataset;tft_dataset;zepeto_dataset;afreeca_dataset;roblox_dataset;youtube_dataset;amazon_dataset;amazon_dataset;youtube_dataset;tft_dataset;teams_dataset;tft_dataset;battleground_dataset;teams_dataset;netflix_dataset;youtubeLive_dataset;afreeca_dataset;roblox_dataset;geforce_dataset;geforce_dataset;tft_dataset;netflix_dataset;tft_dataset;youtube_dataset;geforce_dataset;amazon_dataset;gamebox_dataset;meet_dataset;battleground_dataset;gamebox_dataset;teams_dataset;zepeto_dataset;teams_dataset;afreeca_dataset;meet_dataset;zepeto_dataset;tft_dataset;teams_dataset;amazon_dataset;navernow_dataset;battleground_dataset;battleground_dataset;geforce_dataset;zoom_dataset;youtubeLive_dataset;youtube_dataset;zepeto_dataset;tft_dataset;battleground_dataset;zoom_dataset;youtube_dataset;amazon_dataset;geforce_dataset;navernow_dataset;netflix_dataset;zoom_dataset;navernow_dataset;battleground_dataset;youtubeLive_dataset;zoom_dataset;zepeto_dataset;gamebox_dataset;zoom_dataset;netflix_dataset;youtubeLive_dataset;roblox_dataset;zoom_dataset;netflix_dataset;geforce_dataset;youtube_dataset;meet_dataset;teams_dataset;tft_dataset;zepeto_dataset;geforce_dataset;roblox_dataset;teams_dataset,MEDIUM,43,FULL BLENDED MODEL,0.75,0.75,76.42167160746807,14.700123223694252,4.47018653801119,2.1246343750936134,96.45710014947683,0.2466465215806915,87.81125111282763
100,synthetic_scalability_scenario_derived_from_real_traffic,15,85,afreeca_dataset;amazon_dataset;battleground_dataset;gamebox_dataset;geforce_dataset;meet_dataset;navernow_dataset;netflix_dataset;roblox_dataset;teams_dataset;tft_dataset;youtubeLive_dataset;youtube_dataset;zepeto_dataset;zoom_dataset;zepeto_dataset;navernow_dataset;navernow_dataset;roblox_dataset;afreeca_dataset;meet_dataset;netflix_dataset;youtube_dataset;zoom_dataset;tft_dataset;zepeto_dataset;afreeca_dataset;roblox_dataset;youtube_dataset;amazon_dataset;amazon_dataset;youtube_dataset;tft_dataset;teams_dataset;tft_dataset;battleground_dataset;teams_dataset;netflix_dataset;youtubeLive_dataset;afreeca_dataset;roblox_dataset;geforce_dataset;geforce_dataset;tft_dataset;netflix_dataset;tft_dataset;youtube_dataset;geforce_dataset;amazon_dataset;gamebox_dataset;meet_dataset;battleground_dataset;gamebox_dataset;teams_dataset;zepeto_dataset;teams_dataset;afreeca_dataset;meet_dataset;zepeto_dataset;tft_dataset;teams_dataset;amazon_dataset;navernow_dataset;battleground_dataset;battleground_dataset;geforce_dataset;zoom_dataset;youtubeLive_dataset;youtube_dataset;zepeto_dataset;tft_dataset;battleground_dataset;zoom_dataset;youtube_dataset;amazon_dataset;geforce_dataset;navernow_dataset;netflix_dataset;zoom_dataset;navernow_dataset;battleground_dataset;youtubeLive_dataset;zoom_dataset;zepeto_dataset;gamebox_dataset;zoom_dataset;netflix_dataset;youtubeLive_dataset;roblox_dataset;zoom_dataset;netflix_dataset;geforce_dataset;youtube_dataset;meet_dataset;teams_dataset;tft_dataset;zepeto_dataset;geforce_dataset;roblox_dataset;teams_dataset,MEDIUM,43,PREDICTION ONLY,1.0,0.75,73.90581992780474,25.24919264539021,7.61471597350234,8.429644931915066,95.30284005979074,0.24999653878818964,89.0225933604811
100,synthetic_scalability_scenario_derived_from_real_traffic,15,85,afreeca_dataset;amazon_dataset;battleground_dataset;gamebox_dataset;geforce_dataset;meet_dataset;navernow_dataset;netflix_dataset;roblox_dataset;teams_dataset;tft_dataset;youtubeLive_dataset;youtube_dataset;zepeto_dataset;zoom_dataset;zepeto_dataset;navernow_dataset;navernow_dataset;roblox_dataset;afreeca_dataset;meet_dataset;netflix_dataset;youtube_dataset;zoom_dataset;tft_dataset;zepeto_dataset;afreeca_dataset;roblox_dataset;youtube_dataset;amazon_dataset;amazon_dataset;youtube_dataset;tft_dataset;teams_dataset;tft_dataset;battleground_dataset;teams_dataset;netflix_dataset;youtubeLive_dataset;afreeca_dataset;roblox_dataset;geforce_dataset;geforce_dataset;tft_dataset;netflix_dataset;tft_dataset;youtube_dataset;geforce_dataset;amazon_dataset;gamebox_dataset;meet_dataset;battleground_dataset;gamebox_dataset;teams_dataset;zepeto_dataset;teams_dataset;afreeca_dataset;meet_dataset;zepeto_dataset;tft_dataset;teams_dataset;amazon_dataset;navernow_dataset;battleground_dataset;battleground_dataset;geforce_dataset;zoom_dataset;youtubeLive_dataset;youtube_dataset;zepeto_dataset;tft_dataset;battleground_dataset;zoom_dataset;youtube_dataset;amazon_dataset;geforce_dataset;navernow_dataset;netflix_dataset;zoom_dataset;navernow_dataset;battleground_dataset;youtubeLive_dataset;zoom_dataset;zepeto_dataset;gamebox_dataset;zoom_dataset;netflix_dataset;youtubeLive_dataset;roblox_dataset;zoom_dataset;netflix_dataset;geforce_dataset;youtube_dataset;meet_dataset;teams_dataset;tft_dataset;zepeto_dataset;geforce_dataset;roblox_dataset;teams_dataset,MEDIUM,43,NO PREDICTION,0.0,0.75,79.96239219395594,10.003868250090608,0.04700975755493566,0.007567727991597045,99.98938714499252,0.22447553272984244,79.96239219395606
100,synthetic_scalability_scenario_derived_from_real_traffic,15,85,afreeca_dataset;amazon_dataset;battleground_dataset;gamebox_dataset;geforce_dataset;meet_dataset;navernow_dataset;netflix_dataset;roblox_dataset;teams_dataset;tft_dataset;youtubeLive_dataset;youtube_dataset;zepeto_dataset;zoom_dataset;zepeto_dataset;navernow_dataset;navernow_dataset;roblox_dataset;afreeca_dataset;meet_dataset;netflix_dataset;youtube_dataset;zoom_dataset;tft_dataset;zepeto_dataset;afreeca_dataset;roblox_dataset;youtube_dataset;amazon_dataset;amazon_dataset;youtube_dataset;tft_dataset;teams_dataset;tft_dataset;battleground_dataset;teams_dataset;netflix_dataset;youtubeLive_dataset;afreeca_dataset;roblox_dataset;geforce_dataset;geforce_dataset;tft_dataset;netflix_dataset;tft_dataset;youtube_dataset;geforce_dataset;amazon_dataset;gamebox_dataset;meet_dataset;battleground_dataset;gamebox_dataset;teams_dataset;zepeto_dataset;teams_dataset;afreeca_dataset;meet_dataset;zepeto_dataset;tft_dataset;teams_dataset;amazon_dataset;navernow_dataset;battleground_dataset;battleground_dataset;geforce_dataset;zoom_dataset;youtubeLive_dataset;youtube_dataset;zepeto_dataset;tft_dataset;battleground_dataset;zoom_dataset;youtube_dataset;amazon_dataset;geforce_dataset;navernow_dataset;netflix_dataset;zoom_dataset;navernow_dataset;battleground_dataset;youtubeLive_dataset;zoom_dataset;zepeto_dataset;gamebox_dataset;zoom_dataset;netflix_dataset;youtubeLive_dataset;roblox_dataset;zoom_dataset;netflix_dataset;geforce_dataset;youtube_dataset;meet_dataset;teams_dataset;tft_dataset;zepeto_dataset;geforce_dataset;roblox_dataset;teams_dataset,MEDIUM,43,NO FAIRNESS,0.75,0.75,76.42058509766323,14.700036027018946,4.471544675267218,2.12472753589793,96.45710014947683,0.2466412995511141,87.81093342927714
100,synthetic_scalability_scenario_derived_from_real_traffic,15,85,afreeca_dataset;amazon_dataset;battleground_dataset;gamebox_dataset;geforce_dataset;meet_dataset;navernow_dataset;netflix_dataset;roblox_dataset;teams_dataset;tft_dataset;youtubeLive_dataset;youtube_dataset;zepeto_dataset;zoom_dataset;zepeto_dataset;navernow_dataset;navernow_dataset;roblox_dataset;afreeca_dataset;meet_dataset;netflix_dataset;youtube_dataset;zoom_dataset;tft_dataset;zepeto_dataset;afreeca_dataset;roblox_dataset;youtube_dataset;amazon_dataset;amazon_dataset;youtube_dataset;tft_dataset;teams_dataset;tft_dataset;battleground_dataset;teams_dataset;netflix_dataset;youtubeLive_dataset;afreeca_dataset;roblox_dataset;geforce_dataset;geforce_dataset;tft_dataset;netflix_dataset;tft_dataset;youtube_dataset;geforce_dataset;amazon_dataset;gamebox_dataset;meet_dataset;battleground_dataset;gamebox_dataset;teams_dataset;zepeto_dataset;teams_dataset;afreeca_dataset;meet_dataset;zepeto_dataset;tft_dataset;teams_dataset;amazon_dataset;navernow_dataset;battleground_dataset;battleground_dataset;geforce_dataset;zoom_dataset;youtubeLive_dataset;youtube_dataset;zepeto_dataset;tft_dataset;battleground_dataset;zoom_dataset;youtube_dataset;amazon_dataset;geforce_dataset;navernow_dataset;netflix_dataset;zoom_dataset;navernow_dataset;battleground_dataset;youtubeLive_dataset;zoom_dataset;zepeto_dataset;gamebox_dataset;zoom_dataset;netflix_dataset;youtubeLive_dataset;roblox_dataset;zoom_dataset;netflix_dataset;geforce_dataset;youtube_dataset;meet_dataset;teams_dataset;tft_dataset;zepeto_dataset;geforce_dataset;roblox_dataset;teams_dataset,MEDIUM,43,NO PRIORITY,0.75,0.75,76.44277050895053,14.703077515975075,4.443812911158132,2.1253251554552635,96.45739910313901,0.24669266276868246,87.81327254227247
100,synthetic_scalability_scenario_derived_from_real_traffic,15,85,afreeca_dataset;amazon_dataset;battleground_dataset;gamebox_dataset;geforce_dataset;meet_dataset;navernow_dataset;netflix_dataset;roblox_dataset;teams_dataset;tft_dataset;youtubeLive_dataset;youtube_dataset;zepeto_dataset;zoom_dataset;zepeto_dataset;navernow_dataset;navernow_dataset;roblox_dataset;afreeca_dataset;meet_dataset;netflix_dataset;youtube_dataset;zoom_dataset;tft_dataset;zepeto_dataset;afreeca_dataset;roblox_dataset;youtube_dataset;amazon_dataset;amazon_dataset;youtube_dataset;tft_dataset;teams_dataset;tft_dataset;battleground_dataset;teams_dataset;netflix_dataset;youtubeLive_dataset;afreeca_dataset;roblox_dataset;geforce_dataset;geforce_dataset;tft_dataset;netflix_dataset;tft_dataset;youtube_dataset;geforce_dataset;amazon_dataset;gamebox_dataset;meet_dataset;battleground_dataset;gamebox_dataset;teams_dataset;zepeto_dataset;teams_dataset;afreeca_dataset;meet_dataset;zepeto_dataset;tft_dataset;teams_dataset;amazon_dataset;navernow_dataset;battleground_dataset;battleground_dataset;geforce_dataset;zoom_dataset;youtubeLive_dataset;youtube_dataset;zepeto_dataset;tft_dataset;battleground_dataset;zoom_dataset;youtube_dataset;amazon_dataset;geforce_dataset;navernow_dataset;netflix_dataset;zoom_dataset;navernow_dataset;battleground_dataset;youtubeLive_dataset;zoom_dataset;zepeto_dataset;gamebox_dataset;zoom_dataset;netflix_dataset;youtubeLive_dataset;roblox_dataset;zoom_dataset;netflix_dataset;geforce_dataset;youtube_dataset;meet_dataset;teams_dataset;tft_dataset;zepeto_dataset;geforce_dataset;roblox_dataset;teams_dataset,MEDIUM,43,SINGLE OBJECTIVE,0.75,0.75,76.45440394323909,14.821893939001281,4.429271118297421,2.2163032750807465,96.42002989536621,0.2467633599278502,87.8329223135162
100,synthetic_scalability_scenario_derived_from_real_traffic,15,85,afreeca_dataset;amazon_dataset;battleground_dataset;gamebox_dataset;geforce_dataset;meet_dataset;navernow_dataset;netflix_dataset;roblox_dataset;teams_dataset;tft_dataset;youtubeLive_dataset;youtube_dataset;zepeto_dataset;zoom_dataset;roblox_dataset;navernow_dataset;roblox_dataset;amazon_dataset;roblox_dataset;youtube_dataset;zoom_dataset;youtubeLive_dataset;teams_dataset;tft_dataset;zoom_dataset;gamebox_dataset;youtube_dataset;zoom_dataset;tft_dataset;geforce_dataset;teams_dataset;meet_dataset;meet_dataset;roblox_dataset;youtube_dataset;battleground_dataset;navernow_dataset;roblox_dataset;youtube_dataset;roblox_dataset;geforce_dataset;youtubeLive_dataset;roblox_dataset;afreeca_dataset;geforce_dataset;zepeto_dataset;battleground_dataset;roblox_dataset;netflix_dataset;roblox_dataset;amazon_dataset;meet_dataset;zoom_dataset;amazon_dataset;youtube_dataset;zepeto_dataset;gamebox_dataset;netflix_dataset;tft_dataset;meet_dataset;gamebox_dataset;zoom_dataset;teams_dataset;teams_dataset;battleground_dataset;battleground_dataset;meet_dataset;battleground_dataset;zepeto_dataset;zepeto_dataset;youtube_dataset;meet_dataset;navernow_dataset;meet_dataset;netflix_dataset;gamebox_dataset;afreeca_dataset;geforce_dataset;zoom_dataset;battleground_dataset;battleground_dataset;amazon_dataset;meet_dataset;teams_dataset;battleground_dataset;youtube_dataset;youtube_dataset;battleground_dataset;youtubeLive_dataset;meet_dataset;youtubeLive_dataset;roblox_dataset;amazon_dataset;roblox_dataset;roblox_dataset;gamebox_dataset;geforce_dataset;tft_dataset;netflix_dataset,MEDIUM,44,FULL BLENDED MODEL,0.75,0.75,76.81208758058497,14.210593823932706,3.983113147145088,1.9554796428802435,96.91210762331839,0.21645294785998315,87.00914685865284
100,synthetic_scalability_scenario_derived_from_real_traffic,15,85,afreeca_dataset;amazon_dataset;battleground_dataset;gamebox_dataset;geforce_dataset;meet_dataset;navernow_dataset;netflix_dataset;roblox_dataset;teams_dataset;tft_dataset;youtubeLive_dataset;youtube_dataset;zepeto_dataset;zoom_dataset;roblox_dataset;navernow_dataset;roblox_dataset;amazon_dataset;roblox_dataset;youtube_dataset;zoom_dataset;youtubeLive_dataset;teams_dataset;tft_dataset;zoom_dataset;gamebox_dataset;youtube_dataset;zoom_dataset;tft_dataset;geforce_dataset;teams_dataset;meet_dataset;meet_dataset;roblox_dataset;youtube_dataset;battleground_dataset;navernow_dataset;roblox_dataset;youtube_dataset;roblox_dataset;geforce_dataset;youtubeLive_dataset;roblox_dataset;afreeca_dataset;geforce_dataset;zepeto_dataset;battleground_dataset;roblox_dataset;netflix_dataset;roblox_dataset;amazon_dataset;meet_dataset;zoom_dataset;amazon_dataset;youtube_dataset;zepeto_dataset;gamebox_dataset;netflix_dataset;tft_dataset;meet_dataset;gamebox_dataset;zoom_dataset;teams_dataset;teams_dataset;battleground_dataset;battleground_dataset;meet_dataset;battleground_dataset;zepeto_dataset;zepeto_dataset;youtube_dataset;meet_dataset;navernow_dataset;meet_dataset;netflix_dataset;gamebox_dataset;afreeca_dataset;geforce_dataset;zoom_dataset;battleground_dataset;battleground_dataset;amazon_dataset;meet_dataset;teams_dataset;battleground_dataset;youtube_dataset;youtube_dataset;battleground_dataset;youtubeLive_dataset;meet_dataset;youtubeLive_dataset;roblox_dataset;amazon_dataset;roblox_dataset;roblox_dataset;gamebox_dataset;geforce_dataset;tft_dataset;netflix_dataset,MEDIUM,44,PREDICTION ONLY,1.0,0.75,74.71474527825889,23.275869370633696,6.6044476940641665,7.380127292862663,95.86741405082212,0.21980234390272357,88.26559173114946
100,synthetic_scalability_scenario_derived_from_real_traffic,15,85,afreeca_dataset;amazon_dataset;battleground_dataset;gamebox_dataset;geforce_dataset;meet_dataset;navernow_dataset;netflix_dataset;roblox_dataset;teams_dataset;tft_dataset;youtubeLive_dataset;youtube_dataset;zepeto_dataset;zoom_dataset;roblox_dataset;navernow_dataset;roblox_dataset;amazon_dataset;roblox_dataset;youtube_dataset;zoom_dataset;youtubeLive_dataset;teams_dataset;tft_dataset;zoom_dataset;gamebox_dataset;youtube_dataset;zoom_dataset;tft_dataset;geforce_dataset;teams_dataset;meet_dataset;meet_dataset;roblox_dataset;youtube_dataset;battleground_dataset;navernow_dataset;roblox_dataset;youtube_dataset;roblox_dataset;geforce_dataset;youtubeLive_dataset;roblox_dataset;afreeca_dataset;geforce_dataset;zepeto_dataset;battleground_dataset;roblox_dataset;netflix_dataset;roblox_dataset;amazon_dataset;meet_dataset;zoom_dataset;amazon_dataset;youtube_dataset;zepeto_dataset;gamebox_dataset;netflix_dataset;tft_dataset;meet_dataset;gamebox_dataset;zoom_dataset;teams_dataset;teams_dataset;battleground_dataset;battleground_dataset;meet_dataset;battleground_dataset;zepeto_dataset;zepeto_dataset;youtube_dataset;meet_dataset;navernow_dataset;meet_dataset;netflix_dataset;gamebox_dataset;afreeca_dataset;geforce_dataset;zoom_dataset;battleground_dataset;battleground_dataset;amazon_dataset;meet_dataset;teams_dataset;battleground_dataset;youtube_dataset;youtube_dataset;battleground_dataset;youtubeLive_dataset;meet_dataset;youtubeLive_dataset;roblox_dataset;amazon_dataset;roblox_dataset;roblox_dataset;gamebox_dataset;geforce_dataset;tft_dataset;netflix_dataset,MEDIUM,44,NO PREDICTION,0.0,0.75,79.94724149422056,10.00243975252293,0.06594813222436156,0.004464243853372925,99.99028400597908,0.19731391809498755,79.9472414942205
100,synthetic_scalability_scenario_derived_from_real_traffic,15,85,afreeca_dataset;amazon_dataset;battleground_dataset;gamebox_dataset;geforce_dataset;meet_dataset;navernow_dataset;netflix_dataset;roblox_dataset;teams_dataset;tft_dataset;youtubeLive_dataset;youtube_dataset;zepeto_dataset;zoom_dataset;roblox_dataset;navernow_dataset;roblox_dataset;amazon_dataset;roblox_dataset;youtube_dataset;zoom_dataset;youtubeLive_dataset;teams_dataset;tft_dataset;zoom_dataset;gamebox_dataset;youtube_dataset;zoom_dataset;tft_dataset;geforce_dataset;teams_dataset;meet_dataset;meet_dataset;roblox_dataset;youtube_dataset;battleground_dataset;navernow_dataset;roblox_dataset;youtube_dataset;roblox_dataset;geforce_dataset;youtubeLive_dataset;roblox_dataset;afreeca_dataset;geforce_dataset;zepeto_dataset;battleground_dataset;roblox_dataset;netflix_dataset;roblox_dataset;amazon_dataset;meet_dataset;zoom_dataset;amazon_dataset;youtube_dataset;zepeto_dataset;gamebox_dataset;netflix_dataset;tft_dataset;meet_dataset;gamebox_dataset;zoom_dataset;teams_dataset;teams_dataset;battleground_dataset;battleground_dataset;meet_dataset;battleground_dataset;zepeto_dataset;zepeto_dataset;youtube_dataset;meet_dataset;navernow_dataset;meet_dataset;netflix_dataset;gamebox_dataset;afreeca_dataset;geforce_dataset;zoom_dataset;battleground_dataset;battleground_dataset;amazon_dataset;meet_dataset;teams_dataset;battleground_dataset;youtube_dataset;youtube_dataset;battleground_dataset;youtubeLive_dataset;meet_dataset;youtubeLive_dataset;roblox_dataset;amazon_dataset;roblox_dataset;roblox_dataset;gamebox_dataset;geforce_dataset;tft_dataset;netflix_dataset,MEDIUM,44,NO FAIRNESS,0.75,0.75,76.81146289747177,14.210493108606414,3.983894001036615,1.9556040717917027,96.91210762331839,0.2164474104881256,87.00855541727948
100,synthetic_scalability_scenario_derived_from_real_traffic,15,85,afreeca_dataset;amazon_dataset;battleground_dataset;gamebox_dataset;geforce_dataset;meet_dataset;navernow_dataset;netflix_dataset;roblox_dataset;teams_dataset;tft_dataset;youtubeLive_dataset;youtube_dataset;zepeto_dataset;zoom_dataset;roblox_dataset;navernow_dataset;roblox_dataset;amazon_dataset;roblox_dataset;youtube_dataset;zoom_dataset;youtubeLive_dataset;teams_dataset;tft_dataset;zoom_dataset;gamebox_dataset;youtube_dataset;zoom_dataset;tft_dataset;geforce_dataset;teams_dataset;meet_dataset;meet_dataset;roblox_dataset;youtube_dataset;battleground_dataset;navernow_dataset;roblox_dataset;youtube_dataset;roblox_dataset;geforce_dataset;youtubeLive_dataset;roblox_dataset;afreeca_dataset;geforce_dataset;zepeto_dataset;battleground_dataset;roblox_dataset;netflix_dataset;roblox_dataset;amazon_dataset;meet_dataset;zoom_dataset;amazon_dataset;youtube_dataset;zepeto_dataset;gamebox_dataset;netflix_dataset;tft_dataset;meet_dataset;gamebox_dataset;zoom_dataset;teams_dataset;teams_dataset;battleground_dataset;battleground_dataset;meet_dataset;battleground_dataset;zepeto_dataset;zepeto_dataset;youtube_dataset;meet_dataset;navernow_dataset;meet_dataset;netflix_dataset;gamebox_dataset;afreeca_dataset;geforce_dataset;zoom_dataset;battleground_dataset;battleground_dataset;amazon_dataset;meet_dataset;teams_dataset;battleground_dataset;youtube_dataset;youtube_dataset;battleground_dataset;youtubeLive_dataset;meet_dataset;youtubeLive_dataset;roblox_dataset;amazon_dataset;roblox_dataset;roblox_dataset;gamebox_dataset;geforce_dataset;tft_dataset;netflix_dataset,MEDIUM,44,NO PRIORITY,0.75,0.75,76.83219143398904,14.213405569623946,3.9579833303900447,1.955389315359176,96.91300448430493,0.21647953072843104,87.01019318471941
100,synthetic_scalability_scenario_derived_from_real_traffic,15,85,afreeca_dataset;amazon_dataset;battleground_dataset;gamebox_dataset;geforce_dataset;meet_dataset;navernow_dataset;netflix_dataset;roblox_dataset;teams_dataset;tft_dataset;youtubeLive_dataset;youtube_dataset;zepeto_dataset;zoom_dataset;roblox_dataset;navernow_dataset;roblox_dataset;amazon_dataset;roblox_dataset;youtube_dataset;zoom_dataset;youtubeLive_dataset;teams_dataset;tft_dataset;zoom_dataset;gamebox_dataset;youtube_dataset;zoom_dataset;tft_dataset;geforce_dataset;teams_dataset;meet_dataset;meet_dataset;roblox_dataset;youtube_dataset;battleground_dataset;navernow_dataset;roblox_dataset;youtube_dataset;roblox_dataset;geforce_dataset;youtubeLive_dataset;roblox_dataset;afreeca_dataset;geforce_dataset;zepeto_dataset;battleground_dataset;roblox_dataset;netflix_dataset;roblox_dataset;amazon_dataset;meet_dataset;zoom_dataset;amazon_dataset;youtube_dataset;zepeto_dataset;gamebox_dataset;netflix_dataset;tft_dataset;meet_dataset;gamebox_dataset;zoom_dataset;teams_dataset;teams_dataset;battleground_dataset;battleground_dataset;meet_dataset;battleground_dataset;zepeto_dataset;zepeto_dataset;youtube_dataset;meet_dataset;navernow_dataset;meet_dataset;netflix_dataset;gamebox_dataset;afreeca_dataset;geforce_dataset;zoom_dataset;battleground_dataset;battleground_dataset;amazon_dataset;meet_dataset;teams_dataset;battleground_dataset;youtube_dataset;youtube_dataset;battleground_dataset;youtubeLive_dataset;meet_dataset;youtubeLive_dataset;roblox_dataset;amazon_dataset;roblox_dataset;roblox_dataset;gamebox_dataset;geforce_dataset;tft_dataset;netflix_dataset,MEDIUM,44,SINGLE OBJECTIVE,0.75,0.75,76.84640919046227,14.343005404464755,3.940211134798465,2.0520747193685285,96.87100149476831,0.21656392554838164,87.03416802089568
100,synthetic_scalability_scenario_derived_from_real_traffic,15,85,afreeca_dataset;amazon_dataset;battleground_dataset;gamebox_dataset;geforce_dataset;meet_dataset;navernow_dataset;netflix_dataset;roblox_dataset;teams_dataset;tft_dataset;youtubeLive_dataset;youtube_dataset;zepeto_dataset;zoom_dataset;roblox_dataset;netflix_dataset;navernow_dataset;youtubeLive_dataset;meet_dataset;youtube_dataset;navernow_dataset;geforce_dataset;navernow_dataset;navernow_dataset;meet_dataset;youtube_dataset;zepeto_dataset;afreeca_dataset;roblox_dataset;battleground_dataset;geforce_dataset;youtube_dataset;battleground_dataset;gamebox_dataset;navernow_dataset;zepeto_dataset;youtubeLive_dataset;battleground_dataset;afreeca_dataset;meet_dataset;afreeca_dataset;geforce_dataset;zepeto_dataset;youtube_dataset;zepeto_dataset;youtubeLive_dataset;meet_dataset;zoom_dataset;zoom_dataset;tft_dataset;netflix_dataset;zoom_dataset;youtube_dataset;youtubeLive_dataset;teams_dataset;geforce_dataset;netflix_dataset;zepeto_dataset;tft_dataset;youtubeLive_dataset;meet_dataset;meet_dataset;netflix_dataset;netflix_dataset;navernow_dataset;meet_dataset;zoom_dataset;afreeca_dataset;battleground_dataset;afreeca_dataset;geforce_dataset;tft_dataset;tft_dataset;teams_dataset;afreeca_dataset;zepeto_dataset;battleground_dataset;youtube_dataset;netflix_dataset;battleground_dataset;youtubeLive_dataset;amazon_dataset;zepeto_dataset;battleground_dataset;zepeto_dataset;netflix_dataset;afreeca_dataset;geforce_dataset;amazon_dataset;amazon_dataset;tft_dataset;meet_dataset;tft_dataset;navernow_dataset;zepeto_dataset;gamebox_dataset;amazon_dataset;gamebox_dataset;zepeto_dataset,MEDIUM,45,FULL BLENDED MODEL,0.75,0.75,75.32142037764585,15.051921677780332,5.845755203105849,2.178329628688513,95.84947683109118,0.26312992384225825,89.00986894355479
100,synthetic_scalability_scenario_derived_from_real_traffic,15,85,afreeca_dataset;amazon_dataset;battleground_dataset;gamebox_dataset;geforce_dataset;meet_dataset;navernow_dataset;netflix_dataset;roblox_dataset;teams_dataset;tft_dataset;youtubeLive_dataset;youtube_dataset;zepeto_dataset;zoom_dataset;roblox_dataset;netflix_dataset;navernow_dataset;youtubeLive_dataset;meet_dataset;youtube_dataset;navernow_dataset;geforce_dataset;navernow_dataset;navernow_dataset;meet_dataset;youtube_dataset;zepeto_dataset;afreeca_dataset;roblox_dataset;battleground_dataset;geforce_dataset;youtube_dataset;battleground_dataset;gamebox_dataset;navernow_dataset;zepeto_dataset;youtubeLive_dataset;battleground_dataset;afreeca_dataset;meet_dataset;afreeca_dataset;geforce_dataset;zepeto_dataset;youtube_dataset;zepeto_dataset;youtubeLive_dataset;meet_dataset;zoom_dataset;zoom_dataset;tft_dataset;netflix_dataset;zoom_dataset;youtube_dataset;youtubeLive_dataset;teams_dataset;geforce_dataset;netflix_dataset;zepeto_dataset;tft_dataset;youtubeLive_dataset;meet_dataset;meet_dataset;netflix_dataset;netflix_dataset;navernow_dataset;meet_dataset;zoom_dataset;afreeca_dataset;battleground_dataset;afreeca_dataset;geforce_dataset;tft_dataset;tft_dataset;teams_dataset;afreeca_dataset;zepeto_dataset;battleground_dataset;youtube_dataset;netflix_dataset;battleground_dataset;youtubeLive_dataset;amazon_dataset;zepeto_dataset;battleground_dataset;zepeto_dataset;netflix_dataset;afreeca_dataset;geforce_dataset;amazon_dataset;amazon_dataset;tft_dataset;meet_dataset;tft_dataset;navernow_dataset;zepeto_dataset;gamebox_dataset;amazon_dataset;gamebox_dataset;zepeto_dataset,MEDIUM,45,PREDICTION ONLY,1.0,0.75,72.07141040067668,27.173344858100492,9.907942822141347,8.937011990512353,94.69865470852018,0.2669323621344073,90.17580833160042
100,synthetic_scalability_scenario_derived_from_real_traffic,15,85,afreeca_dataset;amazon_dataset;battleground_dataset;gamebox_dataset;geforce_dataset;meet_dataset;navernow_dataset;netflix_dataset;roblox_dataset;teams_dataset;tft_dataset;youtubeLive_dataset;youtube_dataset;zepeto_dataset;zoom_dataset;roblox_dataset;netflix_dataset;navernow_dataset;youtubeLive_dataset;meet_dataset;youtube_dataset;navernow_dataset;geforce_dataset;navernow_dataset;navernow_dataset;meet_dataset;youtube_dataset;zepeto_dataset;afreeca_dataset;roblox_dataset;battleground_dataset;geforce_dataset;youtube_dataset;battleground_dataset;gamebox_dataset;navernow_dataset;zepeto_dataset;youtubeLive_dataset;battleground_dataset;afreeca_dataset;meet_dataset;afreeca_dataset;geforce_dataset;zepeto_dataset;youtube_dataset;zepeto_dataset;youtubeLive_dataset;meet_dataset;zoom_dataset;zoom_dataset;tft_dataset;netflix_dataset;zoom_dataset;youtube_dataset;youtubeLive_dataset;teams_dataset;geforce_dataset;netflix_dataset;zepeto_dataset;tft_dataset;youtubeLive_dataset;meet_dataset;meet_dataset;netflix_dataset;netflix_dataset;navernow_dataset;meet_dataset;zoom_dataset;afreeca_dataset;battleground_dataset;afreeca_dataset;geforce_dataset;tft_dataset;tft_dataset;teams_dataset;afreeca_dataset;zepeto_dataset;battleground_dataset;youtube_dataset;netflix_dataset;battleground_dataset;youtubeLive_dataset;amazon_dataset;zepeto_dataset;battleground_dataset;zepeto_dataset;netflix_dataset;afreeca_dataset;geforce_dataset;amazon_dataset;amazon_dataset;tft_dataset;meet_dataset;tft_dataset;navernow_dataset;zepeto_dataset;gamebox_dataset;amazon_dataset;gamebox_dataset;zepeto_dataset,MEDIUM,45,NO PREDICTION,0.0,0.75,79.96233921607634,10.00519890281078,0.04707597990453719,0.010237451925979657,99.98744394618834,0.23676020476670218,79.96233921607637
100,synthetic_scalability_scenario_derived_from_real_traffic,15,85,afreeca_dataset;amazon_dataset;battleground_dataset;gamebox_dataset;geforce_dataset;meet_dataset;navernow_dataset;netflix_dataset;roblox_dataset;teams_dataset;tft_dataset;youtubeLive_dataset;youtube_dataset;zepeto_dataset;zoom_dataset;roblox_dataset;netflix_dataset;navernow_dataset;youtubeLive_dataset;meet_dataset;youtube_dataset;navernow_dataset;geforce_dataset;navernow_dataset;navernow_dataset;meet_dataset;youtube_dataset;zepeto_dataset;afreeca_dataset;roblox_dataset;battleground_dataset;geforce_dataset;youtube_dataset;battleground_dataset;gamebox_dataset;navernow_dataset;zepeto_dataset;youtubeLive_dataset;battleground_dataset;afreeca_dataset;meet_dataset;afreeca_dataset;geforce_dataset;zepeto_dataset;youtube_dataset;zepeto_dataset;youtubeLive_dataset;meet_dataset;zoom_dataset;zoom_dataset;tft_dataset;netflix_dataset;zoom_dataset;youtube_dataset;youtubeLive_dataset;teams_dataset;geforce_dataset;netflix_dataset;zepeto_dataset;tft_dataset;youtubeLive_dataset;meet_dataset;meet_dataset;netflix_dataset;netflix_dataset;navernow_dataset;meet_dataset;zoom_dataset;afreeca_dataset;battleground_dataset;afreeca_dataset;geforce_dataset;tft_dataset;tft_dataset;teams_dataset;afreeca_dataset;zepeto_dataset;battleground_dataset;youtube_dataset;netflix_dataset;battleground_dataset;youtubeLive_dataset;amazon_dataset;zepeto_dataset;battleground_dataset;zepeto_dataset;netflix_dataset;afreeca_dataset;geforce_dataset;amazon_dataset;amazon_dataset;tft_dataset;meet_dataset;tft_dataset;navernow_dataset;zepeto_dataset;gamebox_dataset;amazon_dataset;gamebox_dataset;zepeto_dataset,MEDIUM,45,NO FAIRNESS,0.75,0.75,75.32017850825656,15.051808736329864,5.847307539842442,2.178468051280156,95.84947683109118,0.2631188325263367,89.00887357964825
100,synthetic_scalability_scenario_derived_from_real_traffic,15,85,afreeca_dataset;amazon_dataset;battleground_dataset;gamebox_dataset;geforce_dataset;meet_dataset;navernow_dataset;netflix_dataset;roblox_dataset;teams_dataset;tft_dataset;youtubeLive_dataset;youtube_dataset;zepeto_dataset;zoom_dataset;roblox_dataset;netflix_dataset;navernow_dataset;youtubeLive_dataset;meet_dataset;youtube_dataset;navernow_dataset;geforce_dataset;navernow_dataset;navernow_dataset;meet_dataset;youtube_dataset;zepeto_dataset;afreeca_dataset;roblox_dataset;battleground_dataset;geforce_dataset;youtube_dataset;battleground_dataset;gamebox_dataset;navernow_dataset;zepeto_dataset;youtubeLive_dataset;battleground_dataset;afreeca_dataset;meet_dataset;afreeca_dataset;geforce_dataset;zepeto_dataset;youtube_dataset;zepeto_dataset;youtubeLive_dataset;meet_dataset;zoom_dataset;zoom_dataset;tft_dataset;netflix_dataset;zoom_dataset;youtube_dataset;youtubeLive_dataset;teams_dataset;geforce_dataset;netflix_dataset;zepeto_dataset;tft_dataset;youtubeLive_dataset;meet_dataset;meet_dataset;netflix_dataset;netflix_dataset;navernow_dataset;meet_dataset;zoom_dataset;afreeca_dataset;battleground_dataset;afreeca_dataset;geforce_dataset;tft_dataset;tft_dataset;teams_dataset;afreeca_dataset;zepeto_dataset;battleground_dataset;youtube_dataset;netflix_dataset;battleground_dataset;youtubeLive_dataset;amazon_dataset;zepeto_dataset;battleground_dataset;zepeto_dataset;netflix_dataset;afreeca_dataset;geforce_dataset;amazon_dataset;amazon_dataset;tft_dataset;meet_dataset;tft_dataset;navernow_dataset;zepeto_dataset;gamebox_dataset;amazon_dataset;gamebox_dataset;zepeto_dataset,MEDIUM,45,NO PRIORITY,0.75,0.75,75.34005700189543,15.053914517108742,5.822459422793874,2.177891436445101,95.850822122571,0.2631747654460893,89.00989800137367
100,synthetic_scalability_scenario_derived_from_real_traffic,15,85,afreeca_dataset;amazon_dataset;battleground_dataset;gamebox_dataset;geforce_dataset;meet_dataset;navernow_dataset;netflix_dataset;roblox_dataset;teams_dataset;tft_dataset;youtubeLive_dataset;youtube_dataset;zepeto_dataset;zoom_dataset;roblox_dataset;netflix_dataset;navernow_dataset;youtubeLive_dataset;meet_dataset;youtube_dataset;navernow_dataset;geforce_dataset;navernow_dataset;navernow_dataset;meet_dataset;youtube_dataset;zepeto_dataset;afreeca_dataset;roblox_dataset;battleground_dataset;geforce_dataset;youtube_dataset;battleground_dataset;gamebox_dataset;navernow_dataset;zepeto_dataset;youtubeLive_dataset;battleground_dataset;afreeca_dataset;meet_dataset;afreeca_dataset;geforce_dataset;zepeto_dataset;youtube_dataset;zepeto_dataset;youtubeLive_dataset;meet_dataset;zoom_dataset;zoom_dataset;tft_dataset;netflix_dataset;zoom_dataset;youtube_dataset;youtubeLive_dataset;teams_dataset;geforce_dataset;netflix_dataset;zepeto_dataset;tft_dataset;youtubeLive_dataset;meet_dataset;meet_dataset;netflix_dataset;netflix_dataset;navernow_dataset;meet_dataset;zoom_dataset;afreeca_dataset;battleground_dataset;afreeca_dataset;geforce_dataset;tft_dataset;tft_dataset;teams_dataset;afreeca_dataset;zepeto_dataset;battleground_dataset;youtube_dataset;netflix_dataset;battleground_dataset;youtubeLive_dataset;amazon_dataset;zepeto_dataset;battleground_dataset;zepeto_dataset;netflix_dataset;afreeca_dataset;geforce_dataset;amazon_dataset;amazon_dataset;tft_dataset;meet_dataset;tft_dataset;navernow_dataset;zepeto_dataset;gamebox_dataset;amazon_dataset;gamebox_dataset;zepeto_dataset,MEDIUM,45,SINGLE OBJECTIVE,0.75,0.75,75.3436847168352,15.17763564743386,5.817924779119167,2.2850942510929975,95.8101644245142,0.2632508905098418,89.04014644083226
100,synthetic_scalability_scenario_derived_from_real_traffic,15,85,afreeca_dataset;amazon_dataset;battleground_dataset;gamebox_dataset;geforce_dataset;meet_dataset;navernow_dataset;netflix_dataset;roblox_dataset;teams_dataset;tft_dataset;youtubeLive_dataset;youtube_dataset;zepeto_dataset;zoom_dataset;teams_dataset;battleground_dataset;youtubeLive_dataset;zepeto_dataset;gamebox_dataset;geforce_dataset;zepeto_dataset;geforce_dataset;zoom_dataset;gamebox_dataset;meet_dataset;teams_dataset;afreeca_dataset;battleground_dataset;geforce_dataset;zoom_dataset;teams_dataset;tft_dataset;youtube_dataset;zoom_dataset;youtube_dataset;netflix_dataset;battleground_dataset;teams_dataset;tft_dataset;youtubeLive_dataset;meet_dataset;battleground_dataset;gamebox_dataset;battleground_dataset;navernow_dataset;meet_dataset;youtubeLive_dataset;geforce_dataset;netflix_dataset;zepeto_dataset;zoom_dataset;geforce_dataset;afreeca_dataset;zepeto_dataset;roblox_dataset;netflix_dataset;netflix_dataset;gamebox_dataset;meet_dataset;zepeto_dataset;gamebox_dataset;meet_dataset;zepeto_dataset;teams_dataset;zoom_dataset;teams_dataset;amazon_dataset;tft_dataset;geforce_dataset;teams_dataset;youtubeLive_dataset;youtube_dataset;meet_dataset;roblox_dataset;netflix_dataset;netflix_dataset;amazon_dataset;youtubeLive_dataset;amazon_dataset;tft_dataset;teams_dataset;geforce_dataset;battleground_dataset;meet_dataset;zoom_dataset;meet_dataset;gamebox_dataset;youtube_dataset;tft_dataset;roblox_dataset;tft_dataset;afreeca_dataset;zoom_dataset;netflix_dataset;meet_dataset;amazon_dataset;battleground_dataset;teams_dataset;navernow_dataset,MEDIUM,46,FULL BLENDED MODEL,0.75,0.75,78.2086034732069,13.90361001378826,2.237534725172214,2.075259851632875,97.39850523168909,0.2496785771645268,86.16021090409433
100,synthetic_scalability_scenario_derived_from_real_traffic,15,85,afreeca_dataset;amazon_dataset;battleground_dataset;gamebox_dataset;geforce_dataset;meet_dataset;navernow_dataset;netflix_dataset;roblox_dataset;teams_dataset;tft_dataset;youtubeLive_dataset;youtube_dataset;zepeto_dataset;zoom_dataset;teams_dataset;battleground_dataset;youtubeLive_dataset;zepeto_dataset;gamebox_dataset;geforce_dataset;zepeto_dataset;geforce_dataset;zoom_dataset;gamebox_dataset;meet_dataset;teams_dataset;afreeca_dataset;battleground_dataset;geforce_dataset;zoom_dataset;teams_dataset;tft_dataset;youtube_dataset;zoom_dataset;youtube_dataset;netflix_dataset;battleground_dataset;teams_dataset;tft_dataset;youtubeLive_dataset;meet_dataset;battleground_dataset;gamebox_dataset;battleground_dataset;navernow_dataset;meet_dataset;youtubeLive_dataset;geforce_dataset;netflix_dataset;zepeto_dataset;zoom_dataset;geforce_dataset;afreeca_dataset;zepeto_dataset;roblox_dataset;netflix_dataset;netflix_dataset;gamebox_dataset;meet_dataset;zepeto_dataset;gamebox_dataset;meet_dataset;zepeto_dataset;teams_dataset;zoom_dataset;teams_dataset;amazon_dataset;tft_dataset;geforce_dataset;teams_dataset;youtubeLive_dataset;youtube_dataset;meet_dataset;roblox_dataset;netflix_dataset;netflix_dataset;amazon_dataset;youtubeLive_dataset;amazon_dataset;tft_dataset;teams_dataset;geforce_dataset;battleground_dataset;meet_dataset;zoom_dataset;meet_dataset;gamebox_dataset;youtube_dataset;tft_dataset;roblox_dataset;tft_dataset;afreeca_dataset;zoom_dataset;netflix_dataset;meet_dataset;amazon_dataset;battleground_dataset;teams_dataset;navernow_dataset,MEDIUM,46,PREDICTION ONLY,1.0,0.75,76.85564557631608,22.40803332767955,3.9282863492052766,8.24301981254363,96.43497757847534,0.2532976960710827,87.44540513654017
100,synthetic_scalability_scenario_derived_from_real_traffic,15,85,afreeca_dataset;amazon_dataset;battleground_dataset;gamebox_dataset;geforce_dataset;meet_dataset;navernow_dataset;netflix_dataset;roblox_dataset;teams_dataset;tft_dataset;youtubeLive_dataset;youtube_dataset;zepeto_dataset;zoom_dataset;teams_dataset;battleground_dataset;youtubeLive_dataset;zepeto_dataset;gamebox_dataset;geforce_dataset;zepeto_dataset;geforce_dataset;zoom_dataset;gamebox_dataset;meet_dataset;teams_dataset;afreeca_dataset;battleground_dataset;geforce_dataset;zoom_dataset;teams_dataset;tft_dataset;youtube_dataset;zoom_dataset;youtube_dataset;netflix_dataset;battleground_dataset;teams_dataset;tft_dataset;youtubeLive_dataset;meet_dataset;battleground_dataset;gamebox_dataset;battleground_dataset;navernow_dataset;meet_dataset;youtubeLive_dataset;geforce_dataset;netflix_dataset;zepeto_dataset;zoom_dataset;geforce_dataset;afreeca_dataset;zepeto_dataset;roblox_dataset;netflix_dataset;netflix_dataset;gamebox_dataset;meet_dataset;zepeto_dataset;gamebox_dataset;meet_dataset;zepeto_dataset;teams_dataset;zoom_dataset;teams_dataset;amazon_dataset;tft_dataset;geforce_dataset;teams_dataset;youtubeLive_dataset;youtube_dataset;meet_dataset;roblox_dataset;netflix_dataset;netflix_dataset;amazon_dataset;youtubeLive_dataset;amazon_dataset;tft_dataset;teams_dataset;geforce_dataset;battleground_dataset;meet_dataset;zoom_dataset;meet_dataset;gamebox_dataset;youtube_dataset;tft_dataset;roblox_dataset;tft_dataset;afreeca_dataset;zoom_dataset;netflix_dataset;meet_dataset;amazon_dataset;battleground_dataset;teams_dataset;navernow_dataset,MEDIUM,46,NO PREDICTION,0.0,0.75,79.98208091469446,10.00097007718551,0.02239885663191398,0.0018566799350506272,99.99626307922271,0.2307117488146384,79.98208091469448
100,synthetic_scalability_scenario_derived_from_real_traffic,15,85,afreeca_dataset;amazon_dataset;battleground_dataset;gamebox_dataset;geforce_dataset;meet_dataset;navernow_dataset;netflix_dataset;roblox_dataset;teams_dataset;tft_dataset;youtubeLive_dataset;youtube_dataset;zepeto_dataset;zoom_dataset;teams_dataset;battleground_dataset;youtubeLive_dataset;zepeto_dataset;gamebox_dataset;geforce_dataset;zepeto_dataset;geforce_dataset;zoom_dataset;gamebox_dataset;meet_dataset;teams_dataset;afreeca_dataset;battleground_dataset;geforce_dataset;zoom_dataset;teams_dataset;tft_dataset;youtube_dataset;zoom_dataset;youtube_dataset;netflix_dataset;battleground_dataset;teams_dataset;tft_dataset;youtubeLive_dataset;meet_dataset;battleground_dataset;gamebox_dataset;battleground_dataset;navernow_dataset;meet_dataset;youtubeLive_dataset;geforce_dataset;netflix_dataset;zepeto_dataset;zoom_dataset;geforce_dataset;afreeca_dataset;zepeto_dataset;roblox_dataset;netflix_dataset;netflix_dataset;gamebox_dataset;meet_dataset;zepeto_dataset;gamebox_dataset;meet_dataset;zepeto_dataset;teams_dataset;zoom_dataset;teams_dataset;amazon_dataset;tft_dataset;geforce_dataset;teams_dataset;youtubeLive_dataset;youtube_dataset;meet_dataset;roblox_dataset;netflix_dataset;netflix_dataset;amazon_dataset;youtubeLive_dataset;amazon_dataset;tft_dataset;teams_dataset;geforce_dataset;battleground_dataset;meet_dataset;zoom_dataset;meet_dataset;gamebox_dataset;youtube_dataset;tft_dataset;roblox_dataset;tft_dataset;afreeca_dataset;zoom_dataset;netflix_dataset;meet_dataset;amazon_dataset;battleground_dataset;teams_dataset;navernow_dataset,MEDIUM,46,NO FAIRNESS,0.75,0.75,78.20845212009833,13.90360395259868,2.237723916557945,2.0752596311754323,97.39850523168909,0.2496774510086255,86.16011130031968
100,synthetic_scalability_scenario_derived_from_real_traffic,15,85,afreeca_dataset;amazon_dataset;battleground_dataset;gamebox_dataset;geforce_dataset;meet_dataset;navernow_dataset;netflix_dataset;roblox_dataset;teams_dataset;tft_dataset;youtubeLive_dataset;youtube_dataset;zepeto_dataset;zoom_dataset;teams_dataset;battleground_dataset;youtubeLive_dataset;zepeto_dataset;gamebox_dataset;geforce_dataset;zepeto_dataset;geforce_dataset;zoom_dataset;gamebox_dataset;meet_dataset;teams_dataset;afreeca_dataset;battleground_dataset;geforce_dataset;zoom_dataset;teams_dataset;tft_dataset;youtube_dataset;zoom_dataset;youtube_dataset;netflix_dataset;battleground_dataset;teams_dataset;tft_dataset;youtubeLive_dataset;meet_dataset;battleground_dataset;gamebox_dataset;battleground_dataset;navernow_dataset;meet_dataset;youtubeLive_dataset;geforce_dataset;netflix_dataset;zepeto_dataset;zoom_dataset;geforce_dataset;afreeca_dataset;zepeto_dataset;roblox_dataset;netflix_dataset;netflix_dataset;gamebox_dataset;meet_dataset;zepeto_dataset;gamebox_dataset;meet_dataset;zepeto_dataset;teams_dataset;zoom_dataset;teams_dataset;amazon_dataset;tft_dataset;geforce_dataset;teams_dataset;youtubeLive_dataset;youtube_dataset;meet_dataset;roblox_dataset;netflix_dataset;netflix_dataset;amazon_dataset;youtubeLive_dataset;amazon_dataset;tft_dataset;teams_dataset;geforce_dataset;battleground_dataset;meet_dataset;zoom_dataset;meet_dataset;gamebox_dataset;youtube_dataset;tft_dataset;roblox_dataset;tft_dataset;afreeca_dataset;zoom_dataset;netflix_dataset;meet_dataset;amazon_dataset;battleground_dataset;teams_dataset;navernow_dataset,MEDIUM,46,NO PRIORITY,0.75,0.75,78.2183710472017,13.90481630881045,2.2253252576787395,2.074736697181194,97.39970104633782,0.24969766141204194,86.1611341011497
100,synthetic_scalability_scenario_derived_from_real_traffic,15,85,afreeca_dataset;amazon_dataset;battleground_dataset;gamebox_dataset;geforce_dataset;meet_dataset;navernow_dataset;netflix_dataset;roblox_dataset;teams_dataset;tft_dataset;youtubeLive_dataset;youtube_dataset;zepeto_dataset;zoom_dataset;teams_dataset;battleground_dataset;youtubeLive_dataset;zepeto_dataset;gamebox_dataset;geforce_dataset;zepeto_dataset;geforce_dataset;zoom_dataset;gamebox_dataset;meet_dataset;teams_dataset;afreeca_dataset;battleground_dataset;geforce_dataset;zoom_dataset;teams_dataset;tft_dataset;youtube_dataset;zoom_dataset;youtube_dataset;netflix_dataset;battleground_dataset;teams_dataset;tft_dataset;youtubeLive_dataset;meet_dataset;battleground_dataset;gamebox_dataset;battleground_dataset;navernow_dataset;meet_dataset;youtubeLive_dataset;geforce_dataset;netflix_dataset;zepeto_dataset;zoom_dataset;geforce_dataset;afreeca_dataset;zepeto_dataset;roblox_dataset;netflix_dataset;netflix_dataset;gamebox_dataset;meet_dataset;zepeto_dataset;gamebox_dataset;meet_dataset;zepeto_dataset;teams_dataset;zoom_dataset;teams_dataset;amazon_dataset;tft_dataset;geforce_dataset;teams_dataset;youtubeLive_dataset;youtube_dataset;meet_dataset;roblox_dataset;netflix_dataset;netflix_dataset;amazon_dataset;youtubeLive_dataset;amazon_dataset;tft_dataset;teams_dataset;geforce_dataset;battleground_dataset;meet_dataset;zoom_dataset;meet_dataset;gamebox_dataset;youtube_dataset;tft_dataset;roblox_dataset;tft_dataset;afreeca_dataset;zoom_dataset;netflix_dataset;meet_dataset;amazon_dataset;battleground_dataset;teams_dataset;navernow_dataset,MEDIUM,46,SINGLE OBJECTIVE,0.75,0.75,78.2242306843563,13.957176426911785,2.218000711235446,2.1173747220038095,97.38281016442451,0.2497361650345964,86.17028087700731
100,synthetic_scalability_scenario_derived_from_real_traffic,15,85,afreeca_dataset;amazon_dataset;battleground_dataset;gamebox_dataset;geforce_dataset;meet_dataset;navernow_dataset;netflix_dataset;roblox_dataset;teams_dataset;tft_dataset;youtubeLive_dataset;youtube_dataset;zepeto_dataset;zoom_dataset;roblox_dataset;navernow_dataset;amazon_dataset;zepeto_dataset;youtube_dataset;geforce_dataset;battleground_dataset;tft_dataset;amazon_dataset;navernow_dataset;tft_dataset;youtubeLive_dataset;meet_dataset;netflix_dataset;roblox_dataset;youtubeLive_dataset;zepeto_dataset;meet_dataset;navernow_dataset;zepeto_dataset;amazon_dataset;youtubeLive_dataset;navernow_dataset;tft_dataset;geforce_dataset;roblox_dataset;zoom_dataset;battleground_dataset;teams_dataset;amazon_dataset;youtubeLive_dataset;navernow_dataset;youtube_dataset;zepeto_dataset;gamebox_dataset;teams_dataset;youtube_dataset;youtube_dataset;youtubeLive_dataset;youtubeLive_dataset;netflix_dataset;geforce_dataset;roblox_dataset;netflix_dataset;afreeca_dataset;gamebox_dataset;navernow_dataset;teams_dataset;youtube_dataset;amazon_dataset;roblox_dataset;roblox_dataset;amazon_dataset;youtubeLive_dataset;teams_dataset;meet_dataset;zoom_dataset;geforce_dataset;zoom_dataset;afreeca_dataset;youtube_dataset;youtube_dataset;zepeto_dataset;navernow_dataset;amazon_dataset;netflix_dataset;zoom_dataset;navernow_dataset;navernow_dataset;geforce_dataset;meet_dataset;amazon_dataset;youtubeLive_dataset;tft_dataset;tft_dataset;zepeto_dataset;zoom_dataset;netflix_dataset;netflix_dataset;battleground_dataset;gamebox_dataset;tft_dataset;teams_dataset;zoom_dataset;meet_dataset,HIGH,42,FULL BLENDED MODEL,0.75,0.75,85.60671556739176,17.904518463145163,22.171279242617224,2.377912862781862,86.22750373692078,0.2994673804667099,99.999728592503
100,synthetic_scalability_scenario_derived_from_real_traffic,15,85,afreeca_dataset;amazon_dataset;battleground_dataset;gamebox_dataset;geforce_dataset;meet_dataset;navernow_dataset;netflix_dataset;roblox_dataset;teams_dataset;tft_dataset;youtubeLive_dataset;youtube_dataset;zepeto_dataset;zoom_dataset;roblox_dataset;navernow_dataset;amazon_dataset;zepeto_dataset;youtube_dataset;geforce_dataset;battleground_dataset;tft_dataset;amazon_dataset;navernow_dataset;tft_dataset;youtubeLive_dataset;meet_dataset;netflix_dataset;roblox_dataset;youtubeLive_dataset;zepeto_dataset;meet_dataset;navernow_dataset;zepeto_dataset;amazon_dataset;youtubeLive_dataset;navernow_dataset;tft_dataset;geforce_dataset;roblox_dataset;zoom_dataset;battleground_dataset;teams_dataset;amazon_dataset;youtubeLive_dataset;navernow_dataset;youtube_dataset;zepeto_dataset;gamebox_dataset;teams_dataset;youtube_dataset;youtube_dataset;youtubeLive_dataset;youtubeLive_dataset;netflix_dataset;geforce_dataset;roblox_dataset;netflix_dataset;afreeca_dataset;gamebox_dataset;navernow_dataset;teams_dataset;youtube_dataset;amazon_dataset;roblox_dataset;roblox_dataset;amazon_dataset;youtubeLive_dataset;teams_dataset;meet_dataset;zoom_dataset;geforce_dataset;zoom_dataset;afreeca_dataset;youtube_dataset;youtube_dataset;zepeto_dataset;navernow_dataset;amazon_dataset;netflix_dataset;zoom_dataset;navernow_dataset;navernow_dataset;geforce_dataset;meet_dataset;amazon_dataset;youtubeLive_dataset;tft_dataset;tft_dataset;zepeto_dataset;zoom_dataset;netflix_dataset;netflix_dataset;battleground_dataset;gamebox_dataset;tft_dataset;teams_dataset;zoom_dataset;meet_dataset,HIGH,42,PREDICTION ONLY,1.0,0.75,81.52572557680573,32.90959318403458,25.881276319524048,9.833988523949856,85.7390134529148,0.2924325273544532,99.99909930560133
100,synthetic_scalability_scenario_derived_from_real_traffic,15,85,afreeca_dataset;amazon_dataset;battleground_dataset;gamebox_dataset;geforce_dataset;meet_dataset;navernow_dataset;netflix_dataset;roblox_dataset;teams_dataset;tft_dataset;youtubeLive_dataset;youtube_dataset;zepeto_dataset;zoom_dataset;roblox_dataset;navernow_dataset;amazon_dataset;zepeto_dataset;youtube_dataset;geforce_dataset;battleground_dataset;tft_dataset;amazon_dataset;navernow_dataset;tft_dataset;youtubeLive_dataset;meet_dataset;netflix_dataset;roblox_dataset;youtubeLive_dataset;zepeto_dataset;meet_dataset;navernow_dataset;zepeto_dataset;amazon_dataset;youtubeLive_dataset;navernow_dataset;tft_dataset;geforce_dataset;roblox_dataset;zoom_dataset;battleground_dataset;teams_dataset;amazon_dataset;youtubeLive_dataset;navernow_dataset;youtube_dataset;zepeto_dataset;gamebox_dataset;teams_dataset;youtube_dataset;youtube_dataset;youtubeLive_dataset;youtubeLive_dataset;netflix_dataset;geforce_dataset;roblox_dataset;netflix_dataset;afreeca_dataset;gamebox_dataset;navernow_dataset;teams_dataset;youtube_dataset;amazon_dataset;roblox_dataset;roblox_dataset;amazon_dataset;youtubeLive_dataset;teams_dataset;meet_dataset;zoom_dataset;geforce_dataset;zoom_dataset;afreeca_dataset;youtube_dataset;youtube_dataset;zepeto_dataset;navernow_dataset;amazon_dataset;netflix_dataset;zoom_dataset;navernow_dataset;navernow_dataset;geforce_dataset;meet_dataset;amazon_dataset;youtubeLive_dataset;tft_dataset;tft_dataset;zepeto_dataset;zoom_dataset;netflix_dataset;netflix_dataset;battleground_dataset;gamebox_dataset;tft_dataset;teams_dataset;zoom_dataset;meet_dataset,HIGH,42,NO PREDICTION,0.0,0.75,99.88586136632244,11.652177814959755,9.192455394308997,0.7717547066647908,93.7168908819133,0.25385423449611777,99.88586136632243
100,synthetic_scalability_scenario_derived_from_real_traffic,15,85,afreeca_dataset;amazon_dataset;battleground_dataset;gamebox_dataset;geforce_dataset;meet_dataset;navernow_dataset;netflix_dataset;roblox_dataset;teams_dataset;tft_dataset;youtubeLive_dataset;youtube_dataset;zepeto_dataset;zoom_dataset;roblox_dataset;navernow_dataset;amazon_dataset;zepeto_dataset;youtube_dataset;geforce_dataset;battleground_dataset;tft_dataset;amazon_dataset;navernow_dataset;tft_dataset;youtubeLive_dataset;meet_dataset;netflix_dataset;roblox_dataset;youtubeLive_dataset;zepeto_dataset;meet_dataset;navernow_dataset;zepeto_dataset;amazon_dataset;youtubeLive_dataset;navernow_dataset;tft_dataset;geforce_dataset;roblox_dataset;zoom_dataset;battleground_dataset;teams_dataset;amazon_dataset;youtubeLive_dataset;navernow_dataset;youtube_dataset;zepeto_dataset;gamebox_dataset;teams_dataset;youtube_dataset;youtube_dataset;youtubeLive_dataset;youtubeLive_dataset;netflix_dataset;geforce_dataset;roblox_dataset;netflix_dataset;afreeca_dataset;gamebox_dataset;navernow_dataset;teams_dataset;youtube_dataset;amazon_dataset;roblox_dataset;roblox_dataset;amazon_dataset;youtubeLive_dataset;teams_dataset;meet_dataset;zoom_dataset;geforce_dataset;zoom_dataset;afreeca_dataset;youtube_dataset;youtube_dataset;zepeto_dataset;navernow_dataset;amazon_dataset;netflix_dataset;zoom_dataset;navernow_dataset;navernow_dataset;geforce_dataset;meet_dataset;amazon_dataset;youtubeLive_dataset;tft_dataset;tft_dataset;zepeto_dataset;zoom_dataset;netflix_dataset;netflix_dataset;battleground_dataset;gamebox_dataset;tft_dataset;teams_dataset;zoom_dataset;meet_dataset,HIGH,42,NO FAIRNESS,0.75,0.75,86.21231520203231,17.970009254622553,21.620712302807586,2.3526103768288973,86.43153961136024,0.2948854148580955,99.999728592503
100,synthetic_scalability_scenario_derived_from_real_traffic,15,85,afreeca_dataset;amazon_dataset;battleground_dataset;gamebox_dataset;geforce_dataset;meet_dataset;navernow_dataset;netflix_dataset;roblox_dataset;teams_dataset;tft_dataset;youtubeLive_dataset;youtube_dataset;zepeto_dataset;zoom_dataset;roblox_dataset;navernow_dataset;amazon_dataset;zepeto_dataset;youtube_dataset;geforce_dataset;battleground_dataset;tft_dataset;amazon_dataset;navernow_dataset;tft_dataset;youtubeLive_dataset;meet_dataset;netflix_dataset;roblox_dataset;youtubeLive_dataset;zepeto_dataset;meet_dataset;navernow_dataset;zepeto_dataset;amazon_dataset;youtubeLive_dataset;navernow_dataset;tft_dataset;geforce_dataset;roblox_dataset;zoom_dataset;battleground_dataset;teams_dataset;amazon_dataset;youtubeLive_dataset;navernow_dataset;youtube_dataset;zepeto_dataset;gamebox_dataset;teams_dataset;youtube_dataset;youtube_dataset;youtubeLive_dataset;youtubeLive_dataset;netflix_dataset;geforce_dataset;roblox_dataset;netflix_dataset;afreeca_dataset;gamebox_dataset;navernow_dataset;teams_dataset;youtube_dataset;amazon_dataset;roblox_dataset;roblox_dataset;amazon_dataset;youtubeLive_dataset;teams_dataset;meet_dataset;zoom_dataset;geforce_dataset;zoom_dataset;afreeca_dataset;youtube_dataset;youtube_dataset;zepeto_dataset;navernow_dataset;amazon_dataset;netflix_dataset;zoom_dataset;navernow_dataset;navernow_dataset;geforce_dataset;meet_dataset;amazon_dataset;youtubeLive_dataset;tft_dataset;tft_dataset;zepeto_dataset;zoom_dataset;netflix_dataset;netflix_dataset;battleground_dataset;gamebox_dataset;tft_dataset;teams_dataset;zoom_dataset;meet_dataset,HIGH,42,NO PRIORITY,0.75,0.75,91.00759909667033,18.97918528942556,17.261458140422317,2.276856350565999,88.53677130044844,0.2668817872041512,99.999728592503
100,synthetic_scalability_scenario_derived_from_real_traffic,15,85,afreeca_dataset;amazon_dataset;battleground_dataset;gamebox_dataset;geforce_dataset;meet_dataset;navernow_dataset;netflix_dataset;roblox_dataset;teams_dataset;tft_dataset;youtubeLive_dataset;youtube_dataset;zepeto_dataset;zoom_dataset;roblox_dataset;navernow_dataset;amazon_dataset;zepeto_dataset;youtube_dataset;geforce_dataset;battleground_dataset;tft_dataset;amazon_dataset;navernow_dataset;tft_dataset;youtubeLive_dataset;meet_dataset;netflix_dataset;roblox_dataset;youtubeLive_dataset;zepeto_dataset;meet_dataset;navernow_dataset;zepeto_dataset;amazon_dataset;youtubeLive_dataset;navernow_dataset;tft_dataset;geforce_dataset;roblox_dataset;zoom_dataset;battleground_dataset;teams_dataset;amazon_dataset;youtubeLive_dataset;navernow_dataset;youtube_dataset;zepeto_dataset;gamebox_dataset;teams_dataset;youtube_dataset;youtube_dataset;youtubeLive_dataset;youtubeLive_dataset;netflix_dataset;geforce_dataset;roblox_dataset;netflix_dataset;afreeca_dataset;gamebox_dataset;navernow_dataset;teams_dataset;youtube_dataset;amazon_dataset;roblox_dataset;roblox_dataset;amazon_dataset;youtubeLive_dataset;teams_dataset;meet_dataset;zoom_dataset;geforce_dataset;zoom_dataset;afreeca_dataset;youtube_dataset;youtube_dataset;zepeto_dataset;navernow_dataset;amazon_dataset;netflix_dataset;zoom_dataset;navernow_dataset;navernow_dataset;geforce_dataset;meet_dataset;amazon_dataset;youtubeLive_dataset;tft_dataset;tft_dataset;zepeto_dataset;zoom_dataset;netflix_dataset;netflix_dataset;battleground_dataset;gamebox_dataset;tft_dataset;teams_dataset;zoom_dataset;meet_dataset,HIGH,42,SINGLE OBJECTIVE,0.75,0.75,89.80912872293715,165.92136060052917,18.344402494579914,7.05592316085156,45.06532137518685,0.24445127250439055,99.999728592503
100,synthetic_scalability_scenario_derived_from_real_traffic,15,85,afreeca_dataset;amazon_dataset;battleground_dataset;gamebox_dataset;geforce_dataset;meet_dataset;navernow_dataset;netflix_dataset;roblox_dataset;teams_dataset;tft_dataset;youtubeLive_dataset;youtube_dataset;zepeto_dataset;zoom_dataset;zepeto_dataset;navernow_dataset;navernow_dataset;roblox_dataset;afreeca_dataset;meet_dataset;netflix_dataset;youtube_dataset;zoom_dataset;tft_dataset;zepeto_dataset;afreeca_dataset;roblox_dataset;youtube_dataset;amazon_dataset;amazon_dataset;youtube_dataset;tft_dataset;teams_dataset;tft_dataset;battleground_dataset;teams_dataset;netflix_dataset;youtubeLive_dataset;afreeca_dataset;roblox_dataset;geforce_dataset;geforce_dataset;tft_dataset;netflix_dataset;tft_dataset;youtube_dataset;geforce_dataset;amazon_dataset;gamebox_dataset;meet_dataset;battleground_dataset;gamebox_dataset;teams_dataset;zepeto_dataset;teams_dataset;afreeca_dataset;meet_dataset;zepeto_dataset;tft_dataset;teams_dataset;amazon_dataset;navernow_dataset;battleground_dataset;battleground_dataset;geforce_dataset;zoom_dataset;youtubeLive_dataset;youtube_dataset;zepeto_dataset;tft_dataset;battleground_dataset;zoom_dataset;youtube_dataset;amazon_dataset;geforce_dataset;navernow_dataset;netflix_dataset;zoom_dataset;navernow_dataset;battleground_dataset;youtubeLive_dataset;zoom_dataset;zepeto_dataset;gamebox_dataset;zoom_dataset;netflix_dataset;youtubeLive_dataset;roblox_dataset;zoom_dataset;netflix_dataset;geforce_dataset;youtube_dataset;meet_dataset;teams_dataset;tft_dataset;zepeto_dataset;geforce_dataset;roblox_dataset;teams_dataset,HIGH,43,FULL BLENDED MODEL,0.75,0.75,90.43689129494294,16.280863294557474,17.780021448633843,1.9504750965115472,88.04618834080718,0.2635249325707729,100.0
100,synthetic_scalability_scenario_derived_from_real_traffic,15,85,afreeca_dataset;amazon_dataset;battleground_dataset;gamebox_dataset;geforce_dataset;meet_dataset;navernow_dataset;netflix_dataset;roblox_dataset;teams_dataset;tft_dataset;youtubeLive_dataset;youtube_dataset;zepeto_dataset;zoom_dataset;zepeto_dataset;navernow_dataset;navernow_dataset;roblox_dataset;afreeca_dataset;meet_dataset;netflix_dataset;youtube_dataset;zoom_dataset;tft_dataset;zepeto_dataset;afreeca_dataset;roblox_dataset;youtube_dataset;amazon_dataset;amazon_dataset;youtube_dataset;tft_dataset;teams_dataset;tft_dataset;battleground_dataset;teams_dataset;netflix_dataset;youtubeLive_dataset;afreeca_dataset;roblox_dataset;geforce_dataset;geforce_dataset;tft_dataset;netflix_dataset;tft_dataset;youtube_dataset;geforce_dataset;amazon_dataset;gamebox_dataset;meet_dataset;battleground_dataset;gamebox_dataset;teams_dataset;zepeto_dataset;teams_dataset;afreeca_dataset;meet_dataset;zepeto_dataset;tft_dataset;teams_dataset;amazon_dataset;navernow_dataset;battleground_dataset;battleground_dataset;geforce_dataset;zoom_dataset;youtubeLive_dataset;youtube_dataset;zepeto_dataset;tft_dataset;battleground_dataset;zoom_dataset;youtube_dataset;amazon_dataset;geforce_dataset;navernow_dataset;netflix_dataset;zoom_dataset;navernow_dataset;battleground_dataset;youtubeLive_dataset;zoom_dataset;zepeto_dataset;gamebox_dataset;zoom_dataset;netflix_dataset;youtubeLive_dataset;roblox_dataset;zoom_dataset;netflix_dataset;geforce_dataset;youtube_dataset;meet_dataset;teams_dataset;tft_dataset;zepeto_dataset;geforce_dataset;roblox_dataset;teams_dataset,HIGH,43,PREDICTION ONLY,1.0,0.75,87.8373334096283,26.123861131521103,20.143414417449467,7.804680461200204,87.5660687593423,0.2605049171141468,100.0
100,synthetic_scalability_scenario_derived_from_real_traffic,15,85,afreeca_dataset;amazon_dataset;battleground_dataset;gamebox_dataset;geforce_dataset;meet_dataset;navernow_dataset;netflix_dataset;roblox_dataset;teams_dataset;tft_dataset;youtubeLive_dataset;youtube_dataset;zepeto_dataset;zoom_dataset;zepeto_dataset;navernow_dataset;navernow_dataset;roblox_dataset;afreeca_dataset;meet_dataset;netflix_dataset;youtube_dataset;zoom_dataset;tft_dataset;zepeto_dataset;afreeca_dataset;roblox_dataset;youtube_dataset;amazon_dataset;amazon_dataset;youtube_dataset;tft_dataset;teams_dataset;tft_dataset;battleground_dataset;teams_dataset;netflix_dataset;youtubeLive_dataset;afreeca_dataset;roblox_dataset;geforce_dataset;geforce_dataset;tft_dataset;netflix_dataset;tft_dataset;youtube_dataset;geforce_dataset;amazon_dataset;gamebox_dataset;meet_dataset;battleground_dataset;gamebox_dataset;teams_dataset;zepeto_dataset;teams_dataset;afreeca_dataset;meet_dataset;zepeto_dataset;tft_dataset;teams_dataset;amazon_dataset;navernow_dataset;battleground_dataset;battleground_dataset;geforce_dataset;zoom_dataset;youtubeLive_dataset;youtube_dataset;zepeto_dataset;tft_dataset;battleground_dataset;zoom_dataset;youtube_dataset;amazon_dataset;geforce_dataset;navernow_dataset;netflix_dataset;zoom_dataset;navernow_dataset;battleground_dataset;youtubeLive_dataset;zoom_dataset;zepeto_dataset;gamebox_dataset;zoom_dataset;netflix_dataset;youtubeLive_dataset;roblox_dataset;zoom_dataset;netflix_dataset;geforce_dataset;youtube_dataset;meet_dataset;teams_dataset;tft_dataset;zepeto_dataset;geforce_dataset;roblox_dataset;teams_dataset,HIGH,43,NO PREDICTION,0.0,0.75,99.9398573881507,11.707288914909894,9.14174346112988,0.6198636130519197,93.02914798206278,0.2353894483185643,99.9398573881507
100,synthetic_scalability_scenario_derived_from_real_traffic,15,85,afreeca_dataset;amazon_dataset;battleground_dataset;gamebox_dataset;geforce_dataset;meet_dataset;navernow_dataset;netflix_dataset;roblox_dataset;teams_dataset;tft_dataset;youtubeLive_dataset;youtube_dataset;zepeto_dataset;zoom_dataset;zepeto_dataset;navernow_dataset;navernow_dataset;roblox_dataset;afreeca_dataset;meet_dataset;netflix_dataset;youtube_dataset;zoom_dataset;tft_dataset;zepeto_dataset;afreeca_dataset;roblox_dataset;youtube_dataset;amazon_dataset;amazon_dataset;youtube_dataset;tft_dataset;teams_dataset;tft_dataset;battleground_dataset;teams_dataset;netflix_dataset;youtubeLive_dataset;afreeca_dataset;roblox_dataset;geforce_dataset;geforce_dataset;tft_dataset;netflix_dataset;tft_dataset;youtube_dataset;geforce_dataset;amazon_dataset;gamebox_dataset;meet_dataset;battleground_dataset;gamebox_dataset;teams_dataset;zepeto_dataset;teams_dataset;afreeca_dataset;meet_dataset;zepeto_dataset;tft_dataset;teams_dataset;amazon_dataset;navernow_dataset;battleground_dataset;battleground_dataset;geforce_dataset;zoom_dataset;youtubeLive_dataset;youtube_dataset;zepeto_dataset;tft_dataset;battleground_dataset;zoom_dataset;youtube_dataset;amazon_dataset;geforce_dataset;navernow_dataset;netflix_dataset;zoom_dataset;navernow_dataset;battleground_dataset;youtubeLive_dataset;zoom_dataset;zepeto_dataset;gamebox_dataset;zoom_dataset;netflix_dataset;youtubeLive_dataset;roblox_dataset;zoom_dataset;netflix_dataset;geforce_dataset;youtube_dataset;meet_dataset;teams_dataset;tft_dataset;zepeto_dataset;geforce_dataset;roblox_dataset;teams_dataset,HIGH,43,NO FAIRNESS,0.75,0.75,90.82517450605101,16.30298334229375,17.42705171373454,1.9371510821033453,88.18176382660688,0.2611452330608239,100.0
100,synthetic_scalability_scenario_derived_from_real_traffic,15,85,afreeca_dataset;amazon_dataset;battleground_dataset;gamebox_dataset;geforce_dataset;meet_dataset;navernow_dataset;netflix_dataset;roblox_dataset;teams_dataset;tft_dataset;youtubeLive_dataset;youtube_dataset;zepeto_dataset;zoom_dataset;zepeto_dataset;navernow_dataset;navernow_dataset;roblox_dataset;afreeca_dataset;meet_dataset;netflix_dataset;youtube_dataset;zoom_dataset;tft_dataset;zepeto_dataset;afreeca_dataset;roblox_dataset;youtube_dataset;amazon_dataset;amazon_dataset;youtube_dataset;tft_dataset;teams_dataset;tft_dataset;battleground_dataset;teams_dataset;netflix_dataset;youtubeLive_dataset;afreeca_dataset;roblox_dataset;geforce_dataset;geforce_dataset;tft_dataset;netflix_dataset;tft_dataset;youtube_dataset;geforce_dataset;amazon_dataset;gamebox_dataset;meet_dataset;battleground_dataset;gamebox_dataset;teams_dataset;zepeto_dataset;teams_dataset;afreeca_dataset;meet_dataset;zepeto_dataset;tft_dataset;teams_dataset;amazon_dataset;navernow_dataset;battleground_dataset;battleground_dataset;geforce_dataset;zoom_dataset;youtubeLive_dataset;youtube_dataset;zepeto_dataset;tft_dataset;battleground_dataset;zoom_dataset;youtube_dataset;amazon_dataset;geforce_dataset;navernow_dataset;netflix_dataset;zoom_dataset;navernow_dataset;battleground_dataset;youtubeLive_dataset;zoom_dataset;zepeto_dataset;gamebox_dataset;zoom_dataset;netflix_dataset;youtubeLive_dataset;roblox_dataset;zoom_dataset;netflix_dataset;geforce_dataset;youtube_dataset;meet_dataset;teams_dataset;tft_dataset;zepeto_dataset;geforce_dataset;roblox_dataset;teams_dataset,HIGH,43,NO PRIORITY,0.75,0.75,94.02019359993055,17.036732660177925,14.522370492020382,1.8877564396693947,89.24005979073243,0.24501204893395148,100.0
100,synthetic_scalability_scenario_derived_from_real_traffic,15,85,afreeca_dataset;amazon_dataset;battleground_dataset;gamebox_dataset;geforce_dataset;meet_dataset;navernow_dataset;netflix_dataset;roblox_dataset;teams_dataset;tft_dataset;youtubeLive_dataset;youtube_dataset;zepeto_dataset;zoom_dataset;zepeto_dataset;navernow_dataset;navernow_dataset;roblox_dataset;afreeca_dataset;meet_dataset;netflix_dataset;youtube_dataset;zoom_dataset;tft_dataset;zepeto_dataset;afreeca_dataset;roblox_dataset;youtube_dataset;amazon_dataset;amazon_dataset;youtube_dataset;tft_dataset;teams_dataset;tft_dataset;battleground_dataset;teams_dataset;netflix_dataset;youtubeLive_dataset;afreeca_dataset;roblox_dataset;geforce_dataset;geforce_dataset;tft_dataset;netflix_dataset;tft_dataset;youtube_dataset;geforce_dataset;amazon_dataset;gamebox_dataset;meet_dataset;battleground_dataset;gamebox_dataset;teams_dataset;zepeto_dataset;teams_dataset;afreeca_dataset;meet_dataset;zepeto_dataset;tft_dataset;teams_dataset;amazon_dataset;navernow_dataset;battleground_dataset;battleground_dataset;geforce_dataset;zoom_dataset;youtubeLive_dataset;youtube_dataset;zepeto_dataset;tft_dataset;battleground_dataset;zoom_dataset;youtube_dataset;amazon_dataset;geforce_dataset;navernow_dataset;netflix_dataset;zoom_dataset;navernow_dataset;battleground_dataset;youtubeLive_dataset;zoom_dataset;zepeto_dataset;gamebox_dataset;zoom_dataset;netflix_dataset;youtubeLive_dataset;roblox_dataset;zoom_dataset;netflix_dataset;geforce_dataset;youtube_dataset;meet_dataset;teams_dataset;tft_dataset;zepeto_dataset;geforce_dataset;roblox_dataset;teams_dataset,HIGH,43,SINGLE OBJECTIVE,0.75,0.75,93.89470077903547,183.55649395946452,14.627428415407675,5.724173003258031,39.917189835575485,0.22606794502133595,100.0
100,synthetic_scalability_scenario_derived_from_real_traffic,15,85,afreeca_dataset;amazon_dataset;battleground_dataset;gamebox_dataset;geforce_dataset;meet_dataset;navernow_dataset;netflix_dataset;roblox_dataset;teams_dataset;tft_dataset;youtubeLive_dataset;youtube_dataset;zepeto_dataset;zoom_dataset;roblox_dataset;navernow_dataset;roblox_dataset;amazon_dataset;roblox_dataset;youtube_dataset;zoom_dataset;youtubeLive_dataset;teams_dataset;tft_dataset;zoom_dataset;gamebox_dataset;youtube_dataset;zoom_dataset;tft_dataset;geforce_dataset;teams_dataset;meet_dataset;meet_dataset;roblox_dataset;youtube_dataset;battleground_dataset;navernow_dataset;roblox_dataset;youtube_dataset;roblox_dataset;geforce_dataset;youtubeLive_dataset;roblox_dataset;afreeca_dataset;geforce_dataset;zepeto_dataset;battleground_dataset;roblox_dataset;netflix_dataset;roblox_dataset;amazon_dataset;meet_dataset;zoom_dataset;amazon_dataset;youtube_dataset;zepeto_dataset;gamebox_dataset;netflix_dataset;tft_dataset;meet_dataset;gamebox_dataset;zoom_dataset;teams_dataset;teams_dataset;battleground_dataset;battleground_dataset;meet_dataset;battleground_dataset;zepeto_dataset;zepeto_dataset;youtube_dataset;meet_dataset;navernow_dataset;meet_dataset;netflix_dataset;gamebox_dataset;afreeca_dataset;geforce_dataset;zoom_dataset;battleground_dataset;battleground_dataset;amazon_dataset;meet_dataset;teams_dataset;battleground_dataset;youtube_dataset;youtube_dataset;battleground_dataset;youtubeLive_dataset;meet_dataset;youtubeLive_dataset;roblox_dataset;amazon_dataset;roblox_dataset;roblox_dataset;gamebox_dataset;geforce_dataset;tft_dataset;netflix_dataset,HIGH,44,FULL BLENDED MODEL,0.75,0.75,90.92183674853337,15.744246631165655,17.339855697742262,1.8356771941021985,88.32331838565023,0.23122112285348645,100.0
100,synthetic_scalability_scenario_derived_from_real_traffic,15,85,afreeca_dataset;amazon_dataset;battleground_dataset;gamebox_dataset;geforce_dataset;meet_dataset;navernow_dataset;netflix_dataset;roblox_dataset;teams_dataset;tft_dataset;youtubeLive_dataset;youtube_dataset;zepeto_dataset;zoom_dataset;roblox_dataset;navernow_dataset;roblox_dataset;amazon_dataset;roblox_dataset;youtube_dataset;zoom_dataset;youtubeLive_dataset;teams_dataset;tft_dataset;zoom_dataset;gamebox_dataset;youtube_dataset;zoom_dataset;tft_dataset;geforce_dataset;teams_dataset;meet_dataset;meet_dataset;roblox_dataset;youtube_dataset;battleground_dataset;navernow_dataset;roblox_dataset;youtube_dataset;roblox_dataset;geforce_dataset;youtubeLive_dataset;roblox_dataset;afreeca_dataset;geforce_dataset;zepeto_dataset;battleground_dataset;roblox_dataset;netflix_dataset;roblox_dataset;amazon_dataset;meet_dataset;zoom_dataset;amazon_dataset;youtube_dataset;zepeto_dataset;gamebox_dataset;netflix_dataset;tft_dataset;meet_dataset;gamebox_dataset;zoom_dataset;teams_dataset;teams_dataset;battleground_dataset;battleground_dataset;meet_dataset;battleground_dataset;zepeto_dataset;zepeto_dataset;youtube_dataset;meet_dataset;navernow_dataset;meet_dataset;netflix_dataset;gamebox_dataset;afreeca_dataset;geforce_dataset;zoom_dataset;battleground_dataset;battleground_dataset;amazon_dataset;meet_dataset;teams_dataset;battleground_dataset;youtube_dataset;youtube_dataset;battleground_dataset;youtubeLive_dataset;meet_dataset;youtubeLive_dataset;roblox_dataset;amazon_dataset;roblox_dataset;roblox_dataset;gamebox_dataset;geforce_dataset;tft_dataset;netflix_dataset,HIGH,44,PREDICTION ONLY,1.0,0.75,88.51247381620688,24.369105850696368,19.53007858259499,6.951409627835998,87.85455904334827,0.2301275066424158,100.0
100,synthetic_scalability_scenario_derived_from_real_traffic,15,85,afreeca_dataset;amazon_dataset;battleground_dataset;gamebox_dataset;geforce_dataset;meet_dataset;navernow_dataset;netflix_dataset;roblox_dataset;teams_dataset;tft_dataset;youtubeLive_dataset;youtube_dataset;zepeto_dataset;zoom_dataset;roblox_dataset;navernow_dataset;roblox_dataset;amazon_dataset;roblox_dataset;youtube_dataset;zoom_dataset;youtubeLive_dataset;teams_dataset;tft_dataset;zoom_dataset;gamebox_dataset;youtube_dataset;zoom_dataset;tft_dataset;geforce_dataset;teams_dataset;meet_dataset;meet_dataset;roblox_dataset;youtube_dataset;battleground_dataset;navernow_dataset;roblox_dataset;youtube_dataset;roblox_dataset;geforce_dataset;youtubeLive_dataset;roblox_dataset;afreeca_dataset;geforce_dataset;zepeto_dataset;battleground_dataset;roblox_dataset;netflix_dataset;roblox_dataset;amazon_dataset;meet_dataset;zoom_dataset;amazon_dataset;youtube_dataset;zepeto_dataset;gamebox_dataset;netflix_dataset;tft_dataset;meet_dataset;gamebox_dataset;zoom_dataset;teams_dataset;teams_dataset;battleground_dataset;battleground_dataset;meet_dataset;battleground_dataset;zepeto_dataset;zepeto_dataset;youtube_dataset;meet_dataset;navernow_dataset;meet_dataset;netflix_dataset;gamebox_dataset;afreeca_dataset;geforce_dataset;zoom_dataset;battleground_dataset;battleground_dataset;amazon_dataset;meet_dataset;teams_dataset;battleground_dataset;youtube_dataset;youtube_dataset;battleground_dataset;youtubeLive_dataset;meet_dataset;youtubeLive_dataset;roblox_dataset;amazon_dataset;roblox_dataset;roblox_dataset;gamebox_dataset;geforce_dataset;tft_dataset;netflix_dataset,HIGH,44,NO PREDICTION,0.0,0.75,99.92686690344809,11.440960347876054,9.154580412689205,0.5048069256441683,93.81315396113602,0.20609714680403082,99.92686690344807
100,synthetic_scalability_scenario_derived_from_real_traffic,15,85,afreeca_dataset;amazon_dataset;battleground_dataset;gamebox_dataset;geforce_dataset;meet_dataset;navernow_dataset;netflix_dataset;roblox_dataset;teams_dataset;tft_dataset;youtubeLive_dataset;youtube_dataset;zepeto_dataset;zoom_dataset;roblox_dataset;navernow_dataset;roblox_dataset;amazon_dataset;roblox_dataset;youtube_dataset;zoom_dataset;youtubeLive_dataset;teams_dataset;tft_dataset;zoom_dataset;gamebox_dataset;youtube_dataset;zoom_dataset;tft_dataset;geforce_dataset;teams_dataset;meet_dataset;meet_dataset;roblox_dataset;youtube_dataset;battleground_dataset;navernow_dataset;roblox_dataset;youtube_dataset;roblox_dataset;geforce_dataset;youtubeLive_dataset;roblox_dataset;afreeca_dataset;geforce_dataset;zepeto_dataset;battleground_dataset;roblox_dataset;netflix_dataset;roblox_dataset;amazon_dataset;meet_dataset;zoom_dataset;amazon_dataset;youtube_dataset;zepeto_dataset;gamebox_dataset;netflix_dataset;tft_dataset;meet_dataset;gamebox_dataset;zoom_dataset;teams_dataset;teams_dataset;battleground_dataset;battleground_dataset;meet_dataset;battleground_dataset;zepeto_dataset;zepeto_dataset;youtube_dataset;meet_dataset;navernow_dataset;meet_dataset;netflix_dataset;gamebox_dataset;afreeca_dataset;geforce_dataset;zoom_dataset;battleground_dataset;battleground_dataset;amazon_dataset;meet_dataset;teams_dataset;battleground_dataset;youtube_dataset;youtube_dataset;battleground_dataset;youtubeLive_dataset;meet_dataset;youtubeLive_dataset;roblox_dataset;amazon_dataset;roblox_dataset;roblox_dataset;gamebox_dataset;geforce_dataset;tft_dataset;netflix_dataset,HIGH,44,NO FAIRNESS,0.75,0.75,91.23317497392098,15.758729298799775,17.056831394448313,1.8293249031140586,88.4304932735426,0.22958098130139049,100.0
100,synthetic_scalability_scenario_derived_from_real_traffic,15,85,afreeca_dataset;amazon_dataset;battleground_dataset;gamebox_dataset;geforce_dataset;meet_dataset;navernow_dataset;netflix_dataset;roblox_dataset;teams_dataset;tft_dataset;youtubeLive_dataset;youtube_dataset;zepeto_dataset;zoom_dataset;roblox_dataset;navernow_dataset;roblox_dataset;amazon_dataset;roblox_dataset;youtube_dataset;zoom_dataset;youtubeLive_dataset;teams_dataset;tft_dataset;zoom_dataset;gamebox_dataset;youtube_dataset;zoom_dataset;tft_dataset;geforce_dataset;teams_dataset;meet_dataset;meet_dataset;roblox_dataset;youtube_dataset;battleground_dataset;navernow_dataset;roblox_dataset;youtube_dataset;roblox_dataset;geforce_dataset;youtubeLive_dataset;roblox_dataset;afreeca_dataset;geforce_dataset;zepeto_dataset;battleground_dataset;roblox_dataset;netflix_dataset;roblox_dataset;amazon_dataset;meet_dataset;zoom_dataset;amazon_dataset;youtube_dataset;zepeto_dataset;gamebox_dataset;netflix_dataset;tft_dataset;meet_dataset;gamebox_dataset;zoom_dataset;teams_dataset;teams_dataset;battleground_dataset;battleground_dataset;meet_dataset;battleground_dataset;zepeto_dataset;zepeto_dataset;youtube_dataset;meet_dataset;navernow_dataset;meet_dataset;netflix_dataset;gamebox_dataset;afreeca_dataset;geforce_dataset;zoom_dataset;battleground_dataset;battleground_dataset;amazon_dataset;meet_dataset;teams_dataset;battleground_dataset;youtube_dataset;youtube_dataset;battleground_dataset;youtubeLive_dataset;meet_dataset;youtubeLive_dataset;roblox_dataset;amazon_dataset;roblox_dataset;roblox_dataset;gamebox_dataset;geforce_dataset;tft_dataset;netflix_dataset,HIGH,44,NO PRIORITY,0.75,0.75,94.32238821341213,16.406784655674205,14.248394873179397,1.7875363164154474,89.69222720478326,0.21625373161279032,100.0
100,synthetic_scalability_scenario_derived_from_real_traffic,15,85,afreeca_dataset;amazon_dataset;battleground_dataset;gamebox_dataset;geforce_dataset;meet_dataset;navernow_dataset;netflix_dataset;roblox_dataset;teams_dataset;tft_dataset;youtubeLive_dataset;youtube_dataset;zepeto_dataset;zoom_dataset;roblox_dataset;navernow_dataset;roblox_dataset;amazon_dataset;roblox_dataset;youtube_dataset;zoom_dataset;youtubeLive_dataset;teams_dataset;tft_dataset;zoom_dataset;gamebox_dataset;youtube_dataset;zoom_dataset;tft_dataset;geforce_dataset;teams_dataset;meet_dataset;meet_dataset;roblox_dataset;youtube_dataset;battleground_dataset;navernow_dataset;roblox_dataset;youtube_dataset;roblox_dataset;geforce_dataset;youtubeLive_dataset;roblox_dataset;afreeca_dataset;geforce_dataset;zepeto_dataset;battleground_dataset;roblox_dataset;netflix_dataset;roblox_dataset;amazon_dataset;meet_dataset;zoom_dataset;amazon_dataset;youtube_dataset;zepeto_dataset;gamebox_dataset;netflix_dataset;tft_dataset;meet_dataset;gamebox_dataset;zoom_dataset;teams_dataset;teams_dataset;battleground_dataset;battleground_dataset;meet_dataset;battleground_dataset;zepeto_dataset;zepeto_dataset;youtube_dataset;meet_dataset;navernow_dataset;meet_dataset;netflix_dataset;gamebox_dataset;afreeca_dataset;geforce_dataset;zoom_dataset;battleground_dataset;battleground_dataset;amazon_dataset;meet_dataset;teams_dataset;battleground_dataset;youtube_dataset;youtube_dataset;battleground_dataset;youtubeLive_dataset;meet_dataset;youtubeLive_dataset;roblox_dataset;amazon_dataset;roblox_dataset;roblox_dataset;gamebox_dataset;geforce_dataset;tft_dataset;netflix_dataset,HIGH,44,SINGLE OBJECTIVE,0.75,0.75,94.32991655715007,162.6259615965703,14.234441165919735,5.847808807203894,46.931689088191334,0.19998598827541644,100.0
100,synthetic_scalability_scenario_derived_from_real_traffic,15,85,afreeca_dataset;amazon_dataset;battleground_dataset;gamebox_dataset;geforce_dataset;meet_dataset;navernow_dataset;netflix_dataset;roblox_dataset;teams_dataset;tft_dataset;youtubeLive_dataset;youtube_dataset;zepeto_dataset;zoom_dataset;roblox_dataset;netflix_dataset;navernow_dataset;youtubeLive_dataset;meet_dataset;youtube_dataset;navernow_dataset;geforce_dataset;navernow_dataset;navernow_dataset;meet_dataset;youtube_dataset;zepeto_dataset;afreeca_dataset;roblox_dataset;battleground_dataset;geforce_dataset;youtube_dataset;battleground_dataset;gamebox_dataset;navernow_dataset;zepeto_dataset;youtubeLive_dataset;battleground_dataset;afreeca_dataset;meet_dataset;afreeca_dataset;geforce_dataset;zepeto_dataset;youtube_dataset;zepeto_dataset;youtubeLive_dataset;meet_dataset;zoom_dataset;zoom_dataset;tft_dataset;netflix_dataset;zoom_dataset;youtube_dataset;youtubeLive_dataset;teams_dataset;geforce_dataset;netflix_dataset;zepeto_dataset;tft_dataset;youtubeLive_dataset;meet_dataset;meet_dataset;netflix_dataset;netflix_dataset;navernow_dataset;meet_dataset;zoom_dataset;afreeca_dataset;battleground_dataset;afreeca_dataset;geforce_dataset;tft_dataset;tft_dataset;teams_dataset;afreeca_dataset;zepeto_dataset;battleground_dataset;youtube_dataset;netflix_dataset;battleground_dataset;youtubeLive_dataset;amazon_dataset;zepeto_dataset;battleground_dataset;zepeto_dataset;netflix_dataset;afreeca_dataset;geforce_dataset;amazon_dataset;amazon_dataset;tft_dataset;meet_dataset;tft_dataset;navernow_dataset;zepeto_dataset;gamebox_dataset;amazon_dataset;gamebox_dataset;zepeto_dataset,HIGH,45,FULL BLENDED MODEL,0.75,0.75,88.4248331007626,16.551139086958734,19.609773209655657,1.9914196552439898,87.65022421524664,0.2841970157001527,100.0
100,synthetic_scalability_scenario_derived_from_real_traffic,15,85,afreeca_dataset;amazon_dataset;battleground_dataset;gamebox_dataset;geforce_dataset;meet_dataset;navernow_dataset;netflix_dataset;roblox_dataset;teams_dataset;tft_dataset;youtubeLive_dataset;youtube_dataset;zepeto_dataset;zoom_dataset;roblox_dataset;netflix_dataset;navernow_dataset;youtubeLive_dataset;meet_dataset;youtube_dataset;navernow_dataset;geforce_dataset;navernow_dataset;navernow_dataset;meet_dataset;youtube_dataset;zepeto_dataset;afreeca_dataset;roblox_dataset;battleground_dataset;geforce_dataset;youtube_dataset;battleground_dataset;gamebox_dataset;navernow_dataset;zepeto_dataset;youtubeLive_dataset;battleground_dataset;afreeca_dataset;meet_dataset;afreeca_dataset;geforce_dataset;zepeto_dataset;youtube_dataset;zepeto_dataset;youtubeLive_dataset;meet_dataset;zoom_dataset;zoom_dataset;tft_dataset;netflix_dataset;zoom_dataset;youtube_dataset;youtubeLive_dataset;teams_dataset;geforce_dataset;netflix_dataset;zepeto_dataset;tft_dataset;youtubeLive_dataset;meet_dataset;meet_dataset;netflix_dataset;netflix_dataset;navernow_dataset;meet_dataset;zoom_dataset;afreeca_dataset;battleground_dataset;afreeca_dataset;geforce_dataset;tft_dataset;tft_dataset;teams_dataset;afreeca_dataset;zepeto_dataset;battleground_dataset;youtube_dataset;netflix_dataset;battleground_dataset;youtubeLive_dataset;amazon_dataset;zepeto_dataset;battleground_dataset;zepeto_dataset;netflix_dataset;afreeca_dataset;geforce_dataset;amazon_dataset;amazon_dataset;tft_dataset;meet_dataset;tft_dataset;navernow_dataset;zepeto_dataset;gamebox_dataset;amazon_dataset;gamebox_dataset;zepeto_dataset,HIGH,45,PREDICTION ONLY,1.0,0.75,85.2460240367853,27.68734099251558,22.499620985600636,8.258390209249121,87.42286995515695,0.2794278732181385,99.9999405624808
100,synthetic_scalability_scenario_derived_from_real_traffic,15,85,afreeca_dataset;amazon_dataset;battleground_dataset;gamebox_dataset;geforce_dataset;meet_dataset;navernow_dataset;netflix_dataset;roblox_dataset;teams_dataset;tft_dataset;youtubeLive_dataset;youtube_dataset;zepeto_dataset;zoom_dataset;roblox_dataset;netflix_dataset;navernow_dataset;youtubeLive_dataset;meet_dataset;youtube_dataset;navernow_dataset;geforce_dataset;navernow_dataset;navernow_dataset;meet_dataset;youtube_dataset;zepeto_dataset;afreeca_dataset;roblox_dataset;battleground_dataset;geforce_dataset;youtube_dataset;battleground_dataset;gamebox_dataset;navernow_dataset;zepeto_dataset;youtubeLive_dataset;battleground_dataset;afreeca_dataset;meet_dataset;afreeca_dataset;geforce_dataset;zepeto_dataset;youtube_dataset;zepeto_dataset;youtubeLive_dataset;meet_dataset;zoom_dataset;zoom_dataset;tft_dataset;netflix_dataset;zoom_dataset;youtube_dataset;youtubeLive_dataset;teams_dataset;geforce_dataset;netflix_dataset;zepeto_dataset;tft_dataset;youtubeLive_dataset;meet_dataset;meet_dataset;netflix_dataset;netflix_dataset;navernow_dataset;meet_dataset;zoom_dataset;afreeca_dataset;battleground_dataset;afreeca_dataset;geforce_dataset;tft_dataset;tft_dataset;teams_dataset;afreeca_dataset;zepeto_dataset;battleground_dataset;youtube_dataset;netflix_dataset;battleground_dataset;youtubeLive_dataset;amazon_dataset;zepeto_dataset;battleground_dataset;zepeto_dataset;netflix_dataset;afreeca_dataset;geforce_dataset;amazon_dataset;amazon_dataset;tft_dataset;meet_dataset;tft_dataset;navernow_dataset;zepeto_dataset;gamebox_dataset;amazon_dataset;gamebox_dataset;zepeto_dataset,HIGH,45,NO PREDICTION,0.0,0.75,99.93340332752746,11.677340872069347,9.148624582531987,0.6777379352689777,93.42466367713004,0.24970689709132962,99.9334033275275
100,synthetic_scalability_scenario_derived_from_real_traffic,15,85,afreeca_dataset;amazon_dataset;battleground_dataset;gamebox_dataset;geforce_dataset;meet_dataset;navernow_dataset;netflix_dataset;roblox_dataset;teams_dataset;tft_dataset;youtubeLive_dataset;youtube_dataset;zepeto_dataset;zoom_dataset;roblox_dataset;netflix_dataset;navernow_dataset;youtubeLive_dataset;meet_dataset;youtube_dataset;navernow_dataset;geforce_dataset;navernow_dataset;navernow_dataset;meet_dataset;youtube_dataset;zepeto_dataset;afreeca_dataset;roblox_dataset;battleground_dataset;geforce_dataset;youtube_dataset;battleground_dataset;gamebox_dataset;navernow_dataset;zepeto_dataset;youtubeLive_dataset;battleground_dataset;afreeca_dataset;meet_dataset;afreeca_dataset;geforce_dataset;zepeto_dataset;youtube_dataset;zepeto_dataset;youtubeLive_dataset;meet_dataset;zoom_dataset;zoom_dataset;tft_dataset;netflix_dataset;zoom_dataset;youtube_dataset;youtubeLive_dataset;teams_dataset;geforce_dataset;netflix_dataset;zepeto_dataset;tft_dataset;youtubeLive_dataset;meet_dataset;meet_dataset;netflix_dataset;netflix_dataset;navernow_dataset;meet_dataset;zoom_dataset;afreeca_dataset;battleground_dataset;afreeca_dataset;geforce_dataset;tft_dataset;tft_dataset;teams_dataset;afreeca_dataset;zepeto_dataset;battleground_dataset;youtube_dataset;netflix_dataset;battleground_dataset;youtubeLive_dataset;amazon_dataset;zepeto_dataset;battleground_dataset;zepeto_dataset;netflix_dataset;afreeca_dataset;geforce_dataset;amazon_dataset;amazon_dataset;tft_dataset;meet_dataset;tft_dataset;navernow_dataset;zepeto_dataset;gamebox_dataset;amazon_dataset;gamebox_dataset;zepeto_dataset,HIGH,45,NO FAIRNESS,0.75,0.75,88.85526006850645,16.576005019202313,19.21848459221387,1.9792453437918172,87.81793721973094,0.28127494037088424,100.0
100,synthetic_scalability_scenario_derived_from_real_traffic,15,85,afreeca_dataset;amazon_dataset;battleground_dataset;gamebox_dataset;geforce_dataset;meet_dataset;navernow_dataset;netflix_dataset;roblox_dataset;teams_dataset;tft_dataset;youtubeLive_dataset;youtube_dataset;zepeto_dataset;zoom_dataset;roblox_dataset;netflix_dataset;navernow_dataset;youtubeLive_dataset;meet_dataset;youtube_dataset;navernow_dataset;geforce_dataset;navernow_dataset;navernow_dataset;meet_dataset;youtube_dataset;zepeto_dataset;afreeca_dataset;roblox_dataset;battleground_dataset;geforce_dataset;youtube_dataset;battleground_dataset;gamebox_dataset;navernow_dataset;zepeto_dataset;youtubeLive_dataset;battleground_dataset;afreeca_dataset;meet_dataset;afreeca_dataset;geforce_dataset;zepeto_dataset;youtube_dataset;zepeto_dataset;youtubeLive_dataset;meet_dataset;zoom_dataset;zoom_dataset;tft_dataset;netflix_dataset;zoom_dataset;youtube_dataset;youtubeLive_dataset;teams_dataset;geforce_dataset;netflix_dataset;zepeto_dataset;tft_dataset;youtubeLive_dataset;meet_dataset;meet_dataset;netflix_dataset;netflix_dataset;navernow_dataset;meet_dataset;zoom_dataset;afreeca_dataset;battleground_dataset;afreeca_dataset;geforce_dataset;tft_dataset;tft_dataset;teams_dataset;afreeca_dataset;zepeto_dataset;battleground_dataset;youtube_dataset;netflix_dataset;battleground_dataset;youtubeLive_dataset;amazon_dataset;zepeto_dataset;battleground_dataset;zepeto_dataset;netflix_dataset;afreeca_dataset;geforce_dataset;amazon_dataset;amazon_dataset;tft_dataset;meet_dataset;tft_dataset;navernow_dataset;zepeto_dataset;gamebox_dataset;amazon_dataset;gamebox_dataset;zepeto_dataset,HIGH,45,NO PRIORITY,0.75,0.75,92.86271214316918,17.438479677058083,15.575485615084158,1.9370328190468629,89.198355754858,0.259242936196005,100.0
100,synthetic_scalability_scenario_derived_from_real_traffic,15,85,afreeca_dataset;amazon_dataset;battleground_dataset;gamebox_dataset;geforce_dataset;meet_dataset;navernow_dataset;netflix_dataset;roblox_dataset;teams_dataset;tft_dataset;youtubeLive_dataset;youtube_dataset;zepeto_dataset;zoom_dataset;roblox_dataset;netflix_dataset;navernow_dataset;youtubeLive_dataset;meet_dataset;youtube_dataset;navernow_dataset;geforce_dataset;navernow_dataset;navernow_dataset;meet_dataset;youtube_dataset;zepeto_dataset;afreeca_dataset;roblox_dataset;battleground_dataset;geforce_dataset;youtube_dataset;battleground_dataset;gamebox_dataset;navernow_dataset;zepeto_dataset;youtubeLive_dataset;battleground_dataset;afreeca_dataset;meet_dataset;afreeca_dataset;geforce_dataset;zepeto_dataset;youtube_dataset;zepeto_dataset;youtubeLive_dataset;meet_dataset;zoom_dataset;zoom_dataset;tft_dataset;netflix_dataset;zoom_dataset;youtube_dataset;youtubeLive_dataset;teams_dataset;geforce_dataset;netflix_dataset;zepeto_dataset;tft_dataset;youtubeLive_dataset;meet_dataset;meet_dataset;netflix_dataset;netflix_dataset;navernow_dataset;meet_dataset;zoom_dataset;afreeca_dataset;battleground_dataset;afreeca_dataset;geforce_dataset;tft_dataset;tft_dataset;teams_dataset;afreeca_dataset;zepeto_dataset;battleground_dataset;youtube_dataset;netflix_dataset;battleground_dataset;youtubeLive_dataset;amazon_dataset;zepeto_dataset;battleground_dataset;zepeto_dataset;netflix_dataset;afreeca_dataset;geforce_dataset;amazon_dataset;amazon_dataset;tft_dataset;meet_dataset;tft_dataset;navernow_dataset;zepeto_dataset;gamebox_dataset;amazon_dataset;gamebox_dataset;zepeto_dataset,HIGH,45,SINGLE OBJECTIVE,0.75,0.75,92.19315555698324,166.19024014202026,16.17650168423662,6.371303338437565,45.39177877428998,0.23838435425903934,100.0
100,synthetic_scalability_scenario_derived_from_real_traffic,15,85,afreeca_dataset;amazon_dataset;battleground_dataset;gamebox_dataset;geforce_dataset;meet_dataset;navernow_dataset;netflix_dataset;roblox_dataset;teams_dataset;tft_dataset;youtubeLive_dataset;youtube_dataset;zepeto_dataset;zoom_dataset;teams_dataset;battleground_dataset;youtubeLive_dataset;zepeto_dataset;gamebox_dataset;geforce_dataset;zepeto_dataset;geforce_dataset;zoom_dataset;gamebox_dataset;meet_dataset;teams_dataset;afreeca_dataset;battleground_dataset;geforce_dataset;zoom_dataset;teams_dataset;tft_dataset;youtube_dataset;zoom_dataset;youtube_dataset;netflix_dataset;battleground_dataset;teams_dataset;tft_dataset;youtubeLive_dataset;meet_dataset;battleground_dataset;gamebox_dataset;battleground_dataset;navernow_dataset;meet_dataset;youtubeLive_dataset;geforce_dataset;netflix_dataset;zepeto_dataset;zoom_dataset;geforce_dataset;afreeca_dataset;zepeto_dataset;roblox_dataset;netflix_dataset;netflix_dataset;gamebox_dataset;meet_dataset;zepeto_dataset;gamebox_dataset;meet_dataset;zepeto_dataset;teams_dataset;zoom_dataset;teams_dataset;amazon_dataset;tft_dataset;geforce_dataset;teams_dataset;youtubeLive_dataset;youtube_dataset;meet_dataset;roblox_dataset;netflix_dataset;netflix_dataset;amazon_dataset;youtubeLive_dataset;amazon_dataset;tft_dataset;teams_dataset;geforce_dataset;battleground_dataset;meet_dataset;zoom_dataset;meet_dataset;gamebox_dataset;youtube_dataset;tft_dataset;roblox_dataset;tft_dataset;afreeca_dataset;zoom_dataset;netflix_dataset;meet_dataset;amazon_dataset;battleground_dataset;teams_dataset;navernow_dataset,HIGH,46,FULL BLENDED MODEL,0.75,0.75,92.63946550958714,16.271412961243158,15.777753209910765,1.9385539907383036,87.15396113602391,0.26968689262413725,100.0
100,synthetic_scalability_scenario_derived_from_real_traffic,15,85,afreeca_dataset;amazon_dataset;battleground_dataset;gamebox_dataset;geforce_dataset;meet_dataset;navernow_dataset;netflix_dataset;roblox_dataset;teams_dataset;tft_dataset;youtubeLive_dataset;youtube_dataset;zepeto_dataset;zoom_dataset;teams_dataset;battleground_dataset;youtubeLive_dataset;zepeto_dataset;gamebox_dataset;geforce_dataset;zepeto_dataset;geforce_dataset;zoom_dataset;gamebox_dataset;meet_dataset;teams_dataset;afreeca_dataset;battleground_dataset;geforce_dataset;zoom_dataset;teams_dataset;tft_dataset;youtube_dataset;zoom_dataset;youtube_dataset;netflix_dataset;battleground_dataset;teams_dataset;tft_dataset;youtubeLive_dataset;meet_dataset;battleground_dataset;gamebox_dataset;battleground_dataset;navernow_dataset;meet_dataset;youtubeLive_dataset;geforce_dataset;netflix_dataset;zepeto_dataset;zoom_dataset;geforce_dataset;afreeca_dataset;zepeto_dataset;roblox_dataset;netflix_dataset;netflix_dataset;gamebox_dataset;meet_dataset;zepeto_dataset;gamebox_dataset;meet_dataset;zepeto_dataset;teams_dataset;zoom_dataset;teams_dataset;amazon_dataset;tft_dataset;geforce_dataset;teams_dataset;youtubeLive_dataset;youtube_dataset;meet_dataset;roblox_dataset;netflix_dataset;netflix_dataset;amazon_dataset;youtubeLive_dataset;amazon_dataset;tft_dataset;teams_dataset;geforce_dataset;battleground_dataset;meet_dataset;zoom_dataset;meet_dataset;gamebox_dataset;youtube_dataset;tft_dataset;roblox_dataset;tft_dataset;afreeca_dataset;zoom_dataset;netflix_dataset;meet_dataset;amazon_dataset;battleground_dataset;teams_dataset;navernow_dataset,HIGH,46,PREDICTION ONLY,1.0,0.75,90.74195424454729,24.393755607080806,17.502621115228003,7.80611223160672,86.50702541106129,0.27094101514416785,100.0
100,synthetic_scalability_scenario_derived_from_real_traffic,15,85,afreeca_dataset;amazon_dataset;battleground_dataset;gamebox_dataset;geforce_dataset;meet_dataset;navernow_dataset;netflix_dataset;roblox_dataset;teams_dataset;tft_dataset;youtubeLive_dataset;youtube_dataset;zepeto_dataset;zoom_dataset;teams_dataset;battleground_dataset;youtubeLive_dataset;zepeto_dataset;gamebox_dataset;geforce_dataset;zepeto_dataset;geforce_dataset;zoom_dataset;gamebox_dataset;meet_dataset;teams_dataset;afreeca_dataset;battleground_dataset;geforce_dataset;zoom_dataset;teams_dataset;tft_dataset;youtube_dataset;zoom_dataset;youtube_dataset;netflix_dataset;battleground_dataset;teams_dataset;tft_dataset;youtubeLive_dataset;meet_dataset;battleground_dataset;gamebox_dataset;battleground_dataset;navernow_dataset;meet_dataset;youtubeLive_dataset;geforce_dataset;netflix_dataset;zepeto_dataset;zoom_dataset;geforce_dataset;afreeca_dataset;zepeto_dataset;roblox_dataset;netflix_dataset;netflix_dataset;gamebox_dataset;meet_dataset;zepeto_dataset;gamebox_dataset;meet_dataset;zepeto_dataset;teams_dataset;zoom_dataset;teams_dataset;amazon_dataset;tft_dataset;geforce_dataset;teams_dataset;youtubeLive_dataset;youtube_dataset;meet_dataset;roblox_dataset;netflix_dataset;netflix_dataset;amazon_dataset;youtubeLive_dataset;amazon_dataset;tft_dataset;teams_dataset;geforce_dataset;battleground_dataset;meet_dataset;zoom_dataset;meet_dataset;gamebox_dataset;youtube_dataset;tft_dataset;roblox_dataset;tft_dataset;afreeca_dataset;zoom_dataset;netflix_dataset;meet_dataset;amazon_dataset;battleground_dataset;teams_dataset;navernow_dataset,HIGH,46,NO PREDICTION,0.0,0.75,99.97679100881456,12.054979613467333,9.109231208361189,0.5248886030865585,92.61150971599402,0.24334543117598414,99.97679100881459
100,synthetic_scalability_scenario_derived_from_real_traffic,15,85,afreeca_dataset;amazon_dataset;battleground_dataset;gamebox_dataset;geforce_dataset;meet_dataset;navernow_dataset;netflix_dataset;roblox_dataset;teams_dataset;tft_dataset;youtubeLive_dataset;youtube_dataset;zepeto_dataset;zoom_dataset;teams_dataset;battleground_dataset;youtubeLive_dataset;zepeto_dataset;gamebox_dataset;geforce_dataset;zepeto_dataset;geforce_dataset;zoom_dataset;gamebox_dataset;meet_dataset;teams_dataset;afreeca_dataset;battleground_dataset;geforce_dataset;zoom_dataset;teams_dataset;tft_dataset;youtube_dataset;zoom_dataset;youtube_dataset;netflix_dataset;battleground_dataset;teams_dataset;tft_dataset;youtubeLive_dataset;meet_dataset;battleground_dataset;gamebox_dataset;battleground_dataset;navernow_dataset;meet_dataset;youtubeLive_dataset;geforce_dataset;netflix_dataset;zepeto_dataset;zoom_dataset;geforce_dataset;afreeca_dataset;zepeto_dataset;roblox_dataset;netflix_dataset;netflix_dataset;gamebox_dataset;meet_dataset;zepeto_dataset;gamebox_dataset;meet_dataset;zepeto_dataset;teams_dataset;zoom_dataset;teams_dataset;amazon_dataset;tft_dataset;geforce_dataset;teams_dataset;youtubeLive_dataset;youtube_dataset;meet_dataset;roblox_dataset;netflix_dataset;netflix_dataset;amazon_dataset;youtubeLive_dataset;amazon_dataset;tft_dataset;teams_dataset;geforce_dataset;battleground_dataset;meet_dataset;zoom_dataset;meet_dataset;gamebox_dataset;youtube_dataset;tft_dataset;roblox_dataset;tft_dataset;afreeca_dataset;zoom_dataset;netflix_dataset;meet_dataset;amazon_dataset;battleground_dataset;teams_dataset;navernow_dataset,HIGH,46,NO FAIRNESS,0.75,0.75,92.99926826439408,16.299909781076977,15.450676281932978,1.9190277495473924,87.30478325859492,0.2674207413233832,100.0
100,synthetic_scalability_scenario_derived_from_real_traffic,15,85,afreeca_dataset;amazon_dataset;battleground_dataset;gamebox_dataset;geforce_dataset;meet_dataset;navernow_dataset;netflix_dataset;roblox_dataset;teams_dataset;tft_dataset;youtubeLive_dataset;youtube_dataset;zepeto_dataset;zoom_dataset;teams_dataset;battleground_dataset;youtubeLive_dataset;zepeto_dataset;gamebox_dataset;geforce_dataset;zepeto_dataset;geforce_dataset;zoom_dataset;gamebox_dataset;meet_dataset;teams_dataset;afreeca_dataset;battleground_dataset;geforce_dataset;zoom_dataset;teams_dataset;tft_dataset;youtube_dataset;zoom_dataset;youtube_dataset;netflix_dataset;battleground_dataset;teams_dataset;tft_dataset;youtubeLive_dataset;meet_dataset;battleground_dataset;gamebox_dataset;battleground_dataset;navernow_dataset;meet_dataset;youtubeLive_dataset;geforce_dataset;netflix_dataset;zepeto_dataset;zoom_dataset;geforce_dataset;afreeca_dataset;zepeto_dataset;roblox_dataset;netflix_dataset;netflix_dataset;gamebox_dataset;meet_dataset;zepeto_dataset;gamebox_dataset;meet_dataset;zepeto_dataset;teams_dataset;zoom_dataset;teams_dataset;amazon_dataset;tft_dataset;geforce_dataset;teams_dataset;youtubeLive_dataset;youtube_dataset;meet_dataset;roblox_dataset;netflix_dataset;netflix_dataset;amazon_dataset;youtubeLive_dataset;amazon_dataset;tft_dataset;teams_dataset;geforce_dataset;battleground_dataset;meet_dataset;zoom_dataset;meet_dataset;gamebox_dataset;youtube_dataset;tft_dataset;roblox_dataset;tft_dataset;afreeca_dataset;zoom_dataset;netflix_dataset;meet_dataset;amazon_dataset;battleground_dataset;teams_dataset;navernow_dataset,HIGH,46,NO PRIORITY,0.75,0.75,95.68821843104793,16.984366846617565,13.006374907668619,1.8223398111186953,88.35276532137519,0.254343021847667,100.0
100,synthetic_scalability_scenario_derived_from_real_traffic,15,85,afreeca_dataset;amazon_dataset;battleground_dataset;gamebox_dataset;geforce_dataset;meet_dataset;navernow_dataset;netflix_dataset;roblox_dataset;teams_dataset;tft_dataset;youtubeLive_dataset;youtube_dataset;zepeto_dataset;zoom_dataset;teams_dataset;battleground_dataset;youtubeLive_dataset;zepeto_dataset;gamebox_dataset;geforce_dataset;zepeto_dataset;geforce_dataset;zoom_dataset;gamebox_dataset;meet_dataset;teams_dataset;afreeca_dataset;battleground_dataset;geforce_dataset;zoom_dataset;teams_dataset;tft_dataset;youtube_dataset;zoom_dataset;youtube_dataset;netflix_dataset;battleground_dataset;teams_dataset;tft_dataset;youtubeLive_dataset;meet_dataset;battleground_dataset;gamebox_dataset;battleground_dataset;navernow_dataset;meet_dataset;youtubeLive_dataset;geforce_dataset;netflix_dataset;zepeto_dataset;zoom_dataset;geforce_dataset;afreeca_dataset;zepeto_dataset;roblox_dataset;netflix_dataset;netflix_dataset;gamebox_dataset;meet_dataset;zepeto_dataset;gamebox_dataset;meet_dataset;zepeto_dataset;teams_dataset;zoom_dataset;teams_dataset;amazon_dataset;tft_dataset;geforce_dataset;teams_dataset;youtubeLive_dataset;youtube_dataset;meet_dataset;roblox_dataset;netflix_dataset;netflix_dataset;amazon_dataset;youtubeLive_dataset;amazon_dataset;tft_dataset;teams_dataset;geforce_dataset;battleground_dataset;meet_dataset;zoom_dataset;meet_dataset;gamebox_dataset;youtube_dataset;tft_dataset;roblox_dataset;tft_dataset;afreeca_dataset;zoom_dataset;netflix_dataset;meet_dataset;amazon_dataset;battleground_dataset;teams_dataset;navernow_dataset,HIGH,46,SINGLE OBJECTIVE,0.75,0.75,96.37799607974706,187.4659250924107,12.36988962577399,5.913617657984353,37.493273542600896,0.2332484579898349,100.0
100,synthetic_scalability_scenario_derived_from_real_traffic,15,85,afreeca_dataset;amazon_dataset;battleground_dataset;gamebox_dataset;geforce_dataset;meet_dataset;navernow_dataset;netflix_dataset;roblox_dataset;teams_dataset;tft_dataset;youtubeLive_dataset;youtube_dataset;zepeto_dataset;zoom_dataset;roblox_dataset;navernow_dataset;amazon_dataset;zepeto_dataset;youtube_dataset;geforce_dataset;battleground_dataset;tft_dataset;amazon_dataset;navernow_dataset;tft_dataset;youtubeLive_dataset;meet_dataset;netflix_dataset;roblox_dataset;youtubeLive_dataset;zepeto_dataset;meet_dataset;navernow_dataset;zepeto_dataset;amazon_dataset;youtubeLive_dataset;navernow_dataset;tft_dataset;geforce_dataset;roblox_dataset;zoom_dataset;battleground_dataset;teams_dataset;amazon_dataset;youtubeLive_dataset;navernow_dataset;youtube_dataset;zepeto_dataset;gamebox_dataset;teams_dataset;youtube_dataset;youtube_dataset;youtubeLive_dataset;youtubeLive_dataset;netflix_dataset;geforce_dataset;roblox_dataset;netflix_dataset;afreeca_dataset;gamebox_dataset;navernow_dataset;teams_dataset;youtube_dataset;amazon_dataset;roblox_dataset;roblox_dataset;amazon_dataset;youtubeLive_dataset;teams_dataset;meet_dataset;zoom_dataset;geforce_dataset;zoom_dataset;afreeca_dataset;youtube_dataset;youtube_dataset;zepeto_dataset;navernow_dataset;amazon_dataset;netflix_dataset;zoom_dataset;navernow_dataset;navernow_dataset;geforce_dataset;meet_dataset;amazon_dataset;youtubeLive_dataset;tft_dataset;tft_dataset;zepeto_dataset;zoom_dataset;netflix_dataset;netflix_dataset;battleground_dataset;gamebox_dataset;tft_dataset;teams_dataset;zoom_dataset;meet_dataset,SPIKE,42,FULL BLENDED MODEL,0.75,0.75,80.21425505774462,17.478943809484026,28.339465600317702,2.4308161898381324,89.17548579970105,0.31208127375275646,95.57946431613429
100,synthetic_scalability_scenario_derived_from_real_traffic,15,85,afreeca_dataset;amazon_dataset;battleground_dataset;gamebox_dataset;geforce_dataset;meet_dataset;navernow_dataset;netflix_dataset;roblox_dataset;teams_dataset;tft_dataset;youtubeLive_dataset;youtube_dataset;zepeto_dataset;zoom_dataset;roblox_dataset;navernow_dataset;amazon_dataset;zepeto_dataset;youtube_dataset;geforce_dataset;battleground_dataset;tft_dataset;amazon_dataset;navernow_dataset;tft_dataset;youtubeLive_dataset;meet_dataset;netflix_dataset;roblox_dataset;youtubeLive_dataset;zepeto_dataset;meet_dataset;navernow_dataset;zepeto_dataset;amazon_dataset;youtubeLive_dataset;navernow_dataset;tft_dataset;geforce_dataset;roblox_dataset;zoom_dataset;battleground_dataset;teams_dataset;amazon_dataset;youtubeLive_dataset;navernow_dataset;youtube_dataset;zepeto_dataset;gamebox_dataset;teams_dataset;youtube_dataset;youtube_dataset;youtubeLive_dataset;youtubeLive_dataset;netflix_dataset;geforce_dataset;roblox_dataset;netflix_dataset;afreeca_dataset;gamebox_dataset;navernow_dataset;teams_dataset;youtube_dataset;amazon_dataset;roblox_dataset;roblox_dataset;amazon_dataset;youtubeLive_dataset;teams_dataset;meet_dataset;zoom_dataset;geforce_dataset;zoom_dataset;afreeca_dataset;youtube_dataset;youtube_dataset;zepeto_dataset;navernow_dataset;amazon_dataset;netflix_dataset;zoom_dataset;navernow_dataset;navernow_dataset;geforce_dataset;meet_dataset;amazon_dataset;youtubeLive_dataset;tft_dataset;tft_dataset;zepeto_dataset;zoom_dataset;netflix_dataset;netflix_dataset;battleground_dataset;gamebox_dataset;tft_dataset;teams_dataset;zoom_dataset;meet_dataset,SPIKE,42,PREDICTION ONLY,1.0,0.75,76.05024428330942,32.286074698815,32.05913211474222,9.77886076154539,87.71420029895366,0.30792630268392507,96.16718646404807
100,synthetic_scalability_scenario_derived_from_real_traffic,15,85,afreeca_dataset;amazon_dataset;battleground_dataset;gamebox_dataset;geforce_dataset;meet_dataset;navernow_dataset;netflix_dataset;roblox_dataset;teams_dataset;tft_dataset;youtubeLive_dataset;youtube_dataset;zepeto_dataset;zoom_dataset;roblox_dataset;navernow_dataset;amazon_dataset;zepeto_dataset;youtube_dataset;geforce_dataset;battleground_dataset;tft_dataset;amazon_dataset;navernow_dataset;tft_dataset;youtubeLive_dataset;meet_dataset;netflix_dataset;roblox_dataset;youtubeLive_dataset;zepeto_dataset;meet_dataset;navernow_dataset;zepeto_dataset;amazon_dataset;youtubeLive_dataset;navernow_dataset;tft_dataset;geforce_dataset;roblox_dataset;zoom_dataset;battleground_dataset;teams_dataset;amazon_dataset;youtubeLive_dataset;navernow_dataset;youtube_dataset;zepeto_dataset;gamebox_dataset;teams_dataset;youtube_dataset;youtube_dataset;youtubeLive_dataset;youtubeLive_dataset;netflix_dataset;geforce_dataset;roblox_dataset;netflix_dataset;afreeca_dataset;gamebox_dataset;navernow_dataset;teams_dataset;youtube_dataset;amazon_dataset;roblox_dataset;roblox_dataset;amazon_dataset;youtubeLive_dataset;teams_dataset;meet_dataset;zoom_dataset;geforce_dataset;zoom_dataset;afreeca_dataset;youtube_dataset;youtube_dataset;zepeto_dataset;navernow_dataset;amazon_dataset;netflix_dataset;zoom_dataset;navernow_dataset;navernow_dataset;geforce_dataset;meet_dataset;amazon_dataset;youtubeLive_dataset;tft_dataset;tft_dataset;zepeto_dataset;zoom_dataset;netflix_dataset;netflix_dataset;battleground_dataset;gamebox_dataset;tft_dataset;teams_dataset;zoom_dataset;meet_dataset,SPIKE,42,NO PREDICTION,0.0,0.75,90.03162813047662,11.54562865307538,19.57104730246988,0.444074425002024,93.61629297458894,0.2701359628155225,90.03162813047668
100,synthetic_scalability_scenario_derived_from_real_traffic,15,85,afreeca_dataset;amazon_dataset;battleground_dataset;gamebox_dataset;geforce_dataset;meet_dataset;navernow_dataset;netflix_dataset;roblox_dataset;teams_dataset;tft_dataset;youtubeLive_dataset;youtube_dataset;zepeto_dataset;zoom_dataset;roblox_dataset;navernow_dataset;amazon_dataset;zepeto_dataset;youtube_dataset;geforce_dataset;battleground_dataset;tft_dataset;amazon_dataset;navernow_dataset;tft_dataset;youtubeLive_dataset;meet_dataset;netflix_dataset;roblox_dataset;youtubeLive_dataset;zepeto_dataset;meet_dataset;navernow_dataset;zepeto_dataset;amazon_dataset;youtubeLive_dataset;navernow_dataset;tft_dataset;geforce_dataset;roblox_dataset;zoom_dataset;battleground_dataset;teams_dataset;amazon_dataset;youtubeLive_dataset;navernow_dataset;youtube_dataset;zepeto_dataset;gamebox_dataset;teams_dataset;youtube_dataset;youtube_dataset;youtubeLive_dataset;youtubeLive_dataset;netflix_dataset;geforce_dataset;roblox_dataset;netflix_dataset;afreeca_dataset;gamebox_dataset;navernow_dataset;teams_dataset;youtube_dataset;amazon_dataset;roblox_dataset;roblox_dataset;amazon_dataset;youtubeLive_dataset;teams_dataset;meet_dataset;zoom_dataset;geforce_dataset;zoom_dataset;afreeca_dataset;youtube_dataset;youtube_dataset;zepeto_dataset;navernow_dataset;amazon_dataset;netflix_dataset;zoom_dataset;navernow_dataset;navernow_dataset;geforce_dataset;meet_dataset;amazon_dataset;youtubeLive_dataset;tft_dataset;tft_dataset;zepeto_dataset;zoom_dataset;netflix_dataset;netflix_dataset;battleground_dataset;gamebox_dataset;tft_dataset;teams_dataset;zoom_dataset;meet_dataset,SPIKE,42,NO FAIRNESS,0.75,0.75,80.7174389821972,17.583482500906626,27.889928401687794,2.4100872981882704,89.19237668161435,0.3076471516801709,95.5775303760596
100,synthetic_scalability_scenario_derived_from_real_traffic,15,85,afreeca_dataset;amazon_dataset;battleground_dataset;gamebox_dataset;geforce_dataset;meet_dataset;navernow_dataset;netflix_dataset;roblox_dataset;teams_dataset;tft_dataset;youtubeLive_dataset;youtube_dataset;zepeto_dataset;zoom_dataset;roblox_dataset;navernow_dataset;amazon_dataset;zepeto_dataset;youtube_dataset;geforce_dataset;battleground_dataset;tft_dataset;amazon_dataset;navernow_dataset;tft_dataset;youtubeLive_dataset;meet_dataset;netflix_dataset;roblox_dataset;youtubeLive_dataset;zepeto_dataset;meet_dataset;navernow_dataset;zepeto_dataset;amazon_dataset;youtubeLive_dataset;navernow_dataset;tft_dataset;geforce_dataset;roblox_dataset;zoom_dataset;battleground_dataset;teams_dataset;amazon_dataset;youtubeLive_dataset;navernow_dataset;youtube_dataset;zepeto_dataset;gamebox_dataset;teams_dataset;youtube_dataset;youtube_dataset;youtubeLive_dataset;youtubeLive_dataset;netflix_dataset;geforce_dataset;roblox_dataset;netflix_dataset;afreeca_dataset;gamebox_dataset;navernow_dataset;teams_dataset;youtube_dataset;amazon_dataset;roblox_dataset;roblox_dataset;amazon_dataset;youtubeLive_dataset;teams_dataset;meet_dataset;zoom_dataset;geforce_dataset;zoom_dataset;afreeca_dataset;youtube_dataset;youtube_dataset;zepeto_dataset;navernow_dataset;amazon_dataset;netflix_dataset;zoom_dataset;navernow_dataset;navernow_dataset;geforce_dataset;meet_dataset;amazon_dataset;youtubeLive_dataset;tft_dataset;tft_dataset;zepeto_dataset;zoom_dataset;netflix_dataset;netflix_dataset;battleground_dataset;gamebox_dataset;tft_dataset;teams_dataset;zoom_dataset;meet_dataset,SPIKE,42,NO PRIORITY,0.75,0.75,83.56255953626264,19.01711854033171,25.34803334636625,2.4214119003890273,89.00792227204784,0.2902334739595559,95.57692424115885
100,synthetic_scalability_scenario_derived_from_real_traffic,15,85,afreeca_dataset;amazon_dataset;battleground_dataset;gamebox_dataset;geforce_dataset;meet_dataset;navernow_dataset;netflix_dataset;roblox_dataset;teams_dataset;tft_dataset;youtubeLive_dataset;youtube_dataset;zepeto_dataset;zoom_dataset;roblox_dataset;navernow_dataset;amazon_dataset;zepeto_dataset;youtube_dataset;geforce_dataset;battleground_dataset;tft_dataset;amazon_dataset;navernow_dataset;tft_dataset;youtubeLive_dataset;meet_dataset;netflix_dataset;roblox_dataset;youtubeLive_dataset;zepeto_dataset;meet_dataset;navernow_dataset;zepeto_dataset;amazon_dataset;youtubeLive_dataset;navernow_dataset;tft_dataset;geforce_dataset;roblox_dataset;zoom_dataset;battleground_dataset;teams_dataset;amazon_dataset;youtubeLive_dataset;navernow_dataset;youtube_dataset;zepeto_dataset;gamebox_dataset;teams_dataset;youtube_dataset;youtube_dataset;youtubeLive_dataset;youtubeLive_dataset;netflix_dataset;geforce_dataset;roblox_dataset;netflix_dataset;afreeca_dataset;gamebox_dataset;navernow_dataset;teams_dataset;youtube_dataset;amazon_dataset;roblox_dataset;roblox_dataset;amazon_dataset;youtubeLive_dataset;teams_dataset;meet_dataset;zoom_dataset;geforce_dataset;zoom_dataset;afreeca_dataset;youtube_dataset;youtube_dataset;zepeto_dataset;navernow_dataset;amazon_dataset;netflix_dataset;zoom_dataset;navernow_dataset;navernow_dataset;geforce_dataset;meet_dataset;amazon_dataset;youtubeLive_dataset;tft_dataset;tft_dataset;zepeto_dataset;zoom_dataset;netflix_dataset;netflix_dataset;battleground_dataset;gamebox_dataset;tft_dataset;teams_dataset;zoom_dataset;meet_dataset,SPIKE,42,SINGLE OBJECTIVE,0.75,0.75,82.33286050434819,117.74859660139677,26.436636293588613,5.220038942932184,62.327354260089685,0.26040483951540544,95.63072966642977
100,synthetic_scalability_scenario_derived_from_real_traffic,15,85,afreeca_dataset;amazon_dataset;battleground_dataset;gamebox_dataset;geforce_dataset;meet_dataset;navernow_dataset;netflix_dataset;roblox_dataset;teams_dataset;tft_dataset;youtubeLive_dataset;youtube_dataset;zepeto_dataset;zoom_dataset;zepeto_dataset;navernow_dataset;navernow_dataset;roblox_dataset;afreeca_dataset;meet_dataset;netflix_dataset;youtube_dataset;zoom_dataset;tft_dataset;zepeto_dataset;afreeca_dataset;roblox_dataset;youtube_dataset;amazon_dataset;amazon_dataset;youtube_dataset;tft_dataset;teams_dataset;tft_dataset;battleground_dataset;teams_dataset;netflix_dataset;youtubeLive_dataset;afreeca_dataset;roblox_dataset;geforce_dataset;geforce_dataset;tft_dataset;netflix_dataset;tft_dataset;youtube_dataset;geforce_dataset;amazon_dataset;gamebox_dataset;meet_dataset;battleground_dataset;gamebox_dataset;teams_dataset;zepeto_dataset;teams_dataset;afreeca_dataset;meet_dataset;zepeto_dataset;tft_dataset;teams_dataset;amazon_dataset;navernow_dataset;battleground_dataset;battleground_dataset;geforce_dataset;zoom_dataset;youtubeLive_dataset;youtube_dataset;zepeto_dataset;tft_dataset;battleground_dataset;zoom_dataset;youtube_dataset;amazon_dataset;geforce_dataset;navernow_dataset;netflix_dataset;zoom_dataset;navernow_dataset;battleground_dataset;youtubeLive_dataset;zoom_dataset;zepeto_dataset;gamebox_dataset;zoom_dataset;netflix_dataset;youtubeLive_dataset;roblox_dataset;zoom_dataset;netflix_dataset;geforce_dataset;youtube_dataset;meet_dataset;teams_dataset;tft_dataset;zepeto_dataset;geforce_dataset;roblox_dataset;teams_dataset,SPIKE,43,FULL BLENDED MODEL,0.75,0.75,83.6448560018501,15.795677135653971,25.275283598643988,1.9664202760128584,90.3219730941704,0.2755185830372887,94.02740762003599
100,synthetic_scalability_scenario_derived_from_real_traffic,15,85,afreeca_dataset;amazon_dataset;battleground_dataset;gamebox_dataset;geforce_dataset;meet_dataset;navernow_dataset;netflix_dataset;roblox_dataset;teams_dataset;tft_dataset;youtubeLive_dataset;youtube_dataset;zepeto_dataset;zoom_dataset;zepeto_dataset;navernow_dataset;navernow_dataset;roblox_dataset;afreeca_dataset;meet_dataset;netflix_dataset;youtube_dataset;zoom_dataset;tft_dataset;zepeto_dataset;afreeca_dataset;roblox_dataset;youtube_dataset;amazon_dataset;amazon_dataset;youtube_dataset;tft_dataset;teams_dataset;tft_dataset;battleground_dataset;teams_dataset;netflix_dataset;youtubeLive_dataset;afreeca_dataset;roblox_dataset;geforce_dataset;geforce_dataset;tft_dataset;netflix_dataset;tft_dataset;youtube_dataset;geforce_dataset;amazon_dataset;gamebox_dataset;meet_dataset;battleground_dataset;gamebox_dataset;teams_dataset;zepeto_dataset;teams_dataset;afreeca_dataset;meet_dataset;zepeto_dataset;tft_dataset;teams_dataset;amazon_dataset;navernow_dataset;battleground_dataset;battleground_dataset;geforce_dataset;zoom_dataset;youtubeLive_dataset;youtube_dataset;zepeto_dataset;tft_dataset;battleground_dataset;zoom_dataset;youtube_dataset;amazon_dataset;geforce_dataset;navernow_dataset;netflix_dataset;zoom_dataset;navernow_dataset;battleground_dataset;youtubeLive_dataset;zoom_dataset;zepeto_dataset;gamebox_dataset;zoom_dataset;netflix_dataset;youtubeLive_dataset;roblox_dataset;zoom_dataset;netflix_dataset;geforce_dataset;youtube_dataset;meet_dataset;teams_dataset;tft_dataset;zepeto_dataset;geforce_dataset;roblox_dataset;teams_dataset,SPIKE,43,PREDICTION ONLY,1.0,0.75,81.08128359736826,25.548953229722677,27.565286535888234,7.814242783897947,89.27100149476831,0.2736716316752647,94.64976624247322
100,synthetic_scalability_scenario_derived_from_real_traffic,15,85,afreeca_dataset;amazon_dataset;battleground_dataset;gamebox_dataset;geforce_dataset;meet_dataset;navernow_dataset;netflix_dataset;roblox_dataset;teams_dataset;tft_dataset;youtubeLive_dataset;youtube_dataset;zepeto_dataset;zoom_dataset;zepeto_dataset;navernow_dataset;navernow_dataset;roblox_dataset;afreeca_dataset;meet_dataset;netflix_dataset;youtube_dataset;zoom_dataset;tft_dataset;zepeto_dataset;afreeca_dataset;roblox_dataset;youtube_dataset;amazon_dataset;amazon_dataset;youtube_dataset;tft_dataset;teams_dataset;tft_dataset;battleground_dataset;teams_dataset;netflix_dataset;youtubeLive_dataset;afreeca_dataset;roblox_dataset;geforce_dataset;geforce_dataset;tft_dataset;netflix_dataset;tft_dataset;youtube_dataset;geforce_dataset;amazon_dataset;gamebox_dataset;meet_dataset;battleground_dataset;gamebox_dataset;teams_dataset;zepeto_dataset;teams_dataset;afreeca_dataset;meet_dataset;zepeto_dataset;tft_dataset;teams_dataset;amazon_dataset;navernow_dataset;battleground_dataset;battleground_dataset;geforce_dataset;zoom_dataset;youtubeLive_dataset;youtube_dataset;zepeto_dataset;tft_dataset;battleground_dataset;zoom_dataset;youtube_dataset;amazon_dataset;geforce_dataset;navernow_dataset;netflix_dataset;zoom_dataset;navernow_dataset;battleground_dataset;youtubeLive_dataset;zoom_dataset;zepeto_dataset;gamebox_dataset;zoom_dataset;netflix_dataset;youtubeLive_dataset;roblox_dataset;zoom_dataset;netflix_dataset;geforce_dataset;youtube_dataset;meet_dataset;teams_dataset;tft_dataset;zepeto_dataset;geforce_dataset;roblox_dataset;teams_dataset,SPIKE,43,NO PREDICTION,0.0,0.75,90.05147103055886,11.518853423575234,19.552480350485887,0.329863795583024,93.24544095665172,0.24851583742580372,90.05147103055879
100,synthetic_scalability_scenario_derived_from_real_traffic,15,85,afreeca_dataset;amazon_dataset;battleground_dataset;gamebox_dataset;geforce_dataset;meet_dataset;navernow_dataset;netflix_dataset;roblox_dataset;teams_dataset;tft_dataset;youtubeLive_dataset;youtube_dataset;zepeto_dataset;zoom_dataset;zepeto_dataset;navernow_dataset;navernow_dataset;roblox_dataset;afreeca_dataset;meet_dataset;netflix_dataset;youtube_dataset;zoom_dataset;tft_dataset;zepeto_dataset;afreeca_dataset;roblox_dataset;youtube_dataset;amazon_dataset;amazon_dataset;youtube_dataset;tft_dataset;teams_dataset;tft_dataset;battleground_dataset;teams_dataset;netflix_dataset;youtubeLive_dataset;afreeca_dataset;roblox_dataset;geforce_dataset;geforce_dataset;tft_dataset;netflix_dataset;tft_dataset;youtube_dataset;geforce_dataset;amazon_dataset;gamebox_dataset;meet_dataset;battleground_dataset;gamebox_dataset;teams_dataset;zepeto_dataset;teams_dataset;afreeca_dataset;meet_dataset;zepeto_dataset;tft_dataset;teams_dataset;amazon_dataset;navernow_dataset;battleground_dataset;battleground_dataset;geforce_dataset;zoom_dataset;youtubeLive_dataset;youtube_dataset;zepeto_dataset;tft_dataset;battleground_dataset;zoom_dataset;youtube_dataset;amazon_dataset;geforce_dataset;navernow_dataset;netflix_dataset;zoom_dataset;navernow_dataset;battleground_dataset;youtubeLive_dataset;zoom_dataset;zepeto_dataset;gamebox_dataset;zoom_dataset;netflix_dataset;youtubeLive_dataset;roblox_dataset;zoom_dataset;netflix_dataset;geforce_dataset;youtube_dataset;meet_dataset;teams_dataset;tft_dataset;zepeto_dataset;geforce_dataset;roblox_dataset;teams_dataset,SPIKE,43,NO FAIRNESS,0.75,0.75,83.96494835537985,15.865592893904422,24.98925644614812,1.9426811944801439,90.3272047832586,0.2731620816591048,94.0272528863101
100,synthetic_scalability_scenario_derived_from_real_traffic,15,85,afreeca_dataset;amazon_dataset;battleground_dataset;gamebox_dataset;geforce_dataset;meet_dataset;navernow_dataset;netflix_dataset;roblox_dataset;teams_dataset;tft_dataset;youtubeLive_dataset;youtube_dataset;zepeto_dataset;zoom_dataset;zepeto_dataset;navernow_dataset;navernow_dataset;roblox_dataset;afreeca_dataset;meet_dataset;netflix_dataset;youtube_dataset;zoom_dataset;tft_dataset;zepeto_dataset;afreeca_dataset;roblox_dataset;youtube_dataset;amazon_dataset;amazon_dataset;youtube_dataset;tft_dataset;teams_dataset;tft_dataset;battleground_dataset;teams_dataset;netflix_dataset;youtubeLive_dataset;afreeca_dataset;roblox_dataset;geforce_dataset;geforce_dataset;tft_dataset;netflix_dataset;tft_dataset;youtube_dataset;geforce_dataset;amazon_dataset;gamebox_dataset;meet_dataset;battleground_dataset;gamebox_dataset;teams_dataset;zepeto_dataset;teams_dataset;afreeca_dataset;meet_dataset;zepeto_dataset;tft_dataset;teams_dataset;amazon_dataset;navernow_dataset;battleground_dataset;battleground_dataset;geforce_dataset;zoom_dataset;youtubeLive_dataset;youtube_dataset;zepeto_dataset;tft_dataset;battleground_dataset;zoom_dataset;youtube_dataset;amazon_dataset;geforce_dataset;navernow_dataset;netflix_dataset;zoom_dataset;navernow_dataset;battleground_dataset;youtubeLive_dataset;zoom_dataset;zepeto_dataset;gamebox_dataset;zoom_dataset;netflix_dataset;youtubeLive_dataset;roblox_dataset;zoom_dataset;netflix_dataset;geforce_dataset;youtube_dataset;meet_dataset;teams_dataset;tft_dataset;zepeto_dataset;geforce_dataset;roblox_dataset;teams_dataset,SPIKE,43,NO PRIORITY,0.75,0.75,85.91927535491381,16.852400121343948,23.24304541602826,1.9340683140673935,90.22989536621823,0.26217213411570195,94.02870599020721
100,synthetic_scalability_scenario_derived_from_real_traffic,15,85,afreeca_dataset;amazon_dataset;battleground_dataset;gamebox_dataset;geforce_dataset;meet_dataset;navernow_dataset;netflix_dataset;roblox_dataset;teams_dataset;tft_dataset;youtubeLive_dataset;youtube_dataset;zepeto_dataset;zoom_dataset;zepeto_dataset;navernow_dataset;navernow_dataset;roblox_dataset;afreeca_dataset;meet_dataset;netflix_dataset;youtube_dataset;zoom_dataset;tft_dataset;zepeto_dataset;afreeca_dataset;roblox_dataset;youtube_dataset;amazon_dataset;amazon_dataset;youtube_dataset;tft_dataset;teams_dataset;tft_dataset;battleground_dataset;teams_dataset;netflix_dataset;youtubeLive_dataset;afreeca_dataset;roblox_dataset;geforce_dataset;geforce_dataset;tft_dataset;netflix_dataset;tft_dataset;youtube_dataset;geforce_dataset;amazon_dataset;gamebox_dataset;meet_dataset;battleground_dataset;gamebox_dataset;teams_dataset;zepeto_dataset;teams_dataset;afreeca_dataset;meet_dataset;zepeto_dataset;tft_dataset;teams_dataset;amazon_dataset;navernow_dataset;battleground_dataset;battleground_dataset;geforce_dataset;zoom_dataset;youtubeLive_dataset;youtube_dataset;zepeto_dataset;tft_dataset;battleground_dataset;zoom_dataset;youtube_dataset;amazon_dataset;geforce_dataset;navernow_dataset;netflix_dataset;zoom_dataset;navernow_dataset;battleground_dataset;youtubeLive_dataset;zoom_dataset;zepeto_dataset;gamebox_dataset;zoom_dataset;netflix_dataset;youtubeLive_dataset;roblox_dataset;zoom_dataset;netflix_dataset;geforce_dataset;youtube_dataset;meet_dataset;teams_dataset;tft_dataset;zepeto_dataset;geforce_dataset;roblox_dataset;teams_dataset,SPIKE,43,SINGLE OBJECTIVE,0.75,0.75,85.61068843537599,126.09069791898426,23.507415572555306,4.120578357080718,60.90941704035875,0.23553525944606582,94.03901459769969
100,synthetic_scalability_scenario_derived_from_real_traffic,15,85,afreeca_dataset;amazon_dataset;battleground_dataset;gamebox_dataset;geforce_dataset;meet_dataset;navernow_dataset;netflix_dataset;roblox_dataset;teams_dataset;tft_dataset;youtubeLive_dataset;youtube_dataset;zepeto_dataset;zoom_dataset;roblox_dataset;navernow_dataset;roblox_dataset;amazon_dataset;roblox_dataset;youtube_dataset;zoom_dataset;youtubeLive_dataset;teams_dataset;tft_dataset;zoom_dataset;gamebox_dataset;youtube_dataset;zoom_dataset;tft_dataset;geforce_dataset;teams_dataset;meet_dataset;meet_dataset;roblox_dataset;youtube_dataset;battleground_dataset;navernow_dataset;roblox_dataset;youtube_dataset;roblox_dataset;geforce_dataset;youtubeLive_dataset;roblox_dataset;afreeca_dataset;geforce_dataset;zepeto_dataset;battleground_dataset;roblox_dataset;netflix_dataset;roblox_dataset;amazon_dataset;meet_dataset;zoom_dataset;amazon_dataset;youtube_dataset;zepeto_dataset;gamebox_dataset;netflix_dataset;tft_dataset;meet_dataset;gamebox_dataset;zoom_dataset;teams_dataset;teams_dataset;battleground_dataset;battleground_dataset;meet_dataset;battleground_dataset;zepeto_dataset;zepeto_dataset;youtube_dataset;meet_dataset;navernow_dataset;meet_dataset;netflix_dataset;gamebox_dataset;afreeca_dataset;geforce_dataset;zoom_dataset;battleground_dataset;battleground_dataset;amazon_dataset;meet_dataset;teams_dataset;battleground_dataset;youtube_dataset;youtube_dataset;battleground_dataset;youtubeLive_dataset;meet_dataset;youtubeLive_dataset;roblox_dataset;amazon_dataset;roblox_dataset;roblox_dataset;gamebox_dataset;geforce_dataset;tft_dataset;netflix_dataset,SPIKE,44,FULL BLENDED MODEL,0.75,0.75,84.2806800012937,15.181331946815368,24.486230813150716,1.838953138693925,90.87189835575485,0.239034094610472,93.95105537961759
100,synthetic_scalability_scenario_derived_from_real_traffic,15,85,afreeca_dataset;amazon_dataset;battleground_dataset;gamebox_dataset;geforce_dataset;meet_dataset;navernow_dataset;netflix_dataset;roblox_dataset;teams_dataset;tft_dataset;youtubeLive_dataset;youtube_dataset;zepeto_dataset;zoom_dataset;roblox_dataset;navernow_dataset;roblox_dataset;amazon_dataset;roblox_dataset;youtube_dataset;zoom_dataset;youtubeLive_dataset;teams_dataset;tft_dataset;zoom_dataset;gamebox_dataset;youtube_dataset;zoom_dataset;tft_dataset;geforce_dataset;teams_dataset;meet_dataset;meet_dataset;roblox_dataset;youtube_dataset;battleground_dataset;navernow_dataset;roblox_dataset;youtube_dataset;roblox_dataset;geforce_dataset;youtubeLive_dataset;roblox_dataset;afreeca_dataset;geforce_dataset;zepeto_dataset;battleground_dataset;roblox_dataset;netflix_dataset;roblox_dataset;amazon_dataset;meet_dataset;zoom_dataset;amazon_dataset;youtube_dataset;zepeto_dataset;gamebox_dataset;netflix_dataset;tft_dataset;meet_dataset;gamebox_dataset;zoom_dataset;teams_dataset;teams_dataset;battleground_dataset;battleground_dataset;meet_dataset;battleground_dataset;zepeto_dataset;zepeto_dataset;youtube_dataset;meet_dataset;navernow_dataset;meet_dataset;netflix_dataset;gamebox_dataset;afreeca_dataset;geforce_dataset;zoom_dataset;battleground_dataset;battleground_dataset;amazon_dataset;meet_dataset;teams_dataset;battleground_dataset;youtube_dataset;youtube_dataset;battleground_dataset;youtubeLive_dataset;meet_dataset;youtubeLive_dataset;roblox_dataset;amazon_dataset;roblox_dataset;roblox_dataset;gamebox_dataset;geforce_dataset;tft_dataset;netflix_dataset,SPIKE,44,PREDICTION ONLY,1.0,0.75,82.05578611816392,23.652760767729003,26.47951878068728,6.904130448191414,89.92346786248132,0.23829360079898998,94.58477401652391
100,synthetic_scalability_scenario_derived_from_real_traffic,15,85,afreeca_dataset;amazon_dataset;battleground_dataset;gamebox_dataset;geforce_dataset;meet_dataset;navernow_dataset;netflix_dataset;roblox_dataset;teams_dataset;tft_dataset;youtubeLive_dataset;youtube_dataset;zepeto_dataset;zoom_dataset;roblox_dataset;navernow_dataset;roblox_dataset;amazon_dataset;roblox_dataset;youtube_dataset;zoom_dataset;youtubeLive_dataset;teams_dataset;tft_dataset;zoom_dataset;gamebox_dataset;youtube_dataset;zoom_dataset;tft_dataset;geforce_dataset;teams_dataset;meet_dataset;meet_dataset;roblox_dataset;youtube_dataset;battleground_dataset;navernow_dataset;roblox_dataset;youtube_dataset;roblox_dataset;geforce_dataset;youtubeLive_dataset;roblox_dataset;afreeca_dataset;geforce_dataset;zepeto_dataset;battleground_dataset;roblox_dataset;netflix_dataset;roblox_dataset;amazon_dataset;meet_dataset;zoom_dataset;amazon_dataset;youtube_dataset;zepeto_dataset;gamebox_dataset;netflix_dataset;tft_dataset;meet_dataset;gamebox_dataset;zoom_dataset;teams_dataset;teams_dataset;battleground_dataset;battleground_dataset;meet_dataset;battleground_dataset;zepeto_dataset;zepeto_dataset;youtube_dataset;meet_dataset;navernow_dataset;meet_dataset;netflix_dataset;gamebox_dataset;afreeca_dataset;geforce_dataset;zoom_dataset;battleground_dataset;battleground_dataset;amazon_dataset;meet_dataset;teams_dataset;battleground_dataset;youtube_dataset;youtube_dataset;battleground_dataset;youtubeLive_dataset;meet_dataset;youtubeLive_dataset;roblox_dataset;amazon_dataset;roblox_dataset;roblox_dataset;gamebox_dataset;geforce_dataset;tft_dataset;netflix_dataset,SPIKE,44,NO PREDICTION,0.0,0.75,90.45726167266605,11.256462688861337,18.95321791781684,0.2547992020908264,93.55500747384156,0.21517462973932555,90.45726167266596
100,synthetic_scalability_scenario_derived_from_real_traffic,15,85,afreeca_dataset;amazon_dataset;battleground_dataset;gamebox_dataset;geforce_dataset;meet_dataset;navernow_dataset;netflix_dataset;roblox_dataset;teams_dataset;tft_dataset;youtubeLive_dataset;youtube_dataset;zepeto_dataset;zoom_dataset;roblox_dataset;navernow_dataset;roblox_dataset;amazon_dataset;roblox_dataset;youtube_dataset;zoom_dataset;youtubeLive_dataset;teams_dataset;tft_dataset;zoom_dataset;gamebox_dataset;youtube_dataset;zoom_dataset;tft_dataset;geforce_dataset;teams_dataset;meet_dataset;meet_dataset;roblox_dataset;youtube_dataset;battleground_dataset;navernow_dataset;roblox_dataset;youtube_dataset;roblox_dataset;geforce_dataset;youtubeLive_dataset;roblox_dataset;afreeca_dataset;geforce_dataset;zepeto_dataset;battleground_dataset;roblox_dataset;netflix_dataset;roblox_dataset;amazon_dataset;meet_dataset;zoom_dataset;amazon_dataset;youtube_dataset;zepeto_dataset;gamebox_dataset;netflix_dataset;tft_dataset;meet_dataset;gamebox_dataset;zoom_dataset;teams_dataset;teams_dataset;battleground_dataset;battleground_dataset;meet_dataset;battleground_dataset;zepeto_dataset;zepeto_dataset;youtube_dataset;meet_dataset;navernow_dataset;meet_dataset;netflix_dataset;gamebox_dataset;afreeca_dataset;geforce_dataset;zoom_dataset;battleground_dataset;battleground_dataset;amazon_dataset;meet_dataset;teams_dataset;battleground_dataset;youtube_dataset;youtube_dataset;battleground_dataset;youtubeLive_dataset;meet_dataset;youtubeLive_dataset;roblox_dataset;amazon_dataset;roblox_dataset;roblox_dataset;gamebox_dataset;geforce_dataset;tft_dataset;netflix_dataset,SPIKE,44,NO FAIRNESS,0.75,0.75,84.56019044109627,15.223198607705392,24.235732634150303,1.8338480584805534,90.87294469357249,0.23727320261265056,93.95050620335597
100,synthetic_scalability_scenario_derived_from_real_traffic,15,85,afreeca_dataset;amazon_dataset;battleground_dataset;gamebox_dataset;geforce_dataset;meet_dataset;navernow_dataset;netflix_dataset;roblox_dataset;teams_dataset;tft_dataset;youtubeLive_dataset;youtube_dataset;zepeto_dataset;zoom_dataset;roblox_dataset;navernow_dataset;roblox_dataset;amazon_dataset;roblox_dataset;youtube_dataset;zoom_dataset;youtubeLive_dataset;teams_dataset;tft_dataset;zoom_dataset;gamebox_dataset;youtube_dataset;zoom_dataset;tft_dataset;geforce_dataset;teams_dataset;meet_dataset;meet_dataset;roblox_dataset;youtube_dataset;battleground_dataset;navernow_dataset;roblox_dataset;youtube_dataset;roblox_dataset;geforce_dataset;youtubeLive_dataset;roblox_dataset;afreeca_dataset;geforce_dataset;zepeto_dataset;battleground_dataset;roblox_dataset;netflix_dataset;roblox_dataset;amazon_dataset;meet_dataset;zoom_dataset;amazon_dataset;youtube_dataset;zepeto_dataset;gamebox_dataset;netflix_dataset;tft_dataset;meet_dataset;gamebox_dataset;zoom_dataset;teams_dataset;teams_dataset;battleground_dataset;battleground_dataset;meet_dataset;battleground_dataset;zepeto_dataset;zepeto_dataset;youtube_dataset;meet_dataset;navernow_dataset;meet_dataset;netflix_dataset;gamebox_dataset;afreeca_dataset;geforce_dataset;zoom_dataset;battleground_dataset;battleground_dataset;amazon_dataset;meet_dataset;teams_dataset;battleground_dataset;youtube_dataset;youtube_dataset;battleground_dataset;youtubeLive_dataset;meet_dataset;youtubeLive_dataset;roblox_dataset;amazon_dataset;roblox_dataset;roblox_dataset;gamebox_dataset;geforce_dataset;tft_dataset;netflix_dataset,SPIKE,44,NO PRIORITY,0.75,0.75,86.53802091350347,16.070890719088442,22.463399735833505,1.841485390871669,90.84035874439462,0.22792551241974673,93.95121677049688
100,synthetic_scalability_scenario_derived_from_real_traffic,15,85,afreeca_dataset;amazon_dataset;battleground_dataset;gamebox_dataset;geforce_dataset;meet_dataset;navernow_dataset;netflix_dataset;roblox_dataset;teams_dataset;tft_dataset;youtubeLive_dataset;youtube_dataset;zepeto_dataset;zoom_dataset;roblox_dataset;navernow_dataset;roblox_dataset;amazon_dataset;roblox_dataset;youtube_dataset;zoom_dataset;youtubeLive_dataset;teams_dataset;tft_dataset;zoom_dataset;gamebox_dataset;youtube_dataset;zoom_dataset;tft_dataset;geforce_dataset;teams_dataset;meet_dataset;meet_dataset;roblox_dataset;youtube_dataset;battleground_dataset;navernow_dataset;roblox_dataset;youtube_dataset;roblox_dataset;geforce_dataset;youtubeLive_dataset;roblox_dataset;afreeca_dataset;geforce_dataset;zepeto_dataset;battleground_dataset;roblox_dataset;netflix_dataset;roblox_dataset;amazon_dataset;meet_dataset;zoom_dataset;amazon_dataset;youtube_dataset;zepeto_dataset;gamebox_dataset;netflix_dataset;tft_dataset;meet_dataset;gamebox_dataset;zoom_dataset;teams_dataset;teams_dataset;battleground_dataset;battleground_dataset;meet_dataset;battleground_dataset;zepeto_dataset;zepeto_dataset;youtube_dataset;meet_dataset;navernow_dataset;meet_dataset;netflix_dataset;gamebox_dataset;afreeca_dataset;geforce_dataset;zoom_dataset;battleground_dataset;battleground_dataset;amazon_dataset;meet_dataset;teams_dataset;battleground_dataset;youtube_dataset;youtube_dataset;battleground_dataset;youtubeLive_dataset;meet_dataset;youtubeLive_dataset;roblox_dataset;amazon_dataset;roblox_dataset;roblox_dataset;gamebox_dataset;geforce_dataset;tft_dataset;netflix_dataset,SPIKE,44,SINGLE OBJECTIVE,0.75,0.75,86.30721453325592,127.75771192475051,22.660091407489073,4.133640278822804,62.01479820627803,0.2079949776035596,93.96294740663389
100,synthetic_scalability_scenario_derived_from_real_traffic,15,85,afreeca_dataset;amazon_dataset;battleground_dataset;gamebox_dataset;geforce_dataset;meet_dataset;navernow_dataset;netflix_dataset;roblox_dataset;teams_dataset;tft_dataset;youtubeLive_dataset;youtube_dataset;zepeto_dataset;zoom_dataset;roblox_dataset;netflix_dataset;navernow_dataset;youtubeLive_dataset;meet_dataset;youtube_dataset;navernow_dataset;geforce_dataset;navernow_dataset;navernow_dataset;meet_dataset;youtube_dataset;zepeto_dataset;afreeca_dataset;roblox_dataset;battleground_dataset;geforce_dataset;youtube_dataset;battleground_dataset;gamebox_dataset;navernow_dataset;zepeto_dataset;youtubeLive_dataset;battleground_dataset;afreeca_dataset;meet_dataset;afreeca_dataset;geforce_dataset;zepeto_dataset;youtube_dataset;zepeto_dataset;youtubeLive_dataset;meet_dataset;zoom_dataset;zoom_dataset;tft_dataset;netflix_dataset;zoom_dataset;youtube_dataset;youtubeLive_dataset;teams_dataset;geforce_dataset;netflix_dataset;zepeto_dataset;tft_dataset;youtubeLive_dataset;meet_dataset;meet_dataset;netflix_dataset;netflix_dataset;navernow_dataset;meet_dataset;zoom_dataset;afreeca_dataset;battleground_dataset;afreeca_dataset;geforce_dataset;tft_dataset;tft_dataset;teams_dataset;afreeca_dataset;zepeto_dataset;battleground_dataset;youtube_dataset;netflix_dataset;battleground_dataset;youtubeLive_dataset;amazon_dataset;zepeto_dataset;battleground_dataset;zepeto_dataset;netflix_dataset;afreeca_dataset;geforce_dataset;amazon_dataset;amazon_dataset;tft_dataset;meet_dataset;tft_dataset;navernow_dataset;zepeto_dataset;gamebox_dataset;amazon_dataset;gamebox_dataset;zepeto_dataset,SPIKE,45,FULL BLENDED MODEL,0.75,0.75,82.20411220588623,16.123307728798057,26.552335957725216,2.0433158172033474,90.11076233183857,0.29712249888983755,94.51515499311776
100,synthetic_scalability_scenario_derived_from_real_traffic,15,85,afreeca_dataset;amazon_dataset;battleground_dataset;gamebox_dataset;geforce_dataset;meet_dataset;navernow_dataset;netflix_dataset;roblox_dataset;teams_dataset;tft_dataset;youtubeLive_dataset;youtube_dataset;zepeto_dataset;zoom_dataset;roblox_dataset;netflix_dataset;navernow_dataset;youtubeLive_dataset;meet_dataset;youtube_dataset;navernow_dataset;geforce_dataset;navernow_dataset;navernow_dataset;meet_dataset;youtube_dataset;zepeto_dataset;afreeca_dataset;roblox_dataset;battleground_dataset;geforce_dataset;youtube_dataset;battleground_dataset;gamebox_dataset;navernow_dataset;zepeto_dataset;youtubeLive_dataset;battleground_dataset;afreeca_dataset;meet_dataset;afreeca_dataset;geforce_dataset;zepeto_dataset;youtube_dataset;zepeto_dataset;youtubeLive_dataset;meet_dataset;zoom_dataset;zoom_dataset;tft_dataset;netflix_dataset;zoom_dataset;youtube_dataset;youtubeLive_dataset;teams_dataset;geforce_dataset;netflix_dataset;zepeto_dataset;tft_dataset;youtubeLive_dataset;meet_dataset;meet_dataset;netflix_dataset;netflix_dataset;navernow_dataset;meet_dataset;zoom_dataset;afreeca_dataset;battleground_dataset;afreeca_dataset;geforce_dataset;tft_dataset;tft_dataset;teams_dataset;afreeca_dataset;zepeto_dataset;battleground_dataset;youtube_dataset;netflix_dataset;battleground_dataset;youtubeLive_dataset;amazon_dataset;zepeto_dataset;battleground_dataset;zepeto_dataset;netflix_dataset;afreeca_dataset;geforce_dataset;amazon_dataset;amazon_dataset;tft_dataset;meet_dataset;tft_dataset;navernow_dataset;zepeto_dataset;gamebox_dataset;amazon_dataset;gamebox_dataset;zepeto_dataset,SPIKE,45,PREDICTION ONLY,1.0,0.75,78.99146121880011,27.212218109384974,29.42250649102416,8.222033801951692,89.08355754857998,0.294541221162932,95.08253808083205
100,synthetic_scalability_scenario_derived_from_real_traffic,15,85,afreeca_dataset;amazon_dataset;battleground_dataset;gamebox_dataset;geforce_dataset;meet_dataset;navernow_dataset;netflix_dataset;roblox_dataset;teams_dataset;tft_dataset;youtubeLive_dataset;youtube_dataset;zepeto_dataset;zoom_dataset;roblox_dataset;netflix_dataset;navernow_dataset;youtubeLive_dataset;meet_dataset;youtube_dataset;navernow_dataset;geforce_dataset;navernow_dataset;navernow_dataset;meet_dataset;youtube_dataset;zepeto_dataset;afreeca_dataset;roblox_dataset;battleground_dataset;geforce_dataset;youtube_dataset;battleground_dataset;gamebox_dataset;navernow_dataset;zepeto_dataset;youtubeLive_dataset;battleground_dataset;afreeca_dataset;meet_dataset;afreeca_dataset;geforce_dataset;zepeto_dataset;youtube_dataset;zepeto_dataset;youtubeLive_dataset;meet_dataset;zoom_dataset;zoom_dataset;tft_dataset;netflix_dataset;zoom_dataset;youtube_dataset;youtubeLive_dataset;teams_dataset;geforce_dataset;netflix_dataset;zepeto_dataset;tft_dataset;youtubeLive_dataset;meet_dataset;meet_dataset;netflix_dataset;netflix_dataset;navernow_dataset;meet_dataset;zoom_dataset;afreeca_dataset;battleground_dataset;afreeca_dataset;geforce_dataset;tft_dataset;tft_dataset;teams_dataset;afreeca_dataset;zepeto_dataset;battleground_dataset;youtube_dataset;netflix_dataset;battleground_dataset;youtubeLive_dataset;amazon_dataset;zepeto_dataset;battleground_dataset;zepeto_dataset;netflix_dataset;afreeca_dataset;geforce_dataset;amazon_dataset;amazon_dataset;tft_dataset;meet_dataset;tft_dataset;navernow_dataset;zepeto_dataset;gamebox_dataset;amazon_dataset;gamebox_dataset;zepeto_dataset,SPIKE,45,NO PREDICTION,0.0,0.75,90.06960646299376,11.54857997108077,19.5255601669777,0.38683009771248517,93.39372197309417,0.26430289483962516,90.06960646299382
100,synthetic_scalability_scenario_derived_from_real_traffic,15,85,afreeca_dataset;amazon_dataset;battleground_dataset;gamebox_dataset;geforce_dataset;meet_dataset;navernow_dataset;netflix_dataset;roblox_dataset;teams_dataset;tft_dataset;youtubeLive_dataset;youtube_dataset;zepeto_dataset;zoom_dataset;roblox_dataset;netflix_dataset;navernow_dataset;youtubeLive_dataset;meet_dataset;youtube_dataset;navernow_dataset;geforce_dataset;navernow_dataset;navernow_dataset;meet_dataset;youtube_dataset;zepeto_dataset;afreeca_dataset;roblox_dataset;battleground_dataset;geforce_dataset;youtube_dataset;battleground_dataset;gamebox_dataset;navernow_dataset;zepeto_dataset;youtubeLive_dataset;battleground_dataset;afreeca_dataset;meet_dataset;afreeca_dataset;geforce_dataset;zepeto_dataset;youtube_dataset;zepeto_dataset;youtubeLive_dataset;meet_dataset;zoom_dataset;zoom_dataset;tft_dataset;netflix_dataset;zoom_dataset;youtube_dataset;youtubeLive_dataset;teams_dataset;geforce_dataset;netflix_dataset;zepeto_dataset;tft_dataset;youtubeLive_dataset;meet_dataset;meet_dataset;netflix_dataset;netflix_dataset;navernow_dataset;meet_dataset;zoom_dataset;afreeca_dataset;battleground_dataset;afreeca_dataset;geforce_dataset;tft_dataset;tft_dataset;teams_dataset;afreeca_dataset;zepeto_dataset;battleground_dataset;youtube_dataset;netflix_dataset;battleground_dataset;youtubeLive_dataset;amazon_dataset;zepeto_dataset;battleground_dataset;zepeto_dataset;netflix_dataset;afreeca_dataset;geforce_dataset;amazon_dataset;amazon_dataset;tft_dataset;meet_dataset;tft_dataset;navernow_dataset;zepeto_dataset;gamebox_dataset;amazon_dataset;gamebox_dataset;zepeto_dataset,SPIKE,45,NO FAIRNESS,0.75,0.75,82.56746597093253,16.191539011953616,26.22768736347451,2.0343303684364757,90.11614349775785,0.2940803199217027,94.51476276951459
100,synthetic_scalability_scenario_derived_from_real_traffic,15,85,afreeca_dataset;amazon_dataset;battleground_dataset;gamebox_dataset;geforce_dataset;meet_dataset;navernow_dataset;netflix_dataset;roblox_dataset;teams_dataset;tft_dataset;youtubeLive_dataset;youtube_dataset;zepeto_dataset;zoom_dataset;roblox_dataset;netflix_dataset;navernow_dataset;youtubeLive_dataset;meet_dataset;youtube_dataset;navernow_dataset;geforce_dataset;navernow_dataset;navernow_dataset;meet_dataset;youtube_dataset;zepeto_dataset;afreeca_dataset;roblox_dataset;battleground_dataset;geforce_dataset;youtube_dataset;battleground_dataset;gamebox_dataset;navernow_dataset;zepeto_dataset;youtubeLive_dataset;battleground_dataset;afreeca_dataset;meet_dataset;afreeca_dataset;geforce_dataset;zepeto_dataset;youtube_dataset;zepeto_dataset;youtubeLive_dataset;meet_dataset;zoom_dataset;zoom_dataset;tft_dataset;netflix_dataset;zoom_dataset;youtube_dataset;youtubeLive_dataset;teams_dataset;geforce_dataset;netflix_dataset;zepeto_dataset;tft_dataset;youtubeLive_dataset;meet_dataset;meet_dataset;netflix_dataset;netflix_dataset;navernow_dataset;meet_dataset;zoom_dataset;afreeca_dataset;battleground_dataset;afreeca_dataset;geforce_dataset;tft_dataset;tft_dataset;teams_dataset;afreeca_dataset;zepeto_dataset;battleground_dataset;youtube_dataset;netflix_dataset;battleground_dataset;youtubeLive_dataset;amazon_dataset;zepeto_dataset;battleground_dataset;zepeto_dataset;netflix_dataset;afreeca_dataset;geforce_dataset;amazon_dataset;amazon_dataset;tft_dataset;meet_dataset;tft_dataset;navernow_dataset;zepeto_dataset;gamebox_dataset;amazon_dataset;gamebox_dataset;zepeto_dataset,SPIKE,45,NO PRIORITY,0.75,0.75,84.95847533470598,17.298102766165925,24.091246016843034,2.0895665763298243,89.96068759342302,0.2796749766518467,94.51507701297177
100,synthetic_scalability_scenario_derived_from_real_traffic,15,85,afreeca_dataset;amazon_dataset;battleground_dataset;gamebox_dataset;geforce_dataset;meet_dataset;navernow_dataset;netflix_dataset;roblox_dataset;teams_dataset;tft_dataset;youtubeLive_dataset;youtube_dataset;zepeto_dataset;zoom_dataset;roblox_dataset;netflix_dataset;navernow_dataset;youtubeLive_dataset;meet_dataset;youtube_dataset;navernow_dataset;geforce_dataset;navernow_dataset;navernow_dataset;meet_dataset;youtube_dataset;zepeto_dataset;afreeca_dataset;roblox_dataset;battleground_dataset;geforce_dataset;youtube_dataset;battleground_dataset;gamebox_dataset;navernow_dataset;zepeto_dataset;youtubeLive_dataset;battleground_dataset;afreeca_dataset;meet_dataset;afreeca_dataset;geforce_dataset;zepeto_dataset;youtube_dataset;zepeto_dataset;youtubeLive_dataset;meet_dataset;zoom_dataset;zoom_dataset;tft_dataset;netflix_dataset;zoom_dataset;youtube_dataset;youtubeLive_dataset;teams_dataset;geforce_dataset;netflix_dataset;zepeto_dataset;tft_dataset;youtubeLive_dataset;meet_dataset;meet_dataset;netflix_dataset;netflix_dataset;navernow_dataset;meet_dataset;zoom_dataset;afreeca_dataset;battleground_dataset;afreeca_dataset;geforce_dataset;tft_dataset;tft_dataset;teams_dataset;afreeca_dataset;zepeto_dataset;battleground_dataset;youtube_dataset;netflix_dataset;battleground_dataset;youtubeLive_dataset;amazon_dataset;zepeto_dataset;battleground_dataset;zepeto_dataset;netflix_dataset;afreeca_dataset;geforce_dataset;amazon_dataset;amazon_dataset;tft_dataset;meet_dataset;tft_dataset;navernow_dataset;zepeto_dataset;gamebox_dataset;amazon_dataset;gamebox_dataset;zepeto_dataset,SPIKE,45,SINGLE OBJECTIVE,0.75,0.75,84.09371131879692,109.47819490468044,24.854075315124316,4.530545553985252,64.3591928251121,0.2506331501056145,94.52806661194691
100,synthetic_scalability_scenario_derived_from_real_traffic,15,85,afreeca_dataset;amazon_dataset;battleground_dataset;gamebox_dataset;geforce_dataset;meet_dataset;navernow_dataset;netflix_dataset;roblox_dataset;teams_dataset;tft_dataset;youtubeLive_dataset;youtube_dataset;zepeto_dataset;zoom_dataset;teams_dataset;battleground_dataset;youtubeLive_dataset;zepeto_dataset;gamebox_dataset;geforce_dataset;zepeto_dataset;geforce_dataset;zoom_dataset;gamebox_dataset;meet_dataset;teams_dataset;afreeca_dataset;battleground_dataset;geforce_dataset;zoom_dataset;teams_dataset;tft_dataset;youtube_dataset;zoom_dataset;youtube_dataset;netflix_dataset;battleground_dataset;teams_dataset;tft_dataset;youtubeLive_dataset;meet_dataset;battleground_dataset;gamebox_dataset;battleground_dataset;navernow_dataset;meet_dataset;youtubeLive_dataset;geforce_dataset;netflix_dataset;zepeto_dataset;zoom_dataset;geforce_dataset;afreeca_dataset;zepeto_dataset;roblox_dataset;netflix_dataset;netflix_dataset;gamebox_dataset;meet_dataset;zepeto_dataset;gamebox_dataset;meet_dataset;zepeto_dataset;teams_dataset;zoom_dataset;teams_dataset;amazon_dataset;tft_dataset;geforce_dataset;teams_dataset;youtubeLive_dataset;youtube_dataset;meet_dataset;roblox_dataset;netflix_dataset;netflix_dataset;amazon_dataset;youtubeLive_dataset;amazon_dataset;tft_dataset;teams_dataset;geforce_dataset;battleground_dataset;meet_dataset;zoom_dataset;meet_dataset;gamebox_dataset;youtube_dataset;tft_dataset;roblox_dataset;tft_dataset;afreeca_dataset;zoom_dataset;netflix_dataset;meet_dataset;amazon_dataset;battleground_dataset;teams_dataset;navernow_dataset,SPIKE,46,FULL BLENDED MODEL,0.75,0.75,85.24300566898008,15.464128866285389,23.881995369170387,1.9599626762884916,89.90941704035875,0.2794373568804446,93.11012912822723
100,synthetic_scalability_scenario_derived_from_real_traffic,15,85,afreeca_dataset;amazon_dataset;battleground_dataset;gamebox_dataset;geforce_dataset;meet_dataset;navernow_dataset;netflix_dataset;roblox_dataset;teams_dataset;tft_dataset;youtubeLive_dataset;youtube_dataset;zepeto_dataset;zoom_dataset;teams_dataset;battleground_dataset;youtubeLive_dataset;zepeto_dataset;gamebox_dataset;geforce_dataset;zepeto_dataset;geforce_dataset;zoom_dataset;gamebox_dataset;meet_dataset;teams_dataset;afreeca_dataset;battleground_dataset;geforce_dataset;zoom_dataset;teams_dataset;tft_dataset;youtube_dataset;zoom_dataset;youtube_dataset;netflix_dataset;battleground_dataset;teams_dataset;tft_dataset;youtubeLive_dataset;meet_dataset;battleground_dataset;gamebox_dataset;battleground_dataset;navernow_dataset;meet_dataset;youtubeLive_dataset;geforce_dataset;netflix_dataset;zepeto_dataset;zoom_dataset;geforce_dataset;afreeca_dataset;zepeto_dataset;roblox_dataset;netflix_dataset;netflix_dataset;gamebox_dataset;meet_dataset;zepeto_dataset;gamebox_dataset;meet_dataset;zepeto_dataset;teams_dataset;zoom_dataset;teams_dataset;amazon_dataset;tft_dataset;geforce_dataset;teams_dataset;youtubeLive_dataset;youtube_dataset;meet_dataset;roblox_dataset;netflix_dataset;netflix_dataset;amazon_dataset;youtubeLive_dataset;amazon_dataset;tft_dataset;teams_dataset;geforce_dataset;battleground_dataset;meet_dataset;zoom_dataset;meet_dataset;gamebox_dataset;youtube_dataset;tft_dataset;roblox_dataset;tft_dataset;afreeca_dataset;zoom_dataset;netflix_dataset;meet_dataset;amazon_dataset;battleground_dataset;teams_dataset;navernow_dataset,SPIKE,46,PREDICTION ONLY,1.0,0.75,83.60363621742853,23.501365681659916,25.34548912580144,7.77161273934902,88.99730941704036,0.2804170438286497,93.74685383390117
100,synthetic_scalability_scenario_derived_from_real_traffic,15,85,afreeca_dataset;amazon_dataset;battleground_dataset;gamebox_dataset;geforce_dataset;meet_dataset;navernow_dataset;netflix_dataset;roblox_dataset;teams_dataset;tft_dataset;youtubeLive_dataset;youtube_dataset;zepeto_dataset;zoom_dataset;teams_dataset;battleground_dataset;youtubeLive_dataset;zepeto_dataset;gamebox_dataset;geforce_dataset;zepeto_dataset;geforce_dataset;zoom_dataset;gamebox_dataset;meet_dataset;teams_dataset;afreeca_dataset;battleground_dataset;geforce_dataset;zoom_dataset;teams_dataset;tft_dataset;youtube_dataset;zoom_dataset;youtube_dataset;netflix_dataset;battleground_dataset;teams_dataset;tft_dataset;youtubeLive_dataset;meet_dataset;battleground_dataset;gamebox_dataset;battleground_dataset;navernow_dataset;meet_dataset;youtubeLive_dataset;geforce_dataset;netflix_dataset;zepeto_dataset;zoom_dataset;geforce_dataset;afreeca_dataset;zepeto_dataset;roblox_dataset;netflix_dataset;netflix_dataset;gamebox_dataset;meet_dataset;zepeto_dataset;gamebox_dataset;meet_dataset;zepeto_dataset;teams_dataset;zoom_dataset;teams_dataset;amazon_dataset;tft_dataset;geforce_dataset;teams_dataset;youtubeLive_dataset;youtube_dataset;meet_dataset;roblox_dataset;netflix_dataset;netflix_dataset;amazon_dataset;youtubeLive_dataset;amazon_dataset;tft_dataset;teams_dataset;geforce_dataset;battleground_dataset;meet_dataset;zoom_dataset;meet_dataset;gamebox_dataset;youtube_dataset;tft_dataset;roblox_dataset;tft_dataset;afreeca_dataset;zoom_dataset;netflix_dataset;meet_dataset;amazon_dataset;battleground_dataset;teams_dataset;navernow_dataset,SPIKE,46,NO PREDICTION,0.0,0.75,89.99316788535191,11.72858161236459,19.64200063772553,0.2727345420794858,92.25635276532138,0.2545094727630646,89.99316788535194
100,synthetic_scalability_scenario_derived_from_real_traffic,15,85,afreeca_dataset;amazon_dataset;battleground_dataset;gamebox_dataset;geforce_dataset;meet_dataset;navernow_dataset;netflix_dataset;roblox_dataset;teams_dataset;tft_dataset;youtubeLive_dataset;youtube_dataset;zepeto_dataset;zoom_dataset;teams_dataset;battleground_dataset;youtubeLive_dataset;zepeto_dataset;gamebox_dataset;geforce_dataset;zepeto_dataset;geforce_dataset;zoom_dataset;gamebox_dataset;meet_dataset;teams_dataset;afreeca_dataset;battleground_dataset;geforce_dataset;zoom_dataset;teams_dataset;tft_dataset;youtube_dataset;zoom_dataset;youtube_dataset;netflix_dataset;battleground_dataset;teams_dataset;tft_dataset;youtubeLive_dataset;meet_dataset;battleground_dataset;gamebox_dataset;battleground_dataset;navernow_dataset;meet_dataset;youtubeLive_dataset;geforce_dataset;netflix_dataset;zepeto_dataset;zoom_dataset;geforce_dataset;afreeca_dataset;zepeto_dataset;roblox_dataset;netflix_dataset;netflix_dataset;gamebox_dataset;meet_dataset;zepeto_dataset;gamebox_dataset;meet_dataset;zepeto_dataset;teams_dataset;zoom_dataset;teams_dataset;amazon_dataset;tft_dataset;geforce_dataset;teams_dataset;youtubeLive_dataset;youtube_dataset;meet_dataset;roblox_dataset;netflix_dataset;netflix_dataset;amazon_dataset;youtubeLive_dataset;amazon_dataset;tft_dataset;teams_dataset;geforce_dataset;battleground_dataset;meet_dataset;zoom_dataset;meet_dataset;gamebox_dataset;youtube_dataset;tft_dataset;roblox_dataset;tft_dataset;afreeca_dataset;zoom_dataset;netflix_dataset;meet_dataset;amazon_dataset;battleground_dataset;teams_dataset;navernow_dataset,SPIKE,46,NO FAIRNESS,0.75,0.75,85.59152850623965,15.545977939277215,23.570720661031082,1.923295300134686,89.9239162929746,0.2768573693408373,93.11013763065456
100,synthetic_scalability_scenario_derived_from_real_traffic,15,85,afreeca_dataset;amazon_dataset;battleground_dataset;gamebox_dataset;geforce_dataset;meet_dataset;navernow_dataset;netflix_dataset;roblox_dataset;teams_dataset;tft_dataset;youtubeLive_dataset;youtube_dataset;zepeto_dataset;zoom_dataset;teams_dataset;battleground_dataset;youtubeLive_dataset;zepeto_dataset;gamebox_dataset;geforce_dataset;zepeto_dataset;geforce_dataset;zoom_dataset;gamebox_dataset;meet_dataset;teams_dataset;afreeca_dataset;battleground_dataset;geforce_dataset;zoom_dataset;teams_dataset;tft_dataset;youtube_dataset;zoom_dataset;youtube_dataset;netflix_dataset;battleground_dataset;teams_dataset;tft_dataset;youtubeLive_dataset;meet_dataset;battleground_dataset;gamebox_dataset;battleground_dataset;navernow_dataset;meet_dataset;youtubeLive_dataset;geforce_dataset;netflix_dataset;zepeto_dataset;zoom_dataset;geforce_dataset;afreeca_dataset;zepeto_dataset;roblox_dataset;netflix_dataset;netflix_dataset;gamebox_dataset;meet_dataset;zepeto_dataset;gamebox_dataset;meet_dataset;zepeto_dataset;teams_dataset;zoom_dataset;teams_dataset;amazon_dataset;tft_dataset;geforce_dataset;teams_dataset;youtubeLive_dataset;youtube_dataset;meet_dataset;roblox_dataset;netflix_dataset;netflix_dataset;amazon_dataset;youtubeLive_dataset;amazon_dataset;tft_dataset;teams_dataset;geforce_dataset;battleground_dataset;meet_dataset;zoom_dataset;meet_dataset;gamebox_dataset;youtube_dataset;tft_dataset;roblox_dataset;tft_dataset;afreeca_dataset;zoom_dataset;netflix_dataset;meet_dataset;amazon_dataset;battleground_dataset;teams_dataset;navernow_dataset,SPIKE,46,NO PRIORITY,0.75,0.75,87.2496518508817,16.375417601697176,22.090038579653996,1.8957136051364911,89.85411061285501,0.2676151302304347,93.1105772634258
100,synthetic_scalability_scenario_derived_from_real_traffic,15,85,afreeca_dataset;amazon_dataset;battleground_dataset;gamebox_dataset;geforce_dataset;meet_dataset;navernow_dataset;netflix_dataset;roblox_dataset;teams_dataset;tft_dataset;youtubeLive_dataset;youtube_dataset;zepeto_dataset;zoom_dataset;teams_dataset;battleground_dataset;youtubeLive_dataset;zepeto_dataset;gamebox_dataset;geforce_dataset;zepeto_dataset;geforce_dataset;zoom_dataset;gamebox_dataset;meet_dataset;teams_dataset;afreeca_dataset;battleground_dataset;geforce_dataset;zoom_dataset;teams_dataset;tft_dataset;youtube_dataset;zoom_dataset;youtube_dataset;netflix_dataset;battleground_dataset;teams_dataset;tft_dataset;youtubeLive_dataset;meet_dataset;battleground_dataset;gamebox_dataset;battleground_dataset;navernow_dataset;meet_dataset;youtubeLive_dataset;geforce_dataset;netflix_dataset;zepeto_dataset;zoom_dataset;geforce_dataset;afreeca_dataset;zepeto_dataset;roblox_dataset;netflix_dataset;netflix_dataset;gamebox_dataset;meet_dataset;zepeto_dataset;gamebox_dataset;meet_dataset;zepeto_dataset;teams_dataset;zoom_dataset;teams_dataset;amazon_dataset;tft_dataset;geforce_dataset;teams_dataset;youtubeLive_dataset;youtube_dataset;meet_dataset;roblox_dataset;netflix_dataset;netflix_dataset;amazon_dataset;youtubeLive_dataset;amazon_dataset;tft_dataset;teams_dataset;geforce_dataset;battleground_dataset;meet_dataset;zoom_dataset;meet_dataset;gamebox_dataset;youtube_dataset;tft_dataset;roblox_dataset;tft_dataset;afreeca_dataset;zoom_dataset;netflix_dataset;meet_dataset;amazon_dataset;battleground_dataset;teams_dataset;navernow_dataset,SPIKE,46,SINGLE OBJECTIVE,0.75,0.75,87.54114357753322,121.10449209898205,21.81877526281162,4.340430032124021,61.75695067264574,0.2410136526204995,93.11565005379427
