streams,stream_scenario,real_streams,synthetic_streams,source_stream_ids,traffic_condition,method,prediction_weight,selected_lambda,throughput,latency,packet_loss,jitter,qos_satisfaction,jain_fairness,resource_utilization,seed
10,real_application_traces,10,0,afreeca_dataset;amazon_dataset;battleground_dataset;gamebox_dataset;geforce_dataset;meet_dataset;netflix_dataset;teams_dataset;youtube_dataset;zoom_dataset,LOW,Equal Share,,0.75,28.21371935150008,29.899792769489288,37.29620247084007,0.5007794225309935,80.42301943198804,0.36381078040104814,28.21371935150013,42
10,real_application_traces,10,0,afreeca_dataset;amazon_dataset;battleground_dataset;gamebox_dataset;geforce_dataset;meet_dataset;netflix_dataset;teams_dataset;youtube_dataset;zoom_dataset,LOW,Round Robin,,0.75,44.96108289173206,10.001775834377883,0.0864824628175569,0.0015718273663696174,99.99103139013452,0.2846376070066132,44.961082891732104,42
10,real_application_traces,10,0,afreeca_dataset;amazon_dataset;battleground_dataset;gamebox_dataset;geforce_dataset;meet_dataset;netflix_dataset;teams_dataset;youtube_dataset;zoom_dataset,LOW,Proportional Fair,,0.75,44.96108289173206,10.004050573710279,0.0864824628175569,0.00590060726206609,99.99103139013452,0.2846376070066132,44.961082891732104,42
10,real_application_traces,10,0,afreeca_dataset;amazon_dataset;battleground_dataset;gamebox_dataset;geforce_dataset;meet_dataset;netflix_dataset;teams_dataset;youtube_dataset;zoom_dataset,LOW,Blended Demand (lambda=0.25),0.25,0.75,44.95886645644734,10.67363986568419,0.09127889041310938,0.8588675717924384,99.98953662182362,0.2911872598967675,45.855799473108696,42
10,real_application_traces,10,0,afreeca_dataset;amazon_dataset;battleground_dataset;gamebox_dataset;geforce_dataset;meet_dataset;netflix_dataset;teams_dataset;youtube_dataset;zoom_dataset,LOW,Blended Demand (lambda=0.50),0.5,0.75,44.95390661103701,11.675269948728582,0.102171784955104,2.2968064407182367,99.98355754857997,0.29752600757191294,46.74764456319952,42
10,real_application_traces,10,0,afreeca_dataset;amazon_dataset;battleground_dataset;gamebox_dataset;geforce_dataset;meet_dataset;netflix_dataset;teams_dataset;youtube_dataset;zoom_dataset,LOW,Blended Demand (lambda=0.75),0.75,0.75,44.92219593103658,13.518807120217565,0.17251097858563927,5.317415227616947,98.43497757847534,0.3033638848576734,47.611953832818436,42
10,real_application_traces,10,0,afreeca_dataset;amazon_dataset;battleground_dataset;gamebox_dataset;geforce_dataset;meet_dataset;netflix_dataset;teams_dataset;youtube_dataset;zoom_dataset,LOW,Prediction Only (lambda=1.00),1.0,0.75,44.85326573251631,20.269932109057212,0.3255602133714701,17.831586326046914,97.31240657698056,0.30858911384820725,48.438939258007,42
10,real_application_traces,10,0,afreeca_dataset;amazon_dataset;battleground_dataset;gamebox_dataset;geforce_dataset;meet_dataset;netflix_dataset;teams_dataset;youtube_dataset;zoom_dataset,LOW,Current Demand Only (lambda=0.00),0.0,0.75,44.96108289173206,10.001775834377883,0.0864824628175569,0.0015718273663696168,99.99103139013452,0.2846376070066132,44.961082891732104,42
10,real_application_traces,10,0,afreeca_dataset;gamebox_dataset;geforce_dataset;meet_dataset;navernow_dataset;netflix_dataset;roblox_dataset;tft_dataset;youtubeLive_dataset;youtube_dataset,LOW,Equal Share,,0.75,31.98869756028819,32.007603506806475,28.904910472507705,3.2159869621139814,79.95814648729447,0.3987796782487957,31.988697560288067,43
10,real_application_traces,10,0,afreeca_dataset;gamebox_dataset;geforce_dataset;meet_dataset;navernow_dataset;netflix_dataset;roblox_dataset;tft_dataset;youtubeLive_dataset;youtube_dataset,LOW,Round Robin,,0.75,45.00000000000009,10.000717110411319,0.0,0.0014344352374684134,100.0,0.3316901207539158,45.0,43
10,real_application_traces,10,0,afreeca_dataset;gamebox_dataset;geforce_dataset;meet_dataset;navernow_dataset;netflix_dataset;roblox_dataset;tft_dataset;youtubeLive_dataset;youtube_dataset,LOW,Proportional Fair,,0.75,45.00000000000009,10.001342816537441,0.0,0.002686034574817468,100.0,0.3316901207539159,45.0,43
10,real_application_traces,10,0,afreeca_dataset;gamebox_dataset;geforce_dataset;meet_dataset;navernow_dataset;netflix_dataset;roblox_dataset;tft_dataset;youtubeLive_dataset;youtube_dataset,LOW,Blended Demand (lambda=0.25),0.25,0.75,44.99949986951067,11.048569970756404,0.0005739525145562464,1.194993387655409,99.9985052316891,0.3452977835887813,46.97784197971701,43
10,real_application_traces,10,0,afreeca_dataset;gamebox_dataset;geforce_dataset;meet_dataset;navernow_dataset;netflix_dataset;roblox_dataset;tft_dataset;youtubeLive_dataset;youtube_dataset,LOW,Blended Demand (lambda=0.50),0.5,0.75,44.991412958446276,12.684300338737405,0.018007417419049127,3.2831325688299797,99.95366218236174,0.35699401617658344,48.94809717885855,43
10,real_application_traces,10,0,afreeca_dataset;gamebox_dataset;geforce_dataset;meet_dataset;navernow_dataset;netflix_dataset;roblox_dataset;tft_dataset;youtubeLive_dataset;youtube_dataset,LOW,Blended Demand (lambda=0.75),0.75,0.75,44.76651090147633,15.972295044830124,0.5172523176685474,8.031004282184671,96.60239162929746,0.36606933439051226,50.69995741151935,43
10,real_application_traces,10,0,afreeca_dataset;gamebox_dataset;geforce_dataset;meet_dataset;navernow_dataset;netflix_dataset;roblox_dataset;tft_dataset;youtubeLive_dataset;youtube_dataset,LOW,Prediction Only (lambda=1.00),1.0,0.75,44.30041195455122,29.32608416754249,1.552490306707122,29.507131414653216,95.41255605381166,0.37300760320211723,52.20840730362306,43
10,real_application_traces,10,0,afreeca_dataset;gamebox_dataset;geforce_dataset;meet_dataset;navernow_dataset;netflix_dataset;roblox_dataset;tft_dataset;youtubeLive_dataset;youtube_dataset,LOW,Current Demand Only (lambda=0.00),0.0,0.75,45.00000000000009,10.000759767515392,0.0,0.001519762200021494,100.0,0.3316901207539158,45.0,43
10,real_application_traces,10,0,afreeca_dataset;amazon_dataset;battleground_dataset;geforce_dataset;navernow_dataset;netflix_dataset;teams_dataset;tft_dataset;youtube_dataset;zoom_dataset,LOW,Equal Share,,0.75,28.078909559085943,24.28147536549137,37.592440845553334,4.514691550024782,88.21375186846039,0.3999100223618316,28.078909559085872,44
10,real_application_traces,10,0,afreeca_dataset;amazon_dataset;battleground_dataset;geforce_dataset;navernow_dataset;netflix_dataset;teams_dataset;tft_dataset;youtube_dataset;zoom_dataset,LOW,Round Robin,,0.75,44.93967128447763,10.006174784781761,0.13406381227236672,0.009836810562428723,99.98654708520179,0.26328384668074106,44.93967128447743,44
10,real_application_traces,10,0,afreeca_dataset;amazon_dataset;battleground_dataset;geforce_dataset;navernow_dataset;netflix_dataset;teams_dataset;tft_dataset;youtube_dataset;zoom_dataset,LOW,Proportional Fair,,0.75,44.94217191624289,10.013472577721652,0.12850685279401097,0.02412573607488901,99.98654708520179,0.2633095888539624,44.942171916242685,44
10,real_application_traces,10,0,afreeca_dataset;amazon_dataset;battleground_dataset;geforce_dataset;navernow_dataset;netflix_dataset;teams_dataset;tft_dataset;youtube_dataset;zoom_dataset,LOW,Blended Demand (lambda=0.25),0.25,0.75,44.93394459873227,11.166348888565173,0.14663798221232574,1.2530726583503502,99.98505231689089,0.2777027192161383,47.61651318264647,44
10,real_application_traces,10,0,afreeca_dataset;amazon_dataset;battleground_dataset;geforce_dataset;navernow_dataset;netflix_dataset;teams_dataset;tft_dataset;youtube_dataset;zoom_dataset,LOW,Blended Demand (lambda=0.50),0.5,0.75,44.797743630515,12.997728272394705,0.4491550020904379,3.434695581773727,99.71449925261584,0.2895570004585481,50.16215449906149,44
10,real_application_traces,10,0,afreeca_dataset;amazon_dataset;battleground_dataset;geforce_dataset;navernow_dataset;netflix_dataset;teams_dataset;tft_dataset;youtube_dataset;zoom_dataset,LOW,Blended Demand (lambda=0.75),0.75,0.75,44.25114247632143,16.607212518775846,1.6636724352493322,8.26803248759352,96.30642750373693,0.2983750908325313,52.29432689157921,44
10,real_application_traces,10,0,afreeca_dataset;amazon_dataset;battleground_dataset;geforce_dataset;navernow_dataset;netflix_dataset;teams_dataset;tft_dataset;youtube_dataset;zoom_dataset,LOW,Prediction Only (lambda=1.00),1.0,0.75,42.85968898045928,30.988395369836503,4.7556395165602625,30.12834751569943,94.40059790732437,0.30412088116981045,53.57255976814843,44
10,real_application_traces,10,0,afreeca_dataset;amazon_dataset;battleground_dataset;geforce_dataset;navernow_dataset;netflix_dataset;teams_dataset;tft_dataset;youtube_dataset;zoom_dataset,LOW,Current Demand Only (lambda=0.00),0.0,0.75,44.940320257428404,10.006645809503734,0.13262165015954294,0.010772022192287904,99.98804185351271,0.26328928153757364,44.9403202574282,44
10,real_application_traces,10,0,geforce_dataset;meet_dataset;netflix_dataset;roblox_dataset;teams_dataset;tft_dataset;youtubeLive_dataset;youtube_dataset;zepeto_dataset;zoom_dataset,LOW,Equal Share,,0.75,16.622152093032316,20.628801544765295,63.05063301843498,0.7889124589943453,89.74140508221225,0.24235395740835158,16.622152093032266,45
10,real_application_traces,10,0,geforce_dataset;meet_dataset;netflix_dataset;roblox_dataset;teams_dataset;tft_dataset;youtubeLive_dataset;youtube_dataset;zepeto_dataset;zoom_dataset,LOW,Round Robin,,0.75,44.98282362204167,10.0053797545669,0.038169728796213734,0.008601450777609265,99.99103139013452,0.1389937124888487,44.98282362204171,45
10,real_application_traces,10,0,geforce_dataset;meet_dataset;netflix_dataset;roblox_dataset;teams_dataset;tft_dataset;youtubeLive_dataset;youtube_dataset;zepeto_dataset;zoom_dataset,LOW,Proportional Fair,,0.75,44.988262745246246,10.01343030227348,0.026082788341569324,0.023541736138510707,99.98953662182362,0.13908270111482618,44.9882627452463,45
10,real_application_traces,10,0,geforce_dataset;meet_dataset;netflix_dataset;roblox_dataset;teams_dataset;tft_dataset;youtubeLive_dataset;youtube_dataset;zepeto_dataset;zoom_dataset,LOW,Blended Demand (lambda=0.25),0.25,0.75,44.98563961325006,10.618140765582016,0.030839595619836888,0.764754409164856,99.99103139013452,0.14394850960651612,46.22203381523143,45
10,real_application_traces,10,0,geforce_dataset;meet_dataset;netflix_dataset;roblox_dataset;teams_dataset;tft_dataset;youtubeLive_dataset;youtube_dataset;zepeto_dataset;zoom_dataset,LOW,Blended Demand (lambda=0.50),0.5,0.75,44.92632992560008,11.52882965783693,0.16156652657259704,2.0325934580188,99.90881913303438,0.14846227047346622,47.39984275048897,45
10,real_application_traces,10,0,geforce_dataset;meet_dataset;netflix_dataset;roblox_dataset;teams_dataset;tft_dataset;youtubeLive_dataset;youtube_dataset;zepeto_dataset;zoom_dataset,LOW,Blended Demand (lambda=0.75),0.75,0.75,44.77287127671008,13.23064160122502,0.5015133713933289,4.70398815392835,98.20627802690584,0.1523047409178355,48.47522316411733,45
10,real_application_traces,10,0,geforce_dataset;meet_dataset;netflix_dataset;roblox_dataset;teams_dataset;tft_dataset;youtubeLive_dataset;youtube_dataset;zepeto_dataset;zoom_dataset,LOW,Prediction Only (lambda=1.00),1.0,0.75,44.56834104474496,19.102521614139093,0.9549526230461075,15.217438055721749,97.50373692077729,0.15569583071340015,49.48257963311131,45
10,real_application_traces,10,0,geforce_dataset;meet_dataset;netflix_dataset;roblox_dataset;teams_dataset;tft_dataset;youtubeLive_dataset;youtube_dataset;zepeto_dataset;zoom_dataset,LOW,Current Demand Only (lambda=0.00),0.0,0.75,44.989174477985095,10.007072134112002,0.02405671558857461,0.010882192165331855,99.99402092675635,0.13903110347383474,44.98917447798514,45
10,real_application_traces,10,0,afreeca_dataset;amazon_dataset;battleground_dataset;gamebox_dataset;meet_dataset;navernow_dataset;roblox_dataset;youtubeLive_dataset;zepeto_dataset;zoom_dataset,LOW,Equal Share,,0.75,29.673871110620535,25.15319450919745,34.051852201374864,4.942736165467429,87.25112107623319,0.40038813576391086,29.67387111062059,46
10,real_application_traces,10,0,afreeca_dataset;amazon_dataset;battleground_dataset;gamebox_dataset;meet_dataset;navernow_dataset;roblox_dataset;youtubeLive_dataset;zepeto_dataset;zoom_dataset,LOW,Round Robin,,0.75,44.90617774320014,10.009062371680661,0.2084939039991025,0.015262926445760541,99.98206278026906,0.30245216591051305,44.9061777432004,46
10,real_application_traces,10,0,afreeca_dataset;amazon_dataset;battleground_dataset;gamebox_dataset;meet_dataset;navernow_dataset;roblox_dataset;youtubeLive_dataset;zepeto_dataset;zoom_dataset,LOW,Proportional Fair,,0.75,44.906953406643936,10.011924069693507,0.20677020745735145,0.020563618225797213,99.98355754857997,0.3024542958047817,44.90695340664419,46
10,real_application_traces,10,0,afreeca_dataset;amazon_dataset;battleground_dataset;gamebox_dataset;meet_dataset;navernow_dataset;roblox_dataset;youtubeLive_dataset;zepeto_dataset;zoom_dataset,LOW,Blended Demand (lambda=0.25),0.25,0.75,44.898880872114226,11.18721986059194,0.22399684402406414,1.3122147673359792,99.98355754857997,0.31899666529687154,48.30090800775669,46
10,real_application_traces,10,0,afreeca_dataset;amazon_dataset;battleground_dataset;gamebox_dataset;meet_dataset;navernow_dataset;roblox_dataset;youtubeLive_dataset;zepeto_dataset;zoom_dataset,LOW,Blended Demand (lambda=0.50),0.5,0.75,44.5782539562917,13.08942889272443,0.9357887723518123,3.594689791639087,99.61285500747384,0.33161637386021536,51.380822735376654,46
10,real_application_traces,10,0,afreeca_dataset;amazon_dataset;battleground_dataset;gamebox_dataset;meet_dataset;navernow_dataset;roblox_dataset;youtubeLive_dataset;zepeto_dataset;zoom_dataset,LOW,Blended Demand (lambda=0.75),0.75,0.75,43.326634886444765,16.895248007410395,3.716452154067131,8.553903049843976,95.2272047832586,0.34235674244105396,53.524039500499,46
10,real_application_traces,10,0,afreeca_dataset;amazon_dataset;battleground_dataset;gamebox_dataset;meet_dataset;navernow_dataset;roblox_dataset;youtubeLive_dataset;zepeto_dataset;zoom_dataset,LOW,Prediction Only (lambda=1.00),1.0,0.75,41.2668097438588,34.52544793973179,8.293129030757978,33.71473776950889,93.47234678624814,0.3525643650625171,54.83284973899272,46
10,real_application_traces,10,0,afreeca_dataset;amazon_dataset;battleground_dataset;gamebox_dataset;meet_dataset;navernow_dataset;roblox_dataset;youtubeLive_dataset;zepeto_dataset;zoom_dataset,LOW,Current Demand Only (lambda=0.00),0.0,0.75,44.90617774320014,10.009313417094015,0.20849390399910253,0.015443680123201376,99.98206278026906,0.30245216591051305,44.9061777432004,46
10,real_application_traces,10,0,afreeca_dataset;amazon_dataset;battleground_dataset;gamebox_dataset;geforce_dataset;meet_dataset;netflix_dataset;teams_dataset;youtube_dataset;zoom_dataset,MEDIUM,Equal Share,,0.75,34.42352702962345,31.26575948808471,56.96685429219338,1.4648129294625785,79.75784753363229,0.445190428595247,34.42352702962353,42
10,real_application_traces,10,0,afreeca_dataset;amazon_dataset;battleground_dataset;gamebox_dataset;geforce_dataset;meet_dataset;netflix_dataset;teams_dataset;youtube_dataset;zoom_dataset,MEDIUM,Round Robin,,0.75,79.69396641581595,10.144805328565612,0.3825419802303239,0.2012365090368822,99.85949177877428,0.28350417724819255,79.69396641581575,42
10,real_application_traces,10,0,afreeca_dataset;amazon_dataset;battleground_dataset;gamebox_dataset;geforce_dataset;meet_dataset;netflix_dataset;teams_dataset;youtube_dataset;zoom_dataset,MEDIUM,Proportional Fair,,0.75,79.67392244567918,10.237423359087426,0.4075969429012594,0.3899457133681676,99.80418535127055,0.2843529291263959,79.673922445679,42
10,real_application_traces,10,0,afreeca_dataset;amazon_dataset;battleground_dataset;gamebox_dataset;geforce_dataset;meet_dataset;netflix_dataset;teams_dataset;youtube_dataset;zoom_dataset,MEDIUM,Blended Demand (lambda=0.25),0.25,0.75,79.73041043285792,10.836375254200139,0.33685797477972135,1.003251209623943,99.85052316890882,0.2905620174040214,81.29850485014711,42
10,real_application_traces,10,0,afreeca_dataset;amazon_dataset;battleground_dataset;gamebox_dataset;geforce_dataset;meet_dataset;netflix_dataset;teams_dataset;youtube_dataset;zoom_dataset,MEDIUM,Blended Demand (lambda=0.50),0.5,0.75,79.69089722083464,11.853424905417118,0.38612050566045697,2.389063670945576,99.79970104633782,0.29656691195024315,82.81474253446513,42
10,real_application_traces,10,0,afreeca_dataset;amazon_dataset;battleground_dataset;gamebox_dataset;geforce_dataset;meet_dataset;netflix_dataset;teams_dataset;youtube_dataset;zoom_dataset,MEDIUM,Blended Demand (lambda=0.75),0.75,0.75,79.53266140596733,13.84893581692665,0.5837862900967553,5.529301703655248,97.9626307922272,0.30151799426665965,84.19716791273102,42
10,real_application_traces,10,0,afreeca_dataset;amazon_dataset;battleground_dataset;gamebox_dataset;geforce_dataset;meet_dataset;netflix_dataset;teams_dataset;youtube_dataset;zoom_dataset,MEDIUM,Prediction Only (lambda=1.00),1.0,0.75,79.22552086041537,20.67986352857757,0.9675829878886193,17.9198635876119,96.80568011958147,0.3055764065769118,85.37926526979552,42
10,real_application_traces,10,0,afreeca_dataset;amazon_dataset;battleground_dataset;gamebox_dataset;geforce_dataset;meet_dataset;netflix_dataset;teams_dataset;youtube_dataset;zoom_dataset,MEDIUM,Current Demand Only (lambda=0.00),0.0,0.75,79.73842224592602,10.1784630120548,0.32697219259277643,0.23695404621953395,99.84304932735427,0.2840346929143228,79.73842224592579,42
10,real_application_traces,10,0,afreeca_dataset;gamebox_dataset;geforce_dataset;meet_dataset;navernow_dataset;netflix_dataset;roblox_dataset;tft_dataset;youtubeLive_dataset;youtube_dataset,MEDIUM,Equal Share,,0.75,38.02491128639759,35.388513693785704,52.461379927174136,5.033667074332342,76.97309417040358,0.4526034641568017,38.024911286397696,43
10,real_application_traces,10,0,afreeca_dataset;gamebox_dataset;geforce_dataset;meet_dataset;navernow_dataset;netflix_dataset;roblox_dataset;tft_dataset;youtubeLive_dataset;youtube_dataset,MEDIUM,Round Robin,,0.75,79.52726366092861,10.457219441443643,0.5909204238392398,0.7715945928703767,99.60837070254111,0.32981668148215,79.52726366092861,43
10,real_application_traces,10,0,afreeca_dataset;gamebox_dataset;geforce_dataset;meet_dataset;navernow_dataset;netflix_dataset;roblox_dataset;tft_dataset;youtubeLive_dataset;youtube_dataset,MEDIUM,Proportional Fair,,0.75,79.67776789644549,10.740514386313695,0.4027901294430682,1.3191289448255228,99.52765321375186,0.3324124063800282,79.67776789644553,43
10,real_application_traces,10,0,afreeca_dataset;gamebox_dataset;geforce_dataset;meet_dataset;navernow_dataset;netflix_dataset;roblox_dataset;tft_dataset;youtubeLive_dataset;youtube_dataset,MEDIUM,Blended Demand (lambda=0.25),0.25,0.75,79.59239125987335,11.40079987876751,0.5089734765855904,1.5994819650765149,99.59043348281017,0.34397109778066676,83.04121450075854,43
10,real_application_traces,10,0,afreeca_dataset;gamebox_dataset;geforce_dataset;meet_dataset;navernow_dataset;netflix_dataset;roblox_dataset;tft_dataset;youtubeLive_dataset;youtube_dataset,MEDIUM,Blended Demand (lambda=0.50),0.5,0.75,79.39827527173574,12.942952751308809,0.7510810131852552,3.3580077485451145,99.35874439461884,0.354764203616236,86.14281258860201,43
10,real_application_traces,10,0,afreeca_dataset;gamebox_dataset;geforce_dataset;meet_dataset;navernow_dataset;netflix_dataset;roblox_dataset;tft_dataset;youtubeLive_dataset;youtube_dataset,MEDIUM,Blended Demand (lambda=0.75),0.75,0.75,77.83219786464974,15.798977642739953,2.7081403234701567,7.202548080834223,95.98804185351271,0.3596785679301132,87.51510590944174,43
10,real_application_traces,10,0,afreeca_dataset;gamebox_dataset;geforce_dataset;meet_dataset;navernow_dataset;netflix_dataset;roblox_dataset;tft_dataset;youtubeLive_dataset;youtube_dataset,MEDIUM,Prediction Only (lambda=1.00),1.0,0.75,75.46822450241928,28.67720707243333,5.662569577685654,27.723359814664306,94.78026905829596,0.3609020014409781,87.59969258893355,43
10,real_application_traces,10,0,afreeca_dataset;gamebox_dataset;geforce_dataset;meet_dataset;navernow_dataset;netflix_dataset;roblox_dataset;tft_dataset;youtubeLive_dataset;youtube_dataset,MEDIUM,Current Demand Only (lambda=0.00),0.0,0.75,79.70168710579208,10.521521235077316,0.3728911177598614,0.8389017155066821,99.6576980568012,0.3306593014105173,79.70168710579212,43
10,real_application_traces,10,0,afreeca_dataset;amazon_dataset;battleground_dataset;geforce_dataset;navernow_dataset;netflix_dataset;teams_dataset;tft_dataset;youtube_dataset;zoom_dataset,MEDIUM,Equal Share,,0.75,36.08780349453567,28.376118183755793,54.88462301625904,5.4291450536136345,85.95216741405082,0.47372701684396207,36.08780349453567,44
10,real_application_traces,10,0,afreeca_dataset;amazon_dataset;battleground_dataset;geforce_dataset;navernow_dataset;netflix_dataset;teams_dataset;tft_dataset;youtube_dataset;zoom_dataset,MEDIUM,Round Robin,,0.75,78.60509057028344,10.619666100967965,1.7436367871459693,1.0334918879560888,99.19880418535126,0.25983210411608454,78.60509057028322,44
10,real_application_traces,10,0,afreeca_dataset;amazon_dataset;battleground_dataset;geforce_dataset;navernow_dataset;netflix_dataset;teams_dataset;tft_dataset;youtube_dataset;zoom_dataset,MEDIUM,Proportional Fair,,0.75,78.44903955763859,10.990859714924431,1.9387005529519374,1.7978128773215372,98.84005979073244,0.2655131140297226,78.44903955763844,44
10,real_application_traces,10,0,afreeca_dataset;amazon_dataset;battleground_dataset;geforce_dataset;navernow_dataset;netflix_dataset;teams_dataset;tft_dataset;youtube_dataset;zoom_dataset,MEDIUM,Blended Demand (lambda=0.25),0.25,0.75,78.5760301400815,11.61680747686506,1.77981052651534,1.792214087410612,99.1509715994021,0.27472821688512,83.19149570670885,44
10,real_application_traces,10,0,afreeca_dataset;amazon_dataset;battleground_dataset;geforce_dataset;navernow_dataset;netflix_dataset;teams_dataset;tft_dataset;youtube_dataset;zoom_dataset,MEDIUM,Blended Demand (lambda=0.50),0.5,0.75,77.87081785296336,13.176013385991297,2.6611740870302993,3.368945549660936,97.86397608370703,0.28517174421545627,86.82427238316082,44
10,real_application_traces,10,0,afreeca_dataset;amazon_dataset;battleground_dataset;geforce_dataset;navernow_dataset;netflix_dataset;teams_dataset;tft_dataset;youtube_dataset;zoom_dataset,MEDIUM,Blended Demand (lambda=0.75),0.75,0.75,75.16084394059065,16.07609292621743,6.048489679113787,7.074214517909295,95.25112107623319,0.2888354357234859,87.98929233342434,44
10,real_application_traces,10,0,afreeca_dataset;amazon_dataset;battleground_dataset;geforce_dataset;navernow_dataset;netflix_dataset;teams_dataset;tft_dataset;youtube_dataset;zoom_dataset,MEDIUM,Prediction Only (lambda=1.00),1.0,0.75,71.68852194514143,29.57359761322184,10.388740375043024,27.217125349957282,93.72047832585949,0.2884958417151029,87.61004667067448,44
10,real_application_traces,10,0,afreeca_dataset;amazon_dataset;battleground_dataset;geforce_dataset;navernow_dataset;netflix_dataset;teams_dataset;tft_dataset;youtube_dataset;zoom_dataset,MEDIUM,Current Demand Only (lambda=0.00),0.0,0.75,78.73411668292935,10.67075235256303,1.582354146338597,1.0828766907302954,99.22122571001495,0.26041979567031087,78.73411668292911,44
10,real_application_traces,10,0,geforce_dataset;meet_dataset;netflix_dataset;roblox_dataset;teams_dataset;tft_dataset;youtubeLive_dataset;youtube_dataset;zepeto_dataset;zoom_dataset,MEDIUM,Equal Share,,0.75,20.973341296357756,21.63712168658452,73.7758495379982,1.9817758012099014,89.3796711509716,0.3119607003636883,20.97334129635777,45
10,real_application_traces,10,0,geforce_dataset;meet_dataset;netflix_dataset;roblox_dataset;teams_dataset;tft_dataset;youtubeLive_dataset;youtube_dataset;zepeto_dataset;zoom_dataset,MEDIUM,Round Robin,,0.75,79.188096299348,10.159149156884562,1.0122710108738406,0.2315301704077108,99.54559043348281,0.13795431539431732,79.18809629934803,45
10,real_application_traces,10,0,geforce_dataset;meet_dataset;netflix_dataset;roblox_dataset;teams_dataset;tft_dataset;youtubeLive_dataset;youtube_dataset;zepeto_dataset;zoom_dataset,MEDIUM,Proportional Fair,,0.75,79.02941062742673,10.642377512968588,1.2106281007753763,1.2191943360010742,99.58445440956652,0.1393739905209763,79.02941062742681,45
10,real_application_traces,10,0,geforce_dataset;meet_dataset;netflix_dataset;roblox_dataset;teams_dataset;tft_dataset;youtubeLive_dataset;youtube_dataset;zepeto_dataset;zoom_dataset,MEDIUM,Blended Demand (lambda=0.25),0.25,0.75,79.15394579807628,10.785989979659593,1.054329885780742,0.9227962129763745,99.4932735426009,0.14314560186241757,81.28437941902257,45
10,real_application_traces,10,0,geforce_dataset;meet_dataset;netflix_dataset;roblox_dataset;teams_dataset;tft_dataset;youtubeLive_dataset;youtube_dataset;zepeto_dataset;zoom_dataset,MEDIUM,Blended Demand (lambda=0.50),0.5,0.75,79.03379798183451,11.70624905795621,1.2035494738607684,2.1167387339543766,99.39910313901345,0.14742597886282813,83.23610872150476,45
10,real_application_traces,10,0,geforce_dataset;meet_dataset;netflix_dataset;roblox_dataset;teams_dataset;tft_dataset;youtubeLive_dataset;youtube_dataset;zepeto_dataset;zoom_dataset,MEDIUM,Blended Demand (lambda=0.75),0.75,0.75,78.74084999542174,13.48069394985551,1.5690191661230635,4.850279196138428,97.61136023916293,0.15075555187337766,84.95266539936858,45
10,real_application_traces,10,0,geforce_dataset;meet_dataset;netflix_dataset;roblox_dataset;teams_dataset;tft_dataset;youtubeLive_dataset;youtube_dataset;zepeto_dataset;zoom_dataset,MEDIUM,Prediction Only (lambda=1.00),1.0,0.75,78.1873327980068,19.741628096857923,2.2606133173429708,15.748026664442428,96.86547085201794,0.15345039025105608,86.31460390808283,45
10,real_application_traces,10,0,geforce_dataset;meet_dataset;netflix_dataset;roblox_dataset;teams_dataset;tft_dataset;youtubeLive_dataset;youtube_dataset;zepeto_dataset;zoom_dataset,MEDIUM,Current Demand Only (lambda=0.00),0.0,0.75,79.20397826438958,10.16894939037781,0.9924185545719553,0.24322238865896287,99.53512705530643,0.13840649418214035,79.20397826438956,45
10,real_application_traces,10,0,afreeca_dataset;amazon_dataset;battleground_dataset;gamebox_dataset;meet_dataset;navernow_dataset;roblox_dataset;youtubeLive_dataset;zepeto_dataset;zoom_dataset,MEDIUM,Equal Share,,0.75,37.092159819543646,33.23543658548061,53.62839103412951,5.646993821728224,81.5560538116592,0.45884002468991875,37.09215981954375,46
10,real_application_traces,10,0,afreeca_dataset;amazon_dataset;battleground_dataset;gamebox_dataset;meet_dataset;navernow_dataset;roblox_dataset;youtubeLive_dataset;zepeto_dataset;zoom_dataset,MEDIUM,Round Robin,,0.75,77.21333990018181,10.722442124626202,3.483325124772829,1.2626080873080359,98.64125560538116,0.29686668734850097,77.21333990018174,46
10,real_application_traces,10,0,afreeca_dataset;amazon_dataset;battleground_dataset;gamebox_dataset;meet_dataset;navernow_dataset;roblox_dataset;youtubeLive_dataset;zepeto_dataset;zoom_dataset,MEDIUM,Proportional Fair,,0.75,77.89959755872474,11.175484789315798,2.625503051594078,2.088388047056373,98.5829596412556,0.30144211037093416,77.89959755872474,46
10,real_application_traces,10,0,afreeca_dataset;amazon_dataset;battleground_dataset;gamebox_dataset;meet_dataset;navernow_dataset;roblox_dataset;youtubeLive_dataset;zepeto_dataset;zoom_dataset,MEDIUM,Blended Demand (lambda=0.25),0.25,0.75,77.10023809315845,11.684191581239459,3.6239900544965087,1.9753621185248373,98.4559043348281,0.31565606299615023,82.95262969830138,46
10,real_application_traces,10,0,afreeca_dataset;amazon_dataset;battleground_dataset;gamebox_dataset;meet_dataset;navernow_dataset;roblox_dataset;youtubeLive_dataset;zepeto_dataset;zoom_dataset,MEDIUM,Blended Demand (lambda=0.50),0.5,0.75,75.89425648452513,13.14488434222933,5.130754736232249,3.4363899194672873,97.43348281016442,0.32898293915050814,87.14321570709492,46
10,real_application_traces,10,0,afreeca_dataset;amazon_dataset;battleground_dataset;gamebox_dataset;meet_dataset;navernow_dataset;roblox_dataset;youtubeLive_dataset;zepeto_dataset;zoom_dataset,MEDIUM,Blended Demand (lambda=0.75),0.75,0.75,72.77392385898547,16.17116086011287,9.030458189101394,7.352903445472427,94.5829596412556,0.33821057501398394,88.49257112760253,46
10,real_application_traces,10,0,afreeca_dataset;amazon_dataset;battleground_dataset;gamebox_dataset;meet_dataset;navernow_dataset;roblox_dataset;youtubeLive_dataset;zepeto_dataset;zoom_dataset,MEDIUM,Prediction Only (lambda=1.00),1.0,0.75,68.46267354971647,32.289331000273414,14.418808746631901,30.52206847926222,93.07025411061285,0.3433433160880081,87.48028069605817,46
10,real_application_traces,10,0,afreeca_dataset;amazon_dataset;battleground_dataset;gamebox_dataset;meet_dataset;navernow_dataset;roblox_dataset;youtubeLive_dataset;zepeto_dataset;zoom_dataset,MEDIUM,Current Demand Only (lambda=0.00),0.0,0.75,77.45710792016581,10.790095896411765,3.1786150997928657,1.3359000864704662,98.69207772795217,0.2975815378300094,77.45710792016571,46
10,real_application_traces,10,0,afreeca_dataset;amazon_dataset;battleground_dataset;gamebox_dataset;geforce_dataset;meet_dataset;netflix_dataset;teams_dataset;youtube_dataset;zoom_dataset,HIGH,Equal Share,,0.75,38.857912493284346,36.55669879931631,64.67166207767858,2.3734204207269194,75.9611360239163,0.4802392607257903,38.85791249328441,42
10,real_application_traces,10,0,afreeca_dataset;amazon_dataset;battleground_dataset;gamebox_dataset;geforce_dataset;meet_dataset;netflix_dataset;teams_dataset;youtube_dataset;zoom_dataset,HIGH,Round Robin,,0.75,98.68988644449031,12.787067606828177,10.281921414099768,1.1161176772303458,92.15844544095665,0.3014302192819779,98.6898864444903,42
10,real_application_traces,10,0,afreeca_dataset;amazon_dataset;battleground_dataset;gamebox_dataset;geforce_dataset;meet_dataset;netflix_dataset;teams_dataset;youtube_dataset;zoom_dataset,HIGH,Proportional Fair,,0.75,98.67663479861343,13.226138034131218,10.29396836489697,2.3035414646140118,92.42301943198804,0.3040020012488849,98.6766347986134,42
10,real_application_traces,10,0,afreeca_dataset;amazon_dataset;battleground_dataset;gamebox_dataset;geforce_dataset;meet_dataset;netflix_dataset;teams_dataset;youtube_dataset;zoom_dataset,HIGH,Blended Demand (lambda=0.25),0.25,0.75,97.32595100010727,14.230858572951437,11.52173374302701,1.5961928948057398,90.6711509715994,0.31274224123958844,98.99181683309747,42
10,real_application_traces,10,0,afreeca_dataset;amazon_dataset;battleground_dataset;gamebox_dataset;geforce_dataset;meet_dataset;netflix_dataset;teams_dataset;youtube_dataset;zoom_dataset,HIGH,Blended Demand (lambda=0.50),0.5,0.75,95.99216363136523,15.524661690128196,12.734138730462956,2.6340379741448947,89.67563527653213,0.3223951984991301,99.1997897485865,42
10,real_application_traces,10,0,afreeca_dataset;amazon_dataset;battleground_dataset;gamebox_dataset;geforce_dataset;meet_dataset;netflix_dataset;teams_dataset;youtube_dataset;zoom_dataset,HIGH,Blended Demand (lambda=0.75),0.75,0.75,94.75878907975093,17.713423018411525,13.855259338691404,5.440479261187228,87.14499252615845,0.32948656678482685,99.34396837288307,42
10,real_application_traces,10,0,afreeca_dataset;amazon_dataset;battleground_dataset;gamebox_dataset;geforce_dataset;meet_dataset;netflix_dataset;teams_dataset;youtube_dataset;zoom_dataset,HIGH,Prediction Only (lambda=1.00),1.0,0.75,93.58644306778196,24.571697452870485,14.920899456333661,17.28631418694949,85.67713004484305,0.3339656134859545,99.42678642089757,42
10,real_application_traces,10,0,afreeca_dataset;amazon_dataset;battleground_dataset;gamebox_dataset;geforce_dataset;meet_dataset;netflix_dataset;teams_dataset;youtube_dataset;zoom_dataset,HIGH,Current Demand Only (lambda=0.00),0.0,0.75,98.70909691388576,13.268724668617446,10.26445735101301,1.1982931239269714,91.57997010463379,0.3023981128371092,98.70909691388574,42
10,real_application_traces,10,0,afreeca_dataset;gamebox_dataset;geforce_dataset;meet_dataset;navernow_dataset;netflix_dataset;roblox_dataset;tft_dataset;youtubeLive_dataset;youtube_dataset,HIGH,Equal Share,,0.75,41.36466858100796,39.02528388645373,62.388948389042305,5.239025489158591,75.44693572496263,0.47545399166440416,41.36466858100799,43
10,real_application_traces,10,0,afreeca_dataset;gamebox_dataset;geforce_dataset;meet_dataset;navernow_dataset;netflix_dataset;roblox_dataset;tft_dataset;youtubeLive_dataset;youtube_dataset,HIGH,Round Robin,,0.75,98.34109865758931,14.010929093002897,10.59702528211567,3.1514960726784405,91.6576980568012,0.34495985194318096,98.34109865758937,43
10,real_application_traces,10,0,afreeca_dataset;gamebox_dataset;geforce_dataset;meet_dataset;navernow_dataset;netflix_dataset;roblox_dataset;tft_dataset;youtubeLive_dataset;youtube_dataset,HIGH,Proportional Fair,,0.75,98.26207386554064,14.580068813394147,10.670398620061478,4.766817271342337,92.67713004484305,0.35542617988359493,98.26207386554067,43
10,real_application_traces,10,0,afreeca_dataset;gamebox_dataset;geforce_dataset;meet_dataset;navernow_dataset;netflix_dataset;roblox_dataset;tft_dataset;youtubeLive_dataset;youtube_dataset,HIGH,Blended Demand (lambda=0.25),0.25,0.75,95.96835170992922,16.91745136322784,12.753547967293219,3.2885771679313147,87.47533632286995,0.36134882129631285,99.24107777331858,43
10,real_application_traces,10,0,afreeca_dataset;gamebox_dataset;geforce_dataset;meet_dataset;navernow_dataset;netflix_dataset;roblox_dataset;tft_dataset;youtubeLive_dataset;youtube_dataset,HIGH,Blended Demand (lambda=0.50),0.5,0.75,94.14404356177265,18.279329749110932,14.411860061863248,3.8667676020835784,85.89686098654708,0.37166601181089676,99.50252735395745,43
10,real_application_traces,10,0,afreeca_dataset;gamebox_dataset;geforce_dataset;meet_dataset;navernow_dataset;netflix_dataset;roblox_dataset;tft_dataset;youtubeLive_dataset;youtube_dataset,HIGH,Blended Demand (lambda=0.75),0.75,0.75,92.50338631761342,20.528716942045644,15.903844374100556,6.45893319386637,83.59940209267563,0.37388494346831036,99.5380340499911,43
10,real_application_traces,10,0,afreeca_dataset;gamebox_dataset;geforce_dataset;meet_dataset;navernow_dataset;netflix_dataset;roblox_dataset;tft_dataset;youtubeLive_dataset;youtube_dataset,HIGH,Prediction Only (lambda=1.00),1.0,0.75,90.55483324958601,31.936927280093037,17.674606488415517,24.70666963064159,84.050822122571,0.36825233876853575,99.43788375478364,43
10,real_application_traces,10,0,afreeca_dataset;gamebox_dataset;geforce_dataset;meet_dataset;navernow_dataset;netflix_dataset;roblox_dataset;tft_dataset;youtubeLive_dataset;youtube_dataset,HIGH,Current Demand Only (lambda=0.00),0.0,0.75,98.62175142343347,15.575952357654122,10.341886404075593,3.3145443747009,89.85500747384155,0.3457809506854168,98.62175142343347,43
10,real_application_traces,10,0,afreeca_dataset;amazon_dataset;battleground_dataset;geforce_dataset;navernow_dataset;netflix_dataset;teams_dataset;tft_dataset;youtube_dataset;zoom_dataset,HIGH,Equal Share,,0.75,40.26371553993915,34.19751048820207,63.39151876791344,5.670894252389799,80.1644245142003,0.505149079610627,40.26371553993912,44
10,real_application_traces,10,0,afreeca_dataset;amazon_dataset;battleground_dataset;geforce_dataset;navernow_dataset;netflix_dataset;teams_dataset;tft_dataset;youtube_dataset;zoom_dataset,HIGH,Round Robin,,0.75,96.51084274189094,12.304370680036211,12.260152474079245,2.5654463213333734,92.89985052316891,0.2711920408720151,96.51084274189101,44
10,real_application_traces,10,0,afreeca_dataset;amazon_dataset;battleground_dataset;geforce_dataset;navernow_dataset;netflix_dataset;teams_dataset;tft_dataset;youtube_dataset;zoom_dataset,HIGH,Proportional Fair,,0.75,95.90127309696267,13.347917750508348,12.814334219500939,5.020394270703846,94.46337817638266,0.2898294365058122,95.90127309696251,44
10,real_application_traces,10,0,afreeca_dataset;amazon_dataset;battleground_dataset;geforce_dataset;navernow_dataset;netflix_dataset;teams_dataset;tft_dataset;youtube_dataset;zoom_dataset,HIGH,Blended Demand (lambda=0.25),0.25,0.75,93.71877381306126,13.724642777788324,14.79830574510016,2.827712529304092,90.99551569506727,0.2899048687613828,98.67625403727287,44
10,real_application_traces,10,0,afreeca_dataset;amazon_dataset;battleground_dataset;geforce_dataset;navernow_dataset;netflix_dataset;teams_dataset;tft_dataset;youtube_dataset;zoom_dataset,HIGH,Blended Demand (lambda=0.50),0.5,0.75,91.03119084895026,15.044342364795849,17.241636282420163,3.563533423883973,89.72645739910314,0.30499650808902745,99.3543278789598,44
10,real_application_traces,10,0,afreeca_dataset;amazon_dataset;battleground_dataset;geforce_dataset;navernow_dataset;netflix_dataset;teams_dataset;tft_dataset;youtube_dataset;zoom_dataset,HIGH,Blended Demand (lambda=0.75),0.75,0.75,88.64607709242698,17.46282160723219,19.409912559366116,6.409079819931029,87.54559043348281,0.3073947285085649,99.45096473388492,44
10,real_application_traces,10,0,afreeca_dataset;amazon_dataset;battleground_dataset;geforce_dataset;navernow_dataset;netflix_dataset;teams_dataset;tft_dataset;youtube_dataset;zoom_dataset,HIGH,Prediction Only (lambda=1.00),1.0,0.75,85.85475802703006,29.640536597867808,21.947466389833508,24.58652848521662,87.1778774289985,0.2956841879614826,99.17522780081906,44
10,real_application_traces,10,0,afreeca_dataset;amazon_dataset;battleground_dataset;geforce_dataset;navernow_dataset;netflix_dataset;teams_dataset;tft_dataset;youtube_dataset;zoom_dataset,HIGH,Current Demand Only (lambda=0.00),0.0,0.75,96.79223961235483,12.749774154465575,12.004239164938458,2.7037688046894033,92.54708520179372,0.26962636387614125,96.79223961235485,44
10,real_application_traces,10,0,geforce_dataset;meet_dataset;netflix_dataset;roblox_dataset;teams_dataset;tft_dataset;youtubeLive_dataset;youtube_dataset;zepeto_dataset;zoom_dataset,HIGH,Equal Share,,0.75,24.303504111483427,22.58178994579525,77.90046983206649,2.868421959108998,88.80866965620329,0.3430644252998207,24.303504111483363,45
10,real_application_traces,10,0,geforce_dataset;meet_dataset;netflix_dataset;roblox_dataset;teams_dataset;tft_dataset;youtubeLive_dataset;youtube_dataset;zepeto_dataset;zoom_dataset,HIGH,Round Robin,,0.75,97.21266990091713,11.01856163686657,11.620989760194265,0.5355120857811688,93.95067264573991,0.1418169229348946,97.2126699009171,45
10,real_application_traces,10,0,geforce_dataset;meet_dataset;netflix_dataset;roblox_dataset;teams_dataset;tft_dataset;youtubeLive_dataset;youtube_dataset;zepeto_dataset;zoom_dataset,HIGH,Proportional Fair,,0.75,97.19085600300377,12.228268090466488,11.64195860034039,2.9565068264458954,93.99402092675635,0.14441945939047002,97.19085600300377,45
10,real_application_traces,10,0,geforce_dataset;meet_dataset;netflix_dataset;roblox_dataset;teams_dataset;tft_dataset;youtubeLive_dataset;youtube_dataset;zepeto_dataset;zoom_dataset,HIGH,Blended Demand (lambda=0.25),0.25,0.75,95.56370204008157,11.691962318055698,13.119095217492253,1.0860432192720442,93.30493273542601,0.14873201530190902,97.92860064452196,45
10,real_application_traces,10,0,geforce_dataset;meet_dataset;netflix_dataset;roblox_dataset;teams_dataset;tft_dataset;youtubeLive_dataset;youtube_dataset;zepeto_dataset;zoom_dataset,HIGH,Blended Demand (lambda=0.50),0.5,0.75,93.87887233077286,12.622921944969153,14.650636890414802,2.1905142645605973,92.79671150971599,0.15503970309985302,98.34614137135834,45
10,real_application_traces,10,0,geforce_dataset;meet_dataset;netflix_dataset;roblox_dataset;teams_dataset;tft_dataset;youtubeLive_dataset;youtube_dataset;zepeto_dataset;zoom_dataset,HIGH,Blended Demand (lambda=0.75),0.75,0.75,92.20679975909368,14.358786183416179,16.170340830014485,4.793315350315251,90.72795216741405,0.16033055569067994,98.61311685595354,45
10,real_application_traces,10,0,geforce_dataset;meet_dataset;netflix_dataset;roblox_dataset;teams_dataset;tft_dataset;youtubeLive_dataset;youtube_dataset;zepeto_dataset;zoom_dataset,HIGH,Prediction Only (lambda=1.00),1.0,0.75,90.51244848348065,20.619514770896114,17.710466971147255,15.588889662724192,89.92675635276532,0.16322198396392806,98.75135029226101,45
10,real_application_traces,10,0,geforce_dataset;meet_dataset;netflix_dataset;roblox_dataset;teams_dataset;tft_dataset;youtubeLive_dataset;youtube_dataset;zepeto_dataset;zoom_dataset,HIGH,Current Demand Only (lambda=0.00),0.0,0.75,97.21929114478336,11.04025795976662,11.614566753738728,0.5469313076176789,93.94469357249626,0.14228253417828887,97.21929114478336,45
10,real_application_traces,10,0,afreeca_dataset;amazon_dataset;battleground_dataset;gamebox_dataset;meet_dataset;navernow_dataset;roblox_dataset;youtubeLive_dataset;zepeto_dataset;zoom_dataset,HIGH,Equal Share,,0.75,40.23010753080426,37.55288613309513,63.420358926753195,6.193008306383069,77.41106128550075,0.48610152061534606,40.230107530804304,46
10,real_application_traces,10,0,afreeca_dataset;amazon_dataset;battleground_dataset;gamebox_dataset;meet_dataset;navernow_dataset;roblox_dataset;youtubeLive_dataset;zepeto_dataset;zoom_dataset,HIGH,Round Robin,,0.75,94.89050862171692,12.479778924389223,13.735901252984542,2.9435149798245392,93.4424514200299,0.2983151047415622,94.89050862171693,46
10,real_application_traces,10,0,afreeca_dataset;amazon_dataset;battleground_dataset;gamebox_dataset;meet_dataset;navernow_dataset;roblox_dataset;youtubeLive_dataset;zepeto_dataset;zoom_dataset,HIGH,Proportional Fair,,0.75,94.73808490129662,12.947329951769618,13.874468271548412,3.979672599400126,93.32735426008969,0.3198938302025476,94.73808490129669,46
10,real_application_traces,10,0,afreeca_dataset;amazon_dataset;battleground_dataset;gamebox_dataset;meet_dataset;navernow_dataset;roblox_dataset;youtubeLive_dataset;zepeto_dataset;zoom_dataset,HIGH,Blended Demand (lambda=0.25),0.25,0.75,92.2459673344708,14.141454342208972,16.139317366880086,3.2772957424219458,91.48878923766816,0.32349832268546147,98.45902998976077,46
10,real_application_traces,10,0,afreeca_dataset;amazon_dataset;battleground_dataset;gamebox_dataset;meet_dataset;navernow_dataset;roblox_dataset;youtubeLive_dataset;zepeto_dataset;zoom_dataset,HIGH,Blended Demand (lambda=0.50),0.5,0.75,89.20274199575182,15.661112215228492,18.90517352756892,3.943939952805046,89.7339312406577,0.3422703642203196,99.3091636530762,46
10,real_application_traces,10,0,afreeca_dataset;amazon_dataset;battleground_dataset;gamebox_dataset;meet_dataset;navernow_dataset;roblox_dataset;youtubeLive_dataset;zepeto_dataset;zoom_dataset,HIGH,Blended Demand (lambda=0.75),0.75,0.75,86.47359617698098,18.28519536261873,21.38550285194127,6.679018289985985,86.60388639760838,0.35171324505312906,99.44052282620477,46
10,real_application_traces,10,0,afreeca_dataset;amazon_dataset;battleground_dataset;gamebox_dataset;meet_dataset;navernow_dataset;roblox_dataset;youtubeLive_dataset;zepeto_dataset;zoom_dataset,HIGH,Prediction Only (lambda=1.00),1.0,0.75,83.17714744681443,32.196901785253424,24.381693651421305,26.961254481228938,86.7339312406577,0.3411520257901484,99.17456175113308,46
10,real_application_traces,10,0,afreeca_dataset;amazon_dataset;battleground_dataset;gamebox_dataset;meet_dataset;navernow_dataset;roblox_dataset;youtubeLive_dataset;zepeto_dataset;zoom_dataset,HIGH,Current Demand Only (lambda=0.00),0.0,0.75,95.4438468636428,13.014137661821827,13.232866487597397,3.1578706887810424,93.1644245142003,0.2982426705705837,95.44384686364282,46
10,real_application_traces,10,0,afreeca_dataset;amazon_dataset;battleground_dataset;gamebox_dataset;geforce_dataset;meet_dataset;netflix_dataset;teams_dataset;youtube_dataset;zoom_dataset,SPIKE,Equal Share,,0.75,38.26641617050694,35.821671969515,65.54921037979024,2.235349085296286,75.90582959641256,0.48289464933817633,38.26641617050695,42
10,real_application_traces,10,0,afreeca_dataset;amazon_dataset;battleground_dataset;gamebox_dataset;geforce_dataset;meet_dataset;netflix_dataset;teams_dataset;youtube_dataset;zoom_dataset,SPIKE,Round Robin,,0.75,90.92345205906092,12.843297128164659,18.15536361592,0.8574112350946878,90.92077727952167,0.31373977709705797,90.92345205906075,42
10,real_application_traces,10,0,afreeca_dataset;amazon_dataset;battleground_dataset;gamebox_dataset;geforce_dataset;meet_dataset;netflix_dataset;teams_dataset;youtube_dataset;zoom_dataset,SPIKE,Proportional Fair,,0.75,90.90130027853438,13.679142194756952,18.175303514608338,2.6001111088544966,90.99701046337817,0.31765082911771897,90.90130027853425,42
10,real_application_traces,10,0,afreeca_dataset;amazon_dataset;battleground_dataset;gamebox_dataset;geforce_dataset;meet_dataset;netflix_dataset;teams_dataset;youtube_dataset;zoom_dataset,SPIKE,Blended Demand (lambda=0.25),0.25,0.75,89.99435056877208,13.73736592109257,18.991526017626757,1.4571750348068797,90.3303437967115,0.3245024676689733,91.70539083802478,42
10,real_application_traces,10,0,afreeca_dataset;amazon_dataset;battleground_dataset;gamebox_dataset;geforce_dataset;meet_dataset;netflix_dataset;teams_dataset;youtube_dataset;zoom_dataset,SPIKE,Blended Demand (lambda=0.50),0.5,0.75,89.15802892890225,14.77254060835636,19.744172748191485,2.5880459996970435,90.14798206278027,0.3331652914388672,92.44738362779017,42
10,real_application_traces,10,0,afreeca_dataset;amazon_dataset;battleground_dataset;gamebox_dataset;geforce_dataset;meet_dataset;netflix_dataset;teams_dataset;youtube_dataset;zoom_dataset,SPIKE,Blended Demand (lambda=0.75),0.75,0.75,88.41631301002641,16.725592514466996,20.41031092315368,5.387818731756722,88.3288490284006,0.3393135718336507,93.12835683391094,42
10,real_application_traces,10,0,afreeca_dataset;amazon_dataset;battleground_dataset;gamebox_dataset;geforce_dataset;meet_dataset;netflix_dataset;teams_dataset;youtube_dataset;zoom_dataset,SPIKE,Prediction Only (lambda=1.00),1.0,0.75,87.63541171675583,23.319591781041005,21.11287675982934,17.089145338652866,87.21674140508222,0.3422971736493554,93.7047511687156,42
10,real_application_traces,10,0,afreeca_dataset;amazon_dataset;battleground_dataset;gamebox_dataset;geforce_dataset;meet_dataset;netflix_dataset;teams_dataset;youtube_dataset;zoom_dataset,SPIKE,Current Demand Only (lambda=0.00),0.0,0.75,90.9380550831227,13.04648914037676,18.142218721314933,0.9084318002533265,90.58594917787742,0.3147007837564695,90.93805508312253,42
10,real_application_traces,10,0,afreeca_dataset;gamebox_dataset;geforce_dataset;meet_dataset;navernow_dataset;netflix_dataset;roblox_dataset;tft_dataset;youtubeLive_dataset;youtube_dataset,SPIKE,Equal Share,,0.75,40.75438125644004,39.49863569459431,63.385622004282716,5.2105631682320075,73.82660687593423,0.4751672617826669,40.75438125643996,43
10,real_application_traces,10,0,afreeca_dataset;gamebox_dataset;geforce_dataset;meet_dataset;navernow_dataset;netflix_dataset;roblox_dataset;tft_dataset;youtubeLive_dataset;youtube_dataset,SPIKE,Round Robin,,0.75,90.56299950841526,13.786769638694489,18.65099464452547,2.229762789100745,90.25710014947683,0.3540486625996862,90.56299950841527,43
10,real_application_traces,10,0,afreeca_dataset;gamebox_dataset;geforce_dataset;meet_dataset;navernow_dataset;netflix_dataset;roblox_dataset;tft_dataset;youtubeLive_dataset;youtube_dataset,SPIKE,Proportional Fair,,0.75,90.62284211631355,14.707401689253114,18.597407433295835,4.1591517187462905,90.61434977578476,0.3675444078390908,90.62284211631354,43
10,real_application_traces,10,0,afreeca_dataset;gamebox_dataset;geforce_dataset;meet_dataset;navernow_dataset;netflix_dataset;roblox_dataset;tft_dataset;youtubeLive_dataset;youtube_dataset,SPIKE,Blended Demand (lambda=0.25),0.25,0.75,88.98794624577256,15.398386518677615,20.064632533996562,2.5699525804465724,88.7473841554559,0.3678817962919597,92.23041851820153,43
10,real_application_traces,10,0,afreeca_dataset;gamebox_dataset;geforce_dataset;meet_dataset;navernow_dataset;netflix_dataset;roblox_dataset;tft_dataset;youtubeLive_dataset;youtube_dataset,SPIKE,Blended Demand (lambda=0.50),0.5,0.75,87.8984429202222,16.661333751223466,21.04299398539708,3.6915955605829844,88.52167414050822,0.37855360340841715,93.68835455397925,43
10,real_application_traces,10,0,afreeca_dataset;gamebox_dataset;geforce_dataset;meet_dataset;navernow_dataset;netflix_dataset;roblox_dataset;tft_dataset;youtubeLive_dataset;youtube_dataset,SPIKE,Blended Demand (lambda=0.75),0.75,0.75,86.37649375040466,19.059288428407655,22.409804398925665,6.659727559466174,85.90582959641256,0.38446382794624784,94.37552655139055,43
10,real_application_traces,10,0,afreeca_dataset;gamebox_dataset;geforce_dataset;meet_dataset;navernow_dataset;netflix_dataset;roblox_dataset;tft_dataset;youtubeLive_dataset;youtube_dataset,SPIKE,Prediction Only (lambda=1.00),1.0,0.75,84.35980903417182,30.747969496269217,24.220813227632313,25.057907979084796,85.17189835575486,0.38095805634040575,94.4231809373981,43
10,real_application_traces,10,0,afreeca_dataset;gamebox_dataset;geforce_dataset;meet_dataset;navernow_dataset;netflix_dataset;roblox_dataset;tft_dataset;youtubeLive_dataset;youtube_dataset,SPIKE,Current Demand Only (lambda=0.00),0.0,0.75,90.6691966581151,14.561119361122907,18.554794472197788,2.1984620763904053,89.30493273542601,0.35325132313716157,90.66919665811514,43
10,real_application_traces,10,0,afreeca_dataset;amazon_dataset;battleground_dataset;geforce_dataset;navernow_dataset;netflix_dataset;teams_dataset;tft_dataset;youtube_dataset;zoom_dataset,SPIKE,Equal Share,,0.75,39.82237176754833,32.93459143172188,64.28639755365396,5.655514327341964,81.1778774289985,0.5085150384136617,39.822371767548404,44
10,real_application_traces,10,0,afreeca_dataset;amazon_dataset;battleground_dataset;geforce_dataset;navernow_dataset;netflix_dataset;teams_dataset;tft_dataset;youtube_dataset;zoom_dataset,SPIKE,Round Robin,,0.75,89.563930858547,12.012054053686835,19.689485477296525,1.9762546662607383,93.63677130044843,0.2863651273541862,89.5639308585469,44
10,real_application_traces,10,0,afreeca_dataset;amazon_dataset;battleground_dataset;geforce_dataset;navernow_dataset;netflix_dataset;teams_dataset;tft_dataset;youtube_dataset;zoom_dataset,SPIKE,Proportional Fair,,0.75,89.4619863668146,13.50402788106952,19.78089438750199,4.9172780774289455,93.69357249626307,0.30596411862034534,89.46198636681456,44
10,real_application_traces,10,0,afreeca_dataset;amazon_dataset;battleground_dataset;geforce_dataset;navernow_dataset;netflix_dataset;teams_dataset;tft_dataset;youtube_dataset;zoom_dataset,SPIKE,Blended Demand (lambda=0.25),0.25,0.75,87.24020071661309,13.469718349549533,21.772673500225835,2.537988528402315,92.98056801195814,0.306062988846182,91.97481267025802,44
10,real_application_traces,10,0,afreeca_dataset;amazon_dataset;battleground_dataset;geforce_dataset;navernow_dataset;netflix_dataset;teams_dataset;tft_dataset;youtube_dataset;zoom_dataset,SPIKE,Blended Demand (lambda=0.50),0.5,0.75,85.61749278856762,14.81030096917088,23.227842649255546,3.615007277291219,92.26756352765321,0.31898518801410525,93.8312596958244,44
10,real_application_traces,10,0,afreeca_dataset;amazon_dataset;battleground_dataset;geforce_dataset;navernow_dataset;netflix_dataset;teams_dataset;tft_dataset;youtube_dataset;zoom_dataset,SPIKE,Blended Demand (lambda=0.75),0.75,0.75,83.30235017652265,17.245132509225265,25.30386596516475,6.545128566326415,90.03437967115097,0.324426027476475,94.46118466314677,44
10,real_application_traces,10,0,afreeca_dataset;amazon_dataset;battleground_dataset;geforce_dataset;navernow_dataset;netflix_dataset;teams_dataset;tft_dataset;youtube_dataset;zoom_dataset,SPIKE,Prediction Only (lambda=1.00),1.0,0.75,80.42462003351024,29.21906447733897,27.884236490741912,24.546323820450663,88.78026905829596,0.315017077087155,94.2828053963506,44
10,real_application_traces,10,0,afreeca_dataset;amazon_dataset;battleground_dataset;geforce_dataset;navernow_dataset;netflix_dataset;teams_dataset;tft_dataset;youtube_dataset;zoom_dataset,SPIKE,Current Demand Only (lambda=0.00),0.0,0.75,89.6669971024474,12.588220139970048,19.596505987863683,2.156231987798643,93.4185351270553,0.2851015046732846,89.66699710244733,44
10,real_application_traces,10,0,geforce_dataset;meet_dataset;netflix_dataset;roblox_dataset;teams_dataset;tft_dataset;youtubeLive_dataset;youtube_dataset;zepeto_dataset;zoom_dataset,SPIKE,Equal Share,,0.75,24.205194017729916,22.419227094444505,78.24272533870095,2.5605240316850923,88.7727952167414,0.34240295219936034,24.20519401772974,45
10,real_application_traces,10,0,geforce_dataset;meet_dataset;netflix_dataset;roblox_dataset;teams_dataset;tft_dataset;youtubeLive_dataset;youtube_dataset;zepeto_dataset;zoom_dataset,SPIKE,Round Robin,,0.75,90.13506702746784,10.776632947629265,18.995167837281205,0.40335147798446436,95.10762331838565,0.14696341626767004,90.13506702746787,45
10,real_application_traces,10,0,geforce_dataset;meet_dataset;netflix_dataset;roblox_dataset;teams_dataset;tft_dataset;youtubeLive_dataset;youtube_dataset;zepeto_dataset;zoom_dataset,SPIKE,Proportional Fair,,0.75,90.06113406363713,12.055690567761731,19.0642938848282,2.9339199134090532,95.13303437967114,0.15004234055813132,90.0611340636372,45
10,real_application_traces,10,0,geforce_dataset;meet_dataset;netflix_dataset;roblox_dataset;teams_dataset;tft_dataset;youtubeLive_dataset;youtube_dataset;zepeto_dataset;zoom_dataset,SPIKE,Blended Demand (lambda=0.25),0.25,0.75,88.72393519100972,11.430535679643167,20.263257618255118,1.0427103963724325,94.97757847533633,0.15462156737404967,91.1673417105337,45
10,real_application_traces,10,0,geforce_dataset;meet_dataset;netflix_dataset;roblox_dataset;teams_dataset;tft_dataset;youtubeLive_dataset;youtube_dataset;zepeto_dataset;zoom_dataset,SPIKE,Blended Demand (lambda=0.50),0.5,0.75,87.45983333711634,12.338684435898003,21.39921958869536,2.172937617059618,94.79222720478326,0.16096050682937482,92.0931261476073,45
10,real_application_traces,10,0,geforce_dataset;meet_dataset;netflix_dataset;roblox_dataset;teams_dataset;tft_dataset;youtubeLive_dataset;youtube_dataset;zepeto_dataset;zoom_dataset,SPIKE,Blended Demand (lambda=0.75),0.75,0.75,86.33235480571182,14.046481847053206,22.412405645315573,4.763788453115045,92.98206278026906,0.1657073050373646,92.93527423342532,45
10,real_application_traces,10,0,geforce_dataset;meet_dataset;netflix_dataset;roblox_dataset;teams_dataset;tft_dataset;youtubeLive_dataset;youtube_dataset;zepeto_dataset;zoom_dataset,SPIKE,Prediction Only (lambda=1.00),1.0,0.75,85.22888908807376,20.343279423700796,23.404012698439733,15.74259562873569,92.35276532137519,0.1681802236249647,93.65414398675364,45
10,real_application_traces,10,0,geforce_dataset;meet_dataset;netflix_dataset;roblox_dataset;teams_dataset;tft_dataset;youtubeLive_dataset;youtube_dataset;zepeto_dataset;zoom_dataset,SPIKE,Current Demand Only (lambda=0.00),0.0,0.75,90.13980321620879,10.808628346482001,18.990911683279844,0.42803885168906464,95.1150971599402,0.14746034734153823,90.13980321620883,45
10,real_application_traces,10,0,afreeca_dataset;amazon_dataset;battleground_dataset;gamebox_dataset;meet_dataset;navernow_dataset;roblox_dataset;youtubeLive_dataset;zepeto_dataset;zoom_dataset,SPIKE,Equal Share,,0.75,39.70148627310811,36.76031075190507,64.51067088657875,6.082001265417044,77.9237668161435,0.48541376572003975,39.70148627310805,46
10,real_application_traces,10,0,afreeca_dataset;amazon_dataset;battleground_dataset;gamebox_dataset;meet_dataset;navernow_dataset;roblox_dataset;youtubeLive_dataset;zepeto_dataset;zoom_dataset,SPIKE,Round Robin,,0.75,88.61491399655185,12.391124908004684,20.801692238030117,2.408491156653091,93.45142002989536,0.3184244305323035,88.61491399655186,46
10,real_application_traces,10,0,afreeca_dataset;amazon_dataset;battleground_dataset;gamebox_dataset;meet_dataset;navernow_dataset;roblox_dataset;youtubeLive_dataset;zepeto_dataset;zoom_dataset,SPIKE,Proportional Fair,,0.75,88.8831820588677,12.959411441795615,20.561931588191776,3.551034890533391,93.69207772795217,0.33580788985631893,88.88318205886766,46
10,real_application_traces,10,0,afreeca_dataset;amazon_dataset;battleground_dataset;gamebox_dataset;meet_dataset;navernow_dataset;roblox_dataset;youtubeLive_dataset;zepeto_dataset;zoom_dataset,SPIKE,Blended Demand (lambda=0.25),0.25,0.75,85.86146159915658,14.302955011420892,23.26163146955614,3.0670083974376956,92.30792227204783,0.3458722932639015,91.57783971225038,46
10,real_application_traces,10,0,afreeca_dataset;amazon_dataset;battleground_dataset;gamebox_dataset;meet_dataset;navernow_dataset;roblox_dataset;youtubeLive_dataset;zepeto_dataset;zoom_dataset,SPIKE,Blended Demand (lambda=0.50),0.5,0.75,83.79866128122208,15.672878533003896,25.104254567560034,4.030073084226299,91.53363228699551,0.3610550043502569,93.63079998694666,46
10,real_application_traces,10,0,afreeca_dataset;amazon_dataset;battleground_dataset;gamebox_dataset;meet_dataset;navernow_dataset;roblox_dataset;youtubeLive_dataset;zepeto_dataset;zoom_dataset,SPIKE,Blended Demand (lambda=0.75),0.75,0.75,81.13716395376828,18.218152545407275,27.482176741784482,6.877552025551663,88.99701046337817,0.36850900434279665,94.30410407965893,46
10,real_application_traces,10,0,afreeca_dataset;amazon_dataset;battleground_dataset;gamebox_dataset;meet_dataset;navernow_dataset;roblox_dataset;youtubeLive_dataset;zepeto_dataset;zoom_dataset,SPIKE,Prediction Only (lambda=1.00),1.0,0.75,77.64528856590809,31.757230533950924,30.602989204218055,26.541395243493174,87.84304932735427,0.36279156071375046,93.82348554436804,46
10,real_application_traces,10,0,afreeca_dataset;amazon_dataset;battleground_dataset;gamebox_dataset;meet_dataset;navernow_dataset;roblox_dataset;youtubeLive_dataset;zepeto_dataset;zoom_dataset,SPIKE,Current Demand Only (lambda=0.00),0.0,0.75,88.79599515806056,13.285019086109553,20.639853603263,2.7264170036549147,93.15396113602391,0.31935367371227014,88.79599515806056,46
25,synthetic_scalability_scenario_derived_from_real_traffic,15,10,afreeca_dataset;amazon_dataset;battleground_dataset;gamebox_dataset;geforce_dataset;meet_dataset;navernow_dataset;netflix_dataset;roblox_dataset;teams_dataset;tft_dataset;youtubeLive_dataset;youtube_dataset;zepeto_dataset;zoom_dataset;roblox_dataset;navernow_dataset;amazon_dataset;zepeto_dataset;youtube_dataset;geforce_dataset;battleground_dataset;tft_dataset;amazon_dataset;navernow_dataset,LOW,Equal Share,,0.75,28.18764432273145,26.76431592995724,37.35248885531415,2.9043819760476053,86.12496263079223,0.3681464686041045,28.18764432273152,42
25,synthetic_scalability_scenario_derived_from_real_traffic,15,10,afreeca_dataset;amazon_dataset;battleground_dataset;gamebox_dataset;geforce_dataset;meet_dataset;navernow_dataset;netflix_dataset;roblox_dataset;teams_dataset;tft_dataset;youtubeLive_dataset;youtube_dataset;zepeto_dataset;zoom_dataset;roblox_dataset;navernow_dataset;amazon_dataset;zepeto_dataset;youtube_dataset;geforce_dataset;battleground_dataset;tft_dataset;amazon_dataset;navernow_dataset,LOW,Round Robin,,0.75,44.9971116126793,10.000330822624584,0.006418638490571052,0.0005446818917080061,99.99701046337817,0.2690392371730123,44.99711161267924,42
25,synthetic_scalability_scenario_derived_from_real_traffic,15,10,afreeca_dataset;amazon_dataset;battleground_dataset;gamebox_dataset;geforce_dataset;meet_dataset;navernow_dataset;netflix_dataset;roblox_dataset;teams_dataset;tft_dataset;youtubeLive_dataset;youtube_dataset;zepeto_dataset;zoom_dataset;roblox_dataset;navernow_dataset;amazon_dataset;zepeto_dataset;youtube_dataset;geforce_dataset;battleground_dataset;tft_dataset;amazon_dataset;navernow_dataset,LOW,Proportional Fair,,0.75,44.9971116126793,10.000330822624584,0.0064186384905710585,0.0005446818917080061,99.99701046337817,0.2690392371730123,44.99711161267924,42
25,synthetic_scalability_scenario_derived_from_real_traffic,15,10,afreeca_dataset;amazon_dataset;battleground_dataset;gamebox_dataset;geforce_dataset;meet_dataset;navernow_dataset;netflix_dataset;roblox_dataset;teams_dataset;tft_dataset;youtubeLive_dataset;youtube_dataset;zepeto_dataset;zoom_dataset;roblox_dataset;navernow_dataset;amazon_dataset;zepeto_dataset;youtube_dataset;geforce_dataset;battleground_dataset;tft_dataset;amazon_dataset;navernow_dataset,LOW,Blended Demand (lambda=0.25),0.25,0.75,44.994367918979854,11.323262825024349,0.011393598720962258,0.8584051275971367,99.99641255605381,0.2864191918527981,48.07821984204928,42
25,synthetic_scalability_scenario_derived_from_real_traffic,15,10,afreeca_dataset;amazon_dataset;battleground_dataset;gamebox_dataset;geforce_dataset;meet_dataset;navernow_dataset;netflix_dataset;roblox_dataset;teams_dataset;tft_dataset;youtubeLive_dataset;youtube_dataset;zepeto_dataset;zoom_dataset;roblox_dataset;navernow_dataset;amazon_dataset;zepeto_dataset;youtube_dataset;geforce_dataset;battleground_dataset;tft_dataset;amazon_dataset;navernow_dataset,LOW,Blended Demand (lambda=0.50),0.5,0.75,44.84280875867864,13.462400365841484,0.3470695958436351,2.37343502559233,99.68908819133034,0.3006790268235327,51.010512604817784,42
25,synthetic_scalability_scenario_derived_from_real_traffic,15,10,afreeca_dataset;amazon_dataset;battleground_dataset;gamebox_dataset;geforce_dataset;meet_dataset;navernow_dataset;netflix_dataset;roblox_dataset;teams_dataset;tft_dataset;youtubeLive_dataset;youtube_dataset;zepeto_dataset;zoom_dataset;roblox_dataset;navernow_dataset;amazon_dataset;zepeto_dataset;youtube_dataset;geforce_dataset;battleground_dataset;tft_dataset;amazon_dataset;navernow_dataset,LOW,Blended Demand (lambda=0.75),0.75,0.75,44.238039607249604,17.869581063280236,1.6898789065845596,5.83141937887592,95.29207772795216,0.31156504775626503,53.48923015507435,42
25,synthetic_scalability_scenario_derived_from_real_traffic,15,10,afreeca_dataset;amazon_dataset;battleground_dataset;gamebox_dataset;geforce_dataset;meet_dataset;navernow_dataset;netflix_dataset;roblox_dataset;teams_dataset;tft_dataset;youtubeLive_dataset;youtube_dataset;zepeto_dataset;zoom_dataset;roblox_dataset;navernow_dataset;amazon_dataset;zepeto_dataset;youtube_dataset;geforce_dataset;battleground_dataset;tft_dataset;amazon_dataset;navernow_dataset,LOW,Prediction Only (lambda=1.00),1.0,0.75,42.66184851709862,36.188640361609586,5.191403636706904,22.178635211299632,93.06307922272048,0.31914325155510415,54.99639438101161,42
25,synthetic_scalability_scenario_derived_from_real_traffic,15,10,afreeca_dataset;amazon_dataset;battleground_dataset;gamebox_dataset;geforce_dataset;meet_dataset;navernow_dataset;netflix_dataset;roblox_dataset;teams_dataset;tft_dataset;youtubeLive_dataset;youtube_dataset;zepeto_dataset;zoom_dataset;roblox_dataset;navernow_dataset;amazon_dataset;zepeto_dataset;youtube_dataset;geforce_dataset;battleground_dataset;tft_dataset;amazon_dataset;navernow_dataset,LOW,Current Demand Only (lambda=0.00),0.0,0.75,44.9971116126793,10.000330822624584,0.0064186384905710655,0.0005446818917080067,99.99701046337817,0.2690392371730123,44.99711161267924,42
25,synthetic_scalability_scenario_derived_from_real_traffic,15,10,afreeca_dataset;amazon_dataset;battleground_dataset;gamebox_dataset;geforce_dataset;meet_dataset;navernow_dataset;netflix_dataset;roblox_dataset;teams_dataset;tft_dataset;youtubeLive_dataset;youtube_dataset;zepeto_dataset;zoom_dataset;zepeto_dataset;navernow_dataset;navernow_dataset;roblox_dataset;afreeca_dataset;meet_dataset;netflix_dataset;youtube_dataset;zoom_dataset;tft_dataset,LOW,Equal Share,,0.75,27.144625586514746,24.141994320120492,39.667900650781455,3.531938484520858,88.52137518684604,0.3571420038036256,27.144625586514675,43
25,synthetic_scalability_scenario_derived_from_real_traffic,15,10,afreeca_dataset;amazon_dataset;battleground_dataset;gamebox_dataset;geforce_dataset;meet_dataset;navernow_dataset;netflix_dataset;roblox_dataset;teams_dataset;tft_dataset;youtubeLive_dataset;youtube_dataset;zepeto_dataset;zoom_dataset;zepeto_dataset;navernow_dataset;navernow_dataset;roblox_dataset;afreeca_dataset;meet_dataset;netflix_dataset;youtube_dataset;zoom_dataset;tft_dataset,LOW,Round Robin,,0.75,44.99585848404545,10.000322571073509,0.0092033687882398,0.0006301335008699896,99.9982062780269,0.247366093629664,44.99585848404529,43
25,synthetic_scalability_scenario_derived_from_real_traffic,15,10,afreeca_dataset;amazon_dataset;battleground_dataset;gamebox_dataset;geforce_dataset;meet_dataset;navernow_dataset;netflix_dataset;roblox_dataset;teams_dataset;tft_dataset;youtubeLive_dataset;youtube_dataset;zepeto_dataset;zoom_dataset;zepeto_dataset;navernow_dataset;navernow_dataset;roblox_dataset;afreeca_dataset;meet_dataset;netflix_dataset;youtube_dataset;zoom_dataset;tft_dataset,LOW,Proportional Fair,,0.75,44.996286098636766,10.000548582694499,0.008253114140887294,0.001082224319955987,99.99880418535128,0.24737052719481925,44.99628609863661,43
25,synthetic_scalability_scenario_derived_from_real_traffic,15,10,afreeca_dataset;amazon_dataset;battleground_dataset;gamebox_dataset;geforce_dataset;meet_dataset;navernow_dataset;netflix_dataset;roblox_dataset;teams_dataset;tft_dataset;youtubeLive_dataset;youtube_dataset;zepeto_dataset;zoom_dataset;zepeto_dataset;navernow_dataset;navernow_dataset;roblox_dataset;afreeca_dataset;meet_dataset;netflix_dataset;youtube_dataset;zoom_dataset;tft_dataset,LOW,Blended Demand (lambda=0.25),0.25,0.75,44.99280526765454,11.080432921157357,0.013494458110575662,0.8185546345661932,99.9982062780269,0.2616260318945664,48.45542032663029,43
25,synthetic_scalability_scenario_derived_from_real_traffic,15,10,afreeca_dataset;amazon_dataset;battleground_dataset;gamebox_dataset;geforce_dataset;meet_dataset;navernow_dataset;netflix_dataset;roblox_dataset;teams_dataset;tft_dataset;youtubeLive_dataset;youtube_dataset;zepeto_dataset;zoom_dataset;zepeto_dataset;navernow_dataset;navernow_dataset;roblox_dataset;afreeca_dataset;meet_dataset;netflix_dataset;youtube_dataset;zoom_dataset;tft_dataset,LOW,Blended Demand (lambda=0.50),0.5,0.75,44.57355103874887,12.765780201407923,0.942676686355544,2.230168514041339,99.5067264573991,0.2718948409430947,51.498781156700105,43
25,synthetic_scalability_scenario_derived_from_real_traffic,15,10,afreeca_dataset;amazon_dataset;battleground_dataset;gamebox_dataset;geforce_dataset;meet_dataset;navernow_dataset;netflix_dataset;roblox_dataset;teams_dataset;tft_dataset;youtubeLive_dataset;youtube_dataset;zepeto_dataset;zoom_dataset;zepeto_dataset;navernow_dataset;navernow_dataset;roblox_dataset;afreeca_dataset;meet_dataset;netflix_dataset;youtube_dataset;zoom_dataset;tft_dataset,LOW,Blended Demand (lambda=0.75),0.75,0.75,42.94606607651727,15.836860127925284,4.557529641113887,5.063013576512051,96.00717488789238,0.27824210317179443,53.332967009243944,43
25,synthetic_scalability_scenario_derived_from_real_traffic,15,10,afreeca_dataset;amazon_dataset;battleground_dataset;gamebox_dataset;geforce_dataset;meet_dataset;navernow_dataset;netflix_dataset;roblox_dataset;teams_dataset;tft_dataset;youtubeLive_dataset;youtube_dataset;zepeto_dataset;zoom_dataset;zepeto_dataset;navernow_dataset;navernow_dataset;roblox_dataset;afreeca_dataset;meet_dataset;netflix_dataset;youtube_dataset;zoom_dataset;tft_dataset,LOW,Prediction Only (lambda=1.00),1.0,0.75,40.3621219265247,29.581054294475642,10.299143340591112,19.994661121173444,94.50702541106129,0.2825896131390152,54.210382798354864,43
25,synthetic_scalability_scenario_derived_from_real_traffic,15,10,afreeca_dataset;amazon_dataset;battleground_dataset;gamebox_dataset;geforce_dataset;meet_dataset;navernow_dataset;netflix_dataset;roblox_dataset;teams_dataset;tft_dataset;youtubeLive_dataset;youtube_dataset;zepeto_dataset;zoom_dataset;zepeto_dataset;navernow_dataset;navernow_dataset;roblox_dataset;afreeca_dataset;meet_dataset;netflix_dataset;youtube_dataset;zoom_dataset;tft_dataset,LOW,Current Demand Only (lambda=0.00),0.0,0.75,44.99585848404545,10.00032314825168,0.009203368788239803,0.0006312880297830099,99.9982062780269,0.247366093629664,44.99585848404529,43
25,synthetic_scalability_scenario_derived_from_real_traffic,15,10,afreeca_dataset;amazon_dataset;battleground_dataset;gamebox_dataset;geforce_dataset;meet_dataset;navernow_dataset;netflix_dataset;roblox_dataset;teams_dataset;tft_dataset;youtubeLive_dataset;youtube_dataset;zepeto_dataset;zoom_dataset;roblox_dataset;navernow_dataset;roblox_dataset;amazon_dataset;roblox_dataset;youtube_dataset;zoom_dataset;youtubeLive_dataset;teams_dataset;tft_dataset,LOW,Equal Share,,0.75,24.91070271155726,22.674581743648776,44.6347074589108,2.71450302763075,89.44215246636772,0.35071093289029026,24.91070271155715,44
25,synthetic_scalability_scenario_derived_from_real_traffic,15,10,afreeca_dataset;amazon_dataset;battleground_dataset;gamebox_dataset;geforce_dataset;meet_dataset;navernow_dataset;netflix_dataset;roblox_dataset;teams_dataset;tft_dataset;youtubeLive_dataset;youtube_dataset;zepeto_dataset;zoom_dataset;roblox_dataset;navernow_dataset;roblox_dataset;amazon_dataset;roblox_dataset;youtube_dataset;zoom_dataset;youtubeLive_dataset;teams_dataset;tft_dataset,LOW,Round Robin,,0.75,44.97914291612152,10.000470070507179,0.04634907528566622,0.0005781479482225505,99.99521674140509,0.21665083848619182,44.97914291612145,44
25,synthetic_scalability_scenario_derived_from_real_traffic,15,10,afreeca_dataset;amazon_dataset;battleground_dataset;gamebox_dataset;geforce_dataset;meet_dataset;navernow_dataset;netflix_dataset;roblox_dataset;teams_dataset;tft_dataset;youtubeLive_dataset;youtube_dataset;zepeto_dataset;zoom_dataset;roblox_dataset;navernow_dataset;roblox_dataset;amazon_dataset;roblox_dataset;youtube_dataset;zoom_dataset;youtubeLive_dataset;teams_dataset;tft_dataset,LOW,Proportional Fair,,0.75,44.97914291612152,10.000523425657196,0.04634907528566622,0.0006833728420079648,99.99521674140509,0.2166508384861917,44.97914291612145,44
25,synthetic_scalability_scenario_derived_from_real_traffic,15,10,afreeca_dataset;amazon_dataset;battleground_dataset;gamebox_dataset;geforce_dataset;meet_dataset;navernow_dataset;netflix_dataset;roblox_dataset;teams_dataset;tft_dataset;youtubeLive_dataset;youtube_dataset;zepeto_dataset;zoom_dataset;roblox_dataset;navernow_dataset;roblox_dataset;amazon_dataset;roblox_dataset;youtube_dataset;zoom_dataset;youtubeLive_dataset;teams_dataset;tft_dataset,LOW,Blended Demand (lambda=0.25),0.25,0.75,44.97294183130849,11.123478089995043,0.05972298803598236,0.8207122098162114,99.98624813153961,0.23099191492411267,48.20935852472788,44
25,synthetic_scalability_scenario_derived_from_real_traffic,15,10,afreeca_dataset;amazon_dataset;battleground_dataset;gamebox_dataset;geforce_dataset;meet_dataset;navernow_dataset;netflix_dataset;roblox_dataset;teams_dataset;tft_dataset;youtubeLive_dataset;youtube_dataset;zepeto_dataset;zoom_dataset;roblox_dataset;navernow_dataset;roblox_dataset;amazon_dataset;roblox_dataset;youtube_dataset;zoom_dataset;youtubeLive_dataset;teams_dataset;tft_dataset,LOW,Blended Demand (lambda=0.50),0.5,0.75,44.56896677940207,12.885002045712024,0.9570390498830303,2.24816849609504,99.48938714499252,0.24226887399072486,51.04180016624079,44
25,synthetic_scalability_scenario_derived_from_real_traffic,15,10,afreeca_dataset;amazon_dataset;battleground_dataset;gamebox_dataset;geforce_dataset;meet_dataset;navernow_dataset;netflix_dataset;roblox_dataset;teams_dataset;tft_dataset;youtubeLive_dataset;youtube_dataset;zepeto_dataset;zoom_dataset;roblox_dataset;navernow_dataset;roblox_dataset;amazon_dataset;roblox_dataset;youtube_dataset;zoom_dataset;youtubeLive_dataset;teams_dataset;tft_dataset,LOW,Blended Demand (lambda=0.75),0.75,0.75,43.064291439651214,16.190462179501232,4.300355751384527,5.248838246638142,95.73931240657699,0.2504643690897646,52.7731779419009,44
25,synthetic_scalability_scenario_derived_from_real_traffic,15,10,afreeca_dataset;amazon_dataset;battleground_dataset;gamebox_dataset;geforce_dataset;meet_dataset;navernow_dataset;netflix_dataset;roblox_dataset;teams_dataset;tft_dataset;youtubeLive_dataset;youtube_dataset;zepeto_dataset;zoom_dataset;roblox_dataset;navernow_dataset;roblox_dataset;amazon_dataset;roblox_dataset;youtube_dataset;zoom_dataset;youtubeLive_dataset;teams_dataset;tft_dataset,LOW,Prediction Only (lambda=1.00),1.0,0.75,41.03798110391105,30.767600309962198,8.802861332861832,20.680220204468682,94.12077727952168,0.2571978887828594,53.982373789724036,44
25,synthetic_scalability_scenario_derived_from_real_traffic,15,10,afreeca_dataset;amazon_dataset;battleground_dataset;gamebox_dataset;geforce_dataset;meet_dataset;navernow_dataset;netflix_dataset;roblox_dataset;teams_dataset;tft_dataset;youtubeLive_dataset;youtube_dataset;zepeto_dataset;zoom_dataset;roblox_dataset;navernow_dataset;roblox_dataset;amazon_dataset;roblox_dataset;youtube_dataset;zoom_dataset;youtubeLive_dataset;teams_dataset;tft_dataset,LOW,Current Demand Only (lambda=0.00),0.0,0.75,44.98011684707727,10.00053246806854,0.04418478427289062,0.0007029617277147225,99.99521674140509,0.21665869665310927,44.9801168470772,44
25,synthetic_scalability_scenario_derived_from_real_traffic,15,10,afreeca_dataset;amazon_dataset;battleground_dataset;gamebox_dataset;geforce_dataset;meet_dataset;navernow_dataset;netflix_dataset;roblox_dataset;teams_dataset;tft_dataset;youtubeLive_dataset;youtube_dataset;zepeto_dataset;zoom_dataset;roblox_dataset;netflix_dataset;navernow_dataset;youtubeLive_dataset;meet_dataset;youtube_dataset;navernow_dataset;geforce_dataset;navernow_dataset;navernow_dataset,LOW,Equal Share,,0.75,31.833987899313986,28.159811154375742,29.245762147080594,3.328477680050621,86.35396113602391,0.41702564933742015,31.8339878993141,45
25,synthetic_scalability_scenario_derived_from_real_traffic,15,10,afreeca_dataset;amazon_dataset;battleground_dataset;gamebox_dataset;geforce_dataset;meet_dataset;navernow_dataset;netflix_dataset;roblox_dataset;teams_dataset;tft_dataset;youtubeLive_dataset;youtube_dataset;zepeto_dataset;zoom_dataset;roblox_dataset;netflix_dataset;navernow_dataset;youtubeLive_dataset;meet_dataset;youtube_dataset;navernow_dataset;geforce_dataset;navernow_dataset;navernow_dataset,LOW,Round Robin,,0.75,45.000000000000206,10.000023126822573,0.0,4.6260560026691336e-05,100.0,0.32313312648629156,45.0,45
25,synthetic_scalability_scenario_derived_from_real_traffic,15,10,afreeca_dataset;amazon_dataset;battleground_dataset;gamebox_dataset;geforce_dataset;meet_dataset;navernow_dataset;netflix_dataset;roblox_dataset;teams_dataset;tft_dataset;youtubeLive_dataset;youtube_dataset;zepeto_dataset;zoom_dataset;roblox_dataset;netflix_dataset;navernow_dataset;youtubeLive_dataset;meet_dataset;youtube_dataset;navernow_dataset;geforce_dataset;navernow_dataset;navernow_dataset,LOW,Proportional Fair,,0.75,45.000000000000206,10.000023126822573,0.0,4.6260560026691336e-05,100.0,0.32313312648629156,45.0,45
25,synthetic_scalability_scenario_derived_from_real_traffic,15,10,afreeca_dataset;amazon_dataset;battleground_dataset;gamebox_dataset;geforce_dataset;meet_dataset;navernow_dataset;netflix_dataset;roblox_dataset;teams_dataset;tft_dataset;youtubeLive_dataset;youtube_dataset;zepeto_dataset;zoom_dataset;roblox_dataset;netflix_dataset;navernow_dataset;youtubeLive_dataset;meet_dataset;youtube_dataset;navernow_dataset;geforce_dataset;navernow_dataset;navernow_dataset,LOW,Blended Demand (lambda=0.25),0.25,0.75,44.99923113121559,11.466886198351064,0.0,0.9315541634299436,100.0,0.34477458203902916,48.7101712887373,45
25,synthetic_scalability_scenario_derived_from_real_traffic,15,10,afreeca_dataset;amazon_dataset;battleground_dataset;gamebox_dataset;geforce_dataset;meet_dataset;navernow_dataset;netflix_dataset;roblox_dataset;teams_dataset;tft_dataset;youtubeLive_dataset;youtube_dataset;zepeto_dataset;zoom_dataset;roblox_dataset;netflix_dataset;navernow_dataset;youtubeLive_dataset;meet_dataset;youtube_dataset;navernow_dataset;geforce_dataset;navernow_dataset;navernow_dataset,LOW,Blended Demand (lambda=0.50),0.5,0.75,44.898688598628425,13.88358745496044,0.22171925289451186,2.606118214570994,99.64484304932735,0.36183208758627694,52.32056891367205,45
25,synthetic_scalability_scenario_derived_from_real_traffic,15,10,afreeca_dataset;amazon_dataset;battleground_dataset;gamebox_dataset;geforce_dataset;meet_dataset;navernow_dataset;netflix_dataset;roblox_dataset;teams_dataset;tft_dataset;youtubeLive_dataset;youtube_dataset;zepeto_dataset;zoom_dataset;roblox_dataset;netflix_dataset;navernow_dataset;youtubeLive_dataset;meet_dataset;youtube_dataset;navernow_dataset;geforce_dataset;navernow_dataset;navernow_dataset,LOW,Blended Demand (lambda=0.75),0.75,0.75,44.25162031084699,19.03567557200078,1.65794018399873,6.5620525444372415,94.27742899850523,0.3738794786694057,55.38444078341247,45
25,synthetic_scalability_scenario_derived_from_real_traffic,15,10,afreeca_dataset;amazon_dataset;battleground_dataset;gamebox_dataset;geforce_dataset;meet_dataset;navernow_dataset;netflix_dataset;roblox_dataset;teams_dataset;tft_dataset;youtubeLive_dataset;youtube_dataset;zepeto_dataset;zoom_dataset;roblox_dataset;netflix_dataset;navernow_dataset;youtubeLive_dataset;meet_dataset;youtube_dataset;navernow_dataset;geforce_dataset;navernow_dataset;navernow_dataset,LOW,Prediction Only (lambda=1.00),1.0,0.75,42.6241497927576,41.03043550638983,5.272832738009785,25.42322643079389,92.22301943198804,0.3817518973291847,57.46767236631328,45
25,synthetic_scalability_scenario_derived_from_real_traffic,15,10,afreeca_dataset;amazon_dataset;battleground_dataset;gamebox_dataset;geforce_dataset;meet_dataset;navernow_dataset;netflix_dataset;roblox_dataset;teams_dataset;tft_dataset;youtubeLive_dataset;youtube_dataset;zepeto_dataset;zoom_dataset;roblox_dataset;netflix_dataset;navernow_dataset;youtubeLive_dataset;meet_dataset;youtube_dataset;navernow_dataset;geforce_dataset;navernow_dataset;navernow_dataset,LOW,Current Demand Only (lambda=0.00),0.0,0.75,45.000000000000206,10.000023126822573,0.0,4.626056002669187e-05,100.0,0.32313312648629156,45.0,45
25,synthetic_scalability_scenario_derived_from_real_traffic,15,10,afreeca_dataset;amazon_dataset;battleground_dataset;gamebox_dataset;geforce_dataset;meet_dataset;navernow_dataset;netflix_dataset;roblox_dataset;teams_dataset;tft_dataset;youtubeLive_dataset;youtube_dataset;zepeto_dataset;zoom_dataset;teams_dataset;battleground_dataset;youtubeLive_dataset;zepeto_dataset;gamebox_dataset;geforce_dataset;zepeto_dataset;geforce_dataset;zoom_dataset;gamebox_dataset,LOW,Equal Share,,0.75,30.93477142033487,34.364735264260354,31.241961710987955,1.2596538088122242,76.48849028400598,0.3660800879098576,30.934771420334872,46
25,synthetic_scalability_scenario_derived_from_real_traffic,15,10,afreeca_dataset;amazon_dataset;battleground_dataset;gamebox_dataset;geforce_dataset;meet_dataset;navernow_dataset;netflix_dataset;roblox_dataset;teams_dataset;tft_dataset;youtubeLive_dataset;youtube_dataset;zepeto_dataset;zoom_dataset;teams_dataset;battleground_dataset;youtubeLive_dataset;zepeto_dataset;gamebox_dataset;geforce_dataset;zepeto_dataset;geforce_dataset;zoom_dataset;gamebox_dataset,LOW,Round Robin,,0.75,44.999999999999915,10.0,0.0,0.0,100.0,0.3166112629202746,45.0,46
25,synthetic_scalability_scenario_derived_from_real_traffic,15,10,afreeca_dataset;amazon_dataset;battleground_dataset;gamebox_dataset;geforce_dataset;meet_dataset;navernow_dataset;netflix_dataset;roblox_dataset;teams_dataset;tft_dataset;youtubeLive_dataset;youtube_dataset;zepeto_dataset;zoom_dataset;teams_dataset;battleground_dataset;youtubeLive_dataset;zepeto_dataset;gamebox_dataset;geforce_dataset;zepeto_dataset;geforce_dataset;zoom_dataset;gamebox_dataset,LOW,Proportional Fair,,0.75,44.999999999999915,10.0,0.0,0.0,100.0,0.3166112629202746,45.0,46
25,synthetic_scalability_scenario_derived_from_real_traffic,15,10,afreeca_dataset;amazon_dataset;battleground_dataset;gamebox_dataset;geforce_dataset;meet_dataset;navernow_dataset;netflix_dataset;roblox_dataset;teams_dataset;tft_dataset;youtubeLive_dataset;youtube_dataset;zepeto_dataset;zoom_dataset;teams_dataset;battleground_dataset;youtubeLive_dataset;zepeto_dataset;gamebox_dataset;geforce_dataset;zepeto_dataset;geforce_dataset;zoom_dataset;gamebox_dataset,LOW,Blended Demand (lambda=0.25),0.25,0.75,44.99990390312481,10.754650351412831,0.0,0.6112174560023663,100.0,0.3249695332500102,46.196321996292504,46
25,synthetic_scalability_scenario_derived_from_real_traffic,15,10,afreeca_dataset;amazon_dataset;battleground_dataset;gamebox_dataset;geforce_dataset;meet_dataset;navernow_dataset;netflix_dataset;roblox_dataset;teams_dataset;tft_dataset;youtubeLive_dataset;youtube_dataset;zepeto_dataset;zoom_dataset;teams_dataset;battleground_dataset;youtubeLive_dataset;zepeto_dataset;gamebox_dataset;geforce_dataset;zepeto_dataset;geforce_dataset;zoom_dataset;gamebox_dataset,LOW,Blended Demand (lambda=0.50),0.5,0.75,44.997019343777666,11.92016890853724,0.006196583270890229,1.682890518247514,99.98863976083707,0.3325576913938002,47.3898555301131,46
25,synthetic_scalability_scenario_derived_from_real_traffic,15,10,afreeca_dataset;amazon_dataset;battleground_dataset;gamebox_dataset;geforce_dataset;meet_dataset;navernow_dataset;netflix_dataset;roblox_dataset;teams_dataset;tft_dataset;youtubeLive_dataset;youtube_dataset;zepeto_dataset;zoom_dataset;teams_dataset;battleground_dataset;youtubeLive_dataset;zepeto_dataset;gamebox_dataset;geforce_dataset;zepeto_dataset;geforce_dataset;zoom_dataset;gamebox_dataset,LOW,Blended Demand (lambda=0.75),0.75,0.75,44.9151019056229,14.273414293400759,0.18802178611433615,4.1733887155316625,97.62750373692077,0.3390610459457416,48.504356185126056,46
25,synthetic_scalability_scenario_derived_from_real_traffic,15,10,afreeca_dataset;amazon_dataset;battleground_dataset;gamebox_dataset;geforce_dataset;meet_dataset;navernow_dataset;netflix_dataset;roblox_dataset;teams_dataset;tft_dataset;youtubeLive_dataset;youtube_dataset;zepeto_dataset;zoom_dataset;teams_dataset;battleground_dataset;youtubeLive_dataset;zepeto_dataset;gamebox_dataset;geforce_dataset;zepeto_dataset;geforce_dataset;zoom_dataset;gamebox_dataset,LOW,Prediction Only (lambda=1.00),1.0,0.75,44.74845417663006,23.849981721563765,0.5581365241528563,15.69815248165314,96.64334828101644,0.34462953288365056,49.53412654930122,46
25,synthetic_scalability_scenario_derived_from_real_traffic,15,10,afreeca_dataset;amazon_dataset;battleground_dataset;gamebox_dataset;geforce_dataset;meet_dataset;navernow_dataset;netflix_dataset;roblox_dataset;teams_dataset;tft_dataset;youtubeLive_dataset;youtube_dataset;zepeto_dataset;zoom_dataset;teams_dataset;battleground_dataset;youtubeLive_dataset;zepeto_dataset;gamebox_dataset;geforce_dataset;zepeto_dataset;geforce_dataset;zoom_dataset;gamebox_dataset,LOW,Current Demand Only (lambda=0.00),0.0,0.75,44.999999999999915,10.0,0.0,0.0,100.0,0.3166112629202746,45.0,46
25,synthetic_scalability_scenario_derived_from_real_traffic,15,10,afreeca_dataset;amazon_dataset;battleground_dataset;gamebox_dataset;geforce_dataset;meet_dataset;navernow_dataset;netflix_dataset;roblox_dataset;teams_dataset;tft_dataset;youtubeLive_dataset;youtube_dataset;zepeto_dataset;zoom_dataset;roblox_dataset;navernow_dataset;amazon_dataset;zepeto_dataset;youtube_dataset;geforce_dataset;battleground_dataset;tft_dataset;amazon_dataset;navernow_dataset,MEDIUM,Equal Share,,0.75,33.9073901469469,30.207753112951252,57.60902901965684,3.4443516488166983,83.5898355754858,0.42780599380858914,33.90739014694682,42
25,synthetic_scalability_scenario_derived_from_real_traffic,15,10,afreeca_dataset;amazon_dataset;battleground_dataset;gamebox_dataset;geforce_dataset;meet_dataset;navernow_dataset;netflix_dataset;roblox_dataset;teams_dataset;tft_dataset;youtubeLive_dataset;youtube_dataset;zepeto_dataset;zoom_dataset;roblox_dataset;navernow_dataset;amazon_dataset;zepeto_dataset;youtube_dataset;geforce_dataset;battleground_dataset;tft_dataset;amazon_dataset;navernow_dataset,MEDIUM,Round Robin,,0.75,79.43691802648166,10.153978658290455,0.7038524668979494,0.2715072497419127,99.76203288490284,0.26676009801186923,79.43691802648162,42
25,synthetic_scalability_scenario_derived_from_real_traffic,15,10,afreeca_dataset;amazon_dataset;battleground_dataset;gamebox_dataset;geforce_dataset;meet_dataset;navernow_dataset;netflix_dataset;roblox_dataset;teams_dataset;tft_dataset;youtubeLive_dataset;youtube_dataset;zepeto_dataset;zoom_dataset;roblox_dataset;navernow_dataset;amazon_dataset;zepeto_dataset;youtube_dataset;geforce_dataset;battleground_dataset;tft_dataset;amazon_dataset;navernow_dataset,MEDIUM,Proportional Fair,,0.75,79.5364197914563,10.259841887435757,0.5794752606795631,0.47274630745603813,99.66397608370703,0.26867740300310017,79.53641979145634,42
25,synthetic_scalability_scenario_derived_from_real_traffic,15,10,afreeca_dataset;amazon_dataset;battleground_dataset;gamebox_dataset;geforce_dataset;meet_dataset;navernow_dataset;netflix_dataset;roblox_dataset;teams_dataset;tft_dataset;youtubeLive_dataset;youtube_dataset;zepeto_dataset;zoom_dataset;roblox_dataset;navernow_dataset;amazon_dataset;zepeto_dataset;youtube_dataset;geforce_dataset;battleground_dataset;tft_dataset;amazon_dataset;navernow_dataset,MEDIUM,Blended Demand (lambda=0.25),0.25,0.75,79.36927571543514,11.466190949303325,0.7872832188265035,1.009814429939737,99.61136023916293,0.2843653507513694,84.80226834648151,42
25,synthetic_scalability_scenario_derived_from_real_traffic,15,10,afreeca_dataset;amazon_dataset;battleground_dataset;gamebox_dataset;geforce_dataset;meet_dataset;navernow_dataset;netflix_dataset;roblox_dataset;teams_dataset;tft_dataset;youtubeLive_dataset;youtube_dataset;zepeto_dataset;zoom_dataset;roblox_dataset;navernow_dataset;amazon_dataset;zepeto_dataset;youtube_dataset;geforce_dataset;battleground_dataset;tft_dataset;amazon_dataset;navernow_dataset,MEDIUM,Blended Demand (lambda=0.50),0.5,0.75,78.17585304649378,13.439905368891717,2.2779394181235935,2.2884130157587945,97.83856502242152,0.2966732583826171,88.89294373822018,42
25,synthetic_scalability_scenario_derived_from_real_traffic,15,10,afreeca_dataset;amazon_dataset;battleground_dataset;gamebox_dataset;geforce_dataset;meet_dataset;navernow_dataset;netflix_dataset;roblox_dataset;teams_dataset;tft_dataset;youtubeLive_dataset;youtube_dataset;zepeto_dataset;zoom_dataset;roblox_dataset;navernow_dataset;amazon_dataset;zepeto_dataset;youtube_dataset;geforce_dataset;battleground_dataset;tft_dataset;amazon_dataset;navernow_dataset,MEDIUM,Blended Demand (lambda=0.75),0.75,0.75,74.7339428206377,17.052728950569684,6.579354850710502,5.041603834875689,94.37369207772795,0.30285253274596363,90.4763605619238,42
25,synthetic_scalability_scenario_derived_from_real_traffic,15,10,afreeca_dataset;amazon_dataset;battleground_dataset;gamebox_dataset;geforce_dataset;meet_dataset;navernow_dataset;netflix_dataset;roblox_dataset;teams_dataset;tft_dataset;youtubeLive_dataset;youtube_dataset;zepeto_dataset;zoom_dataset;roblox_dataset;navernow_dataset;amazon_dataset;zepeto_dataset;youtube_dataset;geforce_dataset;battleground_dataset;tft_dataset;amazon_dataset;navernow_dataset,MEDIUM,Prediction Only (lambda=1.00),1.0,0.75,70.73846020721874,34.36306215082228,11.573134165757235,20.5701096089079,92.52615844544096,0.30591757519310614,90.82957008286502,42
25,synthetic_scalability_scenario_derived_from_real_traffic,15,10,afreeca_dataset;amazon_dataset;battleground_dataset;gamebox_dataset;geforce_dataset;meet_dataset;navernow_dataset;netflix_dataset;roblox_dataset;teams_dataset;tft_dataset;youtubeLive_dataset;youtube_dataset;zepeto_dataset;zoom_dataset;roblox_dataset;navernow_dataset;amazon_dataset;zepeto_dataset;youtube_dataset;geforce_dataset;battleground_dataset;tft_dataset;amazon_dataset;navernow_dataset,MEDIUM,Current Demand Only (lambda=0.00),0.0,0.75,79.576509614222,10.178787897195084,0.5293629822225066,0.30475259061738375,99.78774289985053,0.2673119067925003,79.57650961422199,42
25,synthetic_scalability_scenario_derived_from_real_traffic,15,10,afreeca_dataset;amazon_dataset;battleground_dataset;gamebox_dataset;geforce_dataset;meet_dataset;navernow_dataset;netflix_dataset;roblox_dataset;teams_dataset;tft_dataset;youtubeLive_dataset;youtube_dataset;zepeto_dataset;zoom_dataset;zepeto_dataset;navernow_dataset;navernow_dataset;roblox_dataset;afreeca_dataset;meet_dataset;netflix_dataset;youtube_dataset;zoom_dataset;tft_dataset,MEDIUM,Equal Share,,0.75,32.84544433720219,30.42064118272041,58.93462833020832,3.7099160453505307,83.7255605381166,0.4003561728398634,32.84544433720216,43
25,synthetic_scalability_scenario_derived_from_real_traffic,15,10,afreeca_dataset;amazon_dataset;battleground_dataset;gamebox_dataset;geforce_dataset;meet_dataset;navernow_dataset;netflix_dataset;roblox_dataset;teams_dataset;tft_dataset;youtubeLive_dataset;youtube_dataset;zepeto_dataset;zoom_dataset;zepeto_dataset;navernow_dataset;navernow_dataset;roblox_dataset;afreeca_dataset;meet_dataset;netflix_dataset;youtube_dataset;zoom_dataset;tft_dataset,MEDIUM,Round Robin,,0.75,78.73984685748626,10.269392154469514,1.5751914281423134,0.4826807483344315,99.37877428998505,0.2445545832633729,78.73984685748616,43
25,synthetic_scalability_scenario_derived_from_real_traffic,15,10,afreeca_dataset;amazon_dataset;battleground_dataset;gamebox_dataset;geforce_dataset;meet_dataset;navernow_dataset;netflix_dataset;roblox_dataset;teams_dataset;tft_dataset;youtubeLive_dataset;youtube_dataset;zepeto_dataset;zoom_dataset;zepeto_dataset;navernow_dataset;navernow_dataset;roblox_dataset;afreeca_dataset;meet_dataset;netflix_dataset;youtube_dataset;zoom_dataset;tft_dataset,MEDIUM,Proportional Fair,,0.75,78.63215886276396,10.403163123693425,1.7098014215449961,0.7380003132778329,99.2388639760837,0.2505130940968216,78.63215886276402,43
25,synthetic_scalability_scenario_derived_from_real_traffic,15,10,afreeca_dataset;amazon_dataset;battleground_dataset;gamebox_dataset;geforce_dataset;meet_dataset;navernow_dataset;netflix_dataset;roblox_dataset;teams_dataset;tft_dataset;youtubeLive_dataset;youtube_dataset;zepeto_dataset;zoom_dataset;zepeto_dataset;navernow_dataset;navernow_dataset;roblox_dataset;afreeca_dataset;meet_dataset;netflix_dataset;youtube_dataset;zoom_dataset;tft_dataset,MEDIUM,Blended Demand (lambda=0.25),0.25,0.75,78.50353146306009,11.274275627899245,1.8680918351845834,1.075344395341395,99.08998505231689,0.2594578156126297,84.5710382255713,43
25,synthetic_scalability_scenario_derived_from_real_traffic,15,10,afreeca_dataset;amazon_dataset;battleground_dataset;gamebox_dataset;geforce_dataset;meet_dataset;navernow_dataset;netflix_dataset;roblox_dataset;teams_dataset;tft_dataset;youtubeLive_dataset;youtube_dataset;zepeto_dataset;zoom_dataset;zepeto_dataset;navernow_dataset;navernow_dataset;roblox_dataset;afreeca_dataset;meet_dataset;netflix_dataset;youtube_dataset;zoom_dataset;tft_dataset,MEDIUM,Blended Demand (lambda=0.50),0.5,0.75,76.11466217744683,12.568413360954235,4.852713918334543,1.9614140295871951,96.96980568011958,0.2674428840053687,88.0624608971874,43
25,synthetic_scalability_scenario_derived_from_real_traffic,15,10,afreeca_dataset;amazon_dataset;battleground_dataset;gamebox_dataset;geforce_dataset;meet_dataset;navernow_dataset;netflix_dataset;roblox_dataset;teams_dataset;tft_dataset;youtubeLive_dataset;youtube_dataset;zepeto_dataset;zoom_dataset;zepeto_dataset;navernow_dataset;navernow_dataset;roblox_dataset;afreeca_dataset;meet_dataset;netflix_dataset;youtube_dataset;zoom_dataset;tft_dataset,MEDIUM,Blended Demand (lambda=0.75),0.75,0.75,71.4780968151377,14.921340471143616,10.647936209602834,4.054365160173261,95.09895366218237,0.2706707861917005,88.97305693911797,43
25,synthetic_scalability_scenario_derived_from_real_traffic,15,10,afreeca_dataset;amazon_dataset;battleground_dataset;gamebox_dataset;geforce_dataset;meet_dataset;navernow_dataset;netflix_dataset;roblox_dataset;teams_dataset;tft_dataset;youtubeLive_dataset;youtube_dataset;zepeto_dataset;zoom_dataset;zepeto_dataset;navernow_dataset;navernow_dataset;roblox_dataset;afreeca_dataset;meet_dataset;netflix_dataset;youtube_dataset;zoom_dataset;tft_dataset,MEDIUM,Prediction Only (lambda=1.00),1.0,0.75,66.19054572928643,27.31312309557653,17.25689065529977,17.389179909716407,94.0203288490284,0.27151462363364265,88.38134746445064,43
25,synthetic_scalability_scenario_derived_from_real_traffic,15,10,afreeca_dataset;amazon_dataset;battleground_dataset;gamebox_dataset;geforce_dataset;meet_dataset;navernow_dataset;netflix_dataset;roblox_dataset;teams_dataset;tft_dataset;youtubeLive_dataset;youtube_dataset;zepeto_dataset;zoom_dataset;zepeto_dataset;navernow_dataset;navernow_dataset;roblox_dataset;afreeca_dataset;meet_dataset;netflix_dataset;youtube_dataset;zoom_dataset;tft_dataset,MEDIUM,Current Demand Only (lambda=0.00),0.0,0.75,78.9389207964934,10.300531640381207,1.326349004383176,0.5277973759561927,99.37399103139013,0.24538424515848783,78.93892079649346,43
25,synthetic_scalability_scenario_derived_from_real_traffic,15,10,afreeca_dataset;amazon_dataset;battleground_dataset;gamebox_dataset;geforce_dataset;meet_dataset;navernow_dataset;netflix_dataset;roblox_dataset;teams_dataset;tft_dataset;youtubeLive_dataset;youtube_dataset;zepeto_dataset;zoom_dataset;roblox_dataset;navernow_dataset;roblox_dataset;amazon_dataset;roblox_dataset;youtube_dataset;zoom_dataset;youtubeLive_dataset;teams_dataset;tft_dataset,MEDIUM,Equal Share,,0.75,31.19762474924297,27.39076507404521,60.997102392708896,3.211466979314582,86.11121076233184,0.4182235121552623,31.197624749242987,44
25,synthetic_scalability_scenario_derived_from_real_traffic,15,10,afreeca_dataset;amazon_dataset;battleground_dataset;gamebox_dataset;geforce_dataset;meet_dataset;navernow_dataset;netflix_dataset;roblox_dataset;teams_dataset;tft_dataset;youtubeLive_dataset;youtube_dataset;zepeto_dataset;zoom_dataset;roblox_dataset;navernow_dataset;roblox_dataset;amazon_dataset;roblox_dataset;youtube_dataset;zoom_dataset;youtubeLive_dataset;teams_dataset;tft_dataset,MEDIUM,Round Robin,,0.75,78.9223631267554,10.167559479032906,1.3470460915556812,0.29661417438355875,99.52167414050822,0.21430366298860704,78.92236312675546,44
25,synthetic_scalability_scenario_derived_from_real_traffic,15,10,afreeca_dataset;amazon_dataset;battleground_dataset;gamebox_dataset;geforce_dataset;meet_dataset;navernow_dataset;netflix_dataset;roblox_dataset;teams_dataset;tft_dataset;youtubeLive_dataset;youtube_dataset;zepeto_dataset;zoom_dataset;roblox_dataset;navernow_dataset;roblox_dataset;amazon_dataset;roblox_dataset;youtube_dataset;zoom_dataset;youtubeLive_dataset;teams_dataset;tft_dataset,MEDIUM,Proportional Fair,,0.75,78.82583706547713,10.247796348308096,1.4677036681535438,0.45097614178272344,99.44693572496263,0.2183980679291302,78.82583706547716,44
25,synthetic_scalability_scenario_derived_from_real_traffic,15,10,afreeca_dataset;amazon_dataset;battleground_dataset;gamebox_dataset;geforce_dataset;meet_dataset;navernow_dataset;netflix_dataset;roblox_dataset;teams_dataset;tft_dataset;youtubeLive_dataset;youtube_dataset;zepeto_dataset;zoom_dataset;roblox_dataset;navernow_dataset;roblox_dataset;amazon_dataset;roblox_dataset;youtube_dataset;zoom_dataset;youtubeLive_dataset;teams_dataset;tft_dataset,MEDIUM,Blended Demand (lambda=0.25),0.25,0.75,78.68245002596659,11.25477038161258,1.6465311918189274,0.9623662722448222,99.29686098654709,0.22912333735239654,84.36462435053792,44
25,synthetic_scalability_scenario_derived_from_real_traffic,15,10,afreeca_dataset;amazon_dataset;battleground_dataset;gamebox_dataset;geforce_dataset;meet_dataset;navernow_dataset;netflix_dataset;roblox_dataset;teams_dataset;tft_dataset;youtubeLive_dataset;youtube_dataset;zepeto_dataset;zoom_dataset;roblox_dataset;navernow_dataset;roblox_dataset;amazon_dataset;roblox_dataset;youtube_dataset;zoom_dataset;youtubeLive_dataset;teams_dataset;tft_dataset,MEDIUM,Blended Demand (lambda=0.50),0.5,0.75,76.48714686159832,12.751869191585664,4.3902538715568085,2.078763718229623,97.7440956651719,0.23855160789667876,87.70599293935169,44
25,synthetic_scalability_scenario_derived_from_real_traffic,15,10,afreeca_dataset;amazon_dataset;battleground_dataset;gamebox_dataset;geforce_dataset;meet_dataset;navernow_dataset;netflix_dataset;roblox_dataset;teams_dataset;tft_dataset;youtubeLive_dataset;youtube_dataset;zepeto_dataset;zoom_dataset;roblox_dataset;navernow_dataset;roblox_dataset;amazon_dataset;roblox_dataset;youtube_dataset;zoom_dataset;youtubeLive_dataset;teams_dataset;tft_dataset,MEDIUM,Blended Demand (lambda=0.75),0.75,0.75,72.80069815333292,15.636564495495795,8.997908481165766,4.767032201588464,95.07324364723468,0.24424415142140796,89.2307292649432,44
25,synthetic_scalability_scenario_derived_from_real_traffic,15,10,afreeca_dataset;amazon_dataset;battleground_dataset;gamebox_dataset;geforce_dataset;meet_dataset;navernow_dataset;netflix_dataset;roblox_dataset;teams_dataset;tft_dataset;youtubeLive_dataset;youtube_dataset;zepeto_dataset;zoom_dataset;roblox_dataset;navernow_dataset;roblox_dataset;amazon_dataset;roblox_dataset;youtube_dataset;zoom_dataset;youtubeLive_dataset;teams_dataset;tft_dataset,MEDIUM,Prediction Only (lambda=1.00),1.0,0.75,68.51272891648934,29.230432136931935,14.357463751497088,19.224612152313735,93.60298953662182,0.2475174870763267,89.38798311734692,44
25,synthetic_scalability_scenario_derived_from_real_traffic,15,10,afreeca_dataset;amazon_dataset;battleground_dataset;gamebox_dataset;geforce_dataset;meet_dataset;navernow_dataset;netflix_dataset;roblox_dataset;teams_dataset;tft_dataset;youtubeLive_dataset;youtube_dataset;zepeto_dataset;zoom_dataset;roblox_dataset;navernow_dataset;roblox_dataset;amazon_dataset;roblox_dataset;youtube_dataset;zoom_dataset;youtubeLive_dataset;teams_dataset;tft_dataset,MEDIUM,Current Demand Only (lambda=0.00),0.0,0.75,79.05544562356957,10.186437306127361,1.1806929705379992,0.32389872338394055,99.52167414050822,0.214960042783358,79.05544562356961,44
25,synthetic_scalability_scenario_derived_from_real_traffic,15,10,afreeca_dataset;amazon_dataset;battleground_dataset;gamebox_dataset;geforce_dataset;meet_dataset;navernow_dataset;netflix_dataset;roblox_dataset;teams_dataset;tft_dataset;youtubeLive_dataset;youtube_dataset;zepeto_dataset;zoom_dataset;roblox_dataset;netflix_dataset;navernow_dataset;youtubeLive_dataset;meet_dataset;youtube_dataset;navernow_dataset;geforce_dataset;navernow_dataset;navernow_dataset,MEDIUM,Equal Share,,0.75,38.16089634794587,32.97163914130544,52.28948707284824,4.121083800253642,81.50254110612855,0.4652709329159961,38.16089634794577,45
25,synthetic_scalability_scenario_derived_from_real_traffic,15,10,afreeca_dataset;amazon_dataset;battleground_dataset;gamebox_dataset;geforce_dataset;meet_dataset;navernow_dataset;netflix_dataset;roblox_dataset;teams_dataset;tft_dataset;youtubeLive_dataset;youtube_dataset;zepeto_dataset;zoom_dataset;roblox_dataset;netflix_dataset;navernow_dataset;youtubeLive_dataset;meet_dataset;youtube_dataset;navernow_dataset;geforce_dataset;navernow_dataset;navernow_dataset,MEDIUM,Round Robin,,0.75,79.50955355498414,10.22432185288619,0.6130580562700023,0.4033975847678588,99.71180866965621,0.3212033968178104,79.50955355498398,45
25,synthetic_scalability_scenario_derived_from_real_traffic,15,10,afreeca_dataset;amazon_dataset;battleground_dataset;gamebox_dataset;geforce_dataset;meet_dataset;navernow_dataset;netflix_dataset;roblox_dataset;teams_dataset;tft_dataset;youtubeLive_dataset;youtube_dataset;zepeto_dataset;zoom_dataset;roblox_dataset;netflix_dataset;navernow_dataset;youtubeLive_dataset;meet_dataset;youtube_dataset;navernow_dataset;geforce_dataset;navernow_dataset;navernow_dataset,MEDIUM,Proportional Fair,,0.75,79.63052370814094,10.400803742177668,0.46184536482396943,0.7369032236290105,99.5796711509716,0.3238038475186178,79.63052370814083,45
25,synthetic_scalability_scenario_derived_from_real_traffic,15,10,afreeca_dataset;amazon_dataset;battleground_dataset;gamebox_dataset;geforce_dataset;meet_dataset;navernow_dataset;netflix_dataset;roblox_dataset;teams_dataset;tft_dataset;youtubeLive_dataset;youtube_dataset;zepeto_dataset;zoom_dataset;roblox_dataset;netflix_dataset;navernow_dataset;youtubeLive_dataset;meet_dataset;youtube_dataset;navernow_dataset;geforce_dataset;navernow_dataset;navernow_dataset,MEDIUM,Blended Demand (lambda=0.25),0.25,0.75,79.44970272117548,11.683963324049131,0.6861630012315472,1.2055281173602586,99.57249626307922,0.34306691112985543,85.97599538415672,45
25,synthetic_scalability_scenario_derived_from_real_traffic,15,10,afreeca_dataset;amazon_dataset;battleground_dataset;gamebox_dataset;geforce_dataset;meet_dataset;navernow_dataset;netflix_dataset;roblox_dataset;teams_dataset;tft_dataset;youtubeLive_dataset;youtube_dataset;zepeto_dataset;zoom_dataset;roblox_dataset;netflix_dataset;navernow_dataset;youtubeLive_dataset;meet_dataset;youtube_dataset;navernow_dataset;geforce_dataset;navernow_dataset;navernow_dataset,MEDIUM,Blended Demand (lambda=0.50),0.5,0.75,78.34809007759353,13.931004060834017,2.0614702084105567,2.5548772864006772,97.80448430493273,0.35768417593357016,91.03629437110554,45
25,synthetic_scalability_scenario_derived_from_real_traffic,15,10,afreeca_dataset;amazon_dataset;battleground_dataset;gamebox_dataset;geforce_dataset;meet_dataset;navernow_dataset;netflix_dataset;roblox_dataset;teams_dataset;tft_dataset;youtubeLive_dataset;youtube_dataset;zepeto_dataset;zoom_dataset;roblox_dataset;netflix_dataset;navernow_dataset;youtubeLive_dataset;meet_dataset;youtube_dataset;navernow_dataset;geforce_dataset;navernow_dataset;navernow_dataset,MEDIUM,Blended Demand (lambda=0.75),0.75,0.75,73.90349333946038,17.77592987648377,7.616042246342896,5.302001069980162,93.15994020926756,0.3627491441250992,92.37033791781072,45
25,synthetic_scalability_scenario_derived_from_real_traffic,15,10,afreeca_dataset;amazon_dataset;battleground_dataset;gamebox_dataset;geforce_dataset;meet_dataset;navernow_dataset;netflix_dataset;roblox_dataset;teams_dataset;tft_dataset;youtubeLive_dataset;youtube_dataset;zepeto_dataset;zoom_dataset;roblox_dataset;netflix_dataset;navernow_dataset;youtubeLive_dataset;meet_dataset;youtube_dataset;navernow_dataset;geforce_dataset;navernow_dataset;navernow_dataset,MEDIUM,Prediction Only (lambda=1.00),1.0,0.75,68.4630972155927,38.29835435806357,14.416003553607469,23.150495713253186,91.5916292974589,0.36382967906353986,91.98459045591785,45
25,synthetic_scalability_scenario_derived_from_real_traffic,15,10,afreeca_dataset;amazon_dataset;battleground_dataset;gamebox_dataset;geforce_dataset;meet_dataset;navernow_dataset;netflix_dataset;roblox_dataset;teams_dataset;tft_dataset;youtubeLive_dataset;youtube_dataset;zepeto_dataset;zoom_dataset;roblox_dataset;netflix_dataset;navernow_dataset;youtubeLive_dataset;meet_dataset;youtube_dataset;navernow_dataset;geforce_dataset;navernow_dataset;navernow_dataset,MEDIUM,Current Demand Only (lambda=0.00),0.0,0.75,79.6872691697838,10.258681155520879,0.39091353777038107,0.4520893121351537,99.76562032884902,0.3218970062795639,79.68726916978369,45
25,synthetic_scalability_scenario_derived_from_real_traffic,15,10,afreeca_dataset;amazon_dataset;battleground_dataset;gamebox_dataset;geforce_dataset;meet_dataset;navernow_dataset;netflix_dataset;roblox_dataset;teams_dataset;tft_dataset;youtubeLive_dataset;youtube_dataset;zepeto_dataset;zoom_dataset;teams_dataset;battleground_dataset;youtubeLive_dataset;zepeto_dataset;gamebox_dataset;geforce_dataset;zepeto_dataset;geforce_dataset;zoom_dataset;gamebox_dataset,MEDIUM,Equal Share,,0.75,35.308832193524154,36.22011834056669,55.85503824615527,2.099347906065285,74.95605381165919,0.4229133776170349,35.30883219352426,46
25,synthetic_scalability_scenario_derived_from_real_traffic,15,10,afreeca_dataset;amazon_dataset;battleground_dataset;gamebox_dataset;geforce_dataset;meet_dataset;navernow_dataset;netflix_dataset;roblox_dataset;teams_dataset;tft_dataset;youtubeLive_dataset;youtube_dataset;zepeto_dataset;zoom_dataset;teams_dataset;battleground_dataset;youtubeLive_dataset;zepeto_dataset;gamebox_dataset;geforce_dataset;zepeto_dataset;geforce_dataset;zoom_dataset;gamebox_dataset,MEDIUM,Round Robin,,0.75,79.94819786009015,10.020214697672232,0.06475267488707398,0.03741193384694135,99.97428998505232,0.3162779009205482,79.94819786009036,46
25,synthetic_scalability_scenario_derived_from_real_traffic,15,10,afreeca_dataset;amazon_dataset;battleground_dataset;gamebox_dataset;geforce_dataset;meet_dataset;navernow_dataset;netflix_dataset;roblox_dataset;teams_dataset;tft_dataset;youtubeLive_dataset;youtube_dataset;zepeto_dataset;zoom_dataset;teams_dataset;battleground_dataset;youtubeLive_dataset;zepeto_dataset;gamebox_dataset;geforce_dataset;zepeto_dataset;geforce_dataset;zoom_dataset;gamebox_dataset,MEDIUM,Proportional Fair,,0.75,79.9644389444695,10.034887912734836,0.04445131941289893,0.06444134673161112,99.9898355754858,0.3163751444350065,79.96443894446968,46
25,synthetic_scalability_scenario_derived_from_real_traffic,15,10,afreeca_dataset;amazon_dataset;battleground_dataset;gamebox_dataset;geforce_dataset;meet_dataset;navernow_dataset;netflix_dataset;roblox_dataset;teams_dataset;tft_dataset;youtubeLive_dataset;youtube_dataset;zepeto_dataset;zoom_dataset;teams_dataset;battleground_dataset;youtubeLive_dataset;zepeto_dataset;gamebox_dataset;geforce_dataset;zepeto_dataset;geforce_dataset;zoom_dataset;gamebox_dataset,MEDIUM,Blended Demand (lambda=0.25),0.25,0.75,79.9502948859741,10.786866355592727,0.061917843920792255,0.6290761775626064,99.98026905829596,0.3246500811648339,82.07502671801586,46
25,synthetic_scalability_scenario_derived_from_real_traffic,15,10,afreeca_dataset;amazon_dataset;battleground_dataset;gamebox_dataset;geforce_dataset;meet_dataset;navernow_dataset;netflix_dataset;roblox_dataset;teams_dataset;tft_dataset;youtubeLive_dataset;youtube_dataset;zepeto_dataset;zoom_dataset;teams_dataset;battleground_dataset;youtubeLive_dataset;zepeto_dataset;gamebox_dataset;geforce_dataset;zepeto_dataset;geforce_dataset;zoom_dataset;gamebox_dataset,MEDIUM,Blended Demand (lambda=0.50),0.5,0.75,79.79637662620374,11.968945902127004,0.2541021200222672,1.683956976970277,99.80149476831092,0.33174484870563775,84.04016038357393,46
25,synthetic_scalability_scenario_derived_from_real_traffic,15,10,afreeca_dataset;amazon_dataset;battleground_dataset;gamebox_dataset;geforce_dataset;meet_dataset;navernow_dataset;netflix_dataset;roblox_dataset;teams_dataset;tft_dataset;youtubeLive_dataset;youtube_dataset;zepeto_dataset;zoom_dataset;teams_dataset;battleground_dataset;youtubeLive_dataset;zepeto_dataset;gamebox_dataset;geforce_dataset;zepeto_dataset;geforce_dataset;zoom_dataset;gamebox_dataset,MEDIUM,Blended Demand (lambda=0.75),0.75,0.75,79.1862334735694,14.200348624131594,1.0165675122029607,3.9361225735514624,97.42002989536621,0.33691710637803723,85.52192935400325,46
25,synthetic_scalability_scenario_derived_from_real_traffic,15,10,afreeca_dataset;amazon_dataset;battleground_dataset;gamebox_dataset;geforce_dataset;meet_dataset;navernow_dataset;netflix_dataset;roblox_dataset;teams_dataset;tft_dataset;youtubeLive_dataset;youtube_dataset;zepeto_dataset;zoom_dataset;teams_dataset;battleground_dataset;youtubeLive_dataset;zepeto_dataset;gamebox_dataset;geforce_dataset;zepeto_dataset;geforce_dataset;zoom_dataset;gamebox_dataset,MEDIUM,Prediction Only (lambda=1.00),1.0,0.75,78.25171992900567,23.64651353106668,2.1844958942959933,15.221816424014381,96.40179372197309,0.3407276127194047,86.61335803141931,46
25,synthetic_scalability_scenario_derived_from_real_traffic,15,10,afreeca_dataset;amazon_dataset;battleground_dataset;gamebox_dataset;geforce_dataset;meet_dataset;navernow_dataset;netflix_dataset;roblox_dataset;teams_dataset;tft_dataset;youtubeLive_dataset;youtube_dataset;zepeto_dataset;zoom_dataset;teams_dataset;battleground_dataset;youtubeLive_dataset;zepeto_dataset;gamebox_dataset;geforce_dataset;zepeto_dataset;geforce_dataset;zoom_dataset;gamebox_dataset,MEDIUM,Current Demand Only (lambda=0.00),0.0,0.75,79.96145412129854,10.024007529442885,0.048182348376586845,0.04387880654607248,99.98804185351271,0.3163473223936454,79.96145412129873,46
25,synthetic_scalability_scenario_derived_from_real_traffic,15,10,afreeca_dataset;amazon_dataset;battleground_dataset;gamebox_dataset;geforce_dataset;meet_dataset;navernow_dataset;netflix_dataset;roblox_dataset;teams_dataset;tft_dataset;youtubeLive_dataset;youtube_dataset;zepeto_dataset;zoom_dataset;roblox_dataset;navernow_dataset;amazon_dataset;zepeto_dataset;youtube_dataset;geforce_dataset;battleground_dataset;tft_dataset;amazon_dataset;navernow_dataset,HIGH,Equal Share,,0.75,36.99278850990583,33.532964123155864,66.3648717906309,3.6846122178361873,80.79461883408072,0.45725746185346117,36.99278850990581,42
25,synthetic_scalability_scenario_derived_from_real_traffic,15,10,afreeca_dataset;amazon_dataset;battleground_dataset;gamebox_dataset;geforce_dataset;meet_dataset;navernow_dataset;netflix_dataset;roblox_dataset;teams_dataset;tft_dataset;youtubeLive_dataset;youtube_dataset;zepeto_dataset;zoom_dataset;roblox_dataset;navernow_dataset;amazon_dataset;zepeto_dataset;youtube_dataset;geforce_dataset;battleground_dataset;tft_dataset;amazon_dataset;navernow_dataset,HIGH,Round Robin,,0.75,98.63400135716013,11.971318297066894,10.332726038945422,1.6113563665220842,93.6627802690583,0.2771527844227108,98.6340013571601,42
25,synthetic_scalability_scenario_derived_from_real_traffic,15,10,afreeca_dataset;amazon_dataset;battleground_dataset;gamebox_dataset;geforce_dataset;meet_dataset;navernow_dataset;netflix_dataset;roblox_dataset;teams_dataset;tft_dataset;youtubeLive_dataset;youtube_dataset;zepeto_dataset;zoom_dataset;roblox_dataset;navernow_dataset;amazon_dataset;zepeto_dataset;youtube_dataset;geforce_dataset;battleground_dataset;tft_dataset;amazon_dataset;navernow_dataset,HIGH,Proportional Fair,,0.75,98.31829197009547,12.025333784521111,10.619734572640406,2.0471468306961427,94.51121076233184,0.2925824524009855,98.31829197009557,42
25,synthetic_scalability_scenario_derived_from_real_traffic,15,10,afreeca_dataset;amazon_dataset;battleground_dataset;gamebox_dataset;geforce_dataset;meet_dataset;navernow_dataset;netflix_dataset;roblox_dataset;teams_dataset;tft_dataset;youtubeLive_dataset;youtube_dataset;zepeto_dataset;zoom_dataset;roblox_dataset;navernow_dataset;amazon_dataset;zepeto_dataset;youtube_dataset;geforce_dataset;battleground_dataset;tft_dataset;amazon_dataset;navernow_dataset,HIGH,Blended Demand (lambda=0.25),0.25,0.75,93.69233693308728,13.949120560692332,14.822711357600205,1.901950908174035,90.46457399103139,0.3052346271658879,99.7556716195074,42
25,synthetic_scalability_scenario_derived_from_real_traffic,15,10,afreeca_dataset;amazon_dataset;battleground_dataset;gamebox_dataset;geforce_dataset;meet_dataset;navernow_dataset;netflix_dataset;roblox_dataset;teams_dataset;tft_dataset;youtubeLive_dataset;youtube_dataset;zepeto_dataset;zoom_dataset;roblox_dataset;navernow_dataset;amazon_dataset;zepeto_dataset;youtube_dataset;geforce_dataset;battleground_dataset;tft_dataset;amazon_dataset;navernow_dataset,HIGH,Blended Demand (lambda=0.50),0.5,0.75,89.78034940020424,15.792286304790197,18.37754984975952,2.4544375634519153,88.59431988041854,0.3213242518705789,99.90709663849324,42
25,synthetic_scalability_scenario_derived_from_real_traffic,15,10,afreeca_dataset;amazon_dataset;battleground_dataset;gamebox_dataset;geforce_dataset;meet_dataset;navernow_dataset;netflix_dataset;roblox_dataset;teams_dataset;tft_dataset;youtubeLive_dataset;youtube_dataset;zepeto_dataset;zoom_dataset;roblox_dataset;navernow_dataset;amazon_dataset;zepeto_dataset;youtube_dataset;geforce_dataset;battleground_dataset;tft_dataset;amazon_dataset;navernow_dataset,HIGH,Blended Demand (lambda=0.75),0.75,0.75,86.51561001108621,18.813788274536,21.345150057542288,4.551586554177179,85.97847533632287,0.32353184536921303,99.92552906550117,42
25,synthetic_scalability_scenario_derived_from_real_traffic,15,10,afreeca_dataset;amazon_dataset;battleground_dataset;gamebox_dataset;geforce_dataset;meet_dataset;navernow_dataset;netflix_dataset;roblox_dataset;teams_dataset;tft_dataset;youtubeLive_dataset;youtube_dataset;zepeto_dataset;zoom_dataset;roblox_dataset;navernow_dataset;amazon_dataset;zepeto_dataset;youtube_dataset;geforce_dataset;battleground_dataset;tft_dataset;amazon_dataset;navernow_dataset,HIGH,Prediction Only (lambda=1.00),1.0,0.75,82.8753023336099,34.50650399298411,24.654175982013875,18.82119884604574,85.27832585949177,0.31491111034077557,99.89375304609209,42
25,synthetic_scalability_scenario_derived_from_real_traffic,15,10,afreeca_dataset;amazon_dataset;battleground_dataset;gamebox_dataset;geforce_dataset;meet_dataset;navernow_dataset;netflix_dataset;roblox_dataset;teams_dataset;tft_dataset;youtubeLive_dataset;youtube_dataset;zepeto_dataset;zoom_dataset;roblox_dataset;navernow_dataset;amazon_dataset;zepeto_dataset;youtube_dataset;geforce_dataset;battleground_dataset;tft_dataset;amazon_dataset;navernow_dataset,HIGH,Current Demand Only (lambda=0.00),0.0,0.75,98.86181676600606,12.346956544832652,10.12562112181267,1.748957524317897,93.06965620328849,0.2798966214715436,98.86181676600611,42
25,synthetic_scalability_scenario_derived_from_real_traffic,15,10,afreeca_dataset;amazon_dataset;battleground_dataset;gamebox_dataset;geforce_dataset;meet_dataset;navernow_dataset;netflix_dataset;roblox_dataset;teams_dataset;tft_dataset;youtubeLive_dataset;youtube_dataset;zepeto_dataset;zoom_dataset;zepeto_dataset;navernow_dataset;navernow_dataset;roblox_dataset;afreeca_dataset;meet_dataset;netflix_dataset;youtube_dataset;zoom_dataset;tft_dataset,HIGH,Equal Share,,0.75,35.28747071435779,33.340438720251946,67.91340625440965,3.808049168931264,80.50343796711509,0.4213422544849217,35.28747071435787,43
25,synthetic_scalability_scenario_derived_from_real_traffic,15,10,afreeca_dataset;amazon_dataset;battleground_dataset;gamebox_dataset;geforce_dataset;meet_dataset;navernow_dataset;netflix_dataset;roblox_dataset;teams_dataset;tft_dataset;youtubeLive_dataset;youtube_dataset;zepeto_dataset;zoom_dataset;zepeto_dataset;navernow_dataset;navernow_dataset;roblox_dataset;afreeca_dataset;meet_dataset;netflix_dataset;youtube_dataset;zoom_dataset;tft_dataset,HIGH,Round Robin,,0.75,96.69999113716246,11.381051361202957,12.087655835355719,1.539531495114826,94.78325859491778,0.2515927568785036,96.69999113716251,43
25,synthetic_scalability_scenario_derived_from_real_traffic,15,10,afreeca_dataset;amazon_dataset;battleground_dataset;gamebox_dataset;geforce_dataset;meet_dataset;navernow_dataset;netflix_dataset;roblox_dataset;teams_dataset;tft_dataset;youtubeLive_dataset;youtube_dataset;zepeto_dataset;zoom_dataset;zepeto_dataset;navernow_dataset;navernow_dataset;roblox_dataset;afreeca_dataset;meet_dataset;netflix_dataset;youtube_dataset;zoom_dataset;tft_dataset,HIGH,Proportional Fair,,0.75,96.28436113165675,11.62068189027566,12.466727796903212,2.0547466143769184,95.15874439461884,0.2759266671418592,96.28436113165682,43
25,synthetic_scalability_scenario_derived_from_real_traffic,15,10,afreeca_dataset;amazon_dataset;battleground_dataset;gamebox_dataset;geforce_dataset;meet_dataset;navernow_dataset;netflix_dataset;roblox_dataset;teams_dataset;tft_dataset;youtubeLive_dataset;youtube_dataset;zepeto_dataset;zoom_dataset;zepeto_dataset;navernow_dataset;navernow_dataset;roblox_dataset;afreeca_dataset;meet_dataset;netflix_dataset;youtube_dataset;zoom_dataset;tft_dataset,HIGH,Blended Demand (lambda=0.25),0.25,0.75,92.37120995521994,12.680763665200406,16.022491898449683,1.8287623661738674,92.6050822122571,0.2757285477673748,99.28599839476512,43
25,synthetic_scalability_scenario_derived_from_real_traffic,15,10,afreeca_dataset;amazon_dataset;battleground_dataset;gamebox_dataset;geforce_dataset;meet_dataset;navernow_dataset;netflix_dataset;roblox_dataset;teams_dataset;tft_dataset;youtubeLive_dataset;youtube_dataset;zepeto_dataset;zoom_dataset;zepeto_dataset;navernow_dataset;navernow_dataset;roblox_dataset;afreeca_dataset;meet_dataset;netflix_dataset;youtube_dataset;zoom_dataset;tft_dataset,HIGH,Blended Demand (lambda=0.50),0.5,0.75,88.43808112048426,13.838862017495215,19.597659126055742,2.1467328067146867,91.25321375186846,0.2895209591415078,99.74960829754637,43
25,synthetic_scalability_scenario_derived_from_real_traffic,15,10,afreeca_dataset;amazon_dataset;battleground_dataset;gamebox_dataset;geforce_dataset;meet_dataset;navernow_dataset;netflix_dataset;roblox_dataset;teams_dataset;tft_dataset;youtubeLive_dataset;youtube_dataset;zepeto_dataset;zoom_dataset;zepeto_dataset;navernow_dataset;navernow_dataset;roblox_dataset;afreeca_dataset;meet_dataset;netflix_dataset;youtube_dataset;zoom_dataset;tft_dataset,HIGH,Blended Demand (lambda=0.75),0.75,0.75,84.85532945812618,15.693945800987622,22.85479689375233,3.639214955918294,89.73034379671151,0.29013645857639586,99.79358776625686,43
25,synthetic_scalability_scenario_derived_from_real_traffic,15,10,afreeca_dataset;amazon_dataset;battleground_dataset;gamebox_dataset;geforce_dataset;meet_dataset;navernow_dataset;netflix_dataset;roblox_dataset;teams_dataset;tft_dataset;youtubeLive_dataset;youtube_dataset;zepeto_dataset;zoom_dataset;zepeto_dataset;navernow_dataset;navernow_dataset;roblox_dataset;afreeca_dataset;meet_dataset;netflix_dataset;youtube_dataset;zoom_dataset;tft_dataset,HIGH,Prediction Only (lambda=1.00),1.0,0.75,80.33628090235919,26.603498458200974,26.962968575479806,15.50649194281719,90.07892376681615,0.27738327910275584,99.52818108595531,43
25,synthetic_scalability_scenario_derived_from_real_traffic,15,10,afreeca_dataset;amazon_dataset;battleground_dataset;gamebox_dataset;geforce_dataset;meet_dataset;navernow_dataset;netflix_dataset;roblox_dataset;teams_dataset;tft_dataset;youtubeLive_dataset;youtube_dataset;zepeto_dataset;zoom_dataset;zepeto_dataset;navernow_dataset;navernow_dataset;roblox_dataset;afreeca_dataset;meet_dataset;netflix_dataset;youtube_dataset;zoom_dataset;tft_dataset,HIGH,Current Demand Only (lambda=0.00),0.0,0.75,97.11541141292055,11.658519872332985,11.71000103921198,1.7279473680357385,94.33781763826607,0.254156902385779,97.11541141292065,43
25,synthetic_scalability_scenario_derived_from_real_traffic,15,10,afreeca_dataset;amazon_dataset;battleground_dataset;gamebox_dataset;geforce_dataset;meet_dataset;navernow_dataset;netflix_dataset;roblox_dataset;teams_dataset;tft_dataset;youtubeLive_dataset;youtube_dataset;zepeto_dataset;zoom_dataset;roblox_dataset;navernow_dataset;roblox_dataset;amazon_dataset;roblox_dataset;youtube_dataset;zoom_dataset;youtubeLive_dataset;teams_dataset;tft_dataset,HIGH,Equal Share,,0.75,34.90890427658048,29.717622972350124,68.25973067244105,3.646608046030611,84.06636771300448,0.45093837518550084,34.90890427658048,44
25,synthetic_scalability_scenario_derived_from_real_traffic,15,10,afreeca_dataset;amazon_dataset;battleground_dataset;gamebox_dataset;geforce_dataset;meet_dataset;navernow_dataset;netflix_dataset;roblox_dataset;teams_dataset;tft_dataset;youtubeLive_dataset;youtube_dataset;zepeto_dataset;zoom_dataset;roblox_dataset;navernow_dataset;roblox_dataset;amazon_dataset;roblox_dataset;youtube_dataset;zoom_dataset;youtubeLive_dataset;teams_dataset;tft_dataset,HIGH,Round Robin,,0.75,97.02631019632598,11.093741203872128,11.793838741681308,1.1387916315070739,95.35964125560538,0.22386520777244562,97.0263101963261,44
25,synthetic_scalability_scenario_derived_from_real_traffic,15,10,afreeca_dataset;amazon_dataset;battleground_dataset;gamebox_dataset;geforce_dataset;meet_dataset;navernow_dataset;netflix_dataset;roblox_dataset;teams_dataset;tft_dataset;youtubeLive_dataset;youtube_dataset;zepeto_dataset;zoom_dataset;roblox_dataset;navernow_dataset;roblox_dataset;amazon_dataset;roblox_dataset;youtube_dataset;zoom_dataset;youtubeLive_dataset;teams_dataset;tft_dataset,HIGH,Proportional Fair,,0.75,96.69442143845805,11.24739244566696,12.095980510492597,1.5175650618087566,95.72137518684603,0.24227892813579568,96.6944214384582,44
25,synthetic_scalability_scenario_derived_from_real_traffic,15,10,afreeca_dataset;amazon_dataset;battleground_dataset;gamebox_dataset;geforce_dataset;meet_dataset;navernow_dataset;netflix_dataset;roblox_dataset;teams_dataset;tft_dataset;youtubeLive_dataset;youtube_dataset;zepeto_dataset;zoom_dataset;roblox_dataset;navernow_dataset;roblox_dataset;amazon_dataset;roblox_dataset;youtube_dataset;zoom_dataset;youtubeLive_dataset;teams_dataset;tft_dataset,HIGH,Blended Demand (lambda=0.25),0.25,0.75,92.54121949644471,12.405748491101452,15.870205785076902,1.47167147593898,93.27832585949177,0.24921142281232164,99.3105366710174,44
25,synthetic_scalability_scenario_derived_from_real_traffic,15,10,afreeca_dataset;amazon_dataset;battleground_dataset;gamebox_dataset;geforce_dataset;meet_dataset;navernow_dataset;netflix_dataset;roblox_dataset;teams_dataset;tft_dataset;youtubeLive_dataset;youtube_dataset;zepeto_dataset;zoom_dataset;roblox_dataset;navernow_dataset;roblox_dataset;amazon_dataset;roblox_dataset;youtube_dataset;zoom_dataset;youtubeLive_dataset;teams_dataset;tft_dataset,HIGH,Blended Demand (lambda=0.50),0.5,0.75,88.26276492017416,13.8948210828749,19.759384195030496,2.177155384056159,91.77518684603886,0.2666593628282661,99.73506733285124,44
25,synthetic_scalability_scenario_derived_from_real_traffic,15,10,afreeca_dataset;amazon_dataset;battleground_dataset;gamebox_dataset;geforce_dataset;meet_dataset;navernow_dataset;netflix_dataset;roblox_dataset;teams_dataset;tft_dataset;youtubeLive_dataset;youtube_dataset;zepeto_dataset;zoom_dataset;roblox_dataset;navernow_dataset;roblox_dataset;amazon_dataset;roblox_dataset;youtube_dataset;zoom_dataset;youtubeLive_dataset;teams_dataset;tft_dataset,HIGH,Blended Demand (lambda=0.75),0.75,0.75,84.63349696053089,16.441968981579922,23.058392953504494,4.40736547534054,89.22212257100149,0.27170641691093467,99.7979005047142,44
25,synthetic_scalability_scenario_derived_from_real_traffic,15,10,afreeca_dataset;amazon_dataset;battleground_dataset;gamebox_dataset;geforce_dataset;meet_dataset;navernow_dataset;netflix_dataset;roblox_dataset;teams_dataset;tft_dataset;youtubeLive_dataset;youtube_dataset;zepeto_dataset;zoom_dataset;roblox_dataset;navernow_dataset;roblox_dataset;amazon_dataset;roblox_dataset;youtube_dataset;zoom_dataset;youtubeLive_dataset;teams_dataset;tft_dataset,HIGH,Prediction Only (lambda=1.00),1.0,0.75,80.62285951135809,28.790043466965237,26.704293170343682,17.649462315853487,88.7916292974589,0.2640174836044013,99.68909947200054,44
25,synthetic_scalability_scenario_derived_from_real_traffic,15,10,afreeca_dataset;amazon_dataset;battleground_dataset;gamebox_dataset;geforce_dataset;meet_dataset;navernow_dataset;netflix_dataset;roblox_dataset;teams_dataset;tft_dataset;youtubeLive_dataset;youtube_dataset;zepeto_dataset;zoom_dataset;roblox_dataset;navernow_dataset;roblox_dataset;amazon_dataset;roblox_dataset;youtube_dataset;zoom_dataset;youtubeLive_dataset;teams_dataset;tft_dataset,HIGH,Current Demand Only (lambda=0.00),0.0,0.75,97.3133392932088,11.269006580440708,11.532717373830492,1.2593729465461658,94.91718983557548,0.22599415753170696,97.31333929320888,44
25,synthetic_scalability_scenario_derived_from_real_traffic,15,10,afreeca_dataset;amazon_dataset;battleground_dataset;gamebox_dataset;geforce_dataset;meet_dataset;navernow_dataset;netflix_dataset;roblox_dataset;teams_dataset;tft_dataset;youtubeLive_dataset;youtube_dataset;zepeto_dataset;zoom_dataset;roblox_dataset;netflix_dataset;navernow_dataset;youtubeLive_dataset;meet_dataset;youtube_dataset;navernow_dataset;geforce_dataset;navernow_dataset;navernow_dataset,HIGH,Equal Share,,0.75,40.94533804079457,36.13589965167618,62.76974261758447,4.227410105141712,79.1611360239163,0.49080200244497796,40.94533804079467,45
25,synthetic_scalability_scenario_derived_from_real_traffic,15,10,afreeca_dataset;amazon_dataset;battleground_dataset;gamebox_dataset;geforce_dataset;meet_dataset;navernow_dataset;netflix_dataset;roblox_dataset;teams_dataset;tft_dataset;youtubeLive_dataset;youtube_dataset;zepeto_dataset;zoom_dataset;roblox_dataset;netflix_dataset;navernow_dataset;youtubeLive_dataset;meet_dataset;youtube_dataset;navernow_dataset;geforce_dataset;navernow_dataset;navernow_dataset,HIGH,Round Robin,,0.75,98.74934710163619,12.663115375082995,10.225405762618681,2.195380294637155,93.003288490284,0.33338440177000545,98.74934710163635,45
25,synthetic_scalability_scenario_derived_from_real_traffic,15,10,afreeca_dataset;amazon_dataset;battleground_dataset;gamebox_dataset;geforce_dataset;meet_dataset;navernow_dataset;netflix_dataset;roblox_dataset;teams_dataset;tft_dataset;youtubeLive_dataset;youtube_dataset;zepeto_dataset;zoom_dataset;roblox_dataset;netflix_dataset;navernow_dataset;youtubeLive_dataset;meet_dataset;youtube_dataset;navernow_dataset;geforce_dataset;navernow_dataset;navernow_dataset,HIGH,Proportional Fair,,0.75,98.31941893934498,12.734481869778165,10.616653317342056,2.8082426679125696,93.93303437967116,0.3553682705349854,98.31941893934501,45
25,synthetic_scalability_scenario_derived_from_real_traffic,15,10,afreeca_dataset;amazon_dataset;battleground_dataset;gamebox_dataset;geforce_dataset;meet_dataset;navernow_dataset;netflix_dataset;roblox_dataset;teams_dataset;tft_dataset;youtubeLive_dataset;youtube_dataset;zepeto_dataset;zoom_dataset;roblox_dataset;netflix_dataset;navernow_dataset;youtubeLive_dataset;meet_dataset;youtube_dataset;navernow_dataset;geforce_dataset;navernow_dataset;navernow_dataset,HIGH,Blended Demand (lambda=0.25),0.25,0.75,93.05123561144069,15.411020746239783,15.403600354525004,2.5376935300398356,88.60448430493274,0.366623186581905,99.86057092097023,45
25,synthetic_scalability_scenario_derived_from_real_traffic,15,10,afreeca_dataset;amazon_dataset;battleground_dataset;gamebox_dataset;geforce_dataset;meet_dataset;navernow_dataset;netflix_dataset;roblox_dataset;teams_dataset;tft_dataset;youtubeLive_dataset;youtube_dataset;zepeto_dataset;zoom_dataset;roblox_dataset;netflix_dataset;navernow_dataset;youtubeLive_dataset;meet_dataset;youtube_dataset;navernow_dataset;geforce_dataset;navernow_dataset;navernow_dataset,HIGH,Blended Demand (lambda=0.50),0.5,0.75,89.26846216900667,17.134480499767438,18.841416188198636,2.798305428119813,86.54170403587445,0.381159653509629,99.95272945127265,45
25,synthetic_scalability_scenario_derived_from_real_traffic,15,10,afreeca_dataset;amazon_dataset;battleground_dataset;gamebox_dataset;geforce_dataset;meet_dataset;navernow_dataset;netflix_dataset;roblox_dataset;teams_dataset;tft_dataset;youtubeLive_dataset;youtube_dataset;zepeto_dataset;zoom_dataset;roblox_dataset;netflix_dataset;navernow_dataset;youtubeLive_dataset;meet_dataset;youtube_dataset;navernow_dataset;geforce_dataset;navernow_dataset;navernow_dataset,HIGH,Blended Demand (lambda=0.75),0.75,0.75,85.75997473574981,19.780689787298396,22.030636118600125,4.491295379108364,84.55964125560538,0.3787384916649596,99.96088466941812,45
25,synthetic_scalability_scenario_derived_from_real_traffic,15,10,afreeca_dataset;amazon_dataset;battleground_dataset;gamebox_dataset;geforce_dataset;meet_dataset;navernow_dataset;netflix_dataset;roblox_dataset;teams_dataset;tft_dataset;youtubeLive_dataset;youtube_dataset;zepeto_dataset;zoom_dataset;roblox_dataset;netflix_dataset;navernow_dataset;youtubeLive_dataset;meet_dataset;youtube_dataset;navernow_dataset;geforce_dataset;navernow_dataset;navernow_dataset,HIGH,Prediction Only (lambda=1.00),1.0,0.75,81.10577008465687,37.70477367343227,26.262212908766582,20.597237012730698,84.87294469357249,0.36285509847948905,99.9109371846303,45
25,synthetic_scalability_scenario_derived_from_real_traffic,15,10,afreeca_dataset;amazon_dataset;battleground_dataset;gamebox_dataset;geforce_dataset;meet_dataset;navernow_dataset;netflix_dataset;roblox_dataset;teams_dataset;tft_dataset;youtubeLive_dataset;youtube_dataset;zepeto_dataset;zoom_dataset;roblox_dataset;netflix_dataset;navernow_dataset;youtubeLive_dataset;meet_dataset;youtube_dataset;navernow_dataset;geforce_dataset;navernow_dataset;navernow_dataset,HIGH,Current Demand Only (lambda=0.00),0.0,0.75,99.07911230187455,13.387104685518649,9.925591180932997,2.440736971812038,92.2846038863976,0.3375085279950647,99.07911230187445,45
25,synthetic_scalability_scenario_derived_from_real_traffic,15,10,afreeca_dataset;amazon_dataset;battleground_dataset;gamebox_dataset;geforce_dataset;meet_dataset;navernow_dataset;netflix_dataset;roblox_dataset;teams_dataset;tft_dataset;youtubeLive_dataset;youtube_dataset;zepeto_dataset;zoom_dataset;teams_dataset;battleground_dataset;youtubeLive_dataset;zepeto_dataset;gamebox_dataset;geforce_dataset;zepeto_dataset;geforce_dataset;zoom_dataset;gamebox_dataset,HIGH,Equal Share,,0.75,38.173256062062336,37.62097756929983,65.28996872213975,2.286586230818843,74.43527653213752,0.45726559726213434,38.17325606206245,46
25,synthetic_scalability_scenario_derived_from_real_traffic,15,10,afreeca_dataset;amazon_dataset;battleground_dataset;gamebox_dataset;geforce_dataset;meet_dataset;navernow_dataset;netflix_dataset;roblox_dataset;teams_dataset;tft_dataset;youtubeLive_dataset;youtube_dataset;zepeto_dataset;zoom_dataset;teams_dataset;battleground_dataset;youtubeLive_dataset;zepeto_dataset;gamebox_dataset;geforce_dataset;zepeto_dataset;geforce_dataset;zoom_dataset;gamebox_dataset,HIGH,Round Robin,,0.75,99.67722834967857,13.22778501200513,9.383420413483789,1.2515180502501937,91.37817638266068,0.33021388632913456,99.6772283496786,46
25,synthetic_scalability_scenario_derived_from_real_traffic,15,10,afreeca_dataset;amazon_dataset;battleground_dataset;gamebox_dataset;geforce_dataset;meet_dataset;navernow_dataset;netflix_dataset;roblox_dataset;teams_dataset;tft_dataset;youtubeLive_dataset;youtube_dataset;zepeto_dataset;zoom_dataset;teams_dataset;battleground_dataset;youtubeLive_dataset;zepeto_dataset;gamebox_dataset;geforce_dataset;zepeto_dataset;geforce_dataset;zoom_dataset;gamebox_dataset,HIGH,Proportional Fair,,0.75,99.66520260421953,13.134239164056925,9.39435290935557,1.4330044134742734,91.92406576980568,0.33354522867592945,99.6652026042196,46
25,synthetic_scalability_scenario_derived_from_real_traffic,15,10,afreeca_dataset;amazon_dataset;battleground_dataset;gamebox_dataset;geforce_dataset;meet_dataset;navernow_dataset;netflix_dataset;roblox_dataset;teams_dataset;tft_dataset;youtubeLive_dataset;youtube_dataset;zepeto_dataset;zoom_dataset;teams_dataset;battleground_dataset;youtubeLive_dataset;zepeto_dataset;gamebox_dataset;geforce_dataset;zepeto_dataset;geforce_dataset;zoom_dataset;gamebox_dataset,HIGH,Blended Demand (lambda=0.25),0.25,0.75,97.67856636323472,15.841457337902357,11.197879794782475,1.430949886263065,88.34379671150971,0.3428652432259577,99.85061895448825,46
25,synthetic_scalability_scenario_derived_from_real_traffic,15,10,afreeca_dataset;amazon_dataset;battleground_dataset;gamebox_dataset;geforce_dataset;meet_dataset;navernow_dataset;netflix_dataset;roblox_dataset;teams_dataset;tft_dataset;youtubeLive_dataset;youtube_dataset;zepeto_dataset;zoom_dataset;teams_dataset;battleground_dataset;youtubeLive_dataset;zepeto_dataset;gamebox_dataset;geforce_dataset;zepeto_dataset;geforce_dataset;zoom_dataset;gamebox_dataset,HIGH,Blended Demand (lambda=0.50),0.5,0.75,96.11827055693816,17.28832867568854,12.615754693858753,1.9017613606517796,86.89805680119582,0.3514814882443472,99.91728917220006,46
25,synthetic_scalability_scenario_derived_from_real_traffic,15,10,afreeca_dataset;amazon_dataset;battleground_dataset;gamebox_dataset;geforce_dataset;meet_dataset;navernow_dataset;netflix_dataset;roblox_dataset;teams_dataset;tft_dataset;youtubeLive_dataset;youtube_dataset;zepeto_dataset;zoom_dataset;teams_dataset;battleground_dataset;youtubeLive_dataset;zepeto_dataset;gamebox_dataset;geforce_dataset;zepeto_dataset;geforce_dataset;zoom_dataset;gamebox_dataset,HIGH,Blended Demand (lambda=0.75),0.75,0.75,94.84713615905262,19.37456770117303,13.77108665306305,3.6124324063454467,84.6678624813154,0.3555239554513395,99.94341493716271,46
25,synthetic_scalability_scenario_derived_from_real_traffic,15,10,afreeca_dataset;amazon_dataset;battleground_dataset;gamebox_dataset;geforce_dataset;meet_dataset;navernow_dataset;netflix_dataset;roblox_dataset;teams_dataset;tft_dataset;youtubeLive_dataset;youtube_dataset;zepeto_dataset;zoom_dataset;teams_dataset;battleground_dataset;youtubeLive_dataset;zepeto_dataset;gamebox_dataset;geforce_dataset;zepeto_dataset;geforce_dataset;zoom_dataset;gamebox_dataset,HIGH,Prediction Only (lambda=1.00),1.0,0.75,93.61939309952255,28.281244770016226,14.887252100699769,14.076006431546745,84.1136023916293,0.35662566714264987,99.94994300606112,46
25,synthetic_scalability_scenario_derived_from_real_traffic,15,10,afreeca_dataset;amazon_dataset;battleground_dataset;gamebox_dataset;geforce_dataset;meet_dataset;navernow_dataset;netflix_dataset;roblox_dataset;teams_dataset;tft_dataset;youtubeLive_dataset;youtube_dataset;zepeto_dataset;zoom_dataset;teams_dataset;battleground_dataset;youtubeLive_dataset;zepeto_dataset;gamebox_dataset;geforce_dataset;zepeto_dataset;geforce_dataset;zoom_dataset;gamebox_dataset,HIGH,Current Demand Only (lambda=0.00),0.0,0.75,99.71083564100923,14.49668920115565,9.352296953894523,1.3530279863348489,90.0101644245142,0.3313865559868594,99.71083564100933,46
25,synthetic_scalability_scenario_derived_from_real_traffic,15,10,afreeca_dataset;amazon_dataset;battleground_dataset;gamebox_dataset;geforce_dataset;meet_dataset;navernow_dataset;netflix_dataset;roblox_dataset;teams_dataset;tft_dataset;youtubeLive_dataset;youtube_dataset;zepeto_dataset;zoom_dataset;roblox_dataset;navernow_dataset;amazon_dataset;zepeto_dataset;youtube_dataset;geforce_dataset;battleground_dataset;tft_dataset;amazon_dataset;navernow_dataset,SPIKE,Equal Share,,0.75,36.71576741855372,33.031437007753844,67.08987405668435,3.633729582095511,81.03976083707025,0.457596048789884,36.71576741855357,42
25,synthetic_scalability_scenario_derived_from_real_traffic,15,10,afreeca_dataset;amazon_dataset;battleground_dataset;gamebox_dataset;geforce_dataset;meet_dataset;navernow_dataset;netflix_dataset;roblox_dataset;teams_dataset;tft_dataset;youtubeLive_dataset;youtube_dataset;zepeto_dataset;zoom_dataset;roblox_dataset;navernow_dataset;amazon_dataset;zepeto_dataset;youtube_dataset;geforce_dataset;battleground_dataset;tft_dataset;amazon_dataset;navernow_dataset,SPIKE,Round Robin,,0.75,90.23805922687791,11.878615427732994,19.127488978268257,1.097095654018128,93.08579970104634,0.2908714836690108,90.23805922687785,42
25,synthetic_scalability_scenario_derived_from_real_traffic,15,10,afreeca_dataset;amazon_dataset;battleground_dataset;gamebox_dataset;geforce_dataset;meet_dataset;navernow_dataset;netflix_dataset;roblox_dataset;teams_dataset;tft_dataset;youtubeLive_dataset;youtube_dataset;zepeto_dataset;zoom_dataset;roblox_dataset;navernow_dataset;amazon_dataset;zepeto_dataset;youtube_dataset;geforce_dataset;battleground_dataset;tft_dataset;amazon_dataset;navernow_dataset,SPIKE,Proportional Fair,,0.75,90.27789803684001,12.029777595887188,19.0924203896054,1.473362168944699,93.5814648729447,0.30821755866927675,90.27789803684,42
25,synthetic_scalability_scenario_derived_from_real_traffic,15,10,afreeca_dataset;amazon_dataset;battleground_dataset;gamebox_dataset;geforce_dataset;meet_dataset;navernow_dataset;netflix_dataset;roblox_dataset;teams_dataset;tft_dataset;youtubeLive_dataset;youtube_dataset;zepeto_dataset;zoom_dataset;roblox_dataset;navernow_dataset;amazon_dataset;zepeto_dataset;youtube_dataset;geforce_dataset;battleground_dataset;tft_dataset;amazon_dataset;navernow_dataset,SPIKE,Blended Demand (lambda=0.25),0.25,0.75,86.99518660107908,13.540198645419009,22.032547527645995,1.5775272637119213,92.1034379671151,0.31457274603047264,92.839962651785,42
25,synthetic_scalability_scenario_derived_from_real_traffic,15,10,afreeca_dataset;amazon_dataset;battleground_dataset;gamebox_dataset;geforce_dataset;meet_dataset;navernow_dataset;netflix_dataset;roblox_dataset;teams_dataset;tft_dataset;youtubeLive_dataset;youtube_dataset;zepeto_dataset;zoom_dataset;roblox_dataset;navernow_dataset;amazon_dataset;zepeto_dataset;youtube_dataset;geforce_dataset;battleground_dataset;tft_dataset;amazon_dataset;navernow_dataset,SPIKE,Blended Demand (lambda=0.50),0.5,0.75,84.74177309476411,15.27518385659455,24.051679344207667,2.419580603938919,91.0457399103139,0.32766426802136356,94.84462538876092,42
25,synthetic_scalability_scenario_derived_from_real_traffic,15,10,afreeca_dataset;amazon_dataset;battleground_dataset;gamebox_dataset;geforce_dataset;meet_dataset;navernow_dataset;netflix_dataset;roblox_dataset;teams_dataset;tft_dataset;youtubeLive_dataset;youtube_dataset;zepeto_dataset;zoom_dataset;roblox_dataset;navernow_dataset;amazon_dataset;zepeto_dataset;youtube_dataset;geforce_dataset;battleground_dataset;tft_dataset;amazon_dataset;navernow_dataset,SPIKE,Blended Demand (lambda=0.75),0.75,0.75,81.74620197044932,18.36003790353232,26.735967546866277,4.62552983481173,88.0914798206278,0.33269072015647405,95.62659040154335,42
25,synthetic_scalability_scenario_derived_from_real_traffic,15,10,afreeca_dataset;amazon_dataset;battleground_dataset;gamebox_dataset;geforce_dataset;meet_dataset;navernow_dataset;netflix_dataset;roblox_dataset;teams_dataset;tft_dataset;youtubeLive_dataset;youtube_dataset;zepeto_dataset;zoom_dataset;roblox_dataset;navernow_dataset;amazon_dataset;zepeto_dataset;youtube_dataset;geforce_dataset;battleground_dataset;tft_dataset;amazon_dataset;navernow_dataset,SPIKE,Prediction Only (lambda=1.00),1.0,0.75,78.04998772106482,34.020873559415584,30.048094018618908,18.72085820426806,86.54110612855007,0.32630839078190016,95.81782422973724,42
25,synthetic_scalability_scenario_derived_from_real_traffic,15,10,afreeca_dataset;amazon_dataset;battleground_dataset;gamebox_dataset;geforce_dataset;meet_dataset;navernow_dataset;netflix_dataset;roblox_dataset;teams_dataset;tft_dataset;youtubeLive_dataset;youtube_dataset;zepeto_dataset;zoom_dataset;roblox_dataset;navernow_dataset;amazon_dataset;zepeto_dataset;youtube_dataset;geforce_dataset;battleground_dataset;tft_dataset;amazon_dataset;navernow_dataset,SPIKE,Current Demand Only (lambda=0.00),0.0,0.75,90.31184698054024,12.267050457940854,19.061250377688552,1.2281863105202742,92.71748878923766,0.292544920498617,90.31184698054021,42
25,synthetic_scalability_scenario_derived_from_real_traffic,15,10,afreeca_dataset;amazon_dataset;battleground_dataset;gamebox_dataset;geforce_dataset;meet_dataset;navernow_dataset;netflix_dataset;roblox_dataset;teams_dataset;tft_dataset;youtubeLive_dataset;youtube_dataset;zepeto_dataset;zoom_dataset;zepeto_dataset;navernow_dataset;navernow_dataset;roblox_dataset;afreeca_dataset;meet_dataset;netflix_dataset;youtube_dataset;zoom_dataset;tft_dataset,SPIKE,Equal Share,,0.75,34.99830882780978,32.80101685193838,68.63520172655471,3.7926349045429197,81.07324364723468,0.42107538729544114,34.99830882780991,43
25,synthetic_scalability_scenario_derived_from_real_traffic,15,10,afreeca_dataset;amazon_dataset;battleground_dataset;gamebox_dataset;geforce_dataset;meet_dataset;navernow_dataset;netflix_dataset;roblox_dataset;teams_dataset;tft_dataset;youtubeLive_dataset;youtube_dataset;zepeto_dataset;zoom_dataset;zepeto_dataset;navernow_dataset;navernow_dataset;roblox_dataset;afreeca_dataset;meet_dataset;netflix_dataset;youtube_dataset;zoom_dataset;tft_dataset,SPIKE,Round Robin,,0.75,89.72033506393393,11.340387344808141,19.608002261189025,1.1436222899111248,94.54170403587445,0.2652330773343474,89.72033506393393,43
25,synthetic_scalability_scenario_derived_from_real_traffic,15,10,afreeca_dataset;amazon_dataset;battleground_dataset;gamebox_dataset;geforce_dataset;meet_dataset;navernow_dataset;netflix_dataset;roblox_dataset;teams_dataset;tft_dataset;youtubeLive_dataset;youtube_dataset;zepeto_dataset;zoom_dataset;zepeto_dataset;navernow_dataset;navernow_dataset;roblox_dataset;afreeca_dataset;meet_dataset;netflix_dataset;youtube_dataset;zoom_dataset;tft_dataset,SPIKE,Proportional Fair,,0.75,89.60654775439063,11.66521694940973,19.71101382057657,1.7602941814034576,94.80298953662182,0.2885160692464997,89.60654775439062,43
25,synthetic_scalability_scenario_derived_from_real_traffic,15,10,afreeca_dataset;amazon_dataset;battleground_dataset;gamebox_dataset;geforce_dataset;meet_dataset;navernow_dataset;netflix_dataset;roblox_dataset;teams_dataset;tft_dataset;youtubeLive_dataset;youtube_dataset;zepeto_dataset;zoom_dataset;zepeto_dataset;navernow_dataset;navernow_dataset;roblox_dataset;afreeca_dataset;meet_dataset;netflix_dataset;youtube_dataset;zoom_dataset;tft_dataset,SPIKE,Blended Demand (lambda=0.25),0.25,0.75,86.2847942865258,12.632194011323232,22.68576872961381,1.5720452465798431,93.61733931240657,0.28808819031057725,92.65782085122017,43
25,synthetic_scalability_scenario_derived_from_real_traffic,15,10,afreeca_dataset;amazon_dataset;battleground_dataset;gamebox_dataset;geforce_dataset;meet_dataset;navernow_dataset;netflix_dataset;roblox_dataset;teams_dataset;tft_dataset;youtubeLive_dataset;youtube_dataset;zepeto_dataset;zoom_dataset;zepeto_dataset;navernow_dataset;navernow_dataset;roblox_dataset;afreeca_dataset;meet_dataset;netflix_dataset;youtube_dataset;zoom_dataset;tft_dataset,SPIKE,Blended Demand (lambda=0.50),0.5,0.75,83.48601090016442,13.761440487140344,25.19345196016437,2.1356072252521323,92.40179372197309,0.29827293436603636,94.42909917463761,43
25,synthetic_scalability_scenario_derived_from_real_traffic,15,10,afreeca_dataset;amazon_dataset;battleground_dataset;gamebox_dataset;geforce_dataset;meet_dataset;navernow_dataset;netflix_dataset;roblox_dataset;teams_dataset;tft_dataset;youtubeLive_dataset;youtube_dataset;zepeto_dataset;zoom_dataset;zepeto_dataset;navernow_dataset;navernow_dataset;roblox_dataset;afreeca_dataset;meet_dataset;netflix_dataset;youtube_dataset;zoom_dataset;tft_dataset,SPIKE,Blended Demand (lambda=0.75),0.75,0.75,79.83272370175541,15.708512638873035,28.46662215295991,3.7461154552825398,90.76233183856502,0.30213181725126254,94.86862009225388,43
25,synthetic_scalability_scenario_derived_from_real_traffic,15,10,afreeca_dataset;amazon_dataset;battleground_dataset;gamebox_dataset;geforce_dataset;meet_dataset;navernow_dataset;netflix_dataset;roblox_dataset;teams_dataset;tft_dataset;youtubeLive_dataset;youtube_dataset;zepeto_dataset;zoom_dataset;zepeto_dataset;navernow_dataset;navernow_dataset;roblox_dataset;afreeca_dataset;meet_dataset;netflix_dataset;youtube_dataset;zoom_dataset;tft_dataset,SPIKE,Prediction Only (lambda=1.00),1.0,0.75,75.23644166847888,26.576709116997062,32.584643343164984,15.469869201286768,90.0,0.29376164555783296,94.54358147444097,43
25,synthetic_scalability_scenario_derived_from_real_traffic,15,10,afreeca_dataset;amazon_dataset;battleground_dataset;gamebox_dataset;geforce_dataset;meet_dataset;navernow_dataset;netflix_dataset;roblox_dataset;teams_dataset;tft_dataset;youtubeLive_dataset;youtube_dataset;zepeto_dataset;zoom_dataset;zepeto_dataset;navernow_dataset;navernow_dataset;roblox_dataset;afreeca_dataset;meet_dataset;netflix_dataset;youtube_dataset;zoom_dataset;tft_dataset,SPIKE,Current Demand Only (lambda=0.00),0.0,0.75,89.85398447473858,11.691114200101817,19.487723774902534,1.332809527279212,94.24334828101644,0.26734093327963127,89.85398447473867,43
25,synthetic_scalability_scenario_derived_from_real_traffic,15,10,afreeca_dataset;amazon_dataset;battleground_dataset;gamebox_dataset;geforce_dataset;meet_dataset;navernow_dataset;netflix_dataset;roblox_dataset;teams_dataset;tft_dataset;youtubeLive_dataset;youtube_dataset;zepeto_dataset;zoom_dataset;roblox_dataset;navernow_dataset;roblox_dataset;amazon_dataset;roblox_dataset;youtube_dataset;zoom_dataset;youtubeLive_dataset;teams_dataset;tft_dataset,SPIKE,Equal Share,,0.75,34.60010595681377,29.272720960824913,69.07148344375655,3.466650949387594,84.34618834080717,0.4505990614126325,34.60010595681394,44
25,synthetic_scalability_scenario_derived_from_real_traffic,15,10,afreeca_dataset;amazon_dataset;battleground_dataset;gamebox_dataset;geforce_dataset;meet_dataset;navernow_dataset;netflix_dataset;roblox_dataset;teams_dataset;tft_dataset;youtubeLive_dataset;youtube_dataset;zepeto_dataset;zoom_dataset;roblox_dataset;navernow_dataset;roblox_dataset;amazon_dataset;roblox_dataset;youtube_dataset;zoom_dataset;youtubeLive_dataset;teams_dataset;tft_dataset,SPIKE,Round Robin,,0.75,89.61456158283463,11.092212493369585,19.906305832625016,0.8467596684798789,95.08520179372198,0.23869203572226924,89.61456158283467,44
25,synthetic_scalability_scenario_derived_from_real_traffic,15,10,afreeca_dataset;amazon_dataset;battleground_dataset;gamebox_dataset;geforce_dataset;meet_dataset;navernow_dataset;netflix_dataset;roblox_dataset;teams_dataset;tft_dataset;youtubeLive_dataset;youtube_dataset;zepeto_dataset;zoom_dataset;roblox_dataset;navernow_dataset;roblox_dataset;amazon_dataset;roblox_dataset;youtube_dataset;zoom_dataset;youtubeLive_dataset;teams_dataset;tft_dataset,SPIKE,Proportional Fair,,0.75,89.54690909961869,11.375708472323073,19.96676994583144,1.4186357091026296,95.36322869955157,0.2572617374600536,89.54690909961876,44
25,synthetic_scalability_scenario_derived_from_real_traffic,15,10,afreeca_dataset;amazon_dataset;battleground_dataset;gamebox_dataset;geforce_dataset;meet_dataset;navernow_dataset;netflix_dataset;roblox_dataset;teams_dataset;tft_dataset;youtubeLive_dataset;youtube_dataset;zepeto_dataset;zoom_dataset;roblox_dataset;navernow_dataset;roblox_dataset;amazon_dataset;roblox_dataset;youtube_dataset;zoom_dataset;youtubeLive_dataset;teams_dataset;tft_dataset,SPIKE,Blended Demand (lambda=0.25),0.25,0.75,85.9207509376254,12.372463044399394,23.206483433120052,1.3492129804174557,94.28041853512705,0.2631298122662412,92.27318448380217,44
25,synthetic_scalability_scenario_derived_from_real_traffic,15,10,afreeca_dataset;amazon_dataset;battleground_dataset;gamebox_dataset;geforce_dataset;meet_dataset;navernow_dataset;netflix_dataset;roblox_dataset;teams_dataset;tft_dataset;youtubeLive_dataset;youtube_dataset;zepeto_dataset;zoom_dataset;roblox_dataset;navernow_dataset;roblox_dataset;amazon_dataset;roblox_dataset;youtube_dataset;zoom_dataset;youtubeLive_dataset;teams_dataset;tft_dataset,SPIKE,Blended Demand (lambda=0.50),0.5,0.75,82.99733372805267,13.783465135101139,25.819217336581847,2.193169627441484,93.2424514200299,0.27590118990865004,93.93002744056345,44
25,synthetic_scalability_scenario_derived_from_real_traffic,15,10,afreeca_dataset;amazon_dataset;battleground_dataset;gamebox_dataset;geforce_dataset;meet_dataset;navernow_dataset;netflix_dataset;roblox_dataset;teams_dataset;tft_dataset;youtubeLive_dataset;youtube_dataset;zepeto_dataset;zoom_dataset;roblox_dataset;navernow_dataset;roblox_dataset;amazon_dataset;roblox_dataset;youtube_dataset;zoom_dataset;youtubeLive_dataset;teams_dataset;tft_dataset,SPIKE,Blended Demand (lambda=0.75),0.75,0.75,79.8170502899541,16.304349419931388,28.661502541746405,4.4163466498301025,90.8322869955157,0.2812332658766879,94.7162025205419,44
25,synthetic_scalability_scenario_derived_from_real_traffic,15,10,afreeca_dataset;amazon_dataset;battleground_dataset;gamebox_dataset;geforce_dataset;meet_dataset;navernow_dataset;netflix_dataset;roblox_dataset;teams_dataset;tft_dataset;youtubeLive_dataset;youtube_dataset;zepeto_dataset;zoom_dataset;roblox_dataset;navernow_dataset;roblox_dataset;amazon_dataset;roblox_dataset;youtube_dataset;zoom_dataset;youtubeLive_dataset;teams_dataset;tft_dataset,SPIKE,Prediction Only (lambda=1.00),1.0,0.75,75.95670002707388,28.396105703276007,32.11168429265909,17.432055414149904,89.62331838565022,0.27555416574398306,94.86182281247011,44
25,synthetic_scalability_scenario_derived_from_real_traffic,15,10,afreeca_dataset;amazon_dataset;battleground_dataset;gamebox_dataset;geforce_dataset;meet_dataset;navernow_dataset;netflix_dataset;roblox_dataset;teams_dataset;tft_dataset;youtubeLive_dataset;youtube_dataset;zepeto_dataset;zoom_dataset;roblox_dataset;navernow_dataset;roblox_dataset;amazon_dataset;roblox_dataset;youtube_dataset;zoom_dataset;youtubeLive_dataset;teams_dataset;tft_dataset,SPIKE,Current Demand Only (lambda=0.00),0.0,0.75,89.682370182481,11.302585746605084,19.84487248021433,0.9664667170577447,94.84424514200299,0.24030581942458604,89.68237018248111,44
25,synthetic_scalability_scenario_derived_from_real_traffic,15,10,afreeca_dataset;amazon_dataset;battleground_dataset;gamebox_dataset;geforce_dataset;meet_dataset;navernow_dataset;netflix_dataset;roblox_dataset;teams_dataset;tft_dataset;youtubeLive_dataset;youtube_dataset;zepeto_dataset;zoom_dataset;roblox_dataset;netflix_dataset;navernow_dataset;youtubeLive_dataset;meet_dataset;youtube_dataset;navernow_dataset;geforce_dataset;navernow_dataset;navernow_dataset,SPIKE,Equal Share,,0.75,40.67621017390924,35.677688397254386,63.64671839570253,4.228411337455506,79.37578475336323,0.4918523815538384,40.6762101739092,45
25,synthetic_scalability_scenario_derived_from_real_traffic,15,10,afreeca_dataset;amazon_dataset;battleground_dataset;gamebox_dataset;geforce_dataset;meet_dataset;navernow_dataset;netflix_dataset;roblox_dataset;teams_dataset;tft_dataset;youtubeLive_dataset;youtube_dataset;zepeto_dataset;zoom_dataset;roblox_dataset;netflix_dataset;navernow_dataset;youtubeLive_dataset;meet_dataset;youtube_dataset;navernow_dataset;geforce_dataset;navernow_dataset;navernow_dataset,SPIKE,Round Robin,,0.75,89.86384069766511,12.493217445500653,19.698804251605868,1.4795688403153722,92.04125560538117,0.3484010639636814,89.86384069766504,45
25,synthetic_scalability_scenario_derived_from_real_traffic,15,10,afreeca_dataset;amazon_dataset;battleground_dataset;gamebox_dataset;geforce_dataset;meet_dataset;navernow_dataset;netflix_dataset;roblox_dataset;teams_dataset;tft_dataset;youtubeLive_dataset;youtube_dataset;zepeto_dataset;zoom_dataset;roblox_dataset;netflix_dataset;navernow_dataset;youtubeLive_dataset;meet_dataset;youtube_dataset;navernow_dataset;geforce_dataset;navernow_dataset;navernow_dataset,SPIKE,Proportional Fair,,0.75,89.925567155757,12.693757902747517,19.646363996490923,1.9361839144689954,92.71150971599403,0.37260255917740137,89.925567155757,45
25,synthetic_scalability_scenario_derived_from_real_traffic,15,10,afreeca_dataset;amazon_dataset;battleground_dataset;gamebox_dataset;geforce_dataset;meet_dataset;navernow_dataset;netflix_dataset;roblox_dataset;teams_dataset;tft_dataset;youtubeLive_dataset;youtube_dataset;zepeto_dataset;zoom_dataset;roblox_dataset;netflix_dataset;navernow_dataset;youtubeLive_dataset;meet_dataset;youtube_dataset;navernow_dataset;geforce_dataset;navernow_dataset;navernow_dataset,SPIKE,Blended Demand (lambda=0.25),0.25,0.75,86.49669327418066,14.617568620889724,22.707040806988758,1.9963961134282837,90.95964125560538,0.3740037860405385,93.00378259109853,45
25,synthetic_scalability_scenario_derived_from_real_traffic,15,10,afreeca_dataset;amazon_dataset;battleground_dataset;gamebox_dataset;geforce_dataset;meet_dataset;navernow_dataset;netflix_dataset;roblox_dataset;teams_dataset;tft_dataset;youtubeLive_dataset;youtube_dataset;zepeto_dataset;zoom_dataset;roblox_dataset;netflix_dataset;navernow_dataset;youtubeLive_dataset;meet_dataset;youtube_dataset;navernow_dataset;geforce_dataset;navernow_dataset;navernow_dataset,SPIKE,Blended Demand (lambda=0.50),0.5,0.75,84.38875898686412,16.332329574006735,24.590432793547297,2.762859051372464,90.01434977578475,0.3870604934799137,95.49546054621956,45
25,synthetic_scalability_scenario_derived_from_real_traffic,15,10,afreeca_dataset;amazon_dataset;battleground_dataset;gamebox_dataset;geforce_dataset;meet_dataset;navernow_dataset;netflix_dataset;roblox_dataset;teams_dataset;tft_dataset;youtubeLive_dataset;youtube_dataset;zepeto_dataset;zoom_dataset;roblox_dataset;netflix_dataset;navernow_dataset;youtubeLive_dataset;meet_dataset;youtube_dataset;navernow_dataset;geforce_dataset;navernow_dataset;navernow_dataset,SPIKE,Blended Demand (lambda=0.75),0.75,0.75,80.85204438340753,19.323805748462032,27.750504424542655,4.748375310471554,86.60149476831091,0.39149531679948407,96.17696983493911,45
25,synthetic_scalability_scenario_derived_from_real_traffic,15,10,afreeca_dataset;amazon_dataset;battleground_dataset;gamebox_dataset;geforce_dataset;meet_dataset;navernow_dataset;netflix_dataset;roblox_dataset;teams_dataset;tft_dataset;youtubeLive_dataset;youtube_dataset;zepeto_dataset;zoom_dataset;roblox_dataset;netflix_dataset;navernow_dataset;youtubeLive_dataset;meet_dataset;youtube_dataset;navernow_dataset;geforce_dataset;navernow_dataset;navernow_dataset,SPIKE,Prediction Only (lambda=1.00),1.0,0.75,75.98142281743831,37.53212714622009,32.10227272801429,20.72784175286454,85.57369207772796,0.380940465960332,96.01900607867539,45
25,synthetic_scalability_scenario_derived_from_real_traffic,15,10,afreeca_dataset;amazon_dataset;battleground_dataset;gamebox_dataset;geforce_dataset;meet_dataset;navernow_dataset;netflix_dataset;roblox_dataset;teams_dataset;tft_dataset;youtubeLive_dataset;youtube_dataset;zepeto_dataset;zoom_dataset;roblox_dataset;netflix_dataset;navernow_dataset;youtubeLive_dataset;meet_dataset;youtube_dataset;navernow_dataset;geforce_dataset;navernow_dataset;navernow_dataset,SPIKE,Current Demand Only (lambda=0.00),0.0,0.75,89.96169032982591,13.261191205901216,19.611279220461416,1.6958782172368985,91.59880418535127,0.350454409226029,89.96169032982588,45
25,synthetic_scalability_scenario_derived_from_real_traffic,15,10,afreeca_dataset;amazon_dataset;battleground_dataset;gamebox_dataset;geforce_dataset;meet_dataset;navernow_dataset;netflix_dataset;roblox_dataset;teams_dataset;tft_dataset;youtubeLive_dataset;youtube_dataset;zepeto_dataset;zoom_dataset;teams_dataset;battleground_dataset;youtubeLive_dataset;zepeto_dataset;gamebox_dataset;geforce_dataset;zepeto_dataset;geforce_dataset;zoom_dataset;gamebox_dataset,SPIKE,Equal Share,,0.75,38.08400750987192,38.16188401644349,65.98660735293241,2.29787773748989,73.57428998505232,0.45925871566657833,38.084007509871896,46
25,synthetic_scalability_scenario_derived_from_real_traffic,15,10,afreeca_dataset;amazon_dataset;battleground_dataset;gamebox_dataset;geforce_dataset;meet_dataset;navernow_dataset;netflix_dataset;roblox_dataset;teams_dataset;tft_dataset;youtubeLive_dataset;youtube_dataset;zepeto_dataset;zoom_dataset;teams_dataset;battleground_dataset;youtubeLive_dataset;zepeto_dataset;gamebox_dataset;geforce_dataset;zepeto_dataset;geforce_dataset;zoom_dataset;gamebox_dataset,SPIKE,Round Robin,,0.75,89.98863227040523,13.764988100498648,19.64162747911554,0.7847370674642005,88.44125560538117,0.34089969511899804,89.9886322704053,46
25,synthetic_scalability_scenario_derived_from_real_traffic,15,10,afreeca_dataset;amazon_dataset;battleground_dataset;gamebox_dataset;geforce_dataset;meet_dataset;navernow_dataset;netflix_dataset;roblox_dataset;teams_dataset;tft_dataset;youtubeLive_dataset;youtube_dataset;zepeto_dataset;zoom_dataset;teams_dataset;battleground_dataset;youtubeLive_dataset;zepeto_dataset;gamebox_dataset;geforce_dataset;zepeto_dataset;geforce_dataset;zoom_dataset;gamebox_dataset,SPIKE,Proportional Fair,,0.75,89.99365302124679,13.771449035319856,19.637147370228906,0.9541717063627182,88.83348281016443,0.345733808153336,89.99365302124687,46
25,synthetic_scalability_scenario_derived_from_real_traffic,15,10,afreeca_dataset;amazon_dataset;battleground_dataset;gamebox_dataset;geforce_dataset;meet_dataset;navernow_dataset;netflix_dataset;roblox_dataset;teams_dataset;tft_dataset;youtubeLive_dataset;youtube_dataset;zepeto_dataset;zoom_dataset;teams_dataset;battleground_dataset;youtubeLive_dataset;zepeto_dataset;gamebox_dataset;geforce_dataset;zepeto_dataset;geforce_dataset;zoom_dataset;gamebox_dataset,SPIKE,Blended Demand (lambda=0.25),0.25,0.75,88.76523287948183,14.761969020776535,20.73359863378842,1.0769639752578384,87.87025411061286,0.3512831553417407,90.9893544591696,46
25,synthetic_scalability_scenario_derived_from_real_traffic,15,10,afreeca_dataset;amazon_dataset;battleground_dataset;gamebox_dataset;geforce_dataset;meet_dataset;navernow_dataset;netflix_dataset;roblox_dataset;teams_dataset;tft_dataset;youtubeLive_dataset;youtube_dataset;zepeto_dataset;zoom_dataset;teams_dataset;battleground_dataset;youtubeLive_dataset;zepeto_dataset;gamebox_dataset;geforce_dataset;zepeto_dataset;geforce_dataset;zoom_dataset;gamebox_dataset,SPIKE,Blended Demand (lambda=0.50),0.5,0.75,87.90158935297809,15.850777477856637,21.5046231199089,1.8052675293774612,87.68011958146488,0.3590546440459927,91.92141303248962,46
25,synthetic_scalability_scenario_derived_from_real_traffic,15,10,afreeca_dataset;amazon_dataset;battleground_dataset;gamebox_dataset;geforce_dataset;meet_dataset;navernow_dataset;netflix_dataset;roblox_dataset;teams_dataset;tft_dataset;youtubeLive_dataset;youtube_dataset;zepeto_dataset;zoom_dataset;teams_dataset;battleground_dataset;youtubeLive_dataset;zepeto_dataset;gamebox_dataset;geforce_dataset;zepeto_dataset;geforce_dataset;zoom_dataset;gamebox_dataset,SPIKE,Blended Demand (lambda=0.75),0.75,0.75,87.00024158149161,17.883575054056074,22.309306593786996,3.686006709148041,85.61614349775785,0.36407749082182245,92.65073560806155,46
25,synthetic_scalability_scenario_derived_from_real_traffic,15,10,afreeca_dataset;amazon_dataset;battleground_dataset;gamebox_dataset;geforce_dataset;meet_dataset;navernow_dataset;netflix_dataset;roblox_dataset;teams_dataset;tft_dataset;youtubeLive_dataset;youtube_dataset;zepeto_dataset;zoom_dataset;teams_dataset;battleground_dataset;youtubeLive_dataset;zepeto_dataset;gamebox_dataset;geforce_dataset;zepeto_dataset;geforce_dataset;zoom_dataset;gamebox_dataset,SPIKE,Prediction Only (lambda=1.00),1.0,0.75,85.95259388154759,26.798681606444497,23.24463949189282,14.202271833351231,84.74499252615844,0.3655132188655883,93.19601651266306,46
25,synthetic_scalability_scenario_derived_from_real_traffic,15,10,afreeca_dataset;amazon_dataset;battleground_dataset;gamebox_dataset;geforce_dataset;meet_dataset;navernow_dataset;netflix_dataset;roblox_dataset;teams_dataset;tft_dataset;youtubeLive_dataset;youtube_dataset;zepeto_dataset;zoom_dataset;teams_dataset;battleground_dataset;youtubeLive_dataset;zepeto_dataset;gamebox_dataset;geforce_dataset;zepeto_dataset;geforce_dataset;zoom_dataset;gamebox_dataset,SPIKE,Current Demand Only (lambda=0.00),0.0,0.75,89.99246419316515,13.99439826147243,19.637924101776047,0.7607990811476786,88.10463378176382,0.3410070762501067,89.99246419316522,46
50,synthetic_scalability_scenario_derived_from_real_traffic,15,35,afreeca_dataset;amazon_dataset;battleground_dataset;gamebox_dataset;geforce_dataset;meet_dataset;navernow_dataset;netflix_dataset;roblox_dataset;teams_dataset;tft_dataset;youtubeLive_dataset;youtube_dataset;zepeto_dataset;zoom_dataset;roblox_dataset;navernow_dataset;amazon_dataset;zepeto_dataset;youtube_dataset;geforce_dataset;battleground_dataset;tft_dataset;amazon_dataset;navernow_dataset;tft_dataset;youtubeLive_dataset;meet_dataset;netflix_dataset;roblox_dataset;youtubeLive_dataset;zepeto_dataset;meet_dataset;navernow_dataset;zepeto_dataset;amazon_dataset;youtubeLive_dataset;navernow_dataset;tft_dataset;geforce_dataset;roblox_dataset;zoom_dataset;battleground_dataset;teams_dataset;amazon_dataset;youtubeLive_dataset;navernow_dataset;youtube_dataset;zepeto_dataset;gamebox_dataset,LOW,Equal Share,,0.75,27.058992223158526,25.684929770916973,39.859781792667306,2.182970826028858,87.03497757847533,0.35817892538431106,27.05899222315861,42
50,synthetic_scalability_scenario_derived_from_real_traffic,15,35,afreeca_dataset;amazon_dataset;battleground_dataset;gamebox_dataset;geforce_dataset;meet_dataset;navernow_dataset;netflix_dataset;roblox_dataset;teams_dataset;tft_dataset;youtubeLive_dataset;youtube_dataset;zepeto_dataset;zoom_dataset;roblox_dataset;navernow_dataset;amazon_dataset;zepeto_dataset;youtube_dataset;geforce_dataset;battleground_dataset;tft_dataset;amazon_dataset;navernow_dataset;tft_dataset;youtubeLive_dataset;meet_dataset;netflix_dataset;roblox_dataset;youtubeLive_dataset;zepeto_dataset;meet_dataset;navernow_dataset;zepeto_dataset;amazon_dataset;youtubeLive_dataset;navernow_dataset;tft_dataset;geforce_dataset;roblox_dataset;zoom_dataset;battleground_dataset;teams_dataset;amazon_dataset;youtubeLive_dataset;navernow_dataset;youtube_dataset;zepeto_dataset;gamebox_dataset,LOW,Round Robin,,0.75,44.99999999999987,10.0,0.0,0.0,100.0,0.2510806440825571,45.0,42
50,synthetic_scalability_scenario_derived_from_real_traffic,15,35,afreeca_dataset;amazon_dataset;battleground_dataset;gamebox_dataset;geforce_dataset;meet_dataset;navernow_dataset;netflix_dataset;roblox_dataset;teams_dataset;tft_dataset;youtubeLive_dataset;youtube_dataset;zepeto_dataset;zoom_dataset;roblox_dataset;navernow_dataset;amazon_dataset;zepeto_dataset;youtube_dataset;geforce_dataset;battleground_dataset;tft_dataset;amazon_dataset;navernow_dataset;tft_dataset;youtubeLive_dataset;meet_dataset;netflix_dataset;roblox_dataset;youtubeLive_dataset;zepeto_dataset;meet_dataset;navernow_dataset;zepeto_dataset;amazon_dataset;youtubeLive_dataset;navernow_dataset;tft_dataset;geforce_dataset;roblox_dataset;zoom_dataset;battleground_dataset;teams_dataset;amazon_dataset;youtubeLive_dataset;navernow_dataset;youtube_dataset;zepeto_dataset;gamebox_dataset,LOW,Proportional Fair,,0.75,44.99999999999987,10.0,0.0,0.0,100.0,0.2510806440825571,45.0,42
50,synthetic_scalability_scenario_derived_from_real_traffic,15,35,afreeca_dataset;amazon_dataset;battleground_dataset;gamebox_dataset;geforce_dataset;meet_dataset;navernow_dataset;netflix_dataset;roblox_dataset;teams_dataset;tft_dataset;youtubeLive_dataset;youtube_dataset;zepeto_dataset;zoom_dataset;roblox_dataset;navernow_dataset;amazon_dataset;zepeto_dataset;youtube_dataset;geforce_dataset;battleground_dataset;tft_dataset;amazon_dataset;navernow_dataset;tft_dataset;youtubeLive_dataset;meet_dataset;netflix_dataset;roblox_dataset;youtubeLive_dataset;zepeto_dataset;meet_dataset;navernow_dataset;zepeto_dataset;amazon_dataset;youtubeLive_dataset;navernow_dataset;tft_dataset;geforce_dataset;roblox_dataset;zoom_dataset;battleground_dataset;teams_dataset;amazon_dataset;youtubeLive_dataset;navernow_dataset;youtube_dataset;zepeto_dataset;gamebox_dataset,LOW,Blended Demand (lambda=0.25),0.25,0.75,44.9984755953566,11.37153338760391,0.002259861962338867,0.6389902824412823,99.99701046337817,0.26987004562647365,48.58011050171782,42
50,synthetic_scalability_scenario_derived_from_real_traffic,15,35,afreeca_dataset;amazon_dataset;battleground_dataset;gamebox_dataset;geforce_dataset;meet_dataset;navernow_dataset;netflix_dataset;roblox_dataset;teams_dataset;tft_dataset;youtubeLive_dataset;youtube_dataset;zepeto_dataset;zoom_dataset;roblox_dataset;navernow_dataset;amazon_dataset;zepeto_dataset;youtube_dataset;geforce_dataset;battleground_dataset;tft_dataset;amazon_dataset;navernow_dataset;tft_dataset;youtubeLive_dataset;meet_dataset;netflix_dataset;roblox_dataset;youtubeLive_dataset;zepeto_dataset;meet_dataset;navernow_dataset;zepeto_dataset;amazon_dataset;youtubeLive_dataset;navernow_dataset;tft_dataset;geforce_dataset;roblox_dataset;zoom_dataset;battleground_dataset;teams_dataset;amazon_dataset;youtubeLive_dataset;navernow_dataset;youtube_dataset;zepeto_dataset;gamebox_dataset,LOW,Blended Demand (lambda=0.50),0.5,0.75,44.726197961292264,13.593301064583246,0.6061935670818333,1.7708586062102876,99.61106128550075,0.2849590650543873,51.88946777401492,42
50,synthetic_scalability_scenario_derived_from_real_traffic,15,35,afreeca_dataset;amazon_dataset;battleground_dataset;gamebox_dataset;geforce_dataset;meet_dataset;navernow_dataset;netflix_dataset;roblox_dataset;teams_dataset;tft_dataset;youtubeLive_dataset;youtube_dataset;zepeto_dataset;zoom_dataset;roblox_dataset;navernow_dataset;amazon_dataset;zepeto_dataset;youtube_dataset;geforce_dataset;battleground_dataset;tft_dataset;amazon_dataset;navernow_dataset;tft_dataset;youtubeLive_dataset;meet_dataset;netflix_dataset;roblox_dataset;youtubeLive_dataset;zepeto_dataset;meet_dataset;navernow_dataset;zepeto_dataset;amazon_dataset;youtubeLive_dataset;navernow_dataset;tft_dataset;geforce_dataset;roblox_dataset;zoom_dataset;battleground_dataset;teams_dataset;amazon_dataset;youtubeLive_dataset;navernow_dataset;youtube_dataset;zepeto_dataset;gamebox_dataset,LOW,Blended Demand (lambda=0.75),0.75,0.75,43.688363674265325,18.101556046525737,2.9113642787852356,4.29539481872862,94.73692077727952,0.29624405354688876,54.433268393349266,42
50,synthetic_scalability_scenario_derived_from_real_traffic,15,35,afreeca_dataset;amazon_dataset;battleground_dataset;gamebox_dataset;geforce_dataset;meet_dataset;navernow_dataset;netflix_dataset;roblox_dataset;teams_dataset;tft_dataset;youtubeLive_dataset;youtube_dataset;zepeto_dataset;zoom_dataset;roblox_dataset;navernow_dataset;amazon_dataset;zepeto_dataset;youtube_dataset;geforce_dataset;battleground_dataset;tft_dataset;amazon_dataset;navernow_dataset;tft_dataset;youtubeLive_dataset;meet_dataset;netflix_dataset;roblox_dataset;youtubeLive_dataset;zepeto_dataset;meet_dataset;navernow_dataset;zepeto_dataset;amazon_dataset;youtubeLive_dataset;navernow_dataset;tft_dataset;geforce_dataset;roblox_dataset;zoom_dataset;battleground_dataset;teams_dataset;amazon_dataset;youtubeLive_dataset;navernow_dataset;youtube_dataset;zepeto_dataset;gamebox_dataset,LOW,Prediction Only (lambda=1.00),1.0,0.75,41.566796244571215,37.82376144161019,7.6248308630828365,16.854135184303054,92.5168908819133,0.3046011089389159,55.89333587001622,42
50,synthetic_scalability_scenario_derived_from_real_traffic,15,35,afreeca_dataset;amazon_dataset;battleground_dataset;gamebox_dataset;geforce_dataset;meet_dataset;navernow_dataset;netflix_dataset;roblox_dataset;teams_dataset;tft_dataset;youtubeLive_dataset;youtube_dataset;zepeto_dataset;zoom_dataset;roblox_dataset;navernow_dataset;amazon_dataset;zepeto_dataset;youtube_dataset;geforce_dataset;battleground_dataset;tft_dataset;amazon_dataset;navernow_dataset;tft_dataset;youtubeLive_dataset;meet_dataset;netflix_dataset;roblox_dataset;youtubeLive_dataset;zepeto_dataset;meet_dataset;navernow_dataset;zepeto_dataset;amazon_dataset;youtubeLive_dataset;navernow_dataset;tft_dataset;geforce_dataset;roblox_dataset;zoom_dataset;battleground_dataset;teams_dataset;amazon_dataset;youtubeLive_dataset;navernow_dataset;youtube_dataset;zepeto_dataset;gamebox_dataset,LOW,Current Demand Only (lambda=0.00),0.0,0.75,44.99999999999987,10.0,0.0,0.0,100.0,0.2510806440825571,45.0,42
50,synthetic_scalability_scenario_derived_from_real_traffic,15,35,afreeca_dataset;amazon_dataset;battleground_dataset;gamebox_dataset;geforce_dataset;meet_dataset;navernow_dataset;netflix_dataset;roblox_dataset;teams_dataset;tft_dataset;youtubeLive_dataset;youtube_dataset;zepeto_dataset;zoom_dataset;zepeto_dataset;navernow_dataset;navernow_dataset;roblox_dataset;afreeca_dataset;meet_dataset;netflix_dataset;youtube_dataset;zoom_dataset;tft_dataset;zepeto_dataset;afreeca_dataset;roblox_dataset;youtube_dataset;amazon_dataset;amazon_dataset;youtube_dataset;tft_dataset;teams_dataset;tft_dataset;battleground_dataset;teams_dataset;netflix_dataset;youtubeLive_dataset;afreeca_dataset;roblox_dataset;geforce_dataset;geforce_dataset;tft_dataset;netflix_dataset;tft_dataset;youtube_dataset;geforce_dataset;amazon_dataset;gamebox_dataset,LOW,Equal Share,,0.75,25.844385822470066,24.939667349449323,42.55736653193214,1.7787332410697105,86.65231689088192,0.3493142444974319,25.844385822470215,43
50,synthetic_scalability_scenario_derived_from_real_traffic,15,35,afreeca_dataset;amazon_dataset;battleground_dataset;gamebox_dataset;geforce_dataset;meet_dataset;navernow_dataset;netflix_dataset;roblox_dataset;teams_dataset;tft_dataset;youtubeLive_dataset;youtube_dataset;zepeto_dataset;zoom_dataset;zepeto_dataset;navernow_dataset;navernow_dataset;roblox_dataset;afreeca_dataset;meet_dataset;netflix_dataset;youtube_dataset;zoom_dataset;tft_dataset;zepeto_dataset;afreeca_dataset;roblox_dataset;youtube_dataset;amazon_dataset;amazon_dataset;youtube_dataset;tft_dataset;teams_dataset;tft_dataset;battleground_dataset;teams_dataset;netflix_dataset;youtubeLive_dataset;afreeca_dataset;roblox_dataset;geforce_dataset;geforce_dataset;tft_dataset;netflix_dataset;tft_dataset;youtube_dataset;geforce_dataset;amazon_dataset;gamebox_dataset,LOW,Round Robin,,0.75,44.99999999999989,10.0,0.0,0.0,100.0,0.2373875838112739,45.0,43
50,synthetic_scalability_scenario_derived_from_real_traffic,15,35,afreeca_dataset;amazon_dataset;battleground_dataset;gamebox_dataset;geforce_dataset;meet_dataset;navernow_dataset;netflix_dataset;roblox_dataset;teams_dataset;tft_dataset;youtubeLive_dataset;youtube_dataset;zepeto_dataset;zoom_dataset;zepeto_dataset;navernow_dataset;navernow_dataset;roblox_dataset;afreeca_dataset;meet_dataset;netflix_dataset;youtube_dataset;zoom_dataset;tft_dataset;zepeto_dataset;afreeca_dataset;roblox_dataset;youtube_dataset;amazon_dataset;amazon_dataset;youtube_dataset;tft_dataset;teams_dataset;tft_dataset;battleground_dataset;teams_dataset;netflix_dataset;youtubeLive_dataset;afreeca_dataset;roblox_dataset;geforce_dataset;geforce_dataset;tft_dataset;netflix_dataset;tft_dataset;youtube_dataset;geforce_dataset;amazon_dataset;gamebox_dataset,LOW,Proportional Fair,,0.75,44.99999999999989,10.0,0.0,0.0,100.0,0.2373875838112739,45.0,43
50,synthetic_scalability_scenario_derived_from_real_traffic,15,35,afreeca_dataset;amazon_dataset;battleground_dataset;gamebox_dataset;geforce_dataset;meet_dataset;navernow_dataset;netflix_dataset;roblox_dataset;teams_dataset;tft_dataset;youtubeLive_dataset;youtube_dataset;zepeto_dataset;zoom_dataset;zepeto_dataset;navernow_dataset;navernow_dataset;roblox_dataset;afreeca_dataset;meet_dataset;netflix_dataset;youtube_dataset;zoom_dataset;tft_dataset;zepeto_dataset;afreeca_dataset;roblox_dataset;youtube_dataset;amazon_dataset;amazon_dataset;youtube_dataset;tft_dataset;teams_dataset;tft_dataset;battleground_dataset;teams_dataset;netflix_dataset;youtubeLive_dataset;afreeca_dataset;roblox_dataset;geforce_dataset;geforce_dataset;tft_dataset;netflix_dataset;tft_dataset;youtube_dataset;geforce_dataset;amazon_dataset;gamebox_dataset,LOW,Blended Demand (lambda=0.25),0.25,0.75,44.99884960253588,11.015996908247073,0.0013598299439895553,0.53627725125884,99.99760837070254,0.24914365601234872,47.17453382098712,43
50,synthetic_scalability_scenario_derived_from_real_traffic,15,35,afreeca_dataset;amazon_dataset;battleground_dataset;gamebox_dataset;geforce_dataset;meet_dataset;navernow_dataset;netflix_dataset;roblox_dataset;teams_dataset;tft_dataset;youtubeLive_dataset;youtube_dataset;zepeto_dataset;zoom_dataset;zepeto_dataset;navernow_dataset;navernow_dataset;roblox_dataset;afreeca_dataset;meet_dataset;netflix_dataset;youtube_dataset;zoom_dataset;tft_dataset;zepeto_dataset;afreeca_dataset;roblox_dataset;youtube_dataset;amazon_dataset;amazon_dataset;youtube_dataset;tft_dataset;teams_dataset;tft_dataset;battleground_dataset;teams_dataset;netflix_dataset;youtubeLive_dataset;afreeca_dataset;roblox_dataset;geforce_dataset;geforce_dataset;tft_dataset;netflix_dataset;tft_dataset;youtube_dataset;geforce_dataset;amazon_dataset;gamebox_dataset,LOW,Blended Demand (lambda=0.50),0.5,0.75,44.87149130134435,12.596365681114271,0.28318166817098384,1.4726071970792474,99.80388639760837,0.25910355187734246,49.222859738246896,43
50,synthetic_scalability_scenario_derived_from_real_traffic,15,35,afreeca_dataset;amazon_dataset;battleground_dataset;gamebox_dataset;geforce_dataset;meet_dataset;navernow_dataset;netflix_dataset;roblox_dataset;teams_dataset;tft_dataset;youtubeLive_dataset;youtube_dataset;zepeto_dataset;zoom_dataset;zepeto_dataset;navernow_dataset;navernow_dataset;roblox_dataset;afreeca_dataset;meet_dataset;netflix_dataset;youtube_dataset;zoom_dataset;tft_dataset;zepeto_dataset;afreeca_dataset;roblox_dataset;youtube_dataset;amazon_dataset;amazon_dataset;youtube_dataset;tft_dataset;teams_dataset;tft_dataset;battleground_dataset;teams_dataset;netflix_dataset;youtubeLive_dataset;afreeca_dataset;roblox_dataset;geforce_dataset;geforce_dataset;tft_dataset;netflix_dataset;tft_dataset;youtube_dataset;geforce_dataset;amazon_dataset;gamebox_dataset,LOW,Blended Demand (lambda=0.75),0.75,0.75,44.380746532920796,15.618949079546416,1.3725483978320128,3.5161840015877495,96.90194319880419,0.2668028688016884,50.907799188274936,43
50,synthetic_scalability_scenario_derived_from_real_traffic,15,35,afreeca_dataset;amazon_dataset;battleground_dataset;gamebox_dataset;geforce_dataset;meet_dataset;navernow_dataset;netflix_dataset;roblox_dataset;teams_dataset;tft_dataset;youtubeLive_dataset;youtube_dataset;zepeto_dataset;zoom_dataset;zepeto_dataset;navernow_dataset;navernow_dataset;roblox_dataset;afreeca_dataset;meet_dataset;netflix_dataset;youtube_dataset;zoom_dataset;tft_dataset;zepeto_dataset;afreeca_dataset;roblox_dataset;youtube_dataset;amazon_dataset;amazon_dataset;youtube_dataset;tft_dataset;teams_dataset;tft_dataset;battleground_dataset;teams_dataset;netflix_dataset;youtubeLive_dataset;afreeca_dataset;roblox_dataset;geforce_dataset;geforce_dataset;tft_dataset;netflix_dataset;tft_dataset;youtube_dataset;geforce_dataset;amazon_dataset;gamebox_dataset,LOW,Prediction Only (lambda=1.00),1.0,0.75,43.318792960970725,27.55862239770523,3.7320270505653457,13.30512095039347,95.21584454409566,0.2724639848830952,52.02152983477607,43
50,synthetic_scalability_scenario_derived_from_real_traffic,15,35,afreeca_dataset;amazon_dataset;battleground_dataset;gamebox_dataset;geforce_dataset;meet_dataset;navernow_dataset;netflix_dataset;roblox_dataset;teams_dataset;tft_dataset;youtubeLive_dataset;youtube_dataset;zepeto_dataset;zoom_dataset;zepeto_dataset;navernow_dataset;navernow_dataset;roblox_dataset;afreeca_dataset;meet_dataset;netflix_dataset;youtube_dataset;zoom_dataset;tft_dataset;zepeto_dataset;afreeca_dataset;roblox_dataset;youtube_dataset;amazon_dataset;amazon_dataset;youtube_dataset;tft_dataset;teams_dataset;tft_dataset;battleground_dataset;teams_dataset;netflix_dataset;youtubeLive_dataset;afreeca_dataset;roblox_dataset;geforce_dataset;geforce_dataset;tft_dataset;netflix_dataset;tft_dataset;youtube_dataset;geforce_dataset;amazon_dataset;gamebox_dataset,LOW,Current Demand Only (lambda=0.00),0.0,0.75,44.99999999999989,10.0,0.0,0.0,100.0,0.2373875838112739,45.0,43
50,synthetic_scalability_scenario_derived_from_real_traffic,15,35,afreeca_dataset;amazon_dataset;battleground_dataset;gamebox_dataset;geforce_dataset;meet_dataset;navernow_dataset;netflix_dataset;roblox_dataset;teams_dataset;tft_dataset;youtubeLive_dataset;youtube_dataset;zepeto_dataset;zoom_dataset;roblox_dataset;navernow_dataset;roblox_dataset;amazon_dataset;roblox_dataset;youtube_dataset;zoom_dataset;youtubeLive_dataset;teams_dataset;tft_dataset;zoom_dataset;gamebox_dataset;youtube_dataset;zoom_dataset;tft_dataset;geforce_dataset;teams_dataset;meet_dataset;meet_dataset;roblox_dataset;youtube_dataset;battleground_dataset;navernow_dataset;roblox_dataset;youtube_dataset;roblox_dataset;geforce_dataset;youtubeLive_dataset;roblox_dataset;afreeca_dataset;geforce_dataset;zepeto_dataset;battleground_dataset;roblox_dataset;netflix_dataset,LOW,Equal Share,,0.75,23.49053554650683,24.940859238238776,47.78978540486869,1.6417652122882167,86.50044843049328,0.3009238720639071,23.490535546506948,44
50,synthetic_scalability_scenario_derived_from_real_traffic,15,35,afreeca_dataset;amazon_dataset;battleground_dataset;gamebox_dataset;geforce_dataset;meet_dataset;navernow_dataset;netflix_dataset;roblox_dataset;teams_dataset;tft_dataset;youtubeLive_dataset;youtube_dataset;zepeto_dataset;zoom_dataset;roblox_dataset;navernow_dataset;roblox_dataset;amazon_dataset;roblox_dataset;youtube_dataset;zoom_dataset;youtubeLive_dataset;teams_dataset;tft_dataset;zoom_dataset;gamebox_dataset;youtube_dataset;zoom_dataset;tft_dataset;geforce_dataset;teams_dataset;meet_dataset;meet_dataset;roblox_dataset;youtube_dataset;battleground_dataset;navernow_dataset;roblox_dataset;youtube_dataset;roblox_dataset;geforce_dataset;youtubeLive_dataset;roblox_dataset;afreeca_dataset;geforce_dataset;zepeto_dataset;battleground_dataset;roblox_dataset;netflix_dataset,LOW,Round Robin,,0.75,44.999999999999915,10.0,0.0,0.0,100.0,0.21010559469139806,45.0,44
50,synthetic_scalability_scenario_derived_from_real_traffic,15,35,afreeca_dataset;amazon_dataset;battleground_dataset;gamebox_dataset;geforce_dataset;meet_dataset;navernow_dataset;netflix_dataset;roblox_dataset;teams_dataset;tft_dataset;youtubeLive_dataset;youtube_dataset;zepeto_dataset;zoom_dataset;roblox_dataset;navernow_dataset;roblox_dataset;amazon_dataset;roblox_dataset;youtube_dataset;zoom_dataset;youtubeLive_dataset;teams_dataset;tft_dataset;zoom_dataset;gamebox_dataset;youtube_dataset;zoom_dataset;tft_dataset;geforce_dataset;teams_dataset;meet_dataset;meet_dataset;roblox_dataset;youtube_dataset;battleground_dataset;navernow_dataset;roblox_dataset;youtube_dataset;roblox_dataset;geforce_dataset;youtubeLive_dataset;roblox_dataset;afreeca_dataset;geforce_dataset;zepeto_dataset;battleground_dataset;roblox_dataset;netflix_dataset,LOW,Proportional Fair,,0.75,44.999999999999915,10.0,0.0,0.0,100.0,0.21010559469139806,45.0,44
50,synthetic_scalability_scenario_derived_from_real_traffic,15,35,afreeca_dataset;amazon_dataset;battleground_dataset;gamebox_dataset;geforce_dataset;meet_dataset;navernow_dataset;netflix_dataset;roblox_dataset;teams_dataset;tft_dataset;youtubeLive_dataset;youtube_dataset;zepeto_dataset;zoom_dataset;roblox_dataset;navernow_dataset;roblox_dataset;amazon_dataset;roblox_dataset;youtube_dataset;zoom_dataset;youtubeLive_dataset;teams_dataset;tft_dataset;zoom_dataset;gamebox_dataset;youtube_dataset;zoom_dataset;tft_dataset;geforce_dataset;teams_dataset;meet_dataset;meet_dataset;roblox_dataset;youtube_dataset;battleground_dataset;navernow_dataset;roblox_dataset;youtube_dataset;roblox_dataset;geforce_dataset;youtubeLive_dataset;roblox_dataset;afreeca_dataset;geforce_dataset;zepeto_dataset;battleground_dataset;roblox_dataset;netflix_dataset,LOW,Blended Demand (lambda=0.25),0.25,0.75,44.99938933118896,10.865991208144859,0.001104071268742914,0.48861662589095795,99.99880418535128,0.21987503192469296,47.085971721143565,44
50,synthetic_scalability_scenario_derived_from_real_traffic,15,35,afreeca_dataset;amazon_dataset;battleground_dataset;gamebox_dataset;geforce_dataset;meet_dataset;navernow_dataset;netflix_dataset;roblox_dataset;teams_dataset;tft_dataset;youtubeLive_dataset;youtube_dataset;zepeto_dataset;zoom_dataset;roblox_dataset;navernow_dataset;roblox_dataset;amazon_dataset;roblox_dataset;youtube_dataset;zoom_dataset;youtubeLive_dataset;teams_dataset;tft_dataset;zoom_dataset;gamebox_dataset;youtube_dataset;zoom_dataset;tft_dataset;geforce_dataset;teams_dataset;meet_dataset;meet_dataset;roblox_dataset;youtube_dataset;battleground_dataset;navernow_dataset;roblox_dataset;youtube_dataset;roblox_dataset;geforce_dataset;youtubeLive_dataset;roblox_dataset;afreeca_dataset;geforce_dataset;zepeto_dataset;battleground_dataset;roblox_dataset;netflix_dataset,LOW,Blended Demand (lambda=0.50),0.5,0.75,44.84313971825659,12.208656998729357,0.3480724628070017,1.3467778992901815,99.78415545590434,0.22798737757566012,49.016304498165866,44
50,synthetic_scalability_scenario_derived_from_real_traffic,15,35,afreeca_dataset;amazon_dataset;battleground_dataset;gamebox_dataset;geforce_dataset;meet_dataset;navernow_dataset;netflix_dataset;roblox_dataset;teams_dataset;tft_dataset;youtubeLive_dataset;youtube_dataset;zepeto_dataset;zoom_dataset;roblox_dataset;navernow_dataset;roblox_dataset;amazon_dataset;roblox_dataset;youtube_dataset;zoom_dataset;youtubeLive_dataset;teams_dataset;tft_dataset;zoom_dataset;gamebox_dataset;youtube_dataset;zoom_dataset;tft_dataset;geforce_dataset;teams_dataset;meet_dataset;meet_dataset;roblox_dataset;youtube_dataset;battleground_dataset;navernow_dataset;roblox_dataset;youtube_dataset;roblox_dataset;geforce_dataset;youtubeLive_dataset;roblox_dataset;afreeca_dataset;geforce_dataset;zepeto_dataset;battleground_dataset;roblox_dataset;netflix_dataset,LOW,Blended Demand (lambda=0.75),0.75,0.75,44.238499179017666,14.720760365668824,1.6914651350270653,3.1760393659694546,97.22272047832585,0.23395069534694873,50.498246348881345,44
50,synthetic_scalability_scenario_derived_from_real_traffic,15,35,afreeca_dataset;amazon_dataset;battleground_dataset;gamebox_dataset;geforce_dataset;meet_dataset;navernow_dataset;netflix_dataset;roblox_dataset;teams_dataset;tft_dataset;youtubeLive_dataset;youtube_dataset;zepeto_dataset;zoom_dataset;roblox_dataset;navernow_dataset;roblox_dataset;amazon_dataset;roblox_dataset;youtube_dataset;zoom_dataset;youtubeLive_dataset;teams_dataset;tft_dataset;zoom_dataset;gamebox_dataset;youtube_dataset;zoom_dataset;tft_dataset;geforce_dataset;teams_dataset;meet_dataset;meet_dataset;roblox_dataset;youtube_dataset;battleground_dataset;navernow_dataset;roblox_dataset;youtube_dataset;roblox_dataset;geforce_dataset;youtubeLive_dataset;roblox_dataset;afreeca_dataset;geforce_dataset;zepeto_dataset;battleground_dataset;roblox_dataset;netflix_dataset,LOW,Prediction Only (lambda=1.00),1.0,0.75,43.09369205137776,24.862833244984138,4.235228003693126,12.186082728800413,95.93034379671151,0.2381372679599229,51.44002161119613,44
50,synthetic_scalability_scenario_derived_from_real_traffic,15,35,afreeca_dataset;amazon_dataset;battleground_dataset;gamebox_dataset;geforce_dataset;meet_dataset;navernow_dataset;netflix_dataset;roblox_dataset;teams_dataset;tft_dataset;youtubeLive_dataset;youtube_dataset;zepeto_dataset;zoom_dataset;roblox_dataset;navernow_dataset;roblox_dataset;amazon_dataset;roblox_dataset;youtube_dataset;zoom_dataset;youtubeLive_dataset;teams_dataset;tft_dataset;zoom_dataset;gamebox_dataset;youtube_dataset;zoom_dataset;tft_dataset;geforce_dataset;teams_dataset;meet_dataset;meet_dataset;roblox_dataset;youtube_dataset;battleground_dataset;navernow_dataset;roblox_dataset;youtube_dataset;roblox_dataset;geforce_dataset;youtubeLive_dataset;roblox_dataset;afreeca_dataset;geforce_dataset;zepeto_dataset;battleground_dataset;roblox_dataset;netflix_dataset,LOW,Current Demand Only (lambda=0.00),0.0,0.75,44.999999999999915,10.0,0.0,0.0,100.0,0.21010559469139806,45.0,44
50,synthetic_scalability_scenario_derived_from_real_traffic,15,35,afreeca_dataset;amazon_dataset;battleground_dataset;gamebox_dataset;geforce_dataset;meet_dataset;navernow_dataset;netflix_dataset;roblox_dataset;teams_dataset;tft_dataset;youtubeLive_dataset;youtube_dataset;zepeto_dataset;zoom_dataset;roblox_dataset;netflix_dataset;navernow_dataset;youtubeLive_dataset;meet_dataset;youtube_dataset;navernow_dataset;geforce_dataset;navernow_dataset;navernow_dataset;meet_dataset;youtube_dataset;zepeto_dataset;afreeca_dataset;roblox_dataset;battleground_dataset;geforce_dataset;youtube_dataset;battleground_dataset;gamebox_dataset;navernow_dataset;zepeto_dataset;youtubeLive_dataset;battleground_dataset;afreeca_dataset;meet_dataset;afreeca_dataset;geforce_dataset;zepeto_dataset;youtube_dataset;zepeto_dataset;youtubeLive_dataset;meet_dataset;zoom_dataset;zoom_dataset,LOW,Equal Share,,0.75,28.087430543466944,26.661555815783732,37.57163781206085,2.049615735870841,86.06965620328849,0.35837566393659775,28.087430543467022,45
50,synthetic_scalability_scenario_derived_from_real_traffic,15,35,afreeca_dataset;amazon_dataset;battleground_dataset;gamebox_dataset;geforce_dataset;meet_dataset;navernow_dataset;netflix_dataset;roblox_dataset;teams_dataset;tft_dataset;youtubeLive_dataset;youtube_dataset;zepeto_dataset;zoom_dataset;roblox_dataset;netflix_dataset;navernow_dataset;youtubeLive_dataset;meet_dataset;youtube_dataset;navernow_dataset;geforce_dataset;navernow_dataset;navernow_dataset;meet_dataset;youtube_dataset;zepeto_dataset;afreeca_dataset;roblox_dataset;battleground_dataset;geforce_dataset;youtube_dataset;battleground_dataset;gamebox_dataset;navernow_dataset;zepeto_dataset;youtubeLive_dataset;battleground_dataset;afreeca_dataset;meet_dataset;afreeca_dataset;geforce_dataset;zepeto_dataset;youtube_dataset;zepeto_dataset;youtubeLive_dataset;meet_dataset;zoom_dataset;zoom_dataset,LOW,Round Robin,,0.75,44.999999999999766,10.0,0.0,0.0,100.0,0.26433083182604883,45.0,45
50,synthetic_scalability_scenario_derived_from_real_traffic,15,35,afreeca_dataset;amazon_dataset;battleground_dataset;gamebox_dataset;geforce_dataset;meet_dataset;navernow_dataset;netflix_dataset;roblox_dataset;teams_dataset;tft_dataset;youtubeLive_dataset;youtube_dataset;zepeto_dataset;zoom_dataset;roblox_dataset;netflix_dataset;navernow_dataset;youtubeLive_dataset;meet_dataset;youtube_dataset;navernow_dataset;geforce_dataset;navernow_dataset;navernow_dataset;meet_dataset;youtube_dataset;zepeto_dataset;afreeca_dataset;roblox_dataset;battleground_dataset;geforce_dataset;youtube_dataset;battleground_dataset;gamebox_dataset;navernow_dataset;zepeto_dataset;youtubeLive_dataset;battleground_dataset;afreeca_dataset;meet_dataset;afreeca_dataset;geforce_dataset;zepeto_dataset;youtube_dataset;zepeto_dataset;youtubeLive_dataset;meet_dataset;zoom_dataset;zoom_dataset,LOW,Proportional Fair,,0.75,44.999999999999766,10.0,0.0,0.0,100.0,0.26433083182604883,45.0,45
50,synthetic_scalability_scenario_derived_from_real_traffic,15,35,afreeca_dataset;amazon_dataset;battleground_dataset;gamebox_dataset;geforce_dataset;meet_dataset;navernow_dataset;netflix_dataset;roblox_dataset;teams_dataset;tft_dataset;youtubeLive_dataset;youtube_dataset;zepeto_dataset;zoom_dataset;roblox_dataset;netflix_dataset;navernow_dataset;youtubeLive_dataset;meet_dataset;youtube_dataset;navernow_dataset;geforce_dataset;navernow_dataset;navernow_dataset;meet_dataset;youtube_dataset;zepeto_dataset;afreeca_dataset;roblox_dataset;battleground_dataset;geforce_dataset;youtube_dataset;battleground_dataset;gamebox_dataset;navernow_dataset;zepeto_dataset;youtubeLive_dataset;battleground_dataset;afreeca_dataset;meet_dataset;afreeca_dataset;geforce_dataset;zepeto_dataset;youtube_dataset;zepeto_dataset;youtubeLive_dataset;meet_dataset;zoom_dataset;zoom_dataset,LOW,Blended Demand (lambda=0.25),0.25,0.75,44.99931495037894,11.081283736617081,9.088094705660799e-05,0.5580086757112077,100.0,0.2789211368866845,47.810289439190946,45
50,synthetic_scalability_scenario_derived_from_real_traffic,15,35,afreeca_dataset;amazon_dataset;battleground_dataset;gamebox_dataset;geforce_dataset;meet_dataset;navernow_dataset;netflix_dataset;roblox_dataset;teams_dataset;tft_dataset;youtubeLive_dataset;youtube_dataset;zepeto_dataset;zoom_dataset;roblox_dataset;netflix_dataset;navernow_dataset;youtubeLive_dataset;meet_dataset;youtube_dataset;navernow_dataset;geforce_dataset;navernow_dataset;navernow_dataset;meet_dataset;youtube_dataset;zepeto_dataset;afreeca_dataset;roblox_dataset;battleground_dataset;geforce_dataset;youtube_dataset;battleground_dataset;gamebox_dataset;navernow_dataset;zepeto_dataset;youtubeLive_dataset;battleground_dataset;afreeca_dataset;meet_dataset;afreeca_dataset;geforce_dataset;zepeto_dataset;youtube_dataset;zepeto_dataset;youtubeLive_dataset;meet_dataset;zoom_dataset;zoom_dataset,LOW,Blended Demand (lambda=0.50),0.5,0.75,44.84780157273818,12.803586869408134,0.3353558241593091,1.5481070999884838,99.69088191330344,0.2906185791388368,50.469750550362534,45
50,synthetic_scalability_scenario_derived_from_real_traffic,15,35,afreeca_dataset;amazon_dataset;battleground_dataset;gamebox_dataset;geforce_dataset;meet_dataset;navernow_dataset;netflix_dataset;roblox_dataset;teams_dataset;tft_dataset;youtubeLive_dataset;youtube_dataset;zepeto_dataset;zoom_dataset;roblox_dataset;netflix_dataset;navernow_dataset;youtubeLive_dataset;meet_dataset;youtube_dataset;navernow_dataset;geforce_dataset;navernow_dataset;navernow_dataset;meet_dataset;youtube_dataset;zepeto_dataset;afreeca_dataset;roblox_dataset;battleground_dataset;geforce_dataset;youtube_dataset;battleground_dataset;gamebox_dataset;navernow_dataset;zepeto_dataset;youtubeLive_dataset;battleground_dataset;afreeca_dataset;meet_dataset;afreeca_dataset;geforce_dataset;zepeto_dataset;youtube_dataset;zepeto_dataset;youtubeLive_dataset;meet_dataset;zoom_dataset;zoom_dataset,LOW,Blended Demand (lambda=0.75),0.75,0.75,44.23753396418146,16.247310760590057,1.690074613852394,3.7817995103370996,96.13124065769806,0.2991467754199304,52.670457430617766,45
50,synthetic_scalability_scenario_derived_from_real_traffic,15,35,afreeca_dataset;amazon_dataset;battleground_dataset;gamebox_dataset;geforce_dataset;meet_dataset;navernow_dataset;netflix_dataset;roblox_dataset;teams_dataset;tft_dataset;youtubeLive_dataset;youtube_dataset;zepeto_dataset;zoom_dataset;roblox_dataset;netflix_dataset;navernow_dataset;youtubeLive_dataset;meet_dataset;youtube_dataset;navernow_dataset;geforce_dataset;navernow_dataset;navernow_dataset;meet_dataset;youtube_dataset;zepeto_dataset;afreeca_dataset;roblox_dataset;battleground_dataset;geforce_dataset;youtube_dataset;battleground_dataset;gamebox_dataset;navernow_dataset;zepeto_dataset;youtubeLive_dataset;battleground_dataset;afreeca_dataset;meet_dataset;afreeca_dataset;geforce_dataset;zepeto_dataset;youtube_dataset;zepeto_dataset;youtubeLive_dataset;meet_dataset;zoom_dataset;zoom_dataset,LOW,Prediction Only (lambda=1.00),1.0,0.75,42.649526060319346,30.649746192279583,5.217950839535095,14.60419972327749,94.73183856502243,0.3044669845836648,53.8934240155677,45
50,synthetic_scalability_scenario_derived_from_real_traffic,15,35,afreeca_dataset;amazon_dataset;battleground_dataset;gamebox_dataset;geforce_dataset;meet_dataset;navernow_dataset;netflix_dataset;roblox_dataset;teams_dataset;tft_dataset;youtubeLive_dataset;youtube_dataset;zepeto_dataset;zoom_dataset;roblox_dataset;netflix_dataset;navernow_dataset;youtubeLive_dataset;meet_dataset;youtube_dataset;navernow_dataset;geforce_dataset;navernow_dataset;navernow_dataset;meet_dataset;youtube_dataset;zepeto_dataset;afreeca_dataset;roblox_dataset;battleground_dataset;geforce_dataset;youtube_dataset;battleground_dataset;gamebox_dataset;navernow_dataset;zepeto_dataset;youtubeLive_dataset;battleground_dataset;afreeca_dataset;meet_dataset;afreeca_dataset;geforce_dataset;zepeto_dataset;youtube_dataset;zepeto_dataset;youtubeLive_dataset;meet_dataset;zoom_dataset;zoom_dataset,LOW,Current Demand Only (lambda=0.00),0.0,0.75,44.999999999999766,10.0,0.0,0.0,100.0,0.26433083182604883,45.0,45
50,synthetic_scalability_scenario_derived_from_real_traffic,15,35,afreeca_dataset;amazon_dataset;battleground_dataset;gamebox_dataset;geforce_dataset;meet_dataset;navernow_dataset;netflix_dataset;roblox_dataset;teams_dataset;tft_dataset;youtubeLive_dataset;youtube_dataset;zepeto_dataset;zoom_dataset;teams_dataset;battleground_dataset;youtubeLive_dataset;zepeto_dataset;gamebox_dataset;geforce_dataset;zepeto_dataset;geforce_dataset;zoom_dataset;gamebox_dataset;meet_dataset;teams_dataset;afreeca_dataset;battleground_dataset;geforce_dataset;zoom_dataset;teams_dataset;tft_dataset;youtube_dataset;zoom_dataset;youtube_dataset;netflix_dataset;battleground_dataset;teams_dataset;tft_dataset;youtubeLive_dataset;meet_dataset;battleground_dataset;gamebox_dataset;battleground_dataset;navernow_dataset;meet_dataset;youtubeLive_dataset;geforce_dataset;netflix_dataset,LOW,Equal Share,,0.75,26.664911187539555,29.196909429180817,40.73311320660046,1.2116880627072437,81.91599402092676,0.3314796555945029,26.66491118753957,46
50,synthetic_scalability_scenario_derived_from_real_traffic,15,35,afreeca_dataset;amazon_dataset;battleground_dataset;gamebox_dataset;geforce_dataset;meet_dataset;navernow_dataset;netflix_dataset;roblox_dataset;teams_dataset;tft_dataset;youtubeLive_dataset;youtube_dataset;zepeto_dataset;zoom_dataset;teams_dataset;battleground_dataset;youtubeLive_dataset;zepeto_dataset;gamebox_dataset;geforce_dataset;zepeto_dataset;geforce_dataset;zoom_dataset;gamebox_dataset;meet_dataset;teams_dataset;afreeca_dataset;battleground_dataset;geforce_dataset;zoom_dataset;teams_dataset;tft_dataset;youtube_dataset;zoom_dataset;youtube_dataset;netflix_dataset;battleground_dataset;teams_dataset;tft_dataset;youtubeLive_dataset;meet_dataset;battleground_dataset;gamebox_dataset;battleground_dataset;navernow_dataset;meet_dataset;youtubeLive_dataset;geforce_dataset;netflix_dataset,LOW,Round Robin,,0.75,44.99999999999988,10.0,0.0,0.0,100.0,0.26001959941851605,45.0,46
50,synthetic_scalability_scenario_derived_from_real_traffic,15,35,afreeca_dataset;amazon_dataset;battleground_dataset;gamebox_dataset;geforce_dataset;meet_dataset;navernow_dataset;netflix_dataset;roblox_dataset;teams_dataset;tft_dataset;youtubeLive_dataset;youtube_dataset;zepeto_dataset;zoom_dataset;teams_dataset;battleground_dataset;youtubeLive_dataset;zepeto_dataset;gamebox_dataset;geforce_dataset;zepeto_dataset;geforce_dataset;zoom_dataset;gamebox_dataset;meet_dataset;teams_dataset;afreeca_dataset;battleground_dataset;geforce_dataset;zoom_dataset;teams_dataset;tft_dataset;youtube_dataset;zoom_dataset;youtube_dataset;netflix_dataset;battleground_dataset;teams_dataset;tft_dataset;youtubeLive_dataset;meet_dataset;battleground_dataset;gamebox_dataset;battleground_dataset;navernow_dataset;meet_dataset;youtubeLive_dataset;geforce_dataset;netflix_dataset,LOW,Proportional Fair,,0.75,44.99999999999988,10.0,0.0,0.0,100.0,0.26001959941851605,45.0,46
50,synthetic_scalability_scenario_derived_from_real_traffic,15,35,afreeca_dataset;amazon_dataset;battleground_dataset;gamebox_dataset;geforce_dataset;meet_dataset;navernow_dataset;netflix_dataset;roblox_dataset;teams_dataset;tft_dataset;youtubeLive_dataset;youtube_dataset;zepeto_dataset;zoom_dataset;teams_dataset;battleground_dataset;youtubeLive_dataset;zepeto_dataset;gamebox_dataset;geforce_dataset;zepeto_dataset;geforce_dataset;zoom_dataset;gamebox_dataset;meet_dataset;teams_dataset;afreeca_dataset;battleground_dataset;geforce_dataset;zoom_dataset;teams_dataset;tft_dataset;youtube_dataset;zoom_dataset;youtube_dataset;netflix_dataset;battleground_dataset;teams_dataset;tft_dataset;youtubeLive_dataset;meet_dataset;battleground_dataset;gamebox_dataset;battleground_dataset;navernow_dataset;meet_dataset;youtubeLive_dataset;geforce_dataset;netflix_dataset,LOW,Blended Demand (lambda=0.25),0.25,0.75,44.99984456633838,10.728687959007285,0.0,0.44266949405286543,100.0,0.2680557381808293,46.37697448579251,46
50,synthetic_scalability_scenario_derived_from_real_traffic,15,35,afreeca_dataset;amazon_dataset;battleground_dataset;gamebox_dataset;geforce_dataset;meet_dataset;navernow_dataset;netflix_dataset;roblox_dataset;teams_dataset;tft_dataset;youtubeLive_dataset;youtube_dataset;zepeto_dataset;zoom_dataset;teams_dataset;battleground_dataset;youtubeLive_dataset;zepeto_dataset;gamebox_dataset;geforce_dataset;zepeto_dataset;geforce_dataset;zoom_dataset;gamebox_dataset;meet_dataset;teams_dataset;afreeca_dataset;battleground_dataset;geforce_dataset;zoom_dataset;teams_dataset;tft_dataset;youtube_dataset;zoom_dataset;youtube_dataset;netflix_dataset;battleground_dataset;teams_dataset;tft_dataset;youtubeLive_dataset;meet_dataset;battleground_dataset;gamebox_dataset;battleground_dataset;navernow_dataset;meet_dataset;youtubeLive_dataset;geforce_dataset;netflix_dataset,LOW,Blended Demand (lambda=0.50),0.5,0.75,44.969269904137825,11.841217287477642,0.06759828564192619,1.2214427311545326,99.91330343796712,0.2752070956325248,47.72352974304614,46
50,synthetic_scalability_scenario_derived_from_real_traffic,15,35,afreeca_dataset;amazon_dataset;battleground_dataset;gamebox_dataset;geforce_dataset;meet_dataset;navernow_dataset;netflix_dataset;roblox_dataset;teams_dataset;tft_dataset;youtubeLive_dataset;youtube_dataset;zepeto_dataset;zoom_dataset;teams_dataset;battleground_dataset;youtubeLive_dataset;zepeto_dataset;gamebox_dataset;geforce_dataset;zepeto_dataset;geforce_dataset;zoom_dataset;gamebox_dataset;meet_dataset;teams_dataset;afreeca_dataset;battleground_dataset;geforce_dataset;zoom_dataset;teams_dataset;tft_dataset;youtube_dataset;zoom_dataset;youtube_dataset;netflix_dataset;battleground_dataset;teams_dataset;tft_dataset;youtubeLive_dataset;meet_dataset;battleground_dataset;gamebox_dataset;battleground_dataset;navernow_dataset;meet_dataset;youtubeLive_dataset;geforce_dataset;netflix_dataset,LOW,Blended Demand (lambda=0.75),0.75,0.75,44.804654435977184,13.998806403449098,0.4330650289732835,2.991396816561386,97.81793721973094,0.2811084212022658,48.93604419433953,46
50,synthetic_scalability_scenario_derived_from_real_traffic,15,35,afreeca_dataset;amazon_dataset;battleground_dataset;gamebox_dataset;geforce_dataset;meet_dataset;navernow_dataset;netflix_dataset;roblox_dataset;teams_dataset;tft_dataset;youtubeLive_dataset;youtube_dataset;zepeto_dataset;zoom_dataset;teams_dataset;battleground_dataset;youtubeLive_dataset;zepeto_dataset;gamebox_dataset;geforce_dataset;zepeto_dataset;geforce_dataset;zoom_dataset;gamebox_dataset;meet_dataset;teams_dataset;afreeca_dataset;battleground_dataset;geforce_dataset;zoom_dataset;teams_dataset;tft_dataset;youtube_dataset;zoom_dataset;youtube_dataset;netflix_dataset;battleground_dataset;teams_dataset;tft_dataset;youtubeLive_dataset;meet_dataset;battleground_dataset;gamebox_dataset;battleground_dataset;navernow_dataset;meet_dataset;youtubeLive_dataset;geforce_dataset;netflix_dataset,LOW,Prediction Only (lambda=1.00),1.0,0.75,44.37567075799069,22.614139106035104,1.3860166830283511,11.395355564869318,96.9153961136024,0.2856528933108473,49.88419043580727,46
50,synthetic_scalability_scenario_derived_from_real_traffic,15,35,afreeca_dataset;amazon_dataset;battleground_dataset;gamebox_dataset;geforce_dataset;meet_dataset;navernow_dataset;netflix_dataset;roblox_dataset;teams_dataset;tft_dataset;youtubeLive_dataset;youtube_dataset;zepeto_dataset;zoom_dataset;teams_dataset;battleground_dataset;youtubeLive_dataset;zepeto_dataset;gamebox_dataset;geforce_dataset;zepeto_dataset;geforce_dataset;zoom_dataset;gamebox_dataset;meet_dataset;teams_dataset;afreeca_dataset;battleground_dataset;geforce_dataset;zoom_dataset;teams_dataset;tft_dataset;youtube_dataset;zoom_dataset;youtube_dataset;netflix_dataset;battleground_dataset;teams_dataset;tft_dataset;youtubeLive_dataset;meet_dataset;battleground_dataset;gamebox_dataset;battleground_dataset;navernow_dataset;meet_dataset;youtubeLive_dataset;geforce_dataset;netflix_dataset,LOW,Current Demand Only (lambda=0.00),0.0,0.75,44.99999999999988,10.0,0.0,0.0,100.0,0.26001959941851605,45.0,46
50,synthetic_scalability_scenario_derived_from_real_traffic,15,35,afreeca_dataset;amazon_dataset;battleground_dataset;gamebox_dataset;geforce_dataset;meet_dataset;navernow_dataset;netflix_dataset;roblox_dataset;teams_dataset;tft_dataset;youtubeLive_dataset;youtube_dataset;zepeto_dataset;zoom_dataset;roblox_dataset;navernow_dataset;amazon_dataset;zepeto_dataset;youtube_dataset;geforce_dataset;battleground_dataset;tft_dataset;amazon_dataset;navernow_dataset;tft_dataset;youtubeLive_dataset;meet_dataset;netflix_dataset;roblox_dataset;youtubeLive_dataset;zepeto_dataset;meet_dataset;navernow_dataset;zepeto_dataset;amazon_dataset;youtubeLive_dataset;navernow_dataset;tft_dataset;geforce_dataset;roblox_dataset;zoom_dataset;battleground_dataset;teams_dataset;amazon_dataset;youtubeLive_dataset;navernow_dataset;youtube_dataset;zepeto_dataset;gamebox_dataset,MEDIUM,Equal Share,,0.75,32.38594140510264,29.083658098039475,59.511001566968496,2.4745205281920697,84.78176382660688,0.4230612326620127,32.38594140510266,42
50,synthetic_scalability_scenario_derived_from_real_traffic,15,35,afreeca_dataset;amazon_dataset;battleground_dataset;gamebox_dataset;geforce_dataset;meet_dataset;navernow_dataset;netflix_dataset;roblox_dataset;teams_dataset;tft_dataset;youtubeLive_dataset;youtube_dataset;zepeto_dataset;zoom_dataset;roblox_dataset;navernow_dataset;amazon_dataset;zepeto_dataset;youtube_dataset;geforce_dataset;battleground_dataset;tft_dataset;amazon_dataset;navernow_dataset;tft_dataset;youtubeLive_dataset;meet_dataset;netflix_dataset;roblox_dataset;youtubeLive_dataset;zepeto_dataset;meet_dataset;navernow_dataset;zepeto_dataset;amazon_dataset;youtubeLive_dataset;navernow_dataset;tft_dataset;geforce_dataset;roblox_dataset;zoom_dataset;battleground_dataset;teams_dataset;amazon_dataset;youtubeLive_dataset;navernow_dataset;youtube_dataset;zepeto_dataset;gamebox_dataset,MEDIUM,Round Robin,,0.75,79.6498662212557,10.051551359559607,0.4376672234300105,0.09572335933053525,99.88520179372198,0.24974707595890935,79.649866221256,42
50,synthetic_scalability_scenario_derived_from_real_traffic,15,35,afreeca_dataset;amazon_dataset;battleground_dataset;gamebox_dataset;geforce_dataset;meet_dataset;navernow_dataset;netflix_dataset;roblox_dataset;teams_dataset;tft_dataset;youtubeLive_dataset;youtube_dataset;zepeto_dataset;zoom_dataset;roblox_dataset;navernow_dataset;amazon_dataset;zepeto_dataset;youtube_dataset;geforce_dataset;battleground_dataset;tft_dataset;amazon_dataset;navernow_dataset;tft_dataset;youtubeLive_dataset;meet_dataset;netflix_dataset;roblox_dataset;youtubeLive_dataset;zepeto_dataset;meet_dataset;navernow_dataset;zepeto_dataset;amazon_dataset;youtubeLive_dataset;navernow_dataset;tft_dataset;geforce_dataset;roblox_dataset;zoom_dataset;battleground_dataset;teams_dataset;amazon_dataset;youtubeLive_dataset;navernow_dataset;youtube_dataset;zepeto_dataset;gamebox_dataset,MEDIUM,Proportional Fair,,0.75,79.72719778372007,10.095035507809893,0.3410027703495327,0.17859925499083534,99.83946188340808,0.2507602085938277,79.72719778372037,42
50,synthetic_scalability_scenario_derived_from_real_traffic,15,35,afreeca_dataset;amazon_dataset;battleground_dataset;gamebox_dataset;geforce_dataset;meet_dataset;navernow_dataset;netflix_dataset;roblox_dataset;teams_dataset;tft_dataset;youtubeLive_dataset;youtube_dataset;zepeto_dataset;zoom_dataset;roblox_dataset;navernow_dataset;amazon_dataset;zepeto_dataset;youtube_dataset;geforce_dataset;battleground_dataset;tft_dataset;amazon_dataset;navernow_dataset;tft_dataset;youtubeLive_dataset;meet_dataset;netflix_dataset;roblox_dataset;youtubeLive_dataset;zepeto_dataset;meet_dataset;navernow_dataset;zepeto_dataset;amazon_dataset;youtubeLive_dataset;navernow_dataset;tft_dataset;geforce_dataset;roblox_dataset;zoom_dataset;battleground_dataset;teams_dataset;amazon_dataset;youtubeLive_dataset;navernow_dataset;youtube_dataset;zepeto_dataset;gamebox_dataset,MEDIUM,Blended Demand (lambda=0.25),0.25,0.75,79.44864492233431,11.435972794917467,0.6880661431699484,0.6954223851275071,99.62391629297458,0.2682373587085357,85.78917767188668,42
50,synthetic_scalability_scenario_derived_from_real_traffic,15,35,afreeca_dataset;amazon_dataset;battleground_dataset;gamebox_dataset;geforce_dataset;meet_dataset;navernow_dataset;netflix_dataset;roblox_dataset;teams_dataset;tft_dataset;youtubeLive_dataset;youtube_dataset;zepeto_dataset;zoom_dataset;roblox_dataset;navernow_dataset;amazon_dataset;zepeto_dataset;youtube_dataset;geforce_dataset;battleground_dataset;tft_dataset;amazon_dataset;navernow_dataset;tft_dataset;youtubeLive_dataset;meet_dataset;netflix_dataset;roblox_dataset;youtubeLive_dataset;zepeto_dataset;meet_dataset;navernow_dataset;zepeto_dataset;amazon_dataset;youtubeLive_dataset;navernow_dataset;tft_dataset;geforce_dataset;roblox_dataset;zoom_dataset;battleground_dataset;teams_dataset;amazon_dataset;youtubeLive_dataset;navernow_dataset;youtube_dataset;zepeto_dataset;gamebox_dataset,MEDIUM,Blended Demand (lambda=0.50),0.5,0.75,77.3515304650668,13.42688229714434,3.308331510842371,1.6553771487144744,97.37727952167414,0.28063742666449093,89.9102544594901,42
50,synthetic_scalability_scenario_derived_from_real_traffic,15,35,afreeca_dataset;amazon_dataset;battleground_dataset;gamebox_dataset;geforce_dataset;meet_dataset;navernow_dataset;netflix_dataset;roblox_dataset;teams_dataset;tft_dataset;youtubeLive_dataset;youtube_dataset;zepeto_dataset;zoom_dataset;roblox_dataset;navernow_dataset;amazon_dataset;zepeto_dataset;youtube_dataset;geforce_dataset;battleground_dataset;tft_dataset;amazon_dataset;navernow_dataset;tft_dataset;youtubeLive_dataset;meet_dataset;netflix_dataset;roblox_dataset;youtubeLive_dataset;zepeto_dataset;meet_dataset;navernow_dataset;zepeto_dataset;amazon_dataset;youtubeLive_dataset;navernow_dataset;tft_dataset;geforce_dataset;roblox_dataset;zoom_dataset;battleground_dataset;teams_dataset;amazon_dataset;youtubeLive_dataset;navernow_dataset;youtube_dataset;zepeto_dataset;gamebox_dataset,MEDIUM,Blended Demand (lambda=0.75),0.75,0.75,73.14606797261621,17.129389920510672,8.564221395051675,3.77587577726897,93.8813153961136,0.28804695035667116,91.72081500337777,42
50,synthetic_scalability_scenario_derived_from_real_traffic,15,35,afreeca_dataset;amazon_dataset;battleground_dataset;gamebox_dataset;geforce_dataset;meet_dataset;navernow_dataset;netflix_dataset;roblox_dataset;teams_dataset;tft_dataset;youtubeLive_dataset;youtube_dataset;zepeto_dataset;zoom_dataset;roblox_dataset;navernow_dataset;amazon_dataset;zepeto_dataset;youtube_dataset;geforce_dataset;battleground_dataset;tft_dataset;amazon_dataset;navernow_dataset;tft_dataset;youtubeLive_dataset;meet_dataset;netflix_dataset;roblox_dataset;youtubeLive_dataset;zepeto_dataset;meet_dataset;navernow_dataset;zepeto_dataset;amazon_dataset;youtubeLive_dataset;navernow_dataset;tft_dataset;geforce_dataset;roblox_dataset;zoom_dataset;battleground_dataset;teams_dataset;amazon_dataset;youtubeLive_dataset;navernow_dataset;youtube_dataset;zepeto_dataset;gamebox_dataset,MEDIUM,Prediction Only (lambda=1.00),1.0,0.75,68.44654387791822,35.560668332768635,14.437861080462309,15.681324070188333,92.08729446935725,0.292651494987644,92.4020839340073,42
50,synthetic_scalability_scenario_derived_from_real_traffic,15,35,afreeca_dataset;amazon_dataset;battleground_dataset;gamebox_dataset;geforce_dataset;meet_dataset;navernow_dataset;netflix_dataset;roblox_dataset;teams_dataset;tft_dataset;youtubeLive_dataset;youtube_dataset;zepeto_dataset;zoom_dataset;roblox_dataset;navernow_dataset;amazon_dataset;zepeto_dataset;youtube_dataset;geforce_dataset;battleground_dataset;tft_dataset;amazon_dataset;navernow_dataset;tft_dataset;youtubeLive_dataset;meet_dataset;netflix_dataset;roblox_dataset;youtubeLive_dataset;zepeto_dataset;meet_dataset;navernow_dataset;zepeto_dataset;amazon_dataset;youtubeLive_dataset;navernow_dataset;tft_dataset;geforce_dataset;roblox_dataset;zoom_dataset;battleground_dataset;teams_dataset;amazon_dataset;youtubeLive_dataset;navernow_dataset;youtube_dataset;zepeto_dataset;gamebox_dataset,MEDIUM,Current Demand Only (lambda=0.00),0.0,0.75,79.72090339015534,10.06057034967045,0.34887076230550157,0.10978687843349819,99.89387144992526,0.24998245630575897,79.72090339015561,42
50,synthetic_scalability_scenario_derived_from_real_traffic,15,35,afreeca_dataset;amazon_dataset;battleground_dataset;gamebox_dataset;geforce_dataset;meet_dataset;navernow_dataset;netflix_dataset;roblox_dataset;teams_dataset;tft_dataset;youtubeLive_dataset;youtube_dataset;zepeto_dataset;zoom_dataset;zepeto_dataset;navernow_dataset;navernow_dataset;roblox_dataset;afreeca_dataset;meet_dataset;netflix_dataset;youtube_dataset;zoom_dataset;tft_dataset;zepeto_dataset;afreeca_dataset;roblox_dataset;youtube_dataset;amazon_dataset;amazon_dataset;youtube_dataset;tft_dataset;teams_dataset;tft_dataset;battleground_dataset;teams_dataset;netflix_dataset;youtubeLive_dataset;afreeca_dataset;roblox_dataset;geforce_dataset;geforce_dataset;tft_dataset;netflix_dataset;tft_dataset;youtube_dataset;geforce_dataset;amazon_dataset;gamebox_dataset,MEDIUM,Equal Share,,0.75,32.354711499146724,29.69660737647125,59.54903781867088,2.0729582853776756,83.7136023916293,0.4104574167941023,32.35471149914671,43
50,synthetic_scalability_scenario_derived_from_real_traffic,15,35,afreeca_dataset;amazon_dataset;battleground_dataset;gamebox_dataset;geforce_dataset;meet_dataset;navernow_dataset;netflix_dataset;roblox_dataset;teams_dataset;tft_dataset;youtubeLive_dataset;youtube_dataset;zepeto_dataset;zoom_dataset;zepeto_dataset;navernow_dataset;navernow_dataset;roblox_dataset;afreeca_dataset;meet_dataset;netflix_dataset;youtube_dataset;zoom_dataset;tft_dataset;zepeto_dataset;afreeca_dataset;roblox_dataset;youtube_dataset;amazon_dataset;amazon_dataset;youtube_dataset;tft_dataset;teams_dataset;tft_dataset;battleground_dataset;teams_dataset;netflix_dataset;youtubeLive_dataset;afreeca_dataset;roblox_dataset;geforce_dataset;geforce_dataset;tft_dataset;netflix_dataset;tft_dataset;youtube_dataset;geforce_dataset;amazon_dataset;gamebox_dataset,MEDIUM,Round Robin,,0.75,79.7975266446569,10.027234477863766,0.25309169417870897,0.051241962114237864,99.93781763826607,0.23653105110480732,79.79752664465704,43
50,synthetic_scalability_scenario_derived_from_real_traffic,15,35,afreeca_dataset;amazon_dataset;battleground_dataset;gamebox_dataset;geforce_dataset;meet_dataset;navernow_dataset;netflix_dataset;roblox_dataset;teams_dataset;tft_dataset;youtubeLive_dataset;youtube_dataset;zepeto_dataset;zoom_dataset;zepeto_dataset;navernow_dataset;navernow_dataset;roblox_dataset;afreeca_dataset;meet_dataset;netflix_dataset;youtube_dataset;zoom_dataset;tft_dataset;zepeto_dataset;afreeca_dataset;roblox_dataset;youtube_dataset;amazon_dataset;amazon_dataset;youtube_dataset;tft_dataset;teams_dataset;tft_dataset;battleground_dataset;teams_dataset;netflix_dataset;youtubeLive_dataset;afreeca_dataset;roblox_dataset;geforce_dataset;geforce_dataset;tft_dataset;netflix_dataset;tft_dataset;youtube_dataset;geforce_dataset;amazon_dataset;gamebox_dataset,MEDIUM,Proportional Fair,,0.75,79.85201010662755,10.050074681336865,0.1849873667154274,0.09439894100233387,99.93452914798206,0.23692890245411657,79.85201010662766,43
50,synthetic_scalability_scenario_derived_from_real_traffic,15,35,afreeca_dataset;amazon_dataset;battleground_dataset;gamebox_dataset;geforce_dataset;meet_dataset;navernow_dataset;netflix_dataset;roblox_dataset;teams_dataset;tft_dataset;youtubeLive_dataset;youtube_dataset;zepeto_dataset;zoom_dataset;zepeto_dataset;navernow_dataset;navernow_dataset;roblox_dataset;afreeca_dataset;meet_dataset;netflix_dataset;youtube_dataset;zoom_dataset;tft_dataset;zepeto_dataset;afreeca_dataset;roblox_dataset;youtube_dataset;amazon_dataset;amazon_dataset;youtube_dataset;tft_dataset;teams_dataset;tft_dataset;battleground_dataset;teams_dataset;netflix_dataset;youtubeLive_dataset;afreeca_dataset;roblox_dataset;geforce_dataset;geforce_dataset;tft_dataset;netflix_dataset;tft_dataset;youtube_dataset;geforce_dataset;amazon_dataset;gamebox_dataset,MEDIUM,Blended Demand (lambda=0.25),0.25,0.75,79.73331863367848,11.060835766799057,0.33215509903661716,0.5567581245133598,99.8286995515695,0.24817885451931515,83.59504580201703,43
50,synthetic_scalability_scenario_derived_from_real_traffic,15,35,afreeca_dataset;amazon_dataset;battleground_dataset;gamebox_dataset;geforce_dataset;meet_dataset;navernow_dataset;netflix_dataset;roblox_dataset;teams_dataset;tft_dataset;youtubeLive_dataset;youtube_dataset;zepeto_dataset;zoom_dataset;zepeto_dataset;navernow_dataset;navernow_dataset;roblox_dataset;afreeca_dataset;meet_dataset;netflix_dataset;youtube_dataset;zoom_dataset;tft_dataset;zepeto_dataset;afreeca_dataset;roblox_dataset;youtube_dataset;amazon_dataset;amazon_dataset;youtube_dataset;tft_dataset;teams_dataset;tft_dataset;battleground_dataset;teams_dataset;netflix_dataset;youtubeLive_dataset;afreeca_dataset;roblox_dataset;geforce_dataset;geforce_dataset;tft_dataset;netflix_dataset;tft_dataset;youtube_dataset;geforce_dataset;amazon_dataset;gamebox_dataset,MEDIUM,Blended Demand (lambda=0.50),0.5,0.75,78.70304673310456,12.554616692466071,1.6190312023907445,1.3892293600288756,98.67473841554559,0.2563964628522591,86.40725349337157,43
50,synthetic_scalability_scenario_derived_from_real_traffic,15,35,afreeca_dataset;amazon_dataset;battleground_dataset;gamebox_dataset;geforce_dataset;meet_dataset;navernow_dataset;netflix_dataset;roblox_dataset;teams_dataset;tft_dataset;youtubeLive_dataset;youtube_dataset;zepeto_dataset;zoom_dataset;zepeto_dataset;navernow_dataset;navernow_dataset;roblox_dataset;afreeca_dataset;meet_dataset;netflix_dataset;youtube_dataset;zoom_dataset;tft_dataset;zepeto_dataset;afreeca_dataset;roblox_dataset;youtube_dataset;amazon_dataset;amazon_dataset;youtube_dataset;tft_dataset;teams_dataset;tft_dataset;battleground_dataset;teams_dataset;netflix_dataset;youtubeLive_dataset;afreeca_dataset;roblox_dataset;geforce_dataset;geforce_dataset;tft_dataset;netflix_dataset;tft_dataset;youtube_dataset;geforce_dataset;amazon_dataset;gamebox_dataset,MEDIUM,Blended Demand (lambda=0.75),0.75,0.75,76.52152157869192,15.28577525309197,4.345604838947138,3.1814665965881455,96.20269058295965,0.261510294396271,88.01901473042625,43
50,synthetic_scalability_scenario_derived_from_real_traffic,15,35,afreeca_dataset;amazon_dataset;battleground_dataset;gamebox_dataset;geforce_dataset;meet_dataset;navernow_dataset;netflix_dataset;roblox_dataset;teams_dataset;tft_dataset;youtubeLive_dataset;youtube_dataset;zepeto_dataset;zoom_dataset;zepeto_dataset;navernow_dataset;navernow_dataset;roblox_dataset;afreeca_dataset;meet_dataset;netflix_dataset;youtube_dataset;zoom_dataset;tft_dataset;zepeto_dataset;afreeca_dataset;roblox_dataset;youtube_dataset;amazon_dataset;amazon_dataset;youtube_dataset;tft_dataset;teams_dataset;tft_dataset;battleground_dataset;teams_dataset;netflix_dataset;youtubeLive_dataset;afreeca_dataset;roblox_dataset;geforce_dataset;geforce_dataset;tft_dataset;netflix_dataset;tft_dataset;youtube_dataset;geforce_dataset;amazon_dataset;gamebox_dataset,MEDIUM,Prediction Only (lambda=1.00),1.0,0.75,74.04123391404795,26.754966343197957,7.4456316132935445,12.388352074469706,94.81733931240657,0.2650352533410966,89.10910155147035,43
50,synthetic_scalability_scenario_derived_from_real_traffic,15,35,afreeca_dataset;amazon_dataset;battleground_dataset;gamebox_dataset;geforce_dataset;meet_dataset;navernow_dataset;netflix_dataset;roblox_dataset;teams_dataset;tft_dataset;youtubeLive_dataset;youtube_dataset;zepeto_dataset;zoom_dataset;zepeto_dataset;navernow_dataset;navernow_dataset;roblox_dataset;afreeca_dataset;meet_dataset;netflix_dataset;youtube_dataset;zoom_dataset;tft_dataset;zepeto_dataset;afreeca_dataset;roblox_dataset;youtube_dataset;amazon_dataset;amazon_dataset;youtube_dataset;tft_dataset;teams_dataset;tft_dataset;battleground_dataset;teams_dataset;netflix_dataset;youtubeLive_dataset;afreeca_dataset;roblox_dataset;geforce_dataset;geforce_dataset;tft_dataset;netflix_dataset;tft_dataset;youtube_dataset;geforce_dataset;amazon_dataset;gamebox_dataset,MEDIUM,Current Demand Only (lambda=0.00),0.0,0.75,79.831842440182,10.03192919841054,0.21019694977236486,0.05923968049900558,99.94648729446936,0.23665758560745837,79.83184244018211,43
50,synthetic_scalability_scenario_derived_from_real_traffic,15,35,afreeca_dataset;amazon_dataset;battleground_dataset;gamebox_dataset;geforce_dataset;meet_dataset;navernow_dataset;netflix_dataset;roblox_dataset;teams_dataset;tft_dataset;youtubeLive_dataset;youtube_dataset;zepeto_dataset;zoom_dataset;roblox_dataset;navernow_dataset;roblox_dataset;amazon_dataset;roblox_dataset;youtube_dataset;zoom_dataset;youtubeLive_dataset;teams_dataset;tft_dataset;zoom_dataset;gamebox_dataset;youtube_dataset;zoom_dataset;tft_dataset;geforce_dataset;teams_dataset;meet_dataset;meet_dataset;roblox_dataset;youtube_dataset;battleground_dataset;navernow_dataset;roblox_dataset;youtube_dataset;roblox_dataset;geforce_dataset;youtubeLive_dataset;roblox_dataset;afreeca_dataset;geforce_dataset;zepeto_dataset;battleground_dataset;roblox_dataset;netflix_dataset,MEDIUM,Equal Share,,0.75,28.132489953989918,28.18103833879262,64.82825587212791,1.8503512945836849,84.26487294469358,0.3525630435737095,28.132489953989893,44
50,synthetic_scalability_scenario_derived_from_real_traffic,15,35,afreeca_dataset;amazon_dataset;battleground_dataset;gamebox_dataset;geforce_dataset;meet_dataset;navernow_dataset;netflix_dataset;roblox_dataset;teams_dataset;tft_dataset;youtubeLive_dataset;youtube_dataset;zepeto_dataset;zoom_dataset;roblox_dataset;navernow_dataset;roblox_dataset;amazon_dataset;roblox_dataset;youtube_dataset;zoom_dataset;youtubeLive_dataset;teams_dataset;tft_dataset;zoom_dataset;gamebox_dataset;youtube_dataset;zoom_dataset;tft_dataset;geforce_dataset;teams_dataset;meet_dataset;meet_dataset;roblox_dataset;youtube_dataset;battleground_dataset;navernow_dataset;roblox_dataset;youtube_dataset;roblox_dataset;geforce_dataset;youtubeLive_dataset;roblox_dataset;afreeca_dataset;geforce_dataset;zepeto_dataset;battleground_dataset;roblox_dataset;netflix_dataset,MEDIUM,Round Robin,,0.75,79.8432356202247,10.021974764201683,0.19595547471935615,0.04195916953686224,99.94469357249626,0.20955503528639044,79.8432356202245,44
50,synthetic_scalability_scenario_derived_from_real_traffic,15,35,afreeca_dataset;amazon_dataset;battleground_dataset;gamebox_dataset;geforce_dataset;meet_dataset;navernow_dataset;netflix_dataset;roblox_dataset;teams_dataset;tft_dataset;youtubeLive_dataset;youtube_dataset;zepeto_dataset;zoom_dataset;roblox_dataset;navernow_dataset;roblox_dataset;amazon_dataset;roblox_dataset;youtube_dataset;zoom_dataset;youtubeLive_dataset;teams_dataset;tft_dataset;zoom_dataset;gamebox_dataset;youtube_dataset;zoom_dataset;tft_dataset;geforce_dataset;teams_dataset;meet_dataset;meet_dataset;roblox_dataset;youtube_dataset;battleground_dataset;navernow_dataset;roblox_dataset;youtube_dataset;roblox_dataset;geforce_dataset;youtubeLive_dataset;roblox_dataset;afreeca_dataset;geforce_dataset;zepeto_dataset;battleground_dataset;roblox_dataset;netflix_dataset,MEDIUM,Proportional Fair,,0.75,79.90335682019703,10.040950355067228,0.12080397475394394,0.0780324520977567,99.94200298953662,0.20990330314779662,79.90335682019683,44
50,synthetic_scalability_scenario_derived_from_real_traffic,15,35,afreeca_dataset;amazon_dataset;battleground_dataset;gamebox_dataset;geforce_dataset;meet_dataset;navernow_dataset;netflix_dataset;roblox_dataset;teams_dataset;tft_dataset;youtubeLive_dataset;youtube_dataset;zepeto_dataset;zoom_dataset;roblox_dataset;navernow_dataset;roblox_dataset;amazon_dataset;roblox_dataset;youtube_dataset;zoom_dataset;youtubeLive_dataset;teams_dataset;tft_dataset;zoom_dataset;gamebox_dataset;youtube_dataset;zoom_dataset;tft_dataset;geforce_dataset;teams_dataset;meet_dataset;meet_dataset;roblox_dataset;youtube_dataset;battleground_dataset;navernow_dataset;roblox_dataset;youtube_dataset;roblox_dataset;geforce_dataset;youtubeLive_dataset;roblox_dataset;afreeca_dataset;geforce_dataset;zepeto_dataset;battleground_dataset;roblox_dataset;netflix_dataset,MEDIUM,Blended Demand (lambda=0.25),0.25,0.75,79.76701923505154,10.908074385106778,0.29097298565172325,0.5032509203244017,99.82002989536622,0.219199280178981,83.47203687440535,44
50,synthetic_scalability_scenario_derived_from_real_traffic,15,35,afreeca_dataset;amazon_dataset;battleground_dataset;gamebox_dataset;geforce_dataset;meet_dataset;navernow_dataset;netflix_dataset;roblox_dataset;teams_dataset;tft_dataset;youtubeLive_dataset;youtube_dataset;zepeto_dataset;zoom_dataset;roblox_dataset;navernow_dataset;roblox_dataset;amazon_dataset;roblox_dataset;youtube_dataset;zoom_dataset;youtubeLive_dataset;teams_dataset;tft_dataset;zoom_dataset;gamebox_dataset;youtube_dataset;zoom_dataset;tft_dataset;geforce_dataset;teams_dataset;meet_dataset;meet_dataset;roblox_dataset;youtube_dataset;battleground_dataset;navernow_dataset;roblox_dataset;youtube_dataset;roblox_dataset;geforce_dataset;youtubeLive_dataset;roblox_dataset;afreeca_dataset;geforce_dataset;zepeto_dataset;battleground_dataset;roblox_dataset;netflix_dataset,MEDIUM,Blended Demand (lambda=0.50),0.5,0.75,78.55901042220478,12.150075733973313,1.800731031177066,1.2491675537380151,98.62331838565022,0.22551537000799496,85.95704768547556,44
50,synthetic_scalability_scenario_derived_from_real_traffic,15,35,afreeca_dataset;amazon_dataset;battleground_dataset;gamebox_dataset;geforce_dataset;meet_dataset;navernow_dataset;netflix_dataset;roblox_dataset;teams_dataset;tft_dataset;youtubeLive_dataset;youtube_dataset;zepeto_dataset;zoom_dataset;roblox_dataset;navernow_dataset;roblox_dataset;amazon_dataset;roblox_dataset;youtube_dataset;zoom_dataset;youtubeLive_dataset;teams_dataset;tft_dataset;zoom_dataset;gamebox_dataset;youtube_dataset;zoom_dataset;tft_dataset;geforce_dataset;teams_dataset;meet_dataset;meet_dataset;roblox_dataset;youtube_dataset;battleground_dataset;navernow_dataset;roblox_dataset;youtube_dataset;roblox_dataset;geforce_dataset;youtubeLive_dataset;roblox_dataset;afreeca_dataset;geforce_dataset;zepeto_dataset;battleground_dataset;roblox_dataset;netflix_dataset,MEDIUM,Blended Demand (lambda=0.75),0.75,0.75,76.30567039180428,14.413687525838771,4.617153098643787,2.8791327679751104,96.55874439461883,0.22929116240155628,87.36246055603668,44
50,synthetic_scalability_scenario_derived_from_real_traffic,15,35,afreeca_dataset;amazon_dataset;battleground_dataset;gamebox_dataset;geforce_dataset;meet_dataset;navernow_dataset;netflix_dataset;roblox_dataset;teams_dataset;tft_dataset;youtubeLive_dataset;youtube_dataset;zepeto_dataset;zoom_dataset;roblox_dataset;navernow_dataset;roblox_dataset;amazon_dataset;roblox_dataset;youtube_dataset;zoom_dataset;youtubeLive_dataset;teams_dataset;tft_dataset;zoom_dataset;gamebox_dataset;youtube_dataset;zoom_dataset;tft_dataset;geforce_dataset;teams_dataset;meet_dataset;meet_dataset;roblox_dataset;youtube_dataset;battleground_dataset;navernow_dataset;roblox_dataset;youtube_dataset;roblox_dataset;geforce_dataset;youtubeLive_dataset;roblox_dataset;afreeca_dataset;geforce_dataset;zepeto_dataset;battleground_dataset;roblox_dataset;netflix_dataset,MEDIUM,Prediction Only (lambda=1.00),1.0,0.75,73.82078044985111,24.125206712568517,7.723012555552217,11.382885286202761,95.60568011958146,0.23190125206472076,88.33478431304582,44
50,synthetic_scalability_scenario_derived_from_real_traffic,15,35,afreeca_dataset;amazon_dataset;battleground_dataset;gamebox_dataset;geforce_dataset;meet_dataset;navernow_dataset;netflix_dataset;roblox_dataset;teams_dataset;tft_dataset;youtubeLive_dataset;youtube_dataset;zepeto_dataset;zoom_dataset;roblox_dataset;navernow_dataset;roblox_dataset;amazon_dataset;roblox_dataset;youtube_dataset;zoom_dataset;youtubeLive_dataset;teams_dataset;tft_dataset;zoom_dataset;gamebox_dataset;youtube_dataset;zoom_dataset;tft_dataset;geforce_dataset;teams_dataset;meet_dataset;meet_dataset;roblox_dataset;youtube_dataset;battleground_dataset;navernow_dataset;roblox_dataset;youtube_dataset;roblox_dataset;geforce_dataset;youtubeLive_dataset;roblox_dataset;afreeca_dataset;geforce_dataset;zepeto_dataset;battleground_dataset;roblox_dataset;netflix_dataset,MEDIUM,Current Demand Only (lambda=0.00),0.0,0.75,79.87613304973384,10.025651269602859,0.15483368783297766,0.04799413953123237,99.94857997010463,0.2096637275924318,79.87613304973361,44
50,synthetic_scalability_scenario_derived_from_real_traffic,15,35,afreeca_dataset;amazon_dataset;battleground_dataset;gamebox_dataset;geforce_dataset;meet_dataset;navernow_dataset;netflix_dataset;roblox_dataset;teams_dataset;tft_dataset;youtubeLive_dataset;youtube_dataset;zepeto_dataset;zoom_dataset;roblox_dataset;netflix_dataset;navernow_dataset;youtubeLive_dataset;meet_dataset;youtube_dataset;navernow_dataset;geforce_dataset;navernow_dataset;navernow_dataset;meet_dataset;youtube_dataset;zepeto_dataset;afreeca_dataset;roblox_dataset;battleground_dataset;geforce_dataset;youtube_dataset;battleground_dataset;gamebox_dataset;navernow_dataset;zepeto_dataset;youtubeLive_dataset;battleground_dataset;afreeca_dataset;meet_dataset;afreeca_dataset;geforce_dataset;zepeto_dataset;youtube_dataset;zepeto_dataset;youtubeLive_dataset;meet_dataset;zoom_dataset;zoom_dataset,MEDIUM,Equal Share,,0.75,33.771326688472165,30.34264501680378,57.777041606775384,2.3055631796666263,83.6795216741405,0.40517267231369797,33.771326688472136,45
50,synthetic_scalability_scenario_derived_from_real_traffic,15,35,afreeca_dataset;amazon_dataset;battleground_dataset;gamebox_dataset;geforce_dataset;meet_dataset;navernow_dataset;netflix_dataset;roblox_dataset;teams_dataset;tft_dataset;youtubeLive_dataset;youtube_dataset;zepeto_dataset;zoom_dataset;roblox_dataset;netflix_dataset;navernow_dataset;youtubeLive_dataset;meet_dataset;youtube_dataset;navernow_dataset;geforce_dataset;navernow_dataset;navernow_dataset;meet_dataset;youtube_dataset;zepeto_dataset;afreeca_dataset;roblox_dataset;battleground_dataset;geforce_dataset;youtube_dataset;battleground_dataset;gamebox_dataset;navernow_dataset;zepeto_dataset;youtubeLive_dataset;battleground_dataset;afreeca_dataset;meet_dataset;afreeca_dataset;geforce_dataset;zepeto_dataset;youtube_dataset;zepeto_dataset;youtubeLive_dataset;meet_dataset;zoom_dataset;zoom_dataset,MEDIUM,Round Robin,,0.75,79.8594153262599,10.036703034042077,0.17573084217532553,0.0718132291001238,99.92615844544096,0.2638412222630664,79.85941532625975,45
50,synthetic_scalability_scenario_derived_from_real_traffic,15,35,afreeca_dataset;amazon_dataset;battleground_dataset;gamebox_dataset;geforce_dataset;meet_dataset;navernow_dataset;netflix_dataset;roblox_dataset;teams_dataset;tft_dataset;youtubeLive_dataset;youtube_dataset;zepeto_dataset;zoom_dataset;roblox_dataset;netflix_dataset;navernow_dataset;youtubeLive_dataset;meet_dataset;youtube_dataset;navernow_dataset;geforce_dataset;navernow_dataset;navernow_dataset;meet_dataset;youtube_dataset;zepeto_dataset;afreeca_dataset;roblox_dataset;battleground_dataset;geforce_dataset;youtube_dataset;battleground_dataset;gamebox_dataset;navernow_dataset;zepeto_dataset;youtubeLive_dataset;battleground_dataset;afreeca_dataset;meet_dataset;afreeca_dataset;geforce_dataset;zepeto_dataset;youtube_dataset;zepeto_dataset;youtubeLive_dataset;meet_dataset;zoom_dataset;zoom_dataset,MEDIUM,Proportional Fair,,0.75,79.94050714622962,10.070394082750543,0.07436606721320582,0.13698594220675578,99.92825112107623,0.26432486646168746,79.94050714622944,45
50,synthetic_scalability_scenario_derived_from_real_traffic,15,35,afreeca_dataset;amazon_dataset;battleground_dataset;gamebox_dataset;geforce_dataset;meet_dataset;navernow_dataset;netflix_dataset;roblox_dataset;teams_dataset;tft_dataset;youtubeLive_dataset;youtube_dataset;zepeto_dataset;zoom_dataset;roblox_dataset;netflix_dataset;navernow_dataset;youtubeLive_dataset;meet_dataset;youtube_dataset;navernow_dataset;geforce_dataset;navernow_dataset;navernow_dataset;meet_dataset;youtube_dataset;zepeto_dataset;afreeca_dataset;roblox_dataset;battleground_dataset;geforce_dataset;youtube_dataset;battleground_dataset;gamebox_dataset;navernow_dataset;zepeto_dataset;youtubeLive_dataset;battleground_dataset;afreeca_dataset;meet_dataset;afreeca_dataset;geforce_dataset;zepeto_dataset;youtube_dataset;zepeto_dataset;youtubeLive_dataset;meet_dataset;zoom_dataset;zoom_dataset,MEDIUM,Blended Demand (lambda=0.25),0.25,0.75,79.7945113560709,11.125801419361466,0.2554293533669436,0.590038975170733,99.75306427503737,0.27833192499918347,84.78344150262966,45
50,synthetic_scalability_scenario_derived_from_real_traffic,15,35,afreeca_dataset;amazon_dataset;battleground_dataset;gamebox_dataset;geforce_dataset;meet_dataset;navernow_dataset;netflix_dataset;roblox_dataset;teams_dataset;tft_dataset;youtubeLive_dataset;youtube_dataset;zepeto_dataset;zoom_dataset;roblox_dataset;netflix_dataset;navernow_dataset;youtubeLive_dataset;meet_dataset;youtube_dataset;navernow_dataset;geforce_dataset;navernow_dataset;navernow_dataset;meet_dataset;youtube_dataset;zepeto_dataset;afreeca_dataset;roblox_dataset;battleground_dataset;geforce_dataset;youtube_dataset;battleground_dataset;gamebox_dataset;navernow_dataset;zepeto_dataset;youtubeLive_dataset;battleground_dataset;afreeca_dataset;meet_dataset;afreeca_dataset;geforce_dataset;zepeto_dataset;youtube_dataset;zepeto_dataset;youtubeLive_dataset;meet_dataset;zoom_dataset;zoom_dataset,MEDIUM,Blended Demand (lambda=0.50),0.5,0.75,78.40797466565131,12.705333523183004,1.98723311529864,1.4524111044303438,97.88340807174887,0.28777734669098687,88.35228088608383,45
50,synthetic_scalability_scenario_derived_from_real_traffic,15,35,afreeca_dataset;amazon_dataset;battleground_dataset;gamebox_dataset;geforce_dataset;meet_dataset;navernow_dataset;netflix_dataset;roblox_dataset;teams_dataset;tft_dataset;youtubeLive_dataset;youtube_dataset;zepeto_dataset;zoom_dataset;roblox_dataset;netflix_dataset;navernow_dataset;youtubeLive_dataset;meet_dataset;youtube_dataset;navernow_dataset;geforce_dataset;navernow_dataset;navernow_dataset;meet_dataset;youtube_dataset;zepeto_dataset;afreeca_dataset;roblox_dataset;battleground_dataset;geforce_dataset;youtube_dataset;battleground_dataset;gamebox_dataset;navernow_dataset;zepeto_dataset;youtubeLive_dataset;battleground_dataset;afreeca_dataset;meet_dataset;afreeca_dataset;geforce_dataset;zepeto_dataset;youtube_dataset;zepeto_dataset;youtubeLive_dataset;meet_dataset;zoom_dataset;zoom_dataset,MEDIUM,Blended Demand (lambda=0.75),0.75,0.75,74.9235948001156,15.42821577641381,6.342216257072723,3.215274355860314,95.196711509716,0.29215241060622077,89.74385931370425,45
50,synthetic_scalability_scenario_derived_from_real_traffic,15,35,afreeca_dataset;amazon_dataset;battleground_dataset;gamebox_dataset;geforce_dataset;meet_dataset;navernow_dataset;netflix_dataset;roblox_dataset;teams_dataset;tft_dataset;youtubeLive_dataset;youtube_dataset;zepeto_dataset;zoom_dataset;roblox_dataset;netflix_dataset;navernow_dataset;youtubeLive_dataset;meet_dataset;youtube_dataset;navernow_dataset;geforce_dataset;navernow_dataset;navernow_dataset;meet_dataset;youtube_dataset;zepeto_dataset;afreeca_dataset;roblox_dataset;battleground_dataset;geforce_dataset;youtube_dataset;battleground_dataset;gamebox_dataset;navernow_dataset;zepeto_dataset;youtubeLive_dataset;battleground_dataset;afreeca_dataset;meet_dataset;afreeca_dataset;geforce_dataset;zepeto_dataset;youtube_dataset;zepeto_dataset;youtubeLive_dataset;meet_dataset;zoom_dataset;zoom_dataset,MEDIUM,Prediction Only (lambda=1.00),1.0,0.75,71.06076839485812,28.90496075257935,11.17039990020558,13.455216080139428,94.21255605381165,0.2947217046803109,90.36605401485295,45
50,synthetic_scalability_scenario_derived_from_real_traffic,15,35,afreeca_dataset;amazon_dataset;battleground_dataset;gamebox_dataset;geforce_dataset;meet_dataset;navernow_dataset;netflix_dataset;roblox_dataset;teams_dataset;tft_dataset;youtubeLive_dataset;youtube_dataset;zepeto_dataset;zoom_dataset;roblox_dataset;netflix_dataset;navernow_dataset;youtubeLive_dataset;meet_dataset;youtube_dataset;navernow_dataset;geforce_dataset;navernow_dataset;navernow_dataset;meet_dataset;youtube_dataset;zepeto_dataset;afreeca_dataset;roblox_dataset;battleground_dataset;geforce_dataset;youtube_dataset;battleground_dataset;gamebox_dataset;navernow_dataset;zepeto_dataset;youtubeLive_dataset;battleground_dataset;afreeca_dataset;meet_dataset;afreeca_dataset;geforce_dataset;zepeto_dataset;youtube_dataset;zepeto_dataset;youtubeLive_dataset;meet_dataset;zoom_dataset;zoom_dataset,MEDIUM,Current Demand Only (lambda=0.00),0.0,0.75,79.91080183068577,10.042013814953409,0.11149771164297059,0.08174869124739804,99.93931240657697,0.26400796801581006,79.91080183068563,45
50,synthetic_scalability_scenario_derived_from_real_traffic,15,35,afreeca_dataset;amazon_dataset;battleground_dataset;gamebox_dataset;geforce_dataset;meet_dataset;navernow_dataset;netflix_dataset;roblox_dataset;teams_dataset;tft_dataset;youtubeLive_dataset;youtube_dataset;zepeto_dataset;zoom_dataset;teams_dataset;battleground_dataset;youtubeLive_dataset;zepeto_dataset;gamebox_dataset;geforce_dataset;zepeto_dataset;geforce_dataset;zoom_dataset;gamebox_dataset;meet_dataset;teams_dataset;afreeca_dataset;battleground_dataset;geforce_dataset;zoom_dataset;teams_dataset;tft_dataset;youtube_dataset;zoom_dataset;youtube_dataset;netflix_dataset;battleground_dataset;teams_dataset;tft_dataset;youtubeLive_dataset;meet_dataset;battleground_dataset;gamebox_dataset;battleground_dataset;navernow_dataset;meet_dataset;youtubeLive_dataset;geforce_dataset;netflix_dataset,MEDIUM,Equal Share,,0.75,31.342668986498317,30.85625703941597,60.814482043324695,1.5370138549118475,80.58594917787742,0.3930296063194637,31.342668986498328,46
50,synthetic_scalability_scenario_derived_from_real_traffic,15,35,afreeca_dataset;amazon_dataset;battleground_dataset;gamebox_dataset;geforce_dataset;meet_dataset;navernow_dataset;netflix_dataset;roblox_dataset;teams_dataset;tft_dataset;youtubeLive_dataset;youtube_dataset;zepeto_dataset;zoom_dataset;teams_dataset;battleground_dataset;youtubeLive_dataset;zepeto_dataset;gamebox_dataset;geforce_dataset;zepeto_dataset;geforce_dataset;zoom_dataset;gamebox_dataset;meet_dataset;teams_dataset;afreeca_dataset;battleground_dataset;geforce_dataset;zoom_dataset;teams_dataset;tft_dataset;youtube_dataset;zoom_dataset;youtube_dataset;netflix_dataset;battleground_dataset;teams_dataset;tft_dataset;youtubeLive_dataset;meet_dataset;battleground_dataset;gamebox_dataset;battleground_dataset;navernow_dataset;meet_dataset;youtubeLive_dataset;geforce_dataset;netflix_dataset,MEDIUM,Round Robin,,0.75,79.96977873650236,10.005742259459732,0.037776579371856994,0.011311383648337626,99.98624813153961,0.25986960655949354,79.96977873650252,46
50,synthetic_scalability_scenario_derived_from_real_traffic,15,35,afreeca_dataset;amazon_dataset;battleground_dataset;gamebox_dataset;geforce_dataset;meet_dataset;navernow_dataset;netflix_dataset;roblox_dataset;teams_dataset;tft_dataset;youtubeLive_dataset;youtube_dataset;zepeto_dataset;zoom_dataset;teams_dataset;battleground_dataset;youtubeLive_dataset;zepeto_dataset;gamebox_dataset;geforce_dataset;zepeto_dataset;geforce_dataset;zoom_dataset;gamebox_dataset;meet_dataset;teams_dataset;afreeca_dataset;battleground_dataset;geforce_dataset;zoom_dataset;teams_dataset;tft_dataset;youtube_dataset;zoom_dataset;youtube_dataset;netflix_dataset;battleground_dataset;teams_dataset;tft_dataset;youtubeLive_dataset;meet_dataset;battleground_dataset;gamebox_dataset;battleground_dataset;navernow_dataset;meet_dataset;youtubeLive_dataset;geforce_dataset;netflix_dataset,MEDIUM,Proportional Fair,,0.75,79.98508130453467,10.010865390096441,0.01864836933148604,0.021437621223983853,99.99581464872945,0.2599395090566381,79.98508130453482,46
50,synthetic_scalability_scenario_derived_from_real_traffic,15,35,afreeca_dataset;amazon_dataset;battleground_dataset;gamebox_dataset;geforce_dataset;meet_dataset;navernow_dataset;netflix_dataset;roblox_dataset;teams_dataset;tft_dataset;youtubeLive_dataset;youtube_dataset;zepeto_dataset;zoom_dataset;teams_dataset;battleground_dataset;youtubeLive_dataset;zepeto_dataset;gamebox_dataset;geforce_dataset;zepeto_dataset;geforce_dataset;zoom_dataset;gamebox_dataset;meet_dataset;teams_dataset;afreeca_dataset;battleground_dataset;geforce_dataset;zoom_dataset;teams_dataset;tft_dataset;youtube_dataset;zoom_dataset;youtube_dataset;netflix_dataset;battleground_dataset;teams_dataset;tft_dataset;youtubeLive_dataset;meet_dataset;battleground_dataset;gamebox_dataset;battleground_dataset;navernow_dataset;meet_dataset;youtubeLive_dataset;geforce_dataset;netflix_dataset,MEDIUM,Blended Demand (lambda=0.25),0.25,0.75,79.96142682430165,10.759357058523157,0.047871061485952104,0.447604575998793,99.9509715994021,0.2678835363147559,82.40931352866836,46
50,synthetic_scalability_scenario_derived_from_real_traffic,15,35,afreeca_dataset;amazon_dataset;battleground_dataset;gamebox_dataset;geforce_dataset;meet_dataset;navernow_dataset;netflix_dataset;roblox_dataset;teams_dataset;tft_dataset;youtubeLive_dataset;youtube_dataset;zepeto_dataset;zoom_dataset;teams_dataset;battleground_dataset;youtubeLive_dataset;zepeto_dataset;gamebox_dataset;geforce_dataset;zepeto_dataset;geforce_dataset;zoom_dataset;gamebox_dataset;meet_dataset;teams_dataset;afreeca_dataset;battleground_dataset;geforce_dataset;zoom_dataset;teams_dataset;tft_dataset;youtube_dataset;zoom_dataset;youtube_dataset;netflix_dataset;battleground_dataset;teams_dataset;tft_dataset;youtubeLive_dataset;meet_dataset;battleground_dataset;gamebox_dataset;battleground_dataset;navernow_dataset;meet_dataset;youtubeLive_dataset;geforce_dataset;netflix_dataset,MEDIUM,Blended Demand (lambda=0.50),0.5,0.75,79.58651150824303,11.868864747274106,0.516169798422389,1.1967462167369236,99.4185351270553,0.27414097210073224,84.4808132782086,46
50,synthetic_scalability_scenario_derived_from_real_traffic,15,35,afreeca_dataset;amazon_dataset;battleground_dataset;gamebox_dataset;geforce_dataset;meet_dataset;navernow_dataset;netflix_dataset;roblox_dataset;teams_dataset;tft_dataset;youtubeLive_dataset;youtube_dataset;zepeto_dataset;zoom_dataset;teams_dataset;battleground_dataset;youtubeLive_dataset;zepeto_dataset;gamebox_dataset;geforce_dataset;zepeto_dataset;geforce_dataset;zoom_dataset;gamebox_dataset;meet_dataset;teams_dataset;afreeca_dataset;battleground_dataset;geforce_dataset;zoom_dataset;teams_dataset;tft_dataset;youtube_dataset;zoom_dataset;youtube_dataset;netflix_dataset;battleground_dataset;teams_dataset;tft_dataset;youtubeLive_dataset;meet_dataset;battleground_dataset;gamebox_dataset;battleground_dataset;navernow_dataset;meet_dataset;youtubeLive_dataset;geforce_dataset;netflix_dataset,MEDIUM,Blended Demand (lambda=0.75),0.75,0.75,78.50038201531386,13.853340491754567,1.8734862564461765,2.775719907828458,97.39850523168909,0.27821681660367664,85.83309674605295,46
50,synthetic_scalability_scenario_derived_from_real_traffic,15,35,afreeca_dataset;amazon_dataset;battleground_dataset;gamebox_dataset;geforce_dataset;meet_dataset;navernow_dataset;netflix_dataset;roblox_dataset;teams_dataset;tft_dataset;youtubeLive_dataset;youtube_dataset;zepeto_dataset;zoom_dataset;teams_dataset;battleground_dataset;youtubeLive_dataset;zepeto_dataset;gamebox_dataset;geforce_dataset;zepeto_dataset;geforce_dataset;zoom_dataset;gamebox_dataset;meet_dataset;teams_dataset;afreeca_dataset;battleground_dataset;geforce_dataset;zoom_dataset;teams_dataset;tft_dataset;youtube_dataset;zoom_dataset;youtube_dataset;netflix_dataset;battleground_dataset;teams_dataset;tft_dataset;youtubeLive_dataset;meet_dataset;battleground_dataset;gamebox_dataset;battleground_dataset;navernow_dataset;meet_dataset;youtubeLive_dataset;geforce_dataset;netflix_dataset,MEDIUM,Prediction Only (lambda=1.00),1.0,0.75,77.22129573321686,22.25581116462239,3.471998700931363,10.947948012951104,96.59581464872944,0.2814682540789999,86.95693747435983,46
50,synthetic_scalability_scenario_derived_from_real_traffic,15,35,afreeca_dataset;amazon_dataset;battleground_dataset;gamebox_dataset;geforce_dataset;meet_dataset;navernow_dataset;netflix_dataset;roblox_dataset;teams_dataset;tft_dataset;youtubeLive_dataset;youtube_dataset;zepeto_dataset;zoom_dataset;teams_dataset;battleground_dataset;youtubeLive_dataset;zepeto_dataset;gamebox_dataset;geforce_dataset;zepeto_dataset;geforce_dataset;zoom_dataset;gamebox_dataset;meet_dataset;teams_dataset;afreeca_dataset;battleground_dataset;geforce_dataset;zoom_dataset;teams_dataset;tft_dataset;youtube_dataset;zoom_dataset;youtube_dataset;netflix_dataset;battleground_dataset;teams_dataset;tft_dataset;youtubeLive_dataset;meet_dataset;battleground_dataset;gamebox_dataset;battleground_dataset;navernow_dataset;meet_dataset;youtubeLive_dataset;geforce_dataset;netflix_dataset,MEDIUM,Current Demand Only (lambda=0.00),0.0,0.75,79.97823147382503,10.006835196076908,0.02721065771851554,0.013494566932721705,99.9898355754858,0.25990499771104175,79.97823147382518,46
50,synthetic_scalability_scenario_derived_from_real_traffic,15,35,afreeca_dataset;amazon_dataset;battleground_dataset;gamebox_dataset;geforce_dataset;meet_dataset;navernow_dataset;netflix_dataset;roblox_dataset;teams_dataset;tft_dataset;youtubeLive_dataset;youtube_dataset;zepeto_dataset;zoom_dataset;roblox_dataset;navernow_dataset;amazon_dataset;zepeto_dataset;youtube_dataset;geforce_dataset;battleground_dataset;tft_dataset;amazon_dataset;navernow_dataset;tft_dataset;youtubeLive_dataset;meet_dataset;netflix_dataset;roblox_dataset;youtubeLive_dataset;zepeto_dataset;meet_dataset;navernow_dataset;zepeto_dataset;amazon_dataset;youtubeLive_dataset;navernow_dataset;tft_dataset;geforce_dataset;roblox_dataset;zoom_dataset;battleground_dataset;teams_dataset;amazon_dataset;youtubeLive_dataset;navernow_dataset;youtube_dataset;zepeto_dataset;gamebox_dataset,HIGH,Equal Share,,0.75,35.56983637485921,31.428057178832375,67.6580682746341,2.7266976770028597,83.2239162929746,0.4572833729043246,35.56983637485918,42
50,synthetic_scalability_scenario_derived_from_real_traffic,15,35,afreeca_dataset;amazon_dataset;battleground_dataset;gamebox_dataset;geforce_dataset;meet_dataset;navernow_dataset;netflix_dataset;roblox_dataset;teams_dataset;tft_dataset;youtubeLive_dataset;youtube_dataset;zepeto_dataset;zoom_dataset;roblox_dataset;navernow_dataset;amazon_dataset;zepeto_dataset;youtube_dataset;geforce_dataset;battleground_dataset;tft_dataset;amazon_dataset;navernow_dataset;tft_dataset;youtubeLive_dataset;meet_dataset;netflix_dataset;roblox_dataset;youtubeLive_dataset;zepeto_dataset;meet_dataset;navernow_dataset;zepeto_dataset;amazon_dataset;youtubeLive_dataset;navernow_dataset;tft_dataset;geforce_dataset;roblox_dataset;zoom_dataset;battleground_dataset;teams_dataset;amazon_dataset;youtubeLive_dataset;navernow_dataset;youtube_dataset;zepeto_dataset;gamebox_dataset,HIGH,Round Robin,,0.75,99.18736747331032,11.390523536476138,9.829643036345612,1.046152395066474,94.66427503736921,0.2586282704787819,99.18736747331039,42
50,synthetic_scalability_scenario_derived_from_real_traffic,15,35,afreeca_dataset;amazon_dataset;battleground_dataset;gamebox_dataset;geforce_dataset;meet_dataset;navernow_dataset;netflix_dataset;roblox_dataset;teams_dataset;tft_dataset;youtubeLive_dataset;youtube_dataset;zepeto_dataset;zoom_dataset;roblox_dataset;navernow_dataset;amazon_dataset;zepeto_dataset;youtube_dataset;geforce_dataset;battleground_dataset;tft_dataset;amazon_dataset;navernow_dataset;tft_dataset;youtubeLive_dataset;meet_dataset;netflix_dataset;roblox_dataset;youtubeLive_dataset;zepeto_dataset;meet_dataset;navernow_dataset;zepeto_dataset;amazon_dataset;youtubeLive_dataset;navernow_dataset;tft_dataset;geforce_dataset;roblox_dataset;zoom_dataset;battleground_dataset;teams_dataset;amazon_dataset;youtubeLive_dataset;navernow_dataset;youtube_dataset;zepeto_dataset;gamebox_dataset,HIGH,Proportional Fair,,0.75,98.98470295488934,11.427323590901473,10.013634335900537,1.297255085445016,95.32107623318386,0.2757798491499283,98.98470295488937,42
50,synthetic_scalability_scenario_derived_from_real_traffic,15,35,afreeca_dataset;amazon_dataset;battleground_dataset;gamebox_dataset;geforce_dataset;meet_dataset;navernow_dataset;netflix_dataset;roblox_dataset;teams_dataset;tft_dataset;youtubeLive_dataset;youtube_dataset;zepeto_dataset;zoom_dataset;roblox_dataset;navernow_dataset;amazon_dataset;zepeto_dataset;youtube_dataset;geforce_dataset;battleground_dataset;tft_dataset;amazon_dataset;navernow_dataset;tft_dataset;youtubeLive_dataset;meet_dataset;netflix_dataset;roblox_dataset;youtubeLive_dataset;zepeto_dataset;meet_dataset;navernow_dataset;zepeto_dataset;amazon_dataset;youtubeLive_dataset;navernow_dataset;tft_dataset;geforce_dataset;roblox_dataset;zoom_dataset;battleground_dataset;teams_dataset;amazon_dataset;youtubeLive_dataset;navernow_dataset;youtube_dataset;zepeto_dataset;gamebox_dataset,HIGH,Blended Demand (lambda=0.25),0.25,0.75,92.83835434982174,13.521868052819695,15.599100543263681,1.311376072246238,90.55575485799702,0.2885975139227101,99.96363837685888,42
50,synthetic_scalability_scenario_derived_from_real_traffic,15,35,afreeca_dataset;amazon_dataset;battleground_dataset;gamebox_dataset;geforce_dataset;meet_dataset;navernow_dataset;netflix_dataset;roblox_dataset;teams_dataset;tft_dataset;youtubeLive_dataset;youtube_dataset;zepeto_dataset;zoom_dataset;roblox_dataset;navernow_dataset;amazon_dataset;zepeto_dataset;youtube_dataset;geforce_dataset;battleground_dataset;tft_dataset;amazon_dataset;navernow_dataset;tft_dataset;youtubeLive_dataset;meet_dataset;netflix_dataset;roblox_dataset;youtubeLive_dataset;zepeto_dataset;meet_dataset;navernow_dataset;zepeto_dataset;amazon_dataset;youtubeLive_dataset;navernow_dataset;tft_dataset;geforce_dataset;roblox_dataset;zoom_dataset;battleground_dataset;teams_dataset;amazon_dataset;youtubeLive_dataset;navernow_dataset;youtube_dataset;zepeto_dataset;gamebox_dataset,HIGH,Blended Demand (lambda=0.50),0.5,0.75,88.25565502534359,15.372024488783797,19.763995827915384,1.766053522123789,88.69626307922272,0.30617035026338885,99.99675496257889,42
50,synthetic_scalability_scenario_derived_from_real_traffic,15,35,afreeca_dataset;amazon_dataset;battleground_dataset;gamebox_dataset;geforce_dataset;meet_dataset;navernow_dataset;netflix_dataset;roblox_dataset;teams_dataset;tft_dataset;youtubeLive_dataset;youtube_dataset;zepeto_dataset;zoom_dataset;roblox_dataset;navernow_dataset;amazon_dataset;zepeto_dataset;youtube_dataset;geforce_dataset;battleground_dataset;tft_dataset;amazon_dataset;navernow_dataset;tft_dataset;youtubeLive_dataset;meet_dataset;netflix_dataset;roblox_dataset;youtubeLive_dataset;zepeto_dataset;meet_dataset;navernow_dataset;zepeto_dataset;amazon_dataset;youtubeLive_dataset;navernow_dataset;tft_dataset;geforce_dataset;roblox_dataset;zoom_dataset;battleground_dataset;teams_dataset;amazon_dataset;youtubeLive_dataset;navernow_dataset;youtube_dataset;zepeto_dataset;gamebox_dataset,HIGH,Blended Demand (lambda=0.75),0.75,0.75,84.33665052565632,18.535360450062353,23.326287907218077,3.4355614067052898,85.73632286995516,0.3098039404806174,99.99679512725544,42
50,synthetic_scalability_scenario_derived_from_real_traffic,15,35,afreeca_dataset;amazon_dataset;battleground_dataset;gamebox_dataset;geforce_dataset;meet_dataset;navernow_dataset;netflix_dataset;roblox_dataset;teams_dataset;tft_dataset;youtubeLive_dataset;youtube_dataset;zepeto_dataset;zoom_dataset;roblox_dataset;navernow_dataset;amazon_dataset;zepeto_dataset;youtube_dataset;geforce_dataset;battleground_dataset;tft_dataset;amazon_dataset;navernow_dataset;tft_dataset;youtubeLive_dataset;meet_dataset;netflix_dataset;roblox_dataset;youtubeLive_dataset;zepeto_dataset;meet_dataset;navernow_dataset;zepeto_dataset;amazon_dataset;youtubeLive_dataset;navernow_dataset;tft_dataset;geforce_dataset;roblox_dataset;zoom_dataset;battleground_dataset;teams_dataset;amazon_dataset;youtubeLive_dataset;navernow_dataset;youtube_dataset;zepeto_dataset;gamebox_dataset,HIGH,Prediction Only (lambda=1.00),1.0,0.75,79.89967167924361,35.29487435762647,27.359773209155794,14.437116116007891,85.2660687593423,0.3013547921387698,99.99168748264844,42
50,synthetic_scalability_scenario_derived_from_real_traffic,15,35,afreeca_dataset;amazon_dataset;battleground_dataset;gamebox_dataset;geforce_dataset;meet_dataset;navernow_dataset;netflix_dataset;roblox_dataset;teams_dataset;tft_dataset;youtubeLive_dataset;youtube_dataset;zepeto_dataset;zoom_dataset;roblox_dataset;navernow_dataset;amazon_dataset;zepeto_dataset;youtube_dataset;geforce_dataset;battleground_dataset;tft_dataset;amazon_dataset;navernow_dataset;tft_dataset;youtubeLive_dataset;meet_dataset;netflix_dataset;roblox_dataset;youtubeLive_dataset;zepeto_dataset;meet_dataset;navernow_dataset;zepeto_dataset;amazon_dataset;youtubeLive_dataset;navernow_dataset;tft_dataset;geforce_dataset;roblox_dataset;zoom_dataset;battleground_dataset;teams_dataset;amazon_dataset;youtubeLive_dataset;navernow_dataset;youtube_dataset;zepeto_dataset;gamebox_dataset,HIGH,Current Demand Only (lambda=0.00),0.0,0.75,99.43001038750289,11.81830406649313,9.609058568897883,1.1921074219353474,93.74678624813154,0.26041920812111496,99.43001038750285,42
50,synthetic_scalability_scenario_derived_from_real_traffic,15,35,afreeca_dataset;amazon_dataset;battleground_dataset;gamebox_dataset;geforce_dataset;meet_dataset;navernow_dataset;netflix_dataset;roblox_dataset;teams_dataset;tft_dataset;youtubeLive_dataset;youtube_dataset;zepeto_dataset;zoom_dataset;zepeto_dataset;navernow_dataset;navernow_dataset;roblox_dataset;afreeca_dataset;meet_dataset;netflix_dataset;youtube_dataset;zoom_dataset;tft_dataset;zepeto_dataset;afreeca_dataset;roblox_dataset;youtube_dataset;amazon_dataset;amazon_dataset;youtube_dataset;tft_dataset;teams_dataset;tft_dataset;battleground_dataset;teams_dataset;netflix_dataset;youtubeLive_dataset;afreeca_dataset;roblox_dataset;geforce_dataset;geforce_dataset;tft_dataset;netflix_dataset;tft_dataset;youtube_dataset;geforce_dataset;amazon_dataset;gamebox_dataset,HIGH,Equal Share,,0.75,35.52420772016682,33.497066926897965,67.69828788240753,2.2253213009815336,79.9440956651719,0.43742174517805205,35.52420772016673,43
50,synthetic_scalability_scenario_derived_from_real_traffic,15,35,afreeca_dataset;amazon_dataset;battleground_dataset;gamebox_dataset;geforce_dataset;meet_dataset;navernow_dataset;netflix_dataset;roblox_dataset;teams_dataset;tft_dataset;youtubeLive_dataset;youtube_dataset;zepeto_dataset;zoom_dataset;zepeto_dataset;navernow_dataset;navernow_dataset;roblox_dataset;afreeca_dataset;meet_dataset;netflix_dataset;youtube_dataset;zoom_dataset;tft_dataset;zepeto_dataset;afreeca_dataset;roblox_dataset;youtube_dataset;amazon_dataset;amazon_dataset;youtube_dataset;tft_dataset;teams_dataset;tft_dataset;battleground_dataset;teams_dataset;netflix_dataset;youtubeLive_dataset;afreeca_dataset;roblox_dataset;geforce_dataset;geforce_dataset;tft_dataset;netflix_dataset;tft_dataset;youtube_dataset;geforce_dataset;amazon_dataset;gamebox_dataset,HIGH,Round Robin,,0.75,99.6713160229298,11.442528664019072,9.386521447701726,0.872768741858122,94.2185351270553,0.24768663698131718,99.67131602292979,43
50,synthetic_scalability_scenario_derived_from_real_traffic,15,35,afreeca_dataset;amazon_dataset;battleground_dataset;gamebox_dataset;geforce_dataset;meet_dataset;navernow_dataset;netflix_dataset;roblox_dataset;teams_dataset;tft_dataset;youtubeLive_dataset;youtube_dataset;zepeto_dataset;zoom_dataset;zepeto_dataset;navernow_dataset;navernow_dataset;roblox_dataset;afreeca_dataset;meet_dataset;netflix_dataset;youtube_dataset;zoom_dataset;tft_dataset;zepeto_dataset;afreeca_dataset;roblox_dataset;youtube_dataset;amazon_dataset;amazon_dataset;youtube_dataset;tft_dataset;teams_dataset;tft_dataset;battleground_dataset;teams_dataset;netflix_dataset;youtubeLive_dataset;afreeca_dataset;roblox_dataset;geforce_dataset;geforce_dataset;tft_dataset;netflix_dataset;tft_dataset;youtube_dataset;geforce_dataset;amazon_dataset;gamebox_dataset,HIGH,Proportional Fair,,0.75,99.58094873969333,11.393873392359362,9.469690573644678,1.0258939194384782,94.96292974588938,0.256798716050888,99.58094873969341,43
50,synthetic_scalability_scenario_derived_from_real_traffic,15,35,afreeca_dataset;amazon_dataset;battleground_dataset;gamebox_dataset;geforce_dataset;meet_dataset;navernow_dataset;netflix_dataset;roblox_dataset;teams_dataset;tft_dataset;youtubeLive_dataset;youtube_dataset;zepeto_dataset;zoom_dataset;zepeto_dataset;navernow_dataset;navernow_dataset;roblox_dataset;afreeca_dataset;meet_dataset;netflix_dataset;youtube_dataset;zoom_dataset;tft_dataset;zepeto_dataset;afreeca_dataset;roblox_dataset;youtube_dataset;amazon_dataset;amazon_dataset;youtube_dataset;tft_dataset;teams_dataset;tft_dataset;battleground_dataset;teams_dataset;netflix_dataset;youtubeLive_dataset;afreeca_dataset;roblox_dataset;geforce_dataset;geforce_dataset;tft_dataset;netflix_dataset;tft_dataset;youtube_dataset;geforce_dataset;amazon_dataset;gamebox_dataset,HIGH,Blended Demand (lambda=0.25),0.25,0.75,95.68368337287768,13.100847376779818,13.011153649344948,1.0389411961836033,91.17997010463378,0.26745777316471114,99.95095636423049,43
50,synthetic_scalability_scenario_derived_from_real_traffic,15,35,afreeca_dataset;amazon_dataset;battleground_dataset;gamebox_dataset;geforce_dataset;meet_dataset;navernow_dataset;netflix_dataset;roblox_dataset;teams_dataset;tft_dataset;youtubeLive_dataset;youtube_dataset;zepeto_dataset;zoom_dataset;zepeto_dataset;navernow_dataset;navernow_dataset;roblox_dataset;afreeca_dataset;meet_dataset;netflix_dataset;youtube_dataset;zoom_dataset;tft_dataset;zepeto_dataset;afreeca_dataset;roblox_dataset;youtube_dataset;amazon_dataset;amazon_dataset;youtube_dataset;tft_dataset;teams_dataset;tft_dataset;battleground_dataset;teams_dataset;netflix_dataset;youtubeLive_dataset;afreeca_dataset;roblox_dataset;geforce_dataset;geforce_dataset;tft_dataset;netflix_dataset;tft_dataset;youtube_dataset;geforce_dataset;amazon_dataset;gamebox_dataset,HIGH,Blended Demand (lambda=0.50),0.5,0.75,92.62605446648091,14.561163879816533,15.790574415719943,1.461866381778055,89.81046337817638,0.27975860020799703,99.9809814713184,43
50,synthetic_scalability_scenario_derived_from_real_traffic,15,35,afreeca_dataset;amazon_dataset;battleground_dataset;gamebox_dataset;geforce_dataset;meet_dataset;navernow_dataset;netflix_dataset;roblox_dataset;teams_dataset;tft_dataset;youtubeLive_dataset;youtube_dataset;zepeto_dataset;zoom_dataset;zepeto_dataset;navernow_dataset;navernow_dataset;roblox_dataset;afreeca_dataset;meet_dataset;netflix_dataset;youtube_dataset;zoom_dataset;tft_dataset;zepeto_dataset;afreeca_dataset;roblox_dataset;youtube_dataset;amazon_dataset;amazon_dataset;youtube_dataset;tft_dataset;teams_dataset;tft_dataset;battleground_dataset;teams_dataset;netflix_dataset;youtubeLive_dataset;afreeca_dataset;roblox_dataset;geforce_dataset;geforce_dataset;tft_dataset;netflix_dataset;tft_dataset;youtube_dataset;geforce_dataset;amazon_dataset;gamebox_dataset,HIGH,Blended Demand (lambda=0.75),0.75,0.75,90.01536849070132,17.015449477816123,18.163893276189796,2.919070902653713,87.49775784753363,0.28348045931023597,99.9872367699138,43
50,synthetic_scalability_scenario_derived_from_real_traffic,15,35,afreeca_dataset;amazon_dataset;battleground_dataset;gamebox_dataset;geforce_dataset;meet_dataset;navernow_dataset;netflix_dataset;roblox_dataset;teams_dataset;tft_dataset;youtubeLive_dataset;youtube_dataset;zepeto_dataset;zoom_dataset;zepeto_dataset;navernow_dataset;navernow_dataset;roblox_dataset;afreeca_dataset;meet_dataset;netflix_dataset;youtube_dataset;zoom_dataset;tft_dataset;zepeto_dataset;afreeca_dataset;roblox_dataset;youtube_dataset;amazon_dataset;amazon_dataset;youtube_dataset;tft_dataset;teams_dataset;tft_dataset;battleground_dataset;teams_dataset;netflix_dataset;youtubeLive_dataset;afreeca_dataset;roblox_dataset;geforce_dataset;geforce_dataset;tft_dataset;netflix_dataset;tft_dataset;youtube_dataset;geforce_dataset;amazon_dataset;gamebox_dataset,HIGH,Prediction Only (lambda=1.00),1.0,0.75,87.38604821265474,27.813232962196818,20.553967142326353,11.471174165549165,86.77698056801196,0.2806769021770525,99.9872153440347,43
50,synthetic_scalability_scenario_derived_from_real_traffic,15,35,afreeca_dataset;amazon_dataset;battleground_dataset;gamebox_dataset;geforce_dataset;meet_dataset;navernow_dataset;netflix_dataset;roblox_dataset;teams_dataset;tft_dataset;youtubeLive_dataset;youtube_dataset;zepeto_dataset;zoom_dataset;zepeto_dataset;navernow_dataset;navernow_dataset;roblox_dataset;afreeca_dataset;meet_dataset;netflix_dataset;youtube_dataset;zoom_dataset;tft_dataset;zepeto_dataset;afreeca_dataset;roblox_dataset;youtube_dataset;amazon_dataset;amazon_dataset;youtube_dataset;tft_dataset;teams_dataset;tft_dataset;battleground_dataset;teams_dataset;netflix_dataset;youtubeLive_dataset;afreeca_dataset;roblox_dataset;geforce_dataset;geforce_dataset;tft_dataset;netflix_dataset;tft_dataset;youtube_dataset;geforce_dataset;amazon_dataset;gamebox_dataset,HIGH,Current Demand Only (lambda=0.00),0.0,0.75,99.75062200368876,11.84439415040734,9.314257655348722,0.9581154352619875,93.2831091180867,0.24912914976220651,99.75062200368876,43
50,synthetic_scalability_scenario_derived_from_real_traffic,15,35,afreeca_dataset;amazon_dataset;battleground_dataset;gamebox_dataset;geforce_dataset;meet_dataset;navernow_dataset;netflix_dataset;roblox_dataset;teams_dataset;tft_dataset;youtubeLive_dataset;youtube_dataset;zepeto_dataset;zoom_dataset;roblox_dataset;navernow_dataset;roblox_dataset;amazon_dataset;roblox_dataset;youtube_dataset;zoom_dataset;youtubeLive_dataset;teams_dataset;tft_dataset;zoom_dataset;gamebox_dataset;youtube_dataset;zoom_dataset;tft_dataset;geforce_dataset;teams_dataset;meet_dataset;meet_dataset;roblox_dataset;youtube_dataset;battleground_dataset;navernow_dataset;roblox_dataset;youtube_dataset;roblox_dataset;geforce_dataset;youtubeLive_dataset;roblox_dataset;afreeca_dataset;geforce_dataset;zepeto_dataset;battleground_dataset;roblox_dataset;netflix_dataset,HIGH,Equal Share,,0.75,30.729293550690205,30.24072006598917,72.0591812463137,2.022561714116713,82.43497757847534,0.3798623708812173,30.729293550690244,44
50,synthetic_scalability_scenario_derived_from_real_traffic,15,35,afreeca_dataset;amazon_dataset;battleground_dataset;gamebox_dataset;geforce_dataset;meet_dataset;navernow_dataset;netflix_dataset;roblox_dataset;teams_dataset;tft_dataset;youtubeLive_dataset;youtube_dataset;zepeto_dataset;zoom_dataset;roblox_dataset;navernow_dataset;roblox_dataset;amazon_dataset;roblox_dataset;youtube_dataset;zoom_dataset;youtubeLive_dataset;teams_dataset;tft_dataset;zoom_dataset;gamebox_dataset;youtube_dataset;zoom_dataset;tft_dataset;geforce_dataset;teams_dataset;meet_dataset;meet_dataset;roblox_dataset;youtube_dataset;battleground_dataset;navernow_dataset;roblox_dataset;youtube_dataset;roblox_dataset;geforce_dataset;youtubeLive_dataset;roblox_dataset;afreeca_dataset;geforce_dataset;zepeto_dataset;battleground_dataset;roblox_dataset;netflix_dataset,HIGH,Round Robin,,0.75,99.60254786140554,11.281751544252481,9.450243285644747,0.747790350292428,94.26576980568012,0.21731934338126593,99.6025478614054,44
50,synthetic_scalability_scenario_derived_from_real_traffic,15,35,afreeca_dataset;amazon_dataset;battleground_dataset;gamebox_dataset;geforce_dataset;meet_dataset;navernow_dataset;netflix_dataset;roblox_dataset;teams_dataset;tft_dataset;youtubeLive_dataset;youtube_dataset;zepeto_dataset;zoom_dataset;roblox_dataset;navernow_dataset;roblox_dataset;amazon_dataset;roblox_dataset;youtube_dataset;zoom_dataset;youtubeLive_dataset;teams_dataset;tft_dataset;zoom_dataset;gamebox_dataset;youtube_dataset;zoom_dataset;tft_dataset;geforce_dataset;teams_dataset;meet_dataset;meet_dataset;roblox_dataset;youtube_dataset;battleground_dataset;navernow_dataset;roblox_dataset;youtube_dataset;roblox_dataset;geforce_dataset;youtubeLive_dataset;roblox_dataset;afreeca_dataset;geforce_dataset;zepeto_dataset;battleground_dataset;roblox_dataset;netflix_dataset,HIGH,Proportional Fair,,0.75,99.5128851479693,11.233615570674797,9.532163738935244,0.8660807641095087,94.9695067264574,0.22484068243559246,99.51288514796941,44
50,synthetic_scalability_scenario_derived_from_real_traffic,15,35,afreeca_dataset;amazon_dataset;battleground_dataset;gamebox_dataset;geforce_dataset;meet_dataset;navernow_dataset;netflix_dataset;roblox_dataset;teams_dataset;tft_dataset;youtubeLive_dataset;youtube_dataset;zepeto_dataset;zoom_dataset;roblox_dataset;navernow_dataset;roblox_dataset;amazon_dataset;roblox_dataset;youtube_dataset;zoom_dataset;youtubeLive_dataset;teams_dataset;tft_dataset;zoom_dataset;gamebox_dataset;youtube_dataset;zoom_dataset;tft_dataset;geforce_dataset;teams_dataset;meet_dataset;meet_dataset;roblox_dataset;youtube_dataset;battleground_dataset;navernow_dataset;roblox_dataset;youtube_dataset;roblox_dataset;geforce_dataset;youtubeLive_dataset;roblox_dataset;afreeca_dataset;geforce_dataset;zepeto_dataset;battleground_dataset;roblox_dataset;netflix_dataset,HIGH,Blended Demand (lambda=0.25),0.25,0.75,95.89183984694517,12.701405886648512,12.823290080526354,0.8954348231646454,91.41285500747384,0.23132707027363444,99.95544533651974,44
50,synthetic_scalability_scenario_derived_from_real_traffic,15,35,afreeca_dataset;amazon_dataset;battleground_dataset;gamebox_dataset;geforce_dataset;meet_dataset;navernow_dataset;netflix_dataset;roblox_dataset;teams_dataset;tft_dataset;youtubeLive_dataset;youtube_dataset;zepeto_dataset;zoom_dataset;roblox_dataset;navernow_dataset;roblox_dataset;amazon_dataset;roblox_dataset;youtube_dataset;zoom_dataset;youtubeLive_dataset;teams_dataset;tft_dataset;zoom_dataset;gamebox_dataset;youtube_dataset;zoom_dataset;tft_dataset;geforce_dataset;teams_dataset;meet_dataset;meet_dataset;roblox_dataset;youtube_dataset;battleground_dataset;navernow_dataset;roblox_dataset;youtube_dataset;roblox_dataset;geforce_dataset;youtubeLive_dataset;roblox_dataset;afreeca_dataset;geforce_dataset;zepeto_dataset;battleground_dataset;roblox_dataset;netflix_dataset,HIGH,Blended Demand (lambda=0.50),0.5,0.75,93.02153944995578,13.897682597127844,15.432518227627526,1.3018206278677804,90.20926756352765,0.2400411540328293,99.99301607823942,44
50,synthetic_scalability_scenario_derived_from_real_traffic,15,35,afreeca_dataset;amazon_dataset;battleground_dataset;gamebox_dataset;geforce_dataset;meet_dataset;navernow_dataset;netflix_dataset;roblox_dataset;teams_dataset;tft_dataset;youtubeLive_dataset;youtube_dataset;zepeto_dataset;zoom_dataset;roblox_dataset;navernow_dataset;roblox_dataset;amazon_dataset;roblox_dataset;youtube_dataset;zoom_dataset;youtubeLive_dataset;teams_dataset;tft_dataset;zoom_dataset;gamebox_dataset;youtube_dataset;zoom_dataset;tft_dataset;geforce_dataset;teams_dataset;meet_dataset;meet_dataset;roblox_dataset;youtube_dataset;battleground_dataset;navernow_dataset;roblox_dataset;youtube_dataset;roblox_dataset;geforce_dataset;youtubeLive_dataset;roblox_dataset;afreeca_dataset;geforce_dataset;zepeto_dataset;battleground_dataset;roblox_dataset;netflix_dataset,HIGH,Blended Demand (lambda=0.75),0.75,0.75,90.60089723514075,15.919448024730173,17.632966209115366,2.6811021923617777,88.32795216741405,0.2420287603869866,99.99561003732467,44
50,synthetic_scalability_scenario_derived_from_real_traffic,15,35,afreeca_dataset;amazon_dataset;battleground_dataset;gamebox_dataset;geforce_dataset;meet_dataset;navernow_dataset;netflix_dataset;roblox_dataset;teams_dataset;tft_dataset;youtubeLive_dataset;youtube_dataset;zepeto_dataset;zoom_dataset;roblox_dataset;navernow_dataset;roblox_dataset;amazon_dataset;roblox_dataset;youtube_dataset;zoom_dataset;youtubeLive_dataset;teams_dataset;tft_dataset;zoom_dataset;gamebox_dataset;youtube_dataset;zoom_dataset;tft_dataset;geforce_dataset;teams_dataset;meet_dataset;meet_dataset;roblox_dataset;youtube_dataset;battleground_dataset;navernow_dataset;roblox_dataset;youtube_dataset;roblox_dataset;geforce_dataset;youtubeLive_dataset;roblox_dataset;afreeca_dataset;geforce_dataset;zepeto_dataset;battleground_dataset;roblox_dataset;netflix_dataset,HIGH,Prediction Only (lambda=1.00),1.0,0.75,88.17007873667202,25.081994295647323,19.842647776110653,10.65055244014594,88.11838565022421,0.23896690429629813,99.99281279162287,44
50,synthetic_scalability_scenario_derived_from_real_traffic,15,35,afreeca_dataset;amazon_dataset;battleground_dataset;gamebox_dataset;geforce_dataset;meet_dataset;navernow_dataset;netflix_dataset;roblox_dataset;teams_dataset;tft_dataset;youtubeLive_dataset;youtube_dataset;zepeto_dataset;zoom_dataset;roblox_dataset;navernow_dataset;roblox_dataset;amazon_dataset;roblox_dataset;youtube_dataset;zoom_dataset;youtubeLive_dataset;teams_dataset;tft_dataset;zoom_dataset;gamebox_dataset;youtube_dataset;zoom_dataset;tft_dataset;geforce_dataset;teams_dataset;meet_dataset;meet_dataset;roblox_dataset;youtube_dataset;battleground_dataset;navernow_dataset;roblox_dataset;youtube_dataset;roblox_dataset;geforce_dataset;youtubeLive_dataset;roblox_dataset;afreeca_dataset;geforce_dataset;zepeto_dataset;battleground_dataset;roblox_dataset;netflix_dataset,HIGH,Current Demand Only (lambda=0.00),0.0,0.75,99.7022924085711,11.663536629046968,9.359520182877061,0.8281117612039498,93.30792227204783,0.21773710304814173,99.70229240857101,44
50,synthetic_scalability_scenario_derived_from_real_traffic,15,35,afreeca_dataset;amazon_dataset;battleground_dataset;gamebox_dataset;geforce_dataset;meet_dataset;navernow_dataset;netflix_dataset;roblox_dataset;teams_dataset;tft_dataset;youtubeLive_dataset;youtube_dataset;zepeto_dataset;zoom_dataset;roblox_dataset;netflix_dataset;navernow_dataset;youtubeLive_dataset;meet_dataset;youtube_dataset;navernow_dataset;geforce_dataset;navernow_dataset;navernow_dataset;meet_dataset;youtube_dataset;zepeto_dataset;afreeca_dataset;roblox_dataset;battleground_dataset;geforce_dataset;youtube_dataset;battleground_dataset;gamebox_dataset;navernow_dataset;zepeto_dataset;youtubeLive_dataset;battleground_dataset;afreeca_dataset;meet_dataset;afreeca_dataset;geforce_dataset;zepeto_dataset;youtube_dataset;zepeto_dataset;youtubeLive_dataset;meet_dataset;zoom_dataset;zoom_dataset,HIGH,Equal Share,,0.75,36.41449126932867,35.13094201052393,66.88890914396094,2.3998683984252005,79.07982062780269,0.42482046167237103,36.414491269328636,45
50,synthetic_scalability_scenario_derived_from_real_traffic,15,35,afreeca_dataset;amazon_dataset;battleground_dataset;gamebox_dataset;geforce_dataset;meet_dataset;navernow_dataset;netflix_dataset;roblox_dataset;teams_dataset;tft_dataset;youtubeLive_dataset;youtube_dataset;zepeto_dataset;zoom_dataset;roblox_dataset;netflix_dataset;navernow_dataset;youtubeLive_dataset;meet_dataset;youtube_dataset;navernow_dataset;geforce_dataset;navernow_dataset;navernow_dataset;meet_dataset;youtube_dataset;zepeto_dataset;afreeca_dataset;roblox_dataset;battleground_dataset;geforce_dataset;youtube_dataset;battleground_dataset;gamebox_dataset;navernow_dataset;zepeto_dataset;youtubeLive_dataset;battleground_dataset;afreeca_dataset;meet_dataset;afreeca_dataset;geforce_dataset;zepeto_dataset;youtube_dataset;zepeto_dataset;youtubeLive_dataset;meet_dataset;zoom_dataset;zoom_dataset,HIGH,Round Robin,,0.75,99.54915185044892,11.773245228493346,9.497651048257053,1.0868063951343632,93.69745889387146,0.2747772996626949,99.54915185044884,45
50,synthetic_scalability_scenario_derived_from_real_traffic,15,35,afreeca_dataset;amazon_dataset;battleground_dataset;gamebox_dataset;geforce_dataset;meet_dataset;navernow_dataset;netflix_dataset;roblox_dataset;teams_dataset;tft_dataset;youtubeLive_dataset;youtube_dataset;zepeto_dataset;zoom_dataset;roblox_dataset;netflix_dataset;navernow_dataset;youtubeLive_dataset;meet_dataset;youtube_dataset;navernow_dataset;geforce_dataset;navernow_dataset;navernow_dataset;meet_dataset;youtube_dataset;zepeto_dataset;afreeca_dataset;roblox_dataset;battleground_dataset;geforce_dataset;youtube_dataset;battleground_dataset;gamebox_dataset;navernow_dataset;zepeto_dataset;youtubeLive_dataset;battleground_dataset;afreeca_dataset;meet_dataset;afreeca_dataset;geforce_dataset;zepeto_dataset;youtube_dataset;zepeto_dataset;youtubeLive_dataset;meet_dataset;zoom_dataset;zoom_dataset,HIGH,Proportional Fair,,0.75,99.42668759980066,11.703423802027771,9.609927973547176,1.3169065108836475,94.62391629297458,0.2881057985762938,99.4266875998007,45
50,synthetic_scalability_scenario_derived_from_real_traffic,15,35,afreeca_dataset;amazon_dataset;battleground_dataset;gamebox_dataset;geforce_dataset;meet_dataset;navernow_dataset;netflix_dataset;roblox_dataset;teams_dataset;tft_dataset;youtubeLive_dataset;youtube_dataset;zepeto_dataset;zoom_dataset;roblox_dataset;netflix_dataset;navernow_dataset;youtubeLive_dataset;meet_dataset;youtube_dataset;navernow_dataset;geforce_dataset;navernow_dataset;navernow_dataset;meet_dataset;youtube_dataset;zepeto_dataset;afreeca_dataset;roblox_dataset;battleground_dataset;geforce_dataset;youtube_dataset;battleground_dataset;gamebox_dataset;navernow_dataset;zepeto_dataset;youtubeLive_dataset;battleground_dataset;afreeca_dataset;meet_dataset;afreeca_dataset;geforce_dataset;zepeto_dataset;youtube_dataset;zepeto_dataset;youtubeLive_dataset;meet_dataset;zoom_dataset;zoom_dataset,HIGH,Blended Demand (lambda=0.25),0.25,0.75,94.60550374010032,13.720323894505022,13.990467141725869,1.2577998198108904,89.82062780269058,0.296907196427077,99.96354476333029,45
50,synthetic_scalability_scenario_derived_from_real_traffic,15,35,afreeca_dataset;amazon_dataset;battleground_dataset;gamebox_dataset;geforce_dataset;meet_dataset;navernow_dataset;netflix_dataset;roblox_dataset;teams_dataset;tft_dataset;youtubeLive_dataset;youtube_dataset;zepeto_dataset;zoom_dataset;roblox_dataset;netflix_dataset;navernow_dataset;youtubeLive_dataset;meet_dataset;youtube_dataset;navernow_dataset;geforce_dataset;navernow_dataset;navernow_dataset;meet_dataset;youtube_dataset;zepeto_dataset;afreeca_dataset;roblox_dataset;battleground_dataset;geforce_dataset;youtube_dataset;battleground_dataset;gamebox_dataset;navernow_dataset;zepeto_dataset;youtubeLive_dataset;battleground_dataset;afreeca_dataset;meet_dataset;afreeca_dataset;geforce_dataset;zepeto_dataset;youtube_dataset;zepeto_dataset;youtubeLive_dataset;meet_dataset;zoom_dataset;zoom_dataset,HIGH,Blended Demand (lambda=0.50),0.5,0.75,91.2502660368458,15.04742864042784,17.0401446321999,1.5460128780485485,88.29566517189835,0.307718196277018,99.99427709162785,45
50,synthetic_scalability_scenario_derived_from_real_traffic,15,35,afreeca_dataset;amazon_dataset;battleground_dataset;gamebox_dataset;geforce_dataset;meet_dataset;navernow_dataset;netflix_dataset;roblox_dataset;teams_dataset;tft_dataset;youtubeLive_dataset;youtube_dataset;zepeto_dataset;zoom_dataset;roblox_dataset;netflix_dataset;navernow_dataset;youtubeLive_dataset;meet_dataset;youtube_dataset;navernow_dataset;geforce_dataset;navernow_dataset;navernow_dataset;meet_dataset;youtube_dataset;zepeto_dataset;afreeca_dataset;roblox_dataset;battleground_dataset;geforce_dataset;youtube_dataset;battleground_dataset;gamebox_dataset;navernow_dataset;zepeto_dataset;youtubeLive_dataset;battleground_dataset;afreeca_dataset;meet_dataset;afreeca_dataset;geforce_dataset;zepeto_dataset;youtube_dataset;zepeto_dataset;youtubeLive_dataset;meet_dataset;zoom_dataset;zoom_dataset,HIGH,Blended Demand (lambda=0.75),0.75,0.75,88.31747288453472,17.209255141813966,19.706328418512797,2.881484814024332,86.57159940209267,0.3073378538149409,99.99616882857067,45
50,synthetic_scalability_scenario_derived_from_real_traffic,15,35,afreeca_dataset;amazon_dataset;battleground_dataset;gamebox_dataset;geforce_dataset;meet_dataset;navernow_dataset;netflix_dataset;roblox_dataset;teams_dataset;tft_dataset;youtubeLive_dataset;youtube_dataset;zepeto_dataset;zoom_dataset;roblox_dataset;netflix_dataset;navernow_dataset;youtubeLive_dataset;meet_dataset;youtube_dataset;navernow_dataset;geforce_dataset;navernow_dataset;navernow_dataset;meet_dataset;youtube_dataset;zepeto_dataset;afreeca_dataset;roblox_dataset;battleground_dataset;geforce_dataset;youtube_dataset;battleground_dataset;gamebox_dataset;navernow_dataset;zepeto_dataset;youtubeLive_dataset;battleground_dataset;afreeca_dataset;meet_dataset;afreeca_dataset;geforce_dataset;zepeto_dataset;youtube_dataset;zepeto_dataset;youtubeLive_dataset;meet_dataset;zoom_dataset;zoom_dataset,HIGH,Prediction Only (lambda=1.00),1.0,0.75,85.00131827510651,29.371656882340343,22.721056590311203,12.322331586671435,86.90313901345291,0.298862612478987,99.98650562914396,45
50,synthetic_scalability_scenario_derived_from_real_traffic,15,35,afreeca_dataset;amazon_dataset;battleground_dataset;gamebox_dataset;geforce_dataset;meet_dataset;navernow_dataset;netflix_dataset;roblox_dataset;teams_dataset;tft_dataset;youtubeLive_dataset;youtube_dataset;zepeto_dataset;zoom_dataset;roblox_dataset;netflix_dataset;navernow_dataset;youtubeLive_dataset;meet_dataset;youtube_dataset;navernow_dataset;geforce_dataset;navernow_dataset;navernow_dataset;meet_dataset;youtube_dataset;zepeto_dataset;afreeca_dataset;roblox_dataset;battleground_dataset;geforce_dataset;youtube_dataset;battleground_dataset;gamebox_dataset;navernow_dataset;zepeto_dataset;youtubeLive_dataset;battleground_dataset;afreeca_dataset;meet_dataset;afreeca_dataset;geforce_dataset;zepeto_dataset;youtube_dataset;zepeto_dataset;youtubeLive_dataset;meet_dataset;zoom_dataset;zoom_dataset,HIGH,Current Demand Only (lambda=0.00),0.0,0.75,99.67458870666657,12.32144302248356,9.382897322453156,1.2083233785377259,92.6795216741405,0.2764772272007081,99.6745887066665,45
50,synthetic_scalability_scenario_derived_from_real_traffic,15,35,afreeca_dataset;amazon_dataset;battleground_dataset;gamebox_dataset;geforce_dataset;meet_dataset;navernow_dataset;netflix_dataset;roblox_dataset;teams_dataset;tft_dataset;youtubeLive_dataset;youtube_dataset;zepeto_dataset;zoom_dataset;teams_dataset;battleground_dataset;youtubeLive_dataset;zepeto_dataset;gamebox_dataset;geforce_dataset;zepeto_dataset;geforce_dataset;zoom_dataset;gamebox_dataset;meet_dataset;teams_dataset;afreeca_dataset;battleground_dataset;geforce_dataset;zoom_dataset;teams_dataset;tft_dataset;youtube_dataset;zoom_dataset;youtube_dataset;netflix_dataset;battleground_dataset;teams_dataset;tft_dataset;youtubeLive_dataset;meet_dataset;battleground_dataset;gamebox_dataset;battleground_dataset;navernow_dataset;meet_dataset;youtubeLive_dataset;geforce_dataset;netflix_dataset,HIGH,Equal Share,,0.75,34.40605537496681,33.53999322158546,68.7155866800715,1.6744463245521013,78.55007473841555,0.4272852997207135,34.40605537496669,46
50,synthetic_scalability_scenario_derived_from_real_traffic,15,35,afreeca_dataset;amazon_dataset;battleground_dataset;gamebox_dataset;geforce_dataset;meet_dataset;navernow_dataset;netflix_dataset;roblox_dataset;teams_dataset;tft_dataset;youtubeLive_dataset;youtube_dataset;zepeto_dataset;zoom_dataset;teams_dataset;battleground_dataset;youtubeLive_dataset;zepeto_dataset;gamebox_dataset;geforce_dataset;zepeto_dataset;geforce_dataset;zoom_dataset;gamebox_dataset;meet_dataset;teams_dataset;afreeca_dataset;battleground_dataset;geforce_dataset;zoom_dataset;teams_dataset;tft_dataset;youtube_dataset;zoom_dataset;youtube_dataset;netflix_dataset;battleground_dataset;teams_dataset;tft_dataset;youtubeLive_dataset;meet_dataset;battleground_dataset;gamebox_dataset;battleground_dataset;navernow_dataset;meet_dataset;youtubeLive_dataset;geforce_dataset;netflix_dataset,HIGH,Round Robin,,0.75,99.88951594617029,12.039877049044414,9.190374297759552,0.758911264764544,92.77997010463378,0.2714481531463074,99.88951594617029,46
50,synthetic_scalability_scenario_derived_from_real_traffic,15,35,afreeca_dataset;amazon_dataset;battleground_dataset;gamebox_dataset;geforce_dataset;meet_dataset;navernow_dataset;netflix_dataset;roblox_dataset;teams_dataset;tft_dataset;youtubeLive_dataset;youtube_dataset;zepeto_dataset;zoom_dataset;teams_dataset;battleground_dataset;youtubeLive_dataset;zepeto_dataset;gamebox_dataset;geforce_dataset;zepeto_dataset;geforce_dataset;zoom_dataset;gamebox_dataset;meet_dataset;teams_dataset;afreeca_dataset;battleground_dataset;geforce_dataset;zoom_dataset;teams_dataset;tft_dataset;youtube_dataset;zoom_dataset;youtube_dataset;netflix_dataset;battleground_dataset;teams_dataset;tft_dataset;youtubeLive_dataset;meet_dataset;battleground_dataset;gamebox_dataset;battleground_dataset;navernow_dataset;meet_dataset;youtubeLive_dataset;geforce_dataset;netflix_dataset,HIGH,Proportional Fair,,0.75,99.87805882304512,11.94090117732703,9.200973674785835,0.8454595673120966,93.33363228699551,0.2756428709198776,99.87805882304512,46
50,synthetic_scalability_scenario_derived_from_real_traffic,15,35,afreeca_dataset;amazon_dataset;battleground_dataset;gamebox_dataset;geforce_dataset;meet_dataset;navernow_dataset;netflix_dataset;roblox_dataset;teams_dataset;tft_dataset;youtubeLive_dataset;youtube_dataset;zepeto_dataset;zoom_dataset;teams_dataset;battleground_dataset;youtubeLive_dataset;zepeto_dataset;gamebox_dataset;geforce_dataset;zepeto_dataset;geforce_dataset;zoom_dataset;gamebox_dataset;meet_dataset;teams_dataset;afreeca_dataset;battleground_dataset;geforce_dataset;zoom_dataset;teams_dataset;tft_dataset;youtube_dataset;zoom_dataset;youtube_dataset;netflix_dataset;battleground_dataset;teams_dataset;tft_dataset;youtubeLive_dataset;meet_dataset;battleground_dataset;gamebox_dataset;battleground_dataset;navernow_dataset;meet_dataset;youtubeLive_dataset;geforce_dataset;netflix_dataset,HIGH,Blended Demand (lambda=0.25),0.25,0.75,97.39154809454125,13.968162256556125,11.459590079113894,0.91445602329837,89.70971599402093,0.2842487733212699,99.98456565681556,46
50,synthetic_scalability_scenario_derived_from_real_traffic,15,35,afreeca_dataset;amazon_dataset;battleground_dataset;gamebox_dataset;geforce_dataset;meet_dataset;navernow_dataset;netflix_dataset;roblox_dataset;teams_dataset;tft_dataset;youtubeLive_dataset;youtube_dataset;zepeto_dataset;zoom_dataset;teams_dataset;battleground_dataset;youtubeLive_dataset;zepeto_dataset;gamebox_dataset;geforce_dataset;zepeto_dataset;geforce_dataset;zoom_dataset;gamebox_dataset;meet_dataset;teams_dataset;afreeca_dataset;battleground_dataset;geforce_dataset;zoom_dataset;teams_dataset;tft_dataset;youtube_dataset;zoom_dataset;youtube_dataset;netflix_dataset;battleground_dataset;teams_dataset;tft_dataset;youtubeLive_dataset;meet_dataset;battleground_dataset;gamebox_dataset;battleground_dataset;navernow_dataset;meet_dataset;youtubeLive_dataset;geforce_dataset;netflix_dataset,HIGH,Blended Demand (lambda=0.50),0.5,0.75,95.37623747018463,15.163676335323307,13.291071730753634,1.2808413779687313,88.26367713004484,0.2924165396991689,99.99685796491006,46
50,synthetic_scalability_scenario_derived_from_real_traffic,15,35,afreeca_dataset;amazon_dataset;battleground_dataset;gamebox_dataset;geforce_dataset;meet_dataset;navernow_dataset;netflix_dataset;roblox_dataset;teams_dataset;tft_dataset;youtubeLive_dataset;youtube_dataset;zepeto_dataset;zoom_dataset;teams_dataset;battleground_dataset;youtubeLive_dataset;zepeto_dataset;gamebox_dataset;geforce_dataset;zepeto_dataset;geforce_dataset;zoom_dataset;gamebox_dataset;meet_dataset;teams_dataset;afreeca_dataset;battleground_dataset;geforce_dataset;zoom_dataset;teams_dataset;tft_dataset;youtube_dataset;zoom_dataset;youtube_dataset;netflix_dataset;battleground_dataset;teams_dataset;tft_dataset;youtubeLive_dataset;meet_dataset;battleground_dataset;gamebox_dataset;battleground_dataset;navernow_dataset;meet_dataset;youtubeLive_dataset;geforce_dataset;netflix_dataset,HIGH,Blended Demand (lambda=0.75),0.75,0.75,93.73010535852936,17.010399208023316,14.787202496552306,2.583825008745522,86.38953662182362,0.29576617778039827,99.99870928919941,46
50,synthetic_scalability_scenario_derived_from_real_traffic,15,35,afreeca_dataset;amazon_dataset;battleground_dataset;gamebox_dataset;geforce_dataset;meet_dataset;navernow_dataset;netflix_dataset;roblox_dataset;teams_dataset;tft_dataset;youtubeLive_dataset;youtube_dataset;zepeto_dataset;zoom_dataset;teams_dataset;battleground_dataset;youtubeLive_dataset;zepeto_dataset;gamebox_dataset;geforce_dataset;zepeto_dataset;geforce_dataset;zoom_dataset;gamebox_dataset;meet_dataset;teams_dataset;afreeca_dataset;battleground_dataset;geforce_dataset;zoom_dataset;teams_dataset;tft_dataset;youtube_dataset;zoom_dataset;youtube_dataset;netflix_dataset;battleground_dataset;teams_dataset;tft_dataset;youtubeLive_dataset;meet_dataset;battleground_dataset;gamebox_dataset;battleground_dataset;navernow_dataset;meet_dataset;youtubeLive_dataset;geforce_dataset;netflix_dataset,HIGH,Prediction Only (lambda=1.00),1.0,0.75,92.18862076497066,24.992332790790137,16.188386586766402,10.327590012285059,86.06517189835576,0.2961838059744646,99.99793311320698,46
50,synthetic_scalability_scenario_derived_from_real_traffic,15,35,afreeca_dataset;amazon_dataset;battleground_dataset;gamebox_dataset;geforce_dataset;meet_dataset;navernow_dataset;netflix_dataset;roblox_dataset;teams_dataset;tft_dataset;youtubeLive_dataset;youtube_dataset;zepeto_dataset;zoom_dataset;teams_dataset;battleground_dataset;youtubeLive_dataset;zepeto_dataset;gamebox_dataset;geforce_dataset;zepeto_dataset;geforce_dataset;zoom_dataset;gamebox_dataset;meet_dataset;teams_dataset;afreeca_dataset;battleground_dataset;geforce_dataset;zoom_dataset;teams_dataset;tft_dataset;youtube_dataset;zoom_dataset;youtube_dataset;netflix_dataset;battleground_dataset;teams_dataset;tft_dataset;youtubeLive_dataset;meet_dataset;battleground_dataset;gamebox_dataset;battleground_dataset;navernow_dataset;meet_dataset;youtubeLive_dataset;geforce_dataset;netflix_dataset,HIGH,Current Demand Only (lambda=0.00),0.0,0.75,99.91621161779568,12.85044711085034,9.165799119748234,0.8379067847114765,91.51240657698057,0.2726800832630586,99.91621161779568,46
50,synthetic_scalability_scenario_derived_from_real_traffic,15,35,afreeca_dataset;amazon_dataset;battleground_dataset;gamebox_dataset;geforce_dataset;meet_dataset;navernow_dataset;netflix_dataset;roblox_dataset;teams_dataset;tft_dataset;youtubeLive_dataset;youtube_dataset;zepeto_dataset;zoom_dataset;roblox_dataset;navernow_dataset;amazon_dataset;zepeto_dataset;youtube_dataset;geforce_dataset;battleground_dataset;tft_dataset;amazon_dataset;navernow_dataset;tft_dataset;youtubeLive_dataset;meet_dataset;netflix_dataset;roblox_dataset;youtubeLive_dataset;zepeto_dataset;meet_dataset;navernow_dataset;zepeto_dataset;amazon_dataset;youtubeLive_dataset;navernow_dataset;tft_dataset;geforce_dataset;roblox_dataset;zoom_dataset;battleground_dataset;teams_dataset;amazon_dataset;youtubeLive_dataset;navernow_dataset;youtube_dataset;zepeto_dataset;gamebox_dataset,SPIKE,Equal Share,,0.75,35.393317925649704,31.291676050282344,68.37336763176384,2.684254123141268,83.08520179372198,0.45662356858202013,35.393317925649704,42
50,synthetic_scalability_scenario_derived_from_real_traffic,15,35,afreeca_dataset;amazon_dataset;battleground_dataset;gamebox_dataset;geforce_dataset;meet_dataset;navernow_dataset;netflix_dataset;roblox_dataset;teams_dataset;tft_dataset;youtubeLive_dataset;youtube_dataset;zepeto_dataset;zoom_dataset;roblox_dataset;navernow_dataset;amazon_dataset;zepeto_dataset;youtube_dataset;geforce_dataset;battleground_dataset;tft_dataset;amazon_dataset;navernow_dataset;tft_dataset;youtubeLive_dataset;meet_dataset;netflix_dataset;roblox_dataset;youtubeLive_dataset;zepeto_dataset;meet_dataset;navernow_dataset;zepeto_dataset;amazon_dataset;youtubeLive_dataset;navernow_dataset;tft_dataset;geforce_dataset;roblox_dataset;zoom_dataset;battleground_dataset;teams_dataset;amazon_dataset;youtubeLive_dataset;navernow_dataset;youtube_dataset;zepeto_dataset;gamebox_dataset,SPIKE,Round Robin,,0.75,89.93119442392279,11.418192639580981,19.65208849869652,0.6400766908008951,93.76023916292975,0.27440423724707075,89.93119442392279,42
50,synthetic_scalability_scenario_derived_from_real_traffic,15,35,afreeca_dataset;amazon_dataset;battleground_dataset;gamebox_dataset;geforce_dataset;meet_dataset;navernow_dataset;netflix_dataset;roblox_dataset;teams_dataset;tft_dataset;youtubeLive_dataset;youtube_dataset;zepeto_dataset;zoom_dataset;roblox_dataset;navernow_dataset;amazon_dataset;zepeto_dataset;youtube_dataset;geforce_dataset;battleground_dataset;tft_dataset;amazon_dataset;navernow_dataset;tft_dataset;youtubeLive_dataset;meet_dataset;netflix_dataset;roblox_dataset;youtubeLive_dataset;zepeto_dataset;meet_dataset;navernow_dataset;zepeto_dataset;amazon_dataset;youtubeLive_dataset;navernow_dataset;tft_dataset;geforce_dataset;roblox_dataset;zoom_dataset;battleground_dataset;teams_dataset;amazon_dataset;youtubeLive_dataset;navernow_dataset;youtube_dataset;zepeto_dataset;gamebox_dataset,SPIKE,Proportional Fair,,0.75,89.96430360544075,11.473133233749614,19.6235489399631,0.7999393557805681,94.25739910313901,0.29281054488444114,89.96430360544079,42
50,synthetic_scalability_scenario_derived_from_real_traffic,15,35,afreeca_dataset;amazon_dataset;battleground_dataset;gamebox_dataset;geforce_dataset;meet_dataset;navernow_dataset;netflix_dataset;roblox_dataset;teams_dataset;tft_dataset;youtubeLive_dataset;youtube_dataset;zepeto_dataset;zoom_dataset;roblox_dataset;navernow_dataset;amazon_dataset;zepeto_dataset;youtube_dataset;geforce_dataset;battleground_dataset;tft_dataset;amazon_dataset;navernow_dataset;tft_dataset;youtubeLive_dataset;meet_dataset;netflix_dataset;roblox_dataset;youtubeLive_dataset;zepeto_dataset;meet_dataset;navernow_dataset;zepeto_dataset;amazon_dataset;youtubeLive_dataset;navernow_dataset;tft_dataset;geforce_dataset;roblox_dataset;zoom_dataset;battleground_dataset;teams_dataset;amazon_dataset;youtubeLive_dataset;navernow_dataset;youtube_dataset;zepeto_dataset;gamebox_dataset,SPIKE,Blended Demand (lambda=0.25),0.25,0.75,86.10537215848908,13.069753169356764,23.068906295610624,1.0735099142541862,92.93841554559043,0.29909916461433084,92.95842902528875,42
50,synthetic_scalability_scenario_derived_from_real_traffic,15,35,afreeca_dataset;amazon_dataset;battleground_dataset;gamebox_dataset;geforce_dataset;meet_dataset;navernow_dataset;netflix_dataset;roblox_dataset;teams_dataset;tft_dataset;youtubeLive_dataset;youtube_dataset;zepeto_dataset;zoom_dataset;roblox_dataset;navernow_dataset;amazon_dataset;zepeto_dataset;youtube_dataset;geforce_dataset;battleground_dataset;tft_dataset;amazon_dataset;navernow_dataset;tft_dataset;youtubeLive_dataset;meet_dataset;netflix_dataset;roblox_dataset;youtubeLive_dataset;zepeto_dataset;meet_dataset;navernow_dataset;zepeto_dataset;amazon_dataset;youtubeLive_dataset;navernow_dataset;tft_dataset;geforce_dataset;roblox_dataset;zoom_dataset;battleground_dataset;teams_dataset;amazon_dataset;youtubeLive_dataset;navernow_dataset;youtube_dataset;zepeto_dataset;gamebox_dataset,SPIKE,Blended Demand (lambda=0.50),0.5,0.75,83.10741597977011,14.877857914594117,25.746722567787955,1.7529557462775913,91.64514200298953,0.3135241021604349,95.01529524634836,42
50,synthetic_scalability_scenario_derived_from_real_traffic,15,35,afreeca_dataset;amazon_dataset;battleground_dataset;gamebox_dataset;geforce_dataset;meet_dataset;navernow_dataset;netflix_dataset;roblox_dataset;teams_dataset;tft_dataset;youtubeLive_dataset;youtube_dataset;zepeto_dataset;zoom_dataset;roblox_dataset;navernow_dataset;amazon_dataset;zepeto_dataset;youtube_dataset;geforce_dataset;battleground_dataset;tft_dataset;amazon_dataset;navernow_dataset;tft_dataset;youtubeLive_dataset;meet_dataset;netflix_dataset;roblox_dataset;youtubeLive_dataset;zepeto_dataset;meet_dataset;navernow_dataset;zepeto_dataset;amazon_dataset;youtubeLive_dataset;navernow_dataset;tft_dataset;geforce_dataset;roblox_dataset;zoom_dataset;battleground_dataset;teams_dataset;amazon_dataset;youtubeLive_dataset;navernow_dataset;youtube_dataset;zepeto_dataset;gamebox_dataset,SPIKE,Blended Demand (lambda=0.75),0.75,0.75,79.40071080342908,18.114470130994295,29.057902291733317,3.5006319588608785,88.51449925261585,0.3204770955794802,95.9283775626936,42
50,synthetic_scalability_scenario_derived_from_real_traffic,15,35,afreeca_dataset;amazon_dataset;battleground_dataset;gamebox_dataset;geforce_dataset;meet_dataset;navernow_dataset;netflix_dataset;roblox_dataset;teams_dataset;tft_dataset;youtubeLive_dataset;youtube_dataset;zepeto_dataset;zoom_dataset;roblox_dataset;navernow_dataset;amazon_dataset;zepeto_dataset;youtube_dataset;geforce_dataset;battleground_dataset;tft_dataset;amazon_dataset;navernow_dataset;tft_dataset;youtubeLive_dataset;meet_dataset;netflix_dataset;roblox_dataset;youtubeLive_dataset;zepeto_dataset;meet_dataset;navernow_dataset;zepeto_dataset;amazon_dataset;youtubeLive_dataset;navernow_dataset;tft_dataset;geforce_dataset;roblox_dataset;zoom_dataset;battleground_dataset;teams_dataset;amazon_dataset;youtubeLive_dataset;navernow_dataset;youtube_dataset;zepeto_dataset;gamebox_dataset,SPIKE,Prediction Only (lambda=1.00),1.0,0.75,74.83745930634726,34.70911427055823,33.13459293670821,14.372548926343821,86.92974588938715,0.31520487936632186,96.27922998436428,42
50,synthetic_scalability_scenario_derived_from_real_traffic,15,35,afreeca_dataset;amazon_dataset;battleground_dataset;gamebox_dataset;geforce_dataset;meet_dataset;navernow_dataset;netflix_dataset;roblox_dataset;teams_dataset;tft_dataset;youtubeLive_dataset;youtube_dataset;zepeto_dataset;zoom_dataset;roblox_dataset;navernow_dataset;amazon_dataset;zepeto_dataset;youtube_dataset;geforce_dataset;battleground_dataset;tft_dataset;amazon_dataset;navernow_dataset;tft_dataset;youtubeLive_dataset;meet_dataset;netflix_dataset;roblox_dataset;youtubeLive_dataset;zepeto_dataset;meet_dataset;navernow_dataset;zepeto_dataset;amazon_dataset;youtubeLive_dataset;navernow_dataset;tft_dataset;geforce_dataset;roblox_dataset;zoom_dataset;battleground_dataset;teams_dataset;amazon_dataset;youtubeLive_dataset;navernow_dataset;youtube_dataset;zepeto_dataset;gamebox_dataset,SPIKE,Current Demand Only (lambda=0.00),0.0,0.75,89.96421695527029,11.717561067122311,19.622358113311925,0.7424968718986195,93.41136023916293,0.2748239131554353,89.96421695527032,42
50,synthetic_scalability_scenario_derived_from_real_traffic,15,35,afreeca_dataset;amazon_dataset;battleground_dataset;gamebox_dataset;geforce_dataset;meet_dataset;navernow_dataset;netflix_dataset;roblox_dataset;teams_dataset;tft_dataset;youtubeLive_dataset;youtube_dataset;zepeto_dataset;zoom_dataset;zepeto_dataset;navernow_dataset;navernow_dataset;roblox_dataset;afreeca_dataset;meet_dataset;netflix_dataset;youtube_dataset;zoom_dataset;tft_dataset;zepeto_dataset;afreeca_dataset;roblox_dataset;youtube_dataset;amazon_dataset;amazon_dataset;youtube_dataset;tft_dataset;teams_dataset;tft_dataset;battleground_dataset;teams_dataset;netflix_dataset;youtubeLive_dataset;afreeca_dataset;roblox_dataset;geforce_dataset;geforce_dataset;tft_dataset;netflix_dataset;tft_dataset;youtube_dataset;geforce_dataset;amazon_dataset;gamebox_dataset,SPIKE,Equal Share,,0.75,35.19477295301402,32.79973915740707,68.58733839588352,2.2202059880818186,80.51240657698057,0.4381721899333659,35.19477295301398,43
50,synthetic_scalability_scenario_derived_from_real_traffic,15,35,afreeca_dataset;amazon_dataset;battleground_dataset;gamebox_dataset;geforce_dataset;meet_dataset;navernow_dataset;netflix_dataset;roblox_dataset;teams_dataset;tft_dataset;youtubeLive_dataset;youtube_dataset;zepeto_dataset;zoom_dataset;zepeto_dataset;navernow_dataset;navernow_dataset;roblox_dataset;afreeca_dataset;meet_dataset;netflix_dataset;youtube_dataset;zoom_dataset;tft_dataset;zepeto_dataset;afreeca_dataset;roblox_dataset;youtube_dataset;amazon_dataset;amazon_dataset;youtube_dataset;tft_dataset;teams_dataset;tft_dataset;battleground_dataset;teams_dataset;netflix_dataset;youtubeLive_dataset;afreeca_dataset;roblox_dataset;geforce_dataset;geforce_dataset;tft_dataset;netflix_dataset;tft_dataset;youtube_dataset;geforce_dataset;amazon_dataset;gamebox_dataset,SPIKE,Round Robin,,0.75,89.81563202194643,11.432555000578398,19.850499166140235,0.4964030547207029,93.58056801195815,0.2649973551787901,89.81563202194641,43
50,synthetic_scalability_scenario_derived_from_real_traffic,15,35,afreeca_dataset;amazon_dataset;battleground_dataset;gamebox_dataset;geforce_dataset;meet_dataset;navernow_dataset;netflix_dataset;roblox_dataset;teams_dataset;tft_dataset;youtubeLive_dataset;youtube_dataset;zepeto_dataset;zoom_dataset;zepeto_dataset;navernow_dataset;navernow_dataset;roblox_dataset;afreeca_dataset;meet_dataset;netflix_dataset;youtube_dataset;zoom_dataset;tft_dataset;zepeto_dataset;afreeca_dataset;roblox_dataset;youtube_dataset;amazon_dataset;amazon_dataset;youtube_dataset;tft_dataset;teams_dataset;tft_dataset;battleground_dataset;teams_dataset;netflix_dataset;youtubeLive_dataset;afreeca_dataset;roblox_dataset;geforce_dataset;geforce_dataset;tft_dataset;netflix_dataset;tft_dataset;youtube_dataset;geforce_dataset;amazon_dataset;gamebox_dataset,SPIKE,Proportional Fair,,0.75,89.83917917993554,11.461587693741894,19.830340561861,0.6239220678981824,94.03408071748879,0.27640752153934545,89.83917917993556,43
50,synthetic_scalability_scenario_derived_from_real_traffic,15,35,afreeca_dataset;amazon_dataset;battleground_dataset;gamebox_dataset;geforce_dataset;meet_dataset;navernow_dataset;netflix_dataset;roblox_dataset;teams_dataset;tft_dataset;youtubeLive_dataset;youtube_dataset;zepeto_dataset;zoom_dataset;zepeto_dataset;navernow_dataset;navernow_dataset;roblox_dataset;afreeca_dataset;meet_dataset;netflix_dataset;youtube_dataset;zoom_dataset;tft_dataset;zepeto_dataset;afreeca_dataset;roblox_dataset;youtube_dataset;amazon_dataset;amazon_dataset;youtube_dataset;tft_dataset;teams_dataset;tft_dataset;battleground_dataset;teams_dataset;netflix_dataset;youtubeLive_dataset;afreeca_dataset;roblox_dataset;geforce_dataset;geforce_dataset;tft_dataset;netflix_dataset;tft_dataset;youtube_dataset;geforce_dataset;amazon_dataset;gamebox_dataset,SPIKE,Blended Demand (lambda=0.25),0.25,0.75,87.54079456646343,12.65234853448271,21.879863284611968,0.8298783931812406,93.04603886397608,0.2810411309831512,91.71472003606893,43
50,synthetic_scalability_scenario_derived_from_real_traffic,15,35,afreeca_dataset;amazon_dataset;battleground_dataset;gamebox_dataset;geforce_dataset;meet_dataset;navernow_dataset;netflix_dataset;roblox_dataset;teams_dataset;tft_dataset;youtubeLive_dataset;youtube_dataset;zepeto_dataset;zoom_dataset;zepeto_dataset;navernow_dataset;navernow_dataset;roblox_dataset;afreeca_dataset;meet_dataset;netflix_dataset;youtube_dataset;zoom_dataset;tft_dataset;zepeto_dataset;afreeca_dataset;roblox_dataset;youtube_dataset;amazon_dataset;amazon_dataset;youtube_dataset;tft_dataset;teams_dataset;tft_dataset;battleground_dataset;teams_dataset;netflix_dataset;youtubeLive_dataset;afreeca_dataset;roblox_dataset;geforce_dataset;geforce_dataset;tft_dataset;netflix_dataset;tft_dataset;youtube_dataset;geforce_dataset;amazon_dataset;gamebox_dataset,SPIKE,Blended Demand (lambda=0.50),0.5,0.75,85.6352426685862,14.046540058882778,23.58010661383325,1.4458431743970428,92.34708520179372,0.2917934723400118,93.15562266740038,43
50,synthetic_scalability_scenario_derived_from_real_traffic,15,35,afreeca_dataset;amazon_dataset;battleground_dataset;gamebox_dataset;geforce_dataset;meet_dataset;navernow_dataset;netflix_dataset;roblox_dataset;teams_dataset;tft_dataset;youtubeLive_dataset;youtube_dataset;zepeto_dataset;zoom_dataset;zepeto_dataset;navernow_dataset;navernow_dataset;roblox_dataset;afreeca_dataset;meet_dataset;netflix_dataset;youtube_dataset;zoom_dataset;tft_dataset;zepeto_dataset;afreeca_dataset;roblox_dataset;youtube_dataset;amazon_dataset;amazon_dataset;youtube_dataset;tft_dataset;teams_dataset;tft_dataset;battleground_dataset;teams_dataset;netflix_dataset;youtubeLive_dataset;afreeca_dataset;roblox_dataset;geforce_dataset;geforce_dataset;tft_dataset;netflix_dataset;tft_dataset;youtube_dataset;geforce_dataset;amazon_dataset;gamebox_dataset,SPIKE,Blended Demand (lambda=0.75),0.75,0.75,83.36459820315196,16.516263904454075,25.606189936883943,2.972650259933062,90.08251121076233,0.29730464066488427,93.98664127197783,43
50,synthetic_scalability_scenario_derived_from_real_traffic,15,35,afreeca_dataset;amazon_dataset;battleground_dataset;gamebox_dataset;geforce_dataset;meet_dataset;navernow_dataset;netflix_dataset;roblox_dataset;teams_dataset;tft_dataset;youtubeLive_dataset;youtube_dataset;zepeto_dataset;zoom_dataset;zepeto_dataset;navernow_dataset;navernow_dataset;roblox_dataset;afreeca_dataset;meet_dataset;netflix_dataset;youtube_dataset;zoom_dataset;tft_dataset;zepeto_dataset;afreeca_dataset;roblox_dataset;youtube_dataset;amazon_dataset;amazon_dataset;youtube_dataset;tft_dataset;teams_dataset;tft_dataset;battleground_dataset;teams_dataset;netflix_dataset;youtubeLive_dataset;afreeca_dataset;roblox_dataset;geforce_dataset;geforce_dataset;tft_dataset;netflix_dataset;tft_dataset;youtube_dataset;geforce_dataset;amazon_dataset;gamebox_dataset,SPIKE,Prediction Only (lambda=1.00),1.0,0.75,80.83955616502568,27.193365267949314,27.859334556132538,11.548290090236494,88.81255605381166,0.2953392356221334,94.54234602162454,43
50,synthetic_scalability_scenario_derived_from_real_traffic,15,35,afreeca_dataset;amazon_dataset;battleground_dataset;gamebox_dataset;geforce_dataset;meet_dataset;navernow_dataset;netflix_dataset;roblox_dataset;teams_dataset;tft_dataset;youtubeLive_dataset;youtube_dataset;zepeto_dataset;zoom_dataset;zepeto_dataset;navernow_dataset;navernow_dataset;roblox_dataset;afreeca_dataset;meet_dataset;netflix_dataset;youtube_dataset;zoom_dataset;tft_dataset;zepeto_dataset;afreeca_dataset;roblox_dataset;youtube_dataset;amazon_dataset;amazon_dataset;youtube_dataset;tft_dataset;teams_dataset;tft_dataset;battleground_dataset;teams_dataset;netflix_dataset;youtubeLive_dataset;afreeca_dataset;roblox_dataset;geforce_dataset;geforce_dataset;tft_dataset;netflix_dataset;tft_dataset;youtube_dataset;geforce_dataset;amazon_dataset;gamebox_dataset,SPIKE,Current Demand Only (lambda=0.00),0.0,0.75,89.83139363910458,11.645564940650956,19.83610808971861,0.535183239009723,93.30463378176383,0.2650243624307012,89.83139363910458,43
50,synthetic_scalability_scenario_derived_from_real_traffic,15,35,afreeca_dataset;amazon_dataset;battleground_dataset;gamebox_dataset;geforce_dataset;meet_dataset;navernow_dataset;netflix_dataset;roblox_dataset;teams_dataset;tft_dataset;youtubeLive_dataset;youtube_dataset;zepeto_dataset;zoom_dataset;roblox_dataset;navernow_dataset;roblox_dataset;amazon_dataset;roblox_dataset;youtube_dataset;zoom_dataset;youtubeLive_dataset;teams_dataset;tft_dataset;zoom_dataset;gamebox_dataset;youtube_dataset;zoom_dataset;tft_dataset;geforce_dataset;teams_dataset;meet_dataset;meet_dataset;roblox_dataset;youtube_dataset;battleground_dataset;navernow_dataset;roblox_dataset;youtube_dataset;roblox_dataset;geforce_dataset;youtubeLive_dataset;roblox_dataset;afreeca_dataset;geforce_dataset;zepeto_dataset;battleground_dataset;roblox_dataset;netflix_dataset,SPIKE,Equal Share,,0.75,30.599505010512537,29.95081578793826,72.60641988454427,1.9932305512687252,82.57847533632287,0.38114813991079866,30.599505010512456,44
50,synthetic_scalability_scenario_derived_from_real_traffic,15,35,afreeca_dataset;amazon_dataset;battleground_dataset;gamebox_dataset;geforce_dataset;meet_dataset;navernow_dataset;netflix_dataset;roblox_dataset;teams_dataset;tft_dataset;youtubeLive_dataset;youtube_dataset;zepeto_dataset;zoom_dataset;roblox_dataset;navernow_dataset;roblox_dataset;amazon_dataset;roblox_dataset;youtube_dataset;zoom_dataset;youtubeLive_dataset;teams_dataset;tft_dataset;zoom_dataset;gamebox_dataset;youtube_dataset;zoom_dataset;tft_dataset;geforce_dataset;teams_dataset;meet_dataset;meet_dataset;roblox_dataset;youtube_dataset;battleground_dataset;navernow_dataset;roblox_dataset;youtube_dataset;roblox_dataset;geforce_dataset;youtubeLive_dataset;roblox_dataset;afreeca_dataset;geforce_dataset;zepeto_dataset;battleground_dataset;roblox_dataset;netflix_dataset,SPIKE,Round Robin,,0.75,90.27686709705625,11.25223207748778,19.194334036540706,0.4252187778074286,93.77877428998505,0.22802346193162573,90.2768670970562,44
50,synthetic_scalability_scenario_derived_from_real_traffic,15,35,afreeca_dataset;amazon_dataset;battleground_dataset;gamebox_dataset;geforce_dataset;meet_dataset;navernow_dataset;netflix_dataset;roblox_dataset;teams_dataset;tft_dataset;youtubeLive_dataset;youtube_dataset;zepeto_dataset;zoom_dataset;roblox_dataset;navernow_dataset;roblox_dataset;amazon_dataset;roblox_dataset;youtube_dataset;zoom_dataset;youtubeLive_dataset;teams_dataset;tft_dataset;zoom_dataset;gamebox_dataset;youtube_dataset;zoom_dataset;tft_dataset;geforce_dataset;teams_dataset;meet_dataset;meet_dataset;roblox_dataset;youtube_dataset;battleground_dataset;navernow_dataset;roblox_dataset;youtube_dataset;roblox_dataset;geforce_dataset;youtubeLive_dataset;roblox_dataset;afreeca_dataset;geforce_dataset;zepeto_dataset;battleground_dataset;roblox_dataset;netflix_dataset,SPIKE,Proportional Fair,,0.75,90.30705955561305,11.285453208595728,19.167083021189963,0.5304906086067622,94.17458893871449,0.2377441575987949,90.30705955561302,44
50,synthetic_scalability_scenario_derived_from_real_traffic,15,35,afreeca_dataset;amazon_dataset;battleground_dataset;gamebox_dataset;geforce_dataset;meet_dataset;navernow_dataset;netflix_dataset;roblox_dataset;teams_dataset;tft_dataset;youtubeLive_dataset;youtube_dataset;zepeto_dataset;zoom_dataset;roblox_dataset;navernow_dataset;roblox_dataset;amazon_dataset;roblox_dataset;youtube_dataset;zoom_dataset;youtubeLive_dataset;teams_dataset;tft_dataset;zoom_dataset;gamebox_dataset;youtube_dataset;zoom_dataset;tft_dataset;geforce_dataset;teams_dataset;meet_dataset;meet_dataset;roblox_dataset;youtube_dataset;battleground_dataset;navernow_dataset;roblox_dataset;youtube_dataset;roblox_dataset;geforce_dataset;youtubeLive_dataset;roblox_dataset;afreeca_dataset;geforce_dataset;zepeto_dataset;battleground_dataset;roblox_dataset;netflix_dataset,SPIKE,Blended Demand (lambda=0.25),0.25,0.75,88.0027263326938,12.257365154099489,21.228877789369868,0.7207491701357676,93.15127055306428,0.24002029503064476,92.0175773770682,44
50,synthetic_scalability_scenario_derived_from_real_traffic,15,35,afreeca_dataset;amazon_dataset;battleground_dataset;gamebox_dataset;geforce_dataset;meet_dataset;navernow_dataset;netflix_dataset;roblox_dataset;teams_dataset;tft_dataset;youtubeLive_dataset;youtube_dataset;zepeto_dataset;zoom_dataset;roblox_dataset;navernow_dataset;roblox_dataset;amazon_dataset;roblox_dataset;youtube_dataset;zoom_dataset;youtubeLive_dataset;teams_dataset;tft_dataset;zoom_dataset;gamebox_dataset;youtube_dataset;zoom_dataset;tft_dataset;geforce_dataset;teams_dataset;meet_dataset;meet_dataset;roblox_dataset;youtube_dataset;battleground_dataset;navernow_dataset;roblox_dataset;youtube_dataset;roblox_dataset;geforce_dataset;youtubeLive_dataset;roblox_dataset;afreeca_dataset;geforce_dataset;zepeto_dataset;battleground_dataset;roblox_dataset;netflix_dataset,SPIKE,Blended Demand (lambda=0.50),0.5,0.75,86.13218140353038,13.39246309936877,22.902936680727677,1.2876231230080868,92.46068759342302,0.247770811121468,93.26006770074949,44
50,synthetic_scalability_scenario_derived_from_real_traffic,15,35,afreeca_dataset;amazon_dataset;battleground_dataset;gamebox_dataset;geforce_dataset;meet_dataset;navernow_dataset;netflix_dataset;roblox_dataset;teams_dataset;tft_dataset;youtubeLive_dataset;youtube_dataset;zepeto_dataset;zoom_dataset;roblox_dataset;navernow_dataset;roblox_dataset;amazon_dataset;roblox_dataset;youtube_dataset;zoom_dataset;youtubeLive_dataset;teams_dataset;tft_dataset;zoom_dataset;gamebox_dataset;youtube_dataset;zoom_dataset;tft_dataset;geforce_dataset;teams_dataset;meet_dataset;meet_dataset;roblox_dataset;youtube_dataset;battleground_dataset;navernow_dataset;roblox_dataset;youtube_dataset;roblox_dataset;geforce_dataset;youtubeLive_dataset;roblox_dataset;afreeca_dataset;geforce_dataset;zepeto_dataset;battleground_dataset;roblox_dataset;netflix_dataset,SPIKE,Blended Demand (lambda=0.75),0.75,0.75,83.95869119038205,15.424909206939729,24.848313701922137,2.7169672510620853,90.54499252615845,0.2514630791595825,93.97600452248906,44
50,synthetic_scalability_scenario_derived_from_real_traffic,15,35,afreeca_dataset;amazon_dataset;battleground_dataset;gamebox_dataset;geforce_dataset;meet_dataset;navernow_dataset;netflix_dataset;roblox_dataset;teams_dataset;tft_dataset;youtubeLive_dataset;youtube_dataset;zepeto_dataset;zoom_dataset;roblox_dataset;navernow_dataset;roblox_dataset;amazon_dataset;roblox_dataset;youtube_dataset;zoom_dataset;youtubeLive_dataset;teams_dataset;tft_dataset;zoom_dataset;gamebox_dataset;youtube_dataset;zoom_dataset;tft_dataset;geforce_dataset;teams_dataset;meet_dataset;meet_dataset;roblox_dataset;youtube_dataset;battleground_dataset;navernow_dataset;roblox_dataset;youtube_dataset;roblox_dataset;geforce_dataset;youtubeLive_dataset;roblox_dataset;afreeca_dataset;geforce_dataset;zepeto_dataset;battleground_dataset;roblox_dataset;netflix_dataset,SPIKE,Prediction Only (lambda=1.00),1.0,0.75,81.5733795345379,24.50743304011203,26.983291504390973,10.60714211148193,89.71509715994021,0.24924449159908327,94.47486089831412,44
50,synthetic_scalability_scenario_derived_from_real_traffic,15,35,afreeca_dataset;amazon_dataset;battleground_dataset;gamebox_dataset;geforce_dataset;meet_dataset;navernow_dataset;netflix_dataset;roblox_dataset;teams_dataset;tft_dataset;youtubeLive_dataset;youtube_dataset;zepeto_dataset;zoom_dataset;roblox_dataset;navernow_dataset;roblox_dataset;amazon_dataset;roblox_dataset;youtube_dataset;zoom_dataset;youtubeLive_dataset;teams_dataset;tft_dataset;zoom_dataset;gamebox_dataset;youtube_dataset;zoom_dataset;tft_dataset;geforce_dataset;teams_dataset;meet_dataset;meet_dataset;roblox_dataset;youtube_dataset;battleground_dataset;navernow_dataset;roblox_dataset;youtube_dataset;roblox_dataset;geforce_dataset;youtubeLive_dataset;roblox_dataset;afreeca_dataset;geforce_dataset;zepeto_dataset;battleground_dataset;roblox_dataset;netflix_dataset,SPIKE,Current Demand Only (lambda=0.00),0.0,0.75,90.29387218501965,11.421430920315345,19.178543815235187,0.45508069471558515,93.41554559043348,0.22749802356255197,90.29387218501957,44
50,synthetic_scalability_scenario_derived_from_real_traffic,15,35,afreeca_dataset;amazon_dataset;battleground_dataset;gamebox_dataset;geforce_dataset;meet_dataset;navernow_dataset;netflix_dataset;roblox_dataset;teams_dataset;tft_dataset;youtubeLive_dataset;youtube_dataset;zepeto_dataset;zoom_dataset;roblox_dataset;netflix_dataset;navernow_dataset;youtubeLive_dataset;meet_dataset;youtube_dataset;navernow_dataset;geforce_dataset;navernow_dataset;navernow_dataset;meet_dataset;youtube_dataset;zepeto_dataset;afreeca_dataset;roblox_dataset;battleground_dataset;geforce_dataset;youtube_dataset;battleground_dataset;gamebox_dataset;navernow_dataset;zepeto_dataset;youtubeLive_dataset;battleground_dataset;afreeca_dataset;meet_dataset;afreeca_dataset;geforce_dataset;zepeto_dataset;youtube_dataset;zepeto_dataset;youtubeLive_dataset;meet_dataset;zoom_dataset;zoom_dataset,SPIKE,Equal Share,,0.75,35.97013677886765,33.99511438593074,67.77087823759025,2.3899658886311763,79.96292974588938,0.4248709098149802,35.97013677886775,45
50,synthetic_scalability_scenario_derived_from_real_traffic,15,35,afreeca_dataset;amazon_dataset;battleground_dataset;gamebox_dataset;geforce_dataset;meet_dataset;navernow_dataset;netflix_dataset;roblox_dataset;teams_dataset;tft_dataset;youtubeLive_dataset;youtube_dataset;zepeto_dataset;zoom_dataset;roblox_dataset;netflix_dataset;navernow_dataset;youtubeLive_dataset;meet_dataset;youtube_dataset;navernow_dataset;geforce_dataset;navernow_dataset;navernow_dataset;meet_dataset;youtube_dataset;zepeto_dataset;afreeca_dataset;roblox_dataset;battleground_dataset;geforce_dataset;youtube_dataset;battleground_dataset;gamebox_dataset;navernow_dataset;zepeto_dataset;youtubeLive_dataset;battleground_dataset;afreeca_dataset;meet_dataset;afreeca_dataset;geforce_dataset;zepeto_dataset;youtube_dataset;zepeto_dataset;youtubeLive_dataset;meet_dataset;zoom_dataset;zoom_dataset,SPIKE,Round Robin,,0.75,90.38770897986768,11.737093650888959,19.027167983318456,0.6585140078894555,92.88281016442451,0.28829306682864114,90.38770897986754,45
50,synthetic_scalability_scenario_derived_from_real_traffic,15,35,afreeca_dataset;amazon_dataset;battleground_dataset;gamebox_dataset;geforce_dataset;meet_dataset;navernow_dataset;netflix_dataset;roblox_dataset;teams_dataset;tft_dataset;youtubeLive_dataset;youtube_dataset;zepeto_dataset;zoom_dataset;roblox_dataset;netflix_dataset;navernow_dataset;youtubeLive_dataset;meet_dataset;youtube_dataset;navernow_dataset;geforce_dataset;navernow_dataset;navernow_dataset;meet_dataset;youtube_dataset;zepeto_dataset;afreeca_dataset;roblox_dataset;battleground_dataset;geforce_dataset;youtube_dataset;battleground_dataset;gamebox_dataset;navernow_dataset;zepeto_dataset;youtubeLive_dataset;battleground_dataset;afreeca_dataset;meet_dataset;afreeca_dataset;geforce_dataset;zepeto_dataset;youtube_dataset;zepeto_dataset;youtubeLive_dataset;meet_dataset;zoom_dataset;zoom_dataset,SPIKE,Proportional Fair,,0.75,90.42637327383116,11.769740022353876,18.994207729293663,0.8076176759005412,93.51390134529149,0.30408628536782745,90.42637327383102,45
50,synthetic_scalability_scenario_derived_from_real_traffic,15,35,afreeca_dataset;amazon_dataset;battleground_dataset;gamebox_dataset;geforce_dataset;meet_dataset;navernow_dataset;netflix_dataset;roblox_dataset;teams_dataset;tft_dataset;youtubeLive_dataset;youtube_dataset;zepeto_dataset;zoom_dataset;roblox_dataset;netflix_dataset;navernow_dataset;youtubeLive_dataset;meet_dataset;youtube_dataset;navernow_dataset;geforce_dataset;navernow_dataset;navernow_dataset;meet_dataset;youtube_dataset;zepeto_dataset;afreeca_dataset;roblox_dataset;battleground_dataset;geforce_dataset;youtube_dataset;battleground_dataset;gamebox_dataset;navernow_dataset;zepeto_dataset;youtubeLive_dataset;battleground_dataset;afreeca_dataset;meet_dataset;afreeca_dataset;geforce_dataset;zepeto_dataset;youtube_dataset;zepeto_dataset;youtubeLive_dataset;meet_dataset;zoom_dataset;zoom_dataset,SPIKE,Blended Demand (lambda=0.25),0.25,0.75,87.63196281885085,13.105459437951597,21.495459684381316,0.9939774059235028,92.20059790732437,0.3054827043721856,92.78574579864613,45
50,synthetic_scalability_scenario_derived_from_real_traffic,15,35,afreeca_dataset;amazon_dataset;battleground_dataset;gamebox_dataset;geforce_dataset;meet_dataset;navernow_dataset;netflix_dataset;roblox_dataset;teams_dataset;tft_dataset;youtubeLive_dataset;youtube_dataset;zepeto_dataset;zoom_dataset;roblox_dataset;netflix_dataset;navernow_dataset;youtubeLive_dataset;meet_dataset;youtube_dataset;navernow_dataset;geforce_dataset;navernow_dataset;navernow_dataset;meet_dataset;youtube_dataset;zepeto_dataset;afreeca_dataset;roblox_dataset;battleground_dataset;geforce_dataset;youtube_dataset;battleground_dataset;gamebox_dataset;navernow_dataset;zepeto_dataset;youtubeLive_dataset;battleground_dataset;afreeca_dataset;meet_dataset;afreeca_dataset;geforce_dataset;zepeto_dataset;youtube_dataset;zepeto_dataset;youtubeLive_dataset;meet_dataset;zoom_dataset;zoom_dataset,SPIKE,Blended Demand (lambda=0.50),0.5,0.75,85.53089839293379,14.414215399405647,23.377462426914196,1.548393329341129,91.18714499252616,0.31518385825224204,94.52819437439629,45
50,synthetic_scalability_scenario_derived_from_real_traffic,15,35,afreeca_dataset;amazon_dataset;battleground_dataset;gamebox_dataset;geforce_dataset;meet_dataset;navernow_dataset;netflix_dataset;roblox_dataset;teams_dataset;tft_dataset;youtubeLive_dataset;youtube_dataset;zepeto_dataset;zoom_dataset;roblox_dataset;netflix_dataset;navernow_dataset;youtubeLive_dataset;meet_dataset;youtube_dataset;navernow_dataset;geforce_dataset;navernow_dataset;navernow_dataset;meet_dataset;youtube_dataset;zepeto_dataset;afreeca_dataset;roblox_dataset;battleground_dataset;geforce_dataset;youtube_dataset;battleground_dataset;gamebox_dataset;navernow_dataset;zepeto_dataset;youtubeLive_dataset;battleground_dataset;afreeca_dataset;meet_dataset;afreeca_dataset;geforce_dataset;zepeto_dataset;youtube_dataset;zepeto_dataset;youtubeLive_dataset;meet_dataset;zoom_dataset;zoom_dataset,SPIKE,Blended Demand (lambda=0.75),0.75,0.75,82.58407711759877,16.715627270486163,26.017173605907885,2.9804638778986865,88.91330343796712,0.3193645897571419,95.20516832426812,45
50,synthetic_scalability_scenario_derived_from_real_traffic,15,35,afreeca_dataset;amazon_dataset;battleground_dataset;gamebox_dataset;geforce_dataset;meet_dataset;navernow_dataset;netflix_dataset;roblox_dataset;teams_dataset;tft_dataset;youtubeLive_dataset;youtube_dataset;zepeto_dataset;zoom_dataset;roblox_dataset;netflix_dataset;navernow_dataset;youtubeLive_dataset;meet_dataset;youtube_dataset;navernow_dataset;geforce_dataset;navernow_dataset;navernow_dataset;meet_dataset;youtube_dataset;zepeto_dataset;afreeca_dataset;roblox_dataset;battleground_dataset;geforce_dataset;youtube_dataset;battleground_dataset;gamebox_dataset;navernow_dataset;zepeto_dataset;youtubeLive_dataset;battleground_dataset;afreeca_dataset;meet_dataset;afreeca_dataset;geforce_dataset;zepeto_dataset;youtube_dataset;zepeto_dataset;youtubeLive_dataset;meet_dataset;zoom_dataset;zoom_dataset,SPIKE,Prediction Only (lambda=1.00),1.0,0.75,79.07292156802751,29.009337565387533,29.162281644267463,12.36629964293967,88.1423019431988,0.31432816252481094,95.48611585867516,45
50,synthetic_scalability_scenario_derived_from_real_traffic,15,35,afreeca_dataset;amazon_dataset;battleground_dataset;gamebox_dataset;geforce_dataset;meet_dataset;navernow_dataset;netflix_dataset;roblox_dataset;teams_dataset;tft_dataset;youtubeLive_dataset;youtube_dataset;zepeto_dataset;zoom_dataset;roblox_dataset;netflix_dataset;navernow_dataset;youtubeLive_dataset;meet_dataset;youtube_dataset;navernow_dataset;geforce_dataset;navernow_dataset;navernow_dataset;meet_dataset;youtube_dataset;zepeto_dataset;afreeca_dataset;roblox_dataset;battleground_dataset;geforce_dataset;youtube_dataset;battleground_dataset;gamebox_dataset;navernow_dataset;zepeto_dataset;youtubeLive_dataset;battleground_dataset;afreeca_dataset;meet_dataset;afreeca_dataset;geforce_dataset;zepeto_dataset;youtube_dataset;zepeto_dataset;youtubeLive_dataset;meet_dataset;zoom_dataset;zoom_dataset,SPIKE,Current Demand Only (lambda=0.00),0.0,0.75,90.41339734674618,12.083365558016666,19.004123970458256,0.7384591339215801,92.55067264573991,0.28836082593249807,90.41339734674607,45
50,synthetic_scalability_scenario_derived_from_real_traffic,15,35,afreeca_dataset;amazon_dataset;battleground_dataset;gamebox_dataset;geforce_dataset;meet_dataset;navernow_dataset;netflix_dataset;roblox_dataset;teams_dataset;tft_dataset;youtubeLive_dataset;youtube_dataset;zepeto_dataset;zoom_dataset;teams_dataset;battleground_dataset;youtubeLive_dataset;zepeto_dataset;gamebox_dataset;geforce_dataset;zepeto_dataset;geforce_dataset;zoom_dataset;gamebox_dataset;meet_dataset;teams_dataset;afreeca_dataset;battleground_dataset;geforce_dataset;zoom_dataset;teams_dataset;tft_dataset;youtube_dataset;zoom_dataset;youtube_dataset;netflix_dataset;battleground_dataset;teams_dataset;tft_dataset;youtubeLive_dataset;meet_dataset;battleground_dataset;gamebox_dataset;battleground_dataset;navernow_dataset;meet_dataset;youtubeLive_dataset;geforce_dataset;netflix_dataset,SPIKE,Equal Share,,0.75,34.23718399116469,33.025524427235304,69.44079281147883,1.704464624634382,78.83826606875934,0.4293072784544379,34.23718399116481,46
50,synthetic_scalability_scenario_derived_from_real_traffic,15,35,afreeca_dataset;amazon_dataset;battleground_dataset;gamebox_dataset;geforce_dataset;meet_dataset;navernow_dataset;netflix_dataset;roblox_dataset;teams_dataset;tft_dataset;youtubeLive_dataset;youtube_dataset;zepeto_dataset;zoom_dataset;teams_dataset;battleground_dataset;youtubeLive_dataset;zepeto_dataset;gamebox_dataset;geforce_dataset;zepeto_dataset;geforce_dataset;zoom_dataset;gamebox_dataset;meet_dataset;teams_dataset;afreeca_dataset;battleground_dataset;geforce_dataset;zoom_dataset;teams_dataset;tft_dataset;youtube_dataset;zoom_dataset;youtube_dataset;netflix_dataset;battleground_dataset;teams_dataset;tft_dataset;youtubeLive_dataset;meet_dataset;battleground_dataset;gamebox_dataset;battleground_dataset;navernow_dataset;meet_dataset;youtubeLive_dataset;geforce_dataset;netflix_dataset,SPIKE,Round Robin,,0.75,89.91199689061925,12.28417296876715,19.760408857533076,0.4334413209326174,91.02780269058296,0.2830776791950573,89.91199689061925,46
50,synthetic_scalability_scenario_derived_from_real_traffic,15,35,afreeca_dataset;amazon_dataset;battleground_dataset;gamebox_dataset;geforce_dataset;meet_dataset;navernow_dataset;netflix_dataset;roblox_dataset;teams_dataset;tft_dataset;youtubeLive_dataset;youtube_dataset;zepeto_dataset;zoom_dataset;teams_dataset;battleground_dataset;youtubeLive_dataset;zepeto_dataset;gamebox_dataset;geforce_dataset;zepeto_dataset;geforce_dataset;zoom_dataset;gamebox_dataset;meet_dataset;teams_dataset;afreeca_dataset;battleground_dataset;geforce_dataset;zoom_dataset;teams_dataset;tft_dataset;youtube_dataset;zoom_dataset;youtube_dataset;netflix_dataset;battleground_dataset;teams_dataset;tft_dataset;youtubeLive_dataset;meet_dataset;battleground_dataset;gamebox_dataset;battleground_dataset;navernow_dataset;meet_dataset;youtubeLive_dataset;geforce_dataset;netflix_dataset,SPIKE,Proportional Fair,,0.75,89.91851491481714,12.270703557894272,19.754625300232302,0.5035389263985615,91.40597907324364,0.2885930834676339,89.91851491481714,46
50,synthetic_scalability_scenario_derived_from_real_traffic,15,35,afreeca_dataset;amazon_dataset;battleground_dataset;gamebox_dataset;geforce_dataset;meet_dataset;navernow_dataset;netflix_dataset;roblox_dataset;teams_dataset;tft_dataset;youtubeLive_dataset;youtube_dataset;zepeto_dataset;zoom_dataset;teams_dataset;battleground_dataset;youtubeLive_dataset;zepeto_dataset;gamebox_dataset;geforce_dataset;zepeto_dataset;geforce_dataset;zoom_dataset;gamebox_dataset;meet_dataset;teams_dataset;afreeca_dataset;battleground_dataset;geforce_dataset;zoom_dataset;teams_dataset;tft_dataset;youtube_dataset;zoom_dataset;youtube_dataset;netflix_dataset;battleground_dataset;teams_dataset;tft_dataset;youtubeLive_dataset;meet_dataset;battleground_dataset;gamebox_dataset;battleground_dataset;navernow_dataset;meet_dataset;youtubeLive_dataset;geforce_dataset;netflix_dataset,SPIKE,Blended Demand (lambda=0.25),0.25,0.75,88.4560966393552,13.157294845256267,21.05919136136416,0.6936918779621128,90.63288490284006,0.29342607732271747,91.13218593497197,46
50,synthetic_scalability_scenario_derived_from_real_traffic,15,35,afreeca_dataset;amazon_dataset;battleground_dataset;gamebox_dataset;geforce_dataset;meet_dataset;navernow_dataset;netflix_dataset;roblox_dataset;teams_dataset;tft_dataset;youtubeLive_dataset;youtube_dataset;zepeto_dataset;zoom_dataset;teams_dataset;battleground_dataset;youtubeLive_dataset;zepeto_dataset;gamebox_dataset;geforce_dataset;zepeto_dataset;geforce_dataset;zoom_dataset;gamebox_dataset;meet_dataset;teams_dataset;afreeca_dataset;battleground_dataset;geforce_dataset;zoom_dataset;teams_dataset;tft_dataset;youtube_dataset;zoom_dataset;youtube_dataset;netflix_dataset;battleground_dataset;teams_dataset;tft_dataset;youtubeLive_dataset;meet_dataset;battleground_dataset;gamebox_dataset;battleground_dataset;navernow_dataset;meet_dataset;youtubeLive_dataset;geforce_dataset;netflix_dataset,SPIKE,Blended Demand (lambda=0.50),0.5,0.75,87.32191312942294,14.17820112115472,22.070952409458478,1.2431279173378598,90.27384155455904,0.3008667196201717,92.16671387482373,46
50,synthetic_scalability_scenario_derived_from_real_traffic,15,35,afreeca_dataset;amazon_dataset;battleground_dataset;gamebox_dataset;geforce_dataset;meet_dataset;navernow_dataset;netflix_dataset;roblox_dataset;teams_dataset;tft_dataset;youtubeLive_dataset;youtube_dataset;zepeto_dataset;zoom_dataset;teams_dataset;battleground_dataset;youtubeLive_dataset;zepeto_dataset;gamebox_dataset;geforce_dataset;zepeto_dataset;geforce_dataset;zoom_dataset;gamebox_dataset;meet_dataset;teams_dataset;afreeca_dataset;battleground_dataset;geforce_dataset;zoom_dataset;teams_dataset;tft_dataset;youtube_dataset;zoom_dataset;youtube_dataset;netflix_dataset;battleground_dataset;teams_dataset;tft_dataset;youtubeLive_dataset;meet_dataset;battleground_dataset;gamebox_dataset;battleground_dataset;navernow_dataset;meet_dataset;youtubeLive_dataset;geforce_dataset;netflix_dataset,SPIKE,Blended Demand (lambda=0.75),0.75,0.75,85.98902226785037,16.014657877931615,23.259988375763644,2.6290403376389637,88.44633781763827,0.3052375896381021,92.84422536403865,46
50,synthetic_scalability_scenario_derived_from_real_traffic,15,35,afreeca_dataset;amazon_dataset;battleground_dataset;gamebox_dataset;geforce_dataset;meet_dataset;navernow_dataset;netflix_dataset;roblox_dataset;teams_dataset;tft_dataset;youtubeLive_dataset;youtube_dataset;zepeto_dataset;zoom_dataset;teams_dataset;battleground_dataset;youtubeLive_dataset;zepeto_dataset;gamebox_dataset;geforce_dataset;zepeto_dataset;geforce_dataset;zoom_dataset;gamebox_dataset;meet_dataset;teams_dataset;afreeca_dataset;battleground_dataset;geforce_dataset;zoom_dataset;teams_dataset;tft_dataset;youtube_dataset;zoom_dataset;youtube_dataset;netflix_dataset;battleground_dataset;teams_dataset;tft_dataset;youtubeLive_dataset;meet_dataset;battleground_dataset;gamebox_dataset;battleground_dataset;navernow_dataset;meet_dataset;youtubeLive_dataset;geforce_dataset;netflix_dataset,SPIKE,Prediction Only (lambda=1.00),1.0,0.75,84.59220748244731,24.020281474760914,24.506194053437824,10.407536426392399,87.73213751868461,0.30604790017235234,93.4073293475816,46
50,synthetic_scalability_scenario_derived_from_real_traffic,15,35,afreeca_dataset;amazon_dataset;battleground_dataset;gamebox_dataset;geforce_dataset;meet_dataset;navernow_dataset;netflix_dataset;roblox_dataset;teams_dataset;tft_dataset;youtubeLive_dataset;youtube_dataset;zepeto_dataset;zoom_dataset;teams_dataset;battleground_dataset;youtubeLive_dataset;zepeto_dataset;gamebox_dataset;geforce_dataset;zepeto_dataset;geforce_dataset;zoom_dataset;gamebox_dataset;meet_dataset;teams_dataset;afreeca_dataset;battleground_dataset;geforce_dataset;zoom_dataset;teams_dataset;tft_dataset;youtube_dataset;zoom_dataset;youtube_dataset;netflix_dataset;battleground_dataset;teams_dataset;tft_dataset;youtubeLive_dataset;meet_dataset;battleground_dataset;gamebox_dataset;battleground_dataset;navernow_dataset;meet_dataset;youtubeLive_dataset;geforce_dataset;netflix_dataset,SPIKE,Current Demand Only (lambda=0.00),0.0,0.75,89.91536437482911,12.417529170577952,19.757342347178106,0.44143889752119714,90.79431988041854,0.28301333991285255,89.91536437482911,46
100,synthetic_scalability_scenario_derived_from_real_traffic,15,85,afreeca_dataset;amazon_dataset;battleground_dataset;gamebox_dataset;geforce_dataset;meet_dataset;navernow_dataset;netflix_dataset;roblox_dataset;teams_dataset;tft_dataset;youtubeLive_dataset;youtube_dataset;zepeto_dataset;zoom_dataset;roblox_dataset;navernow_dataset;amazon_dataset;zepeto_dataset;youtube_dataset;geforce_dataset;battleground_dataset;tft_dataset;amazon_dataset;navernow_dataset;tft_dataset;youtubeLive_dataset;meet_dataset;netflix_dataset;roblox_dataset;youtubeLive_dataset;zepeto_dataset;meet_dataset;navernow_dataset;zepeto_dataset;amazon_dataset;youtubeLive_dataset;navernow_dataset;tft_dataset;geforce_dataset;roblox_dataset;zoom_dataset;battleground_dataset;teams_dataset;amazon_dataset;youtubeLive_dataset;navernow_dataset;youtube_dataset;zepeto_dataset;gamebox_dataset;teams_dataset;youtube_dataset;youtube_dataset;youtubeLive_dataset;youtubeLive_dataset;netflix_dataset;geforce_dataset;roblox_dataset;netflix_dataset;afreeca_dataset;gamebox_dataset;navernow_dataset;teams_dataset;youtube_dataset;amazon_dataset;roblox_dataset;roblox_dataset;amazon_dataset;youtubeLive_dataset;teams_dataset;meet_dataset;zoom_dataset;geforce_dataset;zoom_dataset;afreeca_dataset;youtube_dataset;youtube_dataset;zepeto_dataset;navernow_dataset;amazon_dataset;netflix_dataset;zoom_dataset;navernow_dataset;navernow_dataset;geforce_dataset;meet_dataset;amazon_dataset;youtubeLive_dataset;tft_dataset;tft_dataset;zepeto_dataset;zoom_dataset;netflix_dataset;netflix_dataset;battleground_dataset;gamebox_dataset;tft_dataset;teams_dataset;zoom_dataset;meet_dataset,LOW,Equal Share,,0.75,26.43241017468947,25.00732255210156,41.25083728135916,1.4405875312476975,87.38834080717488,0.35867600168226044,26.432410174689515,42
100,synthetic_scalability_scenario_derived_from_real_traffic,15,85,afreeca_dataset;amazon_dataset;battleground_dataset;gamebox_dataset;geforce_dataset;meet_dataset;navernow_dataset;netflix_dataset;roblox_dataset;teams_dataset;tft_dataset;youtubeLive_dataset;youtube_dataset;zepeto_dataset;zoom_dataset;roblox_dataset;navernow_dataset;amazon_dataset;zepeto_dataset;youtube_dataset;geforce_dataset;battleground_dataset;tft_dataset;amazon_dataset;navernow_dataset;tft_dataset;youtubeLive_dataset;meet_dataset;netflix_dataset;roblox_dataset;youtubeLive_dataset;zepeto_dataset;meet_dataset;navernow_dataset;zepeto_dataset;amazon_dataset;youtubeLive_dataset;navernow_dataset;tft_dataset;geforce_dataset;roblox_dataset;zoom_dataset;battleground_dataset;teams_dataset;amazon_dataset;youtubeLive_dataset;navernow_dataset;youtube_dataset;zepeto_dataset;gamebox_dataset;teams_dataset;youtube_dataset;youtube_dataset;youtubeLive_dataset;youtubeLive_dataset;netflix_dataset;geforce_dataset;roblox_dataset;netflix_dataset;afreeca_dataset;gamebox_dataset;navernow_dataset;teams_dataset;youtube_dataset;amazon_dataset;roblox_dataset;roblox_dataset;amazon_dataset;youtubeLive_dataset;teams_dataset;meet_dataset;zoom_dataset;geforce_dataset;zoom_dataset;afreeca_dataset;youtube_dataset;youtube_dataset;zepeto_dataset;navernow_dataset;amazon_dataset;netflix_dataset;zoom_dataset;navernow_dataset;navernow_dataset;geforce_dataset;meet_dataset;amazon_dataset;youtubeLive_dataset;tft_dataset;tft_dataset;zepeto_dataset;zoom_dataset;netflix_dataset;netflix_dataset;battleground_dataset;gamebox_dataset;tft_dataset;teams_dataset;zoom_dataset;meet_dataset,LOW,Round Robin,,0.75,44.99999999999993,10.0,0.0,0.0,100.0,0.24286783664925668,45.0,42
100,synthetic_scalability_scenario_derived_from_real_traffic,15,85,afreeca_dataset;amazon_dataset;battleground_dataset;gamebox_dataset;geforce_dataset;meet_dataset;navernow_dataset;netflix_dataset;roblox_dataset;teams_dataset;tft_dataset;youtubeLive_dataset;youtube_dataset;zepeto_dataset;zoom_dataset;roblox_dataset;navernow_dataset;amazon_dataset;zepeto_dataset;youtube_dataset;geforce_dataset;battleground_dataset;tft_dataset;amazon_dataset;navernow_dataset;tft_dataset;youtubeLive_dataset;meet_dataset;netflix_dataset;roblox_dataset;youtubeLive_dataset;zepeto_dataset;meet_dataset;navernow_dataset;zepeto_dataset;amazon_dataset;youtubeLive_dataset;navernow_dataset;tft_dataset;geforce_dataset;roblox_dataset;zoom_dataset;battleground_dataset;teams_dataset;amazon_dataset;youtubeLive_dataset;navernow_dataset;youtube_dataset;zepeto_dataset;gamebox_dataset;teams_dataset;youtube_dataset;youtube_dataset;youtubeLive_dataset;youtubeLive_dataset;netflix_dataset;geforce_dataset;roblox_dataset;netflix_dataset;afreeca_dataset;gamebox_dataset;navernow_dataset;teams_dataset;youtube_dataset;amazon_dataset;roblox_dataset;roblox_dataset;amazon_dataset;youtubeLive_dataset;teams_dataset;meet_dataset;zoom_dataset;geforce_dataset;zoom_dataset;afreeca_dataset;youtube_dataset;youtube_dataset;zepeto_dataset;navernow_dataset;amazon_dataset;netflix_dataset;zoom_dataset;navernow_dataset;navernow_dataset;geforce_dataset;meet_dataset;amazon_dataset;youtubeLive_dataset;tft_dataset;tft_dataset;zepeto_dataset;zoom_dataset;netflix_dataset;netflix_dataset;battleground_dataset;gamebox_dataset;tft_dataset;teams_dataset;zoom_dataset;meet_dataset,LOW,Proportional Fair,,0.75,44.99999999999993,10.0,0.0,0.0,100.0,0.24286783664925668,45.0,42
100,synthetic_scalability_scenario_derived_from_real_traffic,15,85,afreeca_dataset;amazon_dataset;battleground_dataset;gamebox_dataset;geforce_dataset;meet_dataset;navernow_dataset;netflix_dataset;roblox_dataset;teams_dataset;tft_dataset;youtubeLive_dataset;youtube_dataset;zepeto_dataset;zoom_dataset;roblox_dataset;navernow_dataset;amazon_dataset;zepeto_dataset;youtube_dataset;geforce_dataset;battleground_dataset;tft_dataset;amazon_dataset;navernow_dataset;tft_dataset;youtubeLive_dataset;meet_dataset;netflix_dataset;roblox_dataset;youtubeLive_dataset;zepeto_dataset;meet_dataset;navernow_dataset;zepeto_dataset;amazon_dataset;youtubeLive_dataset;navernow_dataset;tft_dataset;geforce_dataset;roblox_dataset;zoom_dataset;battleground_dataset;teams_dataset;amazon_dataset;youtubeLive_dataset;navernow_dataset;youtube_dataset;zepeto_dataset;gamebox_dataset;teams_dataset;youtube_dataset;youtube_dataset;youtubeLive_dataset;youtubeLive_dataset;netflix_dataset;geforce_dataset;roblox_dataset;netflix_dataset;afreeca_dataset;gamebox_dataset;navernow_dataset;teams_dataset;youtube_dataset;amazon_dataset;roblox_dataset;roblox_dataset;amazon_dataset;youtubeLive_dataset;teams_dataset;meet_dataset;zoom_dataset;geforce_dataset;zoom_dataset;afreeca_dataset;youtube_dataset;youtube_dataset;zepeto_dataset;navernow_dataset;amazon_dataset;netflix_dataset;zoom_dataset;navernow_dataset;navernow_dataset;geforce_dataset;meet_dataset;amazon_dataset;youtubeLive_dataset;tft_dataset;tft_dataset;zepeto_dataset;zoom_dataset;netflix_dataset;netflix_dataset;battleground_dataset;gamebox_dataset;tft_dataset;teams_dataset;zoom_dataset;meet_dataset,LOW,Blended Demand (lambda=0.25),0.25,0.75,44.99812070314567,11.25741873232702,0.002446864387755944,0.4307154680504225,99.99730941704036,0.25989901295905893,48.260064934643786,42
100,synthetic_scalability_scenario_derived_from_real_traffic,15,85,afreeca_dataset;amazon_dataset;battleground_dataset;gamebox_dataset;geforce_dataset;meet_dataset;navernow_dataset;netflix_dataset;roblox_dataset;teams_dataset;tft_dataset;youtubeLive_dataset;youtube_dataset;zepeto_dataset;zoom_dataset;roblox_dataset;navernow_dataset;amazon_dataset;zepeto_dataset;youtube_dataset;geforce_dataset;battleground_dataset;tft_dataset;amazon_dataset;navernow_dataset;tft_dataset;youtubeLive_dataset;meet_dataset;netflix_dataset;roblox_dataset;youtubeLive_dataset;zepeto_dataset;meet_dataset;navernow_dataset;zepeto_dataset;amazon_dataset;youtubeLive_dataset;navernow_dataset;tft_dataset;geforce_dataset;roblox_dataset;zoom_dataset;battleground_dataset;teams_dataset;amazon_dataset;youtubeLive_dataset;navernow_dataset;youtube_dataset;zepeto_dataset;gamebox_dataset;teams_dataset;youtube_dataset;youtube_dataset;youtubeLive_dataset;youtubeLive_dataset;netflix_dataset;geforce_dataset;roblox_dataset;netflix_dataset;afreeca_dataset;gamebox_dataset;navernow_dataset;teams_dataset;youtube_dataset;amazon_dataset;roblox_dataset;roblox_dataset;amazon_dataset;youtubeLive_dataset;teams_dataset;meet_dataset;zoom_dataset;geforce_dataset;zoom_dataset;afreeca_dataset;youtube_dataset;youtube_dataset;zepeto_dataset;navernow_dataset;amazon_dataset;netflix_dataset;zoom_dataset;navernow_dataset;navernow_dataset;geforce_dataset;meet_dataset;amazon_dataset;youtubeLive_dataset;tft_dataset;tft_dataset;zepeto_dataset;zoom_dataset;netflix_dataset;netflix_dataset;battleground_dataset;gamebox_dataset;tft_dataset;teams_dataset;zoom_dataset;meet_dataset,LOW,Blended Demand (lambda=0.50),0.5,0.75,44.73681374858318,13.281233393259903,0.5817738923942907,1.1921207894631425,99.63991031390134,0.2736885377637661,51.26070221157959,42
100,synthetic_scalability_scenario_derived_from_real_traffic,15,85,afreeca_dataset;amazon_dataset;battleground_dataset;gamebox_dataset;geforce_dataset;meet_dataset;navernow_dataset;netflix_dataset;roblox_dataset;teams_dataset;tft_dataset;youtubeLive_dataset;youtube_dataset;zepeto_dataset;zoom_dataset;roblox_dataset;navernow_dataset;amazon_dataset;zepeto_dataset;youtube_dataset;geforce_dataset;battleground_dataset;tft_dataset;amazon_dataset;navernow_dataset;tft_dataset;youtubeLive_dataset;meet_dataset;netflix_dataset;roblox_dataset;youtubeLive_dataset;zepeto_dataset;meet_dataset;navernow_dataset;zepeto_dataset;amazon_dataset;youtubeLive_dataset;navernow_dataset;tft_dataset;geforce_dataset;roblox_dataset;zoom_dataset;battleground_dataset;teams_dataset;amazon_dataset;youtubeLive_dataset;navernow_dataset;youtube_dataset;zepeto_dataset;gamebox_dataset;teams_dataset;youtube_dataset;youtube_dataset;youtubeLive_dataset;youtubeLive_dataset;netflix_dataset;geforce_dataset;roblox_dataset;netflix_dataset;afreeca_dataset;gamebox_dataset;navernow_dataset;teams_dataset;youtube_dataset;amazon_dataset;roblox_dataset;roblox_dataset;amazon_dataset;youtubeLive_dataset;teams_dataset;meet_dataset;zoom_dataset;geforce_dataset;zoom_dataset;afreeca_dataset;youtube_dataset;youtube_dataset;zepeto_dataset;navernow_dataset;amazon_dataset;netflix_dataset;zoom_dataset;navernow_dataset;navernow_dataset;geforce_dataset;meet_dataset;amazon_dataset;youtubeLive_dataset;tft_dataset;tft_dataset;zepeto_dataset;zoom_dataset;netflix_dataset;netflix_dataset;battleground_dataset;gamebox_dataset;tft_dataset;teams_dataset;zoom_dataset;meet_dataset,LOW,Blended Demand (lambda=0.75),0.75,0.75,43.7323927722534,17.305333267967253,2.812683394973451,2.8749916789190544,95.30149476831092,0.28392849159426975,53.518225466748085,42
100,synthetic_scalability_scenario_derived_from_real_traffic,15,85,afreeca_dataset;amazon_dataset;battleground_dataset;gamebox_dataset;geforce_dataset;meet_dataset;navernow_dataset;netflix_dataset;roblox_dataset;teams_dataset;tft_dataset;youtubeLive_dataset;youtube_dataset;zepeto_dataset;zoom_dataset;roblox_dataset;navernow_dataset;amazon_dataset;zepeto_dataset;youtube_dataset;geforce_dataset;battleground_dataset;tft_dataset;amazon_dataset;navernow_dataset;tft_dataset;youtubeLive_dataset;meet_dataset;netflix_dataset;roblox_dataset;youtubeLive_dataset;zepeto_dataset;meet_dataset;navernow_dataset;zepeto_dataset;amazon_dataset;youtubeLive_dataset;navernow_dataset;tft_dataset;geforce_dataset;roblox_dataset;zoom_dataset;battleground_dataset;teams_dataset;amazon_dataset;youtubeLive_dataset;navernow_dataset;youtube_dataset;zepeto_dataset;gamebox_dataset;teams_dataset;youtube_dataset;youtube_dataset;youtubeLive_dataset;youtubeLive_dataset;netflix_dataset;geforce_dataset;roblox_dataset;netflix_dataset;afreeca_dataset;gamebox_dataset;navernow_dataset;teams_dataset;youtube_dataset;amazon_dataset;roblox_dataset;roblox_dataset;amazon_dataset;youtubeLive_dataset;teams_dataset;meet_dataset;zoom_dataset;geforce_dataset;zoom_dataset;afreeca_dataset;youtube_dataset;youtube_dataset;zepeto_dataset;navernow_dataset;amazon_dataset;netflix_dataset;zoom_dataset;navernow_dataset;navernow_dataset;geforce_dataset;meet_dataset;amazon_dataset;youtubeLive_dataset;tft_dataset;tft_dataset;zepeto_dataset;zoom_dataset;netflix_dataset;netflix_dataset;battleground_dataset;gamebox_dataset;tft_dataset;teams_dataset;zoom_dataset;meet_dataset,LOW,Prediction Only (lambda=1.00),1.0,0.75,41.82019618418187,34.73153514562518,7.061044855366448,11.336032983909364,93.26292974588938,0.2916087871243996,54.86797311017475,42
100,synthetic_scalability_scenario_derived_from_real_traffic,15,85,afreeca_dataset;amazon_dataset;battleground_dataset;gamebox_dataset;geforce_dataset;meet_dataset;navernow_dataset;netflix_dataset;roblox_dataset;teams_dataset;tft_dataset;youtubeLive_dataset;youtube_dataset;zepeto_dataset;zoom_dataset;roblox_dataset;navernow_dataset;amazon_dataset;zepeto_dataset;youtube_dataset;geforce_dataset;battleground_dataset;tft_dataset;amazon_dataset;navernow_dataset;tft_dataset;youtubeLive_dataset;meet_dataset;netflix_dataset;roblox_dataset;youtubeLive_dataset;zepeto_dataset;meet_dataset;navernow_dataset;zepeto_dataset;amazon_dataset;youtubeLive_dataset;navernow_dataset;tft_dataset;geforce_dataset;roblox_dataset;zoom_dataset;battleground_dataset;teams_dataset;amazon_dataset;youtubeLive_dataset;navernow_dataset;youtube_dataset;zepeto_dataset;gamebox_dataset;teams_dataset;youtube_dataset;youtube_dataset;youtubeLive_dataset;youtubeLive_dataset;netflix_dataset;geforce_dataset;roblox_dataset;netflix_dataset;afreeca_dataset;gamebox_dataset;navernow_dataset;teams_dataset;youtube_dataset;amazon_dataset;roblox_dataset;roblox_dataset;amazon_dataset;youtubeLive_dataset;teams_dataset;meet_dataset;zoom_dataset;geforce_dataset;zoom_dataset;afreeca_dataset;youtube_dataset;youtube_dataset;zepeto_dataset;navernow_dataset;amazon_dataset;netflix_dataset;zoom_dataset;navernow_dataset;navernow_dataset;geforce_dataset;meet_dataset;amazon_dataset;youtubeLive_dataset;tft_dataset;tft_dataset;zepeto_dataset;zoom_dataset;netflix_dataset;netflix_dataset;battleground_dataset;gamebox_dataset;tft_dataset;teams_dataset;zoom_dataset;meet_dataset,LOW,Current Demand Only (lambda=0.00),0.0,0.75,44.99999999999993,10.0,0.0,0.0,100.0,0.24286783664925668,45.0,42
100,synthetic_scalability_scenario_derived_from_real_traffic,15,85,afreeca_dataset;amazon_dataset;battleground_dataset;gamebox_dataset;geforce_dataset;meet_dataset;navernow_dataset;netflix_dataset;roblox_dataset;teams_dataset;tft_dataset;youtubeLive_dataset;youtube_dataset;zepeto_dataset;zoom_dataset;zepeto_dataset;navernow_dataset;navernow_dataset;roblox_dataset;afreeca_dataset;meet_dataset;netflix_dataset;youtube_dataset;zoom_dataset;tft_dataset;zepeto_dataset;afreeca_dataset;roblox_dataset;youtube_dataset;amazon_dataset;amazon_dataset;youtube_dataset;tft_dataset;teams_dataset;tft_dataset;battleground_dataset;teams_dataset;netflix_dataset;youtubeLive_dataset;afreeca_dataset;roblox_dataset;geforce_dataset;geforce_dataset;tft_dataset;netflix_dataset;tft_dataset;youtube_dataset;geforce_dataset;amazon_dataset;gamebox_dataset;meet_dataset;battleground_dataset;gamebox_dataset;teams_dataset;zepeto_dataset;teams_dataset;afreeca_dataset;meet_dataset;zepeto_dataset;tft_dataset;teams_dataset;amazon_dataset;navernow_dataset;battleground_dataset;battleground_dataset;geforce_dataset;zoom_dataset;youtubeLive_dataset;youtube_dataset;zepeto_dataset;tft_dataset;battleground_dataset;zoom_dataset;youtube_dataset;amazon_dataset;geforce_dataset;navernow_dataset;netflix_dataset;zoom_dataset;navernow_dataset;battleground_dataset;youtubeLive_dataset;zoom_dataset;zepeto_dataset;gamebox_dataset;zoom_dataset;netflix_dataset;youtubeLive_dataset;roblox_dataset;zoom_dataset;netflix_dataset;geforce_dataset;youtube_dataset;meet_dataset;teams_dataset;tft_dataset;zepeto_dataset;geforce_dataset;roblox_dataset;teams_dataset,LOW,Equal Share,,0.75,24.745629998690003,24.977676700679726,44.99764775359623,1.2117895973544548,86.54080717488789,0.3294151560141906,24.745629998689893,43
100,synthetic_scalability_scenario_derived_from_real_traffic,15,85,afreeca_dataset;amazon_dataset;battleground_dataset;gamebox_dataset;geforce_dataset;meet_dataset;navernow_dataset;netflix_dataset;roblox_dataset;teams_dataset;tft_dataset;youtubeLive_dataset;youtube_dataset;zepeto_dataset;zoom_dataset;zepeto_dataset;navernow_dataset;navernow_dataset;roblox_dataset;afreeca_dataset;meet_dataset;netflix_dataset;youtube_dataset;zoom_dataset;tft_dataset;zepeto_dataset;afreeca_dataset;roblox_dataset;youtube_dataset;amazon_dataset;amazon_dataset;youtube_dataset;tft_dataset;teams_dataset;tft_dataset;battleground_dataset;teams_dataset;netflix_dataset;youtubeLive_dataset;afreeca_dataset;roblox_dataset;geforce_dataset;geforce_dataset;tft_dataset;netflix_dataset;tft_dataset;youtube_dataset;geforce_dataset;amazon_dataset;gamebox_dataset;meet_dataset;battleground_dataset;gamebox_dataset;teams_dataset;zepeto_dataset;teams_dataset;afreeca_dataset;meet_dataset;zepeto_dataset;tft_dataset;teams_dataset;amazon_dataset;navernow_dataset;battleground_dataset;battleground_dataset;geforce_dataset;zoom_dataset;youtubeLive_dataset;youtube_dataset;zepeto_dataset;tft_dataset;battleground_dataset;zoom_dataset;youtube_dataset;amazon_dataset;geforce_dataset;navernow_dataset;netflix_dataset;zoom_dataset;navernow_dataset;battleground_dataset;youtubeLive_dataset;zoom_dataset;zepeto_dataset;gamebox_dataset;zoom_dataset;netflix_dataset;youtubeLive_dataset;roblox_dataset;zoom_dataset;netflix_dataset;geforce_dataset;youtube_dataset;meet_dataset;teams_dataset;tft_dataset;zepeto_dataset;geforce_dataset;roblox_dataset;teams_dataset,LOW,Round Robin,,0.75,44.99999999999999,10.0,0.0,0.0,100.0,0.2246379771198063,45.0,43
100,synthetic_scalability_scenario_derived_from_real_traffic,15,85,afreeca_dataset;amazon_dataset;battleground_dataset;gamebox_dataset;geforce_dataset;meet_dataset;navernow_dataset;netflix_dataset;roblox_dataset;teams_dataset;tft_dataset;youtubeLive_dataset;youtube_dataset;zepeto_dataset;zoom_dataset;zepeto_dataset;navernow_dataset;navernow_dataset;roblox_dataset;afreeca_dataset;meet_dataset;netflix_dataset;youtube_dataset;zoom_dataset;tft_dataset;zepeto_dataset;afreeca_dataset;roblox_dataset;youtube_dataset;amazon_dataset;amazon_dataset;youtube_dataset;tft_dataset;teams_dataset;tft_dataset;battleground_dataset;teams_dataset;netflix_dataset;youtubeLive_dataset;afreeca_dataset;roblox_dataset;geforce_dataset;geforce_dataset;tft_dataset;netflix_dataset;tft_dataset;youtube_dataset;geforce_dataset;amazon_dataset;gamebox_dataset;meet_dataset;battleground_dataset;gamebox_dataset;teams_dataset;zepeto_dataset;teams_dataset;afreeca_dataset;meet_dataset;zepeto_dataset;tft_dataset;teams_dataset;amazon_dataset;navernow_dataset;battleground_dataset;battleground_dataset;geforce_dataset;zoom_dataset;youtubeLive_dataset;youtube_dataset;zepeto_dataset;tft_dataset;battleground_dataset;zoom_dataset;youtube_dataset;amazon_dataset;geforce_dataset;navernow_dataset;netflix_dataset;zoom_dataset;navernow_dataset;battleground_dataset;youtubeLive_dataset;zoom_dataset;zepeto_dataset;gamebox_dataset;zoom_dataset;netflix_dataset;youtubeLive_dataset;roblox_dataset;zoom_dataset;netflix_dataset;geforce_dataset;youtube_dataset;meet_dataset;teams_dataset;tft_dataset;zepeto_dataset;geforce_dataset;roblox_dataset;teams_dataset,LOW,Proportional Fair,,0.75,44.99999999999999,10.0,0.0,0.0,100.0,0.2246379771198063,45.0,43
100,synthetic_scalability_scenario_derived_from_real_traffic,15,85,afreeca_dataset;amazon_dataset;battleground_dataset;gamebox_dataset;geforce_dataset;meet_dataset;navernow_dataset;netflix_dataset;roblox_dataset;teams_dataset;tft_dataset;youtubeLive_dataset;youtube_dataset;zepeto_dataset;zoom_dataset;zepeto_dataset;navernow_dataset;navernow_dataset;roblox_dataset;afreeca_dataset;meet_dataset;netflix_dataset;youtube_dataset;zoom_dataset;tft_dataset;zepeto_dataset;afreeca_dataset;roblox_dataset;youtube_dataset;amazon_dataset;amazon_dataset;youtube_dataset;tft_dataset;teams_dataset;tft_dataset;battleground_dataset;teams_dataset;netflix_dataset;youtubeLive_dataset;afreeca_dataset;roblox_dataset;geforce_dataset;geforce_dataset;tft_dataset;netflix_dataset;tft_dataset;youtube_dataset;geforce_dataset;amazon_dataset;gamebox_dataset;meet_dataset;battleground_dataset;gamebox_dataset;teams_dataset;zepeto_dataset;teams_dataset;afreeca_dataset;meet_dataset;zepeto_dataset;tft_dataset;teams_dataset;amazon_dataset;navernow_dataset;battleground_dataset;battleground_dataset;geforce_dataset;zoom_dataset;youtubeLive_dataset;youtube_dataset;zepeto_dataset;tft_dataset;battleground_dataset;zoom_dataset;youtube_dataset;amazon_dataset;geforce_dataset;navernow_dataset;netflix_dataset;zoom_dataset;navernow_dataset;battleground_dataset;youtubeLive_dataset;zoom_dataset;zepeto_dataset;gamebox_dataset;zoom_dataset;netflix_dataset;youtubeLive_dataset;roblox_dataset;zoom_dataset;netflix_dataset;geforce_dataset;youtube_dataset;meet_dataset;teams_dataset;tft_dataset;zepeto_dataset;geforce_dataset;roblox_dataset;teams_dataset,LOW,Blended Demand (lambda=0.25),0.25,0.75,44.998769623951254,10.920064053349257,0.001313850758068391,0.3593204423668281,99.9982062780269,0.23548037369928954,47.13686625859842,43
100,synthetic_scalability_scenario_derived_from_real_traffic,15,85,afreeca_dataset;amazon_dataset;battleground_dataset;gamebox_dataset;geforce_dataset;meet_dataset;navernow_dataset;netflix_dataset;roblox_dataset;teams_dataset;tft_dataset;youtubeLive_dataset;youtube_dataset;zepeto_dataset;zoom_dataset;zepeto_dataset;navernow_dataset;navernow_dataset;roblox_dataset;afreeca_dataset;meet_dataset;netflix_dataset;youtube_dataset;zoom_dataset;tft_dataset;zepeto_dataset;afreeca_dataset;roblox_dataset;youtube_dataset;amazon_dataset;amazon_dataset;youtube_dataset;tft_dataset;teams_dataset;tft_dataset;battleground_dataset;teams_dataset;netflix_dataset;youtubeLive_dataset;afreeca_dataset;roblox_dataset;geforce_dataset;geforce_dataset;tft_dataset;netflix_dataset;tft_dataset;youtube_dataset;geforce_dataset;amazon_dataset;gamebox_dataset;meet_dataset;battleground_dataset;gamebox_dataset;teams_dataset;zepeto_dataset;teams_dataset;afreeca_dataset;meet_dataset;zepeto_dataset;tft_dataset;teams_dataset;amazon_dataset;navernow_dataset;battleground_dataset;battleground_dataset;geforce_dataset;zoom_dataset;youtubeLive_dataset;youtube_dataset;zepeto_dataset;tft_dataset;battleground_dataset;zoom_dataset;youtube_dataset;amazon_dataset;geforce_dataset;navernow_dataset;netflix_dataset;zoom_dataset;navernow_dataset;battleground_dataset;youtubeLive_dataset;zoom_dataset;zepeto_dataset;gamebox_dataset;zoom_dataset;netflix_dataset;youtubeLive_dataset;roblox_dataset;zoom_dataset;netflix_dataset;geforce_dataset;youtube_dataset;meet_dataset;teams_dataset;tft_dataset;zepeto_dataset;geforce_dataset;roblox_dataset;teams_dataset,LOW,Blended Demand (lambda=0.50),0.5,0.75,44.85654418603957,12.350844286792617,0.3159500612114984,0.9881681417959972,99.79028400597907,0.24457819305776596,49.132737455333924,43
100,synthetic_scalability_scenario_derived_from_real_traffic,15,85,afreeca_dataset;amazon_dataset;battleground_dataset;gamebox_dataset;geforce_dataset;meet_dataset;navernow_dataset;netflix_dataset;roblox_dataset;teams_dataset;tft_dataset;youtubeLive_dataset;youtube_dataset;zepeto_dataset;zoom_dataset;zepeto_dataset;navernow_dataset;navernow_dataset;roblox_dataset;afreeca_dataset;meet_dataset;netflix_dataset;youtube_dataset;zoom_dataset;tft_dataset;zepeto_dataset;afreeca_dataset;roblox_dataset;youtube_dataset;amazon_dataset;amazon_dataset;youtube_dataset;tft_dataset;teams_dataset;tft_dataset;battleground_dataset;teams_dataset;netflix_dataset;youtubeLive_dataset;afreeca_dataset;roblox_dataset;geforce_dataset;geforce_dataset;tft_dataset;netflix_dataset;tft_dataset;youtube_dataset;geforce_dataset;amazon_dataset;gamebox_dataset;meet_dataset;battleground_dataset;gamebox_dataset;teams_dataset;zepeto_dataset;teams_dataset;afreeca_dataset;meet_dataset;zepeto_dataset;tft_dataset;teams_dataset;amazon_dataset;navernow_dataset;battleground_dataset;battleground_dataset;geforce_dataset;zoom_dataset;youtubeLive_dataset;youtube_dataset;zepeto_dataset;tft_dataset;battleground_dataset;zoom_dataset;youtube_dataset;amazon_dataset;geforce_dataset;navernow_dataset;netflix_dataset;zoom_dataset;navernow_dataset;battleground_dataset;youtubeLive_dataset;zoom_dataset;zepeto_dataset;gamebox_dataset;zoom_dataset;netflix_dataset;youtubeLive_dataset;roblox_dataset;zoom_dataset;netflix_dataset;geforce_dataset;youtube_dataset;meet_dataset;teams_dataset;tft_dataset;zepeto_dataset;geforce_dataset;roblox_dataset;teams_dataset,LOW,Blended Demand (lambda=0.75),0.75,0.75,44.307479188312286,15.085674781360565,1.5348255364533376,2.358579581916599,97.06965620328849,0.2514254583298394,50.72176909225392,43
100,synthetic_scalability_scenario_derived_from_real_traffic,15,85,afreeca_dataset;amazon_dataset;battleground_dataset;gamebox_dataset;geforce_dataset;meet_dataset;navernow_dataset;netflix_dataset;roblox_dataset;teams_dataset;tft_dataset;youtubeLive_dataset;youtube_dataset;zepeto_dataset;zoom_dataset;zepeto_dataset;navernow_dataset;navernow_dataset;roblox_dataset;afreeca_dataset;meet_dataset;netflix_dataset;youtube_dataset;zoom_dataset;tft_dataset;zepeto_dataset;afreeca_dataset;roblox_dataset;youtube_dataset;amazon_dataset;amazon_dataset;youtube_dataset;tft_dataset;teams_dataset;tft_dataset;battleground_dataset;teams_dataset;netflix_dataset;youtubeLive_dataset;afreeca_dataset;roblox_dataset;geforce_dataset;geforce_dataset;tft_dataset;netflix_dataset;tft_dataset;youtube_dataset;geforce_dataset;amazon_dataset;gamebox_dataset;meet_dataset;battleground_dataset;gamebox_dataset;teams_dataset;zepeto_dataset;teams_dataset;afreeca_dataset;meet_dataset;zepeto_dataset;tft_dataset;teams_dataset;amazon_dataset;navernow_dataset;battleground_dataset;battleground_dataset;geforce_dataset;zoom_dataset;youtubeLive_dataset;youtube_dataset;zepeto_dataset;tft_dataset;battleground_dataset;zoom_dataset;youtube_dataset;amazon_dataset;geforce_dataset;navernow_dataset;netflix_dataset;zoom_dataset;navernow_dataset;battleground_dataset;youtubeLive_dataset;zoom_dataset;zepeto_dataset;gamebox_dataset;zoom_dataset;netflix_dataset;youtubeLive_dataset;roblox_dataset;zoom_dataset;netflix_dataset;geforce_dataset;youtube_dataset;meet_dataset;teams_dataset;tft_dataset;zepeto_dataset;geforce_dataset;roblox_dataset;teams_dataset,LOW,Prediction Only (lambda=1.00),1.0,0.75,43.19365738831916,26.164683995002314,4.009632328913136,9.040784114858637,95.61778774289985,0.2563201676641064,51.74604392690829,43
100,synthetic_scalability_scenario_derived_from_real_traffic,15,85,afreeca_dataset;amazon_dataset;battleground_dataset;gamebox_dataset;geforce_dataset;meet_dataset;navernow_dataset;netflix_dataset;roblox_dataset;teams_dataset;tft_dataset;youtubeLive_dataset;youtube_dataset;zepeto_dataset;zoom_dataset;zepeto_dataset;navernow_dataset;navernow_dataset;roblox_dataset;afreeca_dataset;meet_dataset;netflix_dataset;youtube_dataset;zoom_dataset;tft_dataset;zepeto_dataset;afreeca_dataset;roblox_dataset;youtube_dataset;amazon_dataset;amazon_dataset;youtube_dataset;tft_dataset;teams_dataset;tft_dataset;battleground_dataset;teams_dataset;netflix_dataset;youtubeLive_dataset;afreeca_dataset;roblox_dataset;geforce_dataset;geforce_dataset;tft_dataset;netflix_dataset;tft_dataset;youtube_dataset;geforce_dataset;amazon_dataset;gamebox_dataset;meet_dataset;battleground_dataset;gamebox_dataset;teams_dataset;zepeto_dataset;teams_dataset;afreeca_dataset;meet_dataset;zepeto_dataset;tft_dataset;teams_dataset;amazon_dataset;navernow_dataset;battleground_dataset;battleground_dataset;geforce_dataset;zoom_dataset;youtubeLive_dataset;youtube_dataset;zepeto_dataset;tft_dataset;battleground_dataset;zoom_dataset;youtube_dataset;amazon_dataset;geforce_dataset;navernow_dataset;netflix_dataset;zoom_dataset;navernow_dataset;battleground_dataset;youtubeLive_dataset;zoom_dataset;zepeto_dataset;gamebox_dataset;zoom_dataset;netflix_dataset;youtubeLive_dataset;roblox_dataset;zoom_dataset;netflix_dataset;geforce_dataset;youtube_dataset;meet_dataset;teams_dataset;tft_dataset;zepeto_dataset;geforce_dataset;roblox_dataset;teams_dataset,LOW,Current Demand Only (lambda=0.00),0.0,0.75,44.99999999999999,10.0,0.0,0.0,100.0,0.2246379771198063,45.0,43
100,synthetic_scalability_scenario_derived_from_real_traffic,15,85,afreeca_dataset;amazon_dataset;battleground_dataset;gamebox_dataset;geforce_dataset;meet_dataset;navernow_dataset;netflix_dataset;roblox_dataset;teams_dataset;tft_dataset;youtubeLive_dataset;youtube_dataset;zepeto_dataset;zoom_dataset;roblox_dataset;navernow_dataset;roblox_dataset;amazon_dataset;roblox_dataset;youtube_dataset;zoom_dataset;youtubeLive_dataset;teams_dataset;tft_dataset;zoom_dataset;gamebox_dataset;youtube_dataset;zoom_dataset;tft_dataset;geforce_dataset;teams_dataset;meet_dataset;meet_dataset;roblox_dataset;youtube_dataset;battleground_dataset;navernow_dataset;roblox_dataset;youtube_dataset;roblox_dataset;geforce_dataset;youtubeLive_dataset;roblox_dataset;afreeca_dataset;geforce_dataset;zepeto_dataset;battleground_dataset;roblox_dataset;netflix_dataset;roblox_dataset;amazon_dataset;meet_dataset;zoom_dataset;amazon_dataset;youtube_dataset;zepeto_dataset;gamebox_dataset;netflix_dataset;tft_dataset;meet_dataset;gamebox_dataset;zoom_dataset;teams_dataset;teams_dataset;battleground_dataset;battleground_dataset;meet_dataset;battleground_dataset;zepeto_dataset;zepeto_dataset;youtube_dataset;meet_dataset;navernow_dataset;meet_dataset;netflix_dataset;gamebox_dataset;afreeca_dataset;geforce_dataset;zoom_dataset;battleground_dataset;battleground_dataset;amazon_dataset;meet_dataset;teams_dataset;battleground_dataset;youtube_dataset;youtube_dataset;battleground_dataset;youtubeLive_dataset;meet_dataset;youtubeLive_dataset;roblox_dataset;amazon_dataset;roblox_dataset;roblox_dataset;gamebox_dataset;geforce_dataset;tft_dataset;netflix_dataset,LOW,Equal Share,,0.75,22.267118448537246,24.33156558617303,50.50746540126838,1.0177633456978734,86.83109118086696,0.28974083193372024,22.267118448537232,44
100,synthetic_scalability_scenario_derived_from_real_traffic,15,85,afreeca_dataset;amazon_dataset;battleground_dataset;gamebox_dataset;geforce_dataset;meet_dataset;navernow_dataset;netflix_dataset;roblox_dataset;teams_dataset;tft_dataset;youtubeLive_dataset;youtube_dataset;zepeto_dataset;zoom_dataset;roblox_dataset;navernow_dataset;roblox_dataset;amazon_dataset;roblox_dataset;youtube_dataset;zoom_dataset;youtubeLive_dataset;teams_dataset;tft_dataset;zoom_dataset;gamebox_dataset;youtube_dataset;zoom_dataset;tft_dataset;geforce_dataset;teams_dataset;meet_dataset;meet_dataset;roblox_dataset;youtube_dataset;battleground_dataset;navernow_dataset;roblox_dataset;youtube_dataset;roblox_dataset;geforce_dataset;youtubeLive_dataset;roblox_dataset;afreeca_dataset;geforce_dataset;zepeto_dataset;battleground_dataset;roblox_dataset;netflix_dataset;roblox_dataset;amazon_dataset;meet_dataset;zoom_dataset;amazon_dataset;youtube_dataset;zepeto_dataset;gamebox_dataset;netflix_dataset;tft_dataset;meet_dataset;gamebox_dataset;zoom_dataset;teams_dataset;teams_dataset;battleground_dataset;battleground_dataset;meet_dataset;battleground_dataset;zepeto_dataset;zepeto_dataset;youtube_dataset;meet_dataset;navernow_dataset;meet_dataset;netflix_dataset;gamebox_dataset;afreeca_dataset;geforce_dataset;zoom_dataset;battleground_dataset;battleground_dataset;amazon_dataset;meet_dataset;teams_dataset;battleground_dataset;youtube_dataset;youtube_dataset;battleground_dataset;youtubeLive_dataset;meet_dataset;youtubeLive_dataset;roblox_dataset;amazon_dataset;roblox_dataset;roblox_dataset;gamebox_dataset;geforce_dataset;tft_dataset;netflix_dataset,LOW,Round Robin,,0.75,45.00000000000001,10.0,0.0,0.0,100.0,0.19752444808869368,45.0,44
100,synthetic_scalability_scenario_derived_from_real_traffic,15,85,afreeca_dataset;amazon_dataset;battleground_dataset;gamebox_dataset;geforce_dataset;meet_dataset;navernow_dataset;netflix_dataset;roblox_dataset;teams_dataset;tft_dataset;youtubeLive_dataset;youtube_dataset;zepeto_dataset;zoom_dataset;roblox_dataset;navernow_dataset;roblox_dataset;amazon_dataset;roblox_dataset;youtube_dataset;zoom_dataset;youtubeLive_dataset;teams_dataset;tft_dataset;zoom_dataset;gamebox_dataset;youtube_dataset;zoom_dataset;tft_dataset;geforce_dataset;teams_dataset;meet_dataset;meet_dataset;roblox_dataset;youtube_dataset;battleground_dataset;navernow_dataset;roblox_dataset;youtube_dataset;roblox_dataset;geforce_dataset;youtubeLive_dataset;roblox_dataset;afreeca_dataset;geforce_dataset;zepeto_dataset;battleground_dataset;roblox_dataset;netflix_dataset;roblox_dataset;amazon_dataset;meet_dataset;zoom_dataset;amazon_dataset;youtube_dataset;zepeto_dataset;gamebox_dataset;netflix_dataset;tft_dataset;meet_dataset;gamebox_dataset;zoom_dataset;teams_dataset;teams_dataset;battleground_dataset;battleground_dataset;meet_dataset;battleground_dataset;zepeto_dataset;zepeto_dataset;youtube_dataset;meet_dataset;navernow_dataset;meet_dataset;netflix_dataset;gamebox_dataset;afreeca_dataset;geforce_dataset;zoom_dataset;battleground_dataset;battleground_dataset;amazon_dataset;meet_dataset;teams_dataset;battleground_dataset;youtube_dataset;youtube_dataset;battleground_dataset;youtubeLive_dataset;meet_dataset;youtubeLive_dataset;roblox_dataset;amazon_dataset;roblox_dataset;roblox_dataset;gamebox_dataset;geforce_dataset;tft_dataset;netflix_dataset,LOW,Proportional Fair,,0.75,45.00000000000001,10.0,0.0,0.0,100.0,0.19752444808869368,45.0,44
100,synthetic_scalability_scenario_derived_from_real_traffic,15,85,afreeca_dataset;amazon_dataset;battleground_dataset;gamebox_dataset;geforce_dataset;meet_dataset;navernow_dataset;netflix_dataset;roblox_dataset;teams_dataset;tft_dataset;youtubeLive_dataset;youtube_dataset;zepeto_dataset;zoom_dataset;roblox_dataset;navernow_dataset;roblox_dataset;amazon_dataset;roblox_dataset;youtube_dataset;zoom_dataset;youtubeLive_dataset;teams_dataset;tft_dataset;zoom_dataset;gamebox_dataset;youtube_dataset;zoom_dataset;tft_dataset;geforce_dataset;teams_dataset;meet_dataset;meet_dataset;roblox_dataset;youtube_dataset;battleground_dataset;navernow_dataset;roblox_dataset;youtube_dataset;roblox_dataset;geforce_dataset;youtubeLive_dataset;roblox_dataset;afreeca_dataset;geforce_dataset;zepeto_dataset;battleground_dataset;roblox_dataset;netflix_dataset;roblox_dataset;amazon_dataset;meet_dataset;zoom_dataset;amazon_dataset;youtube_dataset;zepeto_dataset;gamebox_dataset;netflix_dataset;tft_dataset;meet_dataset;gamebox_dataset;zoom_dataset;teams_dataset;teams_dataset;battleground_dataset;battleground_dataset;meet_dataset;battleground_dataset;zepeto_dataset;zepeto_dataset;youtube_dataset;meet_dataset;navernow_dataset;meet_dataset;netflix_dataset;gamebox_dataset;afreeca_dataset;geforce_dataset;zoom_dataset;battleground_dataset;battleground_dataset;amazon_dataset;meet_dataset;teams_dataset;battleground_dataset;youtube_dataset;youtube_dataset;battleground_dataset;youtubeLive_dataset;meet_dataset;youtubeLive_dataset;roblox_dataset;amazon_dataset;roblox_dataset;roblox_dataset;gamebox_dataset;geforce_dataset;tft_dataset;netflix_dataset,LOW,Blended Demand (lambda=0.25),0.25,0.75,44.99827672539475,10.80804824123041,0.002776036831078335,0.3257675954960129,99.9982062780269,0.20660598897486365,46.91296965411648,44
100,synthetic_scalability_scenario_derived_from_real_traffic,15,85,afreeca_dataset;amazon_dataset;battleground_dataset;gamebox_dataset;geforce_dataset;meet_dataset;navernow_dataset;netflix_dataset;roblox_dataset;teams_dataset;tft_dataset;youtubeLive_dataset;youtube_dataset;zepeto_dataset;zoom_dataset;roblox_dataset;navernow_dataset;roblox_dataset;amazon_dataset;roblox_dataset;youtube_dataset;zoom_dataset;youtubeLive_dataset;teams_dataset;tft_dataset;zoom_dataset;gamebox_dataset;youtube_dataset;zoom_dataset;tft_dataset;geforce_dataset;teams_dataset;meet_dataset;meet_dataset;roblox_dataset;youtube_dataset;battleground_dataset;navernow_dataset;roblox_dataset;youtube_dataset;roblox_dataset;geforce_dataset;youtubeLive_dataset;roblox_dataset;afreeca_dataset;geforce_dataset;zepeto_dataset;battleground_dataset;roblox_dataset;netflix_dataset;roblox_dataset;amazon_dataset;meet_dataset;zoom_dataset;amazon_dataset;youtube_dataset;zepeto_dataset;gamebox_dataset;netflix_dataset;tft_dataset;meet_dataset;gamebox_dataset;zoom_dataset;teams_dataset;teams_dataset;battleground_dataset;battleground_dataset;meet_dataset;battleground_dataset;zepeto_dataset;zepeto_dataset;youtube_dataset;meet_dataset;navernow_dataset;meet_dataset;netflix_dataset;gamebox_dataset;afreeca_dataset;geforce_dataset;zoom_dataset;battleground_dataset;battleground_dataset;amazon_dataset;meet_dataset;teams_dataset;battleground_dataset;youtube_dataset;youtube_dataset;battleground_dataset;youtubeLive_dataset;meet_dataset;youtubeLive_dataset;roblox_dataset;amazon_dataset;roblox_dataset;roblox_dataset;gamebox_dataset;geforce_dataset;tft_dataset;netflix_dataset,LOW,Blended Demand (lambda=0.50),0.5,0.75,44.83884811395433,12.057718839411177,0.35621969527580594,0.8926203194177245,99.80911808669656,0.21428764153918953,48.66823397139747,44
100,synthetic_scalability_scenario_derived_from_real_traffic,15,85,afreeca_dataset;amazon_dataset;battleground_dataset;gamebox_dataset;geforce_dataset;meet_dataset;navernow_dataset;netflix_dataset;roblox_dataset;teams_dataset;tft_dataset;youtubeLive_dataset;youtube_dataset;zepeto_dataset;zoom_dataset;roblox_dataset;navernow_dataset;roblox_dataset;amazon_dataset;roblox_dataset;youtube_dataset;zoom_dataset;youtubeLive_dataset;teams_dataset;tft_dataset;zoom_dataset;gamebox_dataset;youtube_dataset;zoom_dataset;tft_dataset;geforce_dataset;teams_dataset;meet_dataset;meet_dataset;roblox_dataset;youtube_dataset;battleground_dataset;navernow_dataset;roblox_dataset;youtube_dataset;roblox_dataset;geforce_dataset;youtubeLive_dataset;roblox_dataset;afreeca_dataset;geforce_dataset;zepeto_dataset;battleground_dataset;roblox_dataset;netflix_dataset;roblox_dataset;amazon_dataset;meet_dataset;zoom_dataset;amazon_dataset;youtube_dataset;zepeto_dataset;gamebox_dataset;netflix_dataset;tft_dataset;meet_dataset;gamebox_dataset;zoom_dataset;teams_dataset;teams_dataset;battleground_dataset;battleground_dataset;meet_dataset;battleground_dataset;zepeto_dataset;zepeto_dataset;youtube_dataset;meet_dataset;navernow_dataset;meet_dataset;netflix_dataset;gamebox_dataset;afreeca_dataset;geforce_dataset;zoom_dataset;battleground_dataset;battleground_dataset;amazon_dataset;meet_dataset;teams_dataset;battleground_dataset;youtube_dataset;youtube_dataset;battleground_dataset;youtubeLive_dataset;meet_dataset;youtubeLive_dataset;roblox_dataset;amazon_dataset;roblox_dataset;roblox_dataset;gamebox_dataset;geforce_dataset;tft_dataset;netflix_dataset,LOW,Blended Demand (lambda=0.75),0.75,0.75,44.23253327718572,14.399324371827127,1.7031229303430382,2.085799288795341,97.40657698056802,0.22009859457034678,49.97661206335059,44
100,synthetic_scalability_scenario_derived_from_real_traffic,15,85,afreeca_dataset;amazon_dataset;battleground_dataset;gamebox_dataset;geforce_dataset;meet_dataset;navernow_dataset;netflix_dataset;roblox_dataset;teams_dataset;tft_dataset;youtubeLive_dataset;youtube_dataset;zepeto_dataset;zoom_dataset;roblox_dataset;navernow_dataset;roblox_dataset;amazon_dataset;roblox_dataset;youtube_dataset;zoom_dataset;youtubeLive_dataset;teams_dataset;tft_dataset;zoom_dataset;gamebox_dataset;youtube_dataset;zoom_dataset;tft_dataset;geforce_dataset;teams_dataset;meet_dataset;meet_dataset;roblox_dataset;youtube_dataset;battleground_dataset;navernow_dataset;roblox_dataset;youtube_dataset;roblox_dataset;geforce_dataset;youtubeLive_dataset;roblox_dataset;afreeca_dataset;geforce_dataset;zepeto_dataset;battleground_dataset;roblox_dataset;netflix_dataset;roblox_dataset;amazon_dataset;meet_dataset;zoom_dataset;amazon_dataset;youtube_dataset;zepeto_dataset;gamebox_dataset;netflix_dataset;tft_dataset;meet_dataset;gamebox_dataset;zoom_dataset;teams_dataset;teams_dataset;battleground_dataset;battleground_dataset;meet_dataset;battleground_dataset;zepeto_dataset;zepeto_dataset;youtube_dataset;meet_dataset;navernow_dataset;meet_dataset;netflix_dataset;gamebox_dataset;afreeca_dataset;geforce_dataset;zoom_dataset;battleground_dataset;battleground_dataset;amazon_dataset;meet_dataset;teams_dataset;battleground_dataset;youtube_dataset;youtube_dataset;battleground_dataset;youtubeLive_dataset;meet_dataset;youtubeLive_dataset;roblox_dataset;amazon_dataset;roblox_dataset;roblox_dataset;gamebox_dataset;geforce_dataset;tft_dataset;netflix_dataset,LOW,Prediction Only (lambda=1.00),1.0,0.75,43.285059933686284,23.76164125260634,3.8082759182416717,7.847193422024164,96.13363228699552,0.2246958701420488,50.94383164857265,44
100,synthetic_scalability_scenario_derived_from_real_traffic,15,85,afreeca_dataset;amazon_dataset;battleground_dataset;gamebox_dataset;geforce_dataset;meet_dataset;navernow_dataset;netflix_dataset;roblox_dataset;teams_dataset;tft_dataset;youtubeLive_dataset;youtube_dataset;zepeto_dataset;zoom_dataset;roblox_dataset;navernow_dataset;roblox_dataset;amazon_dataset;roblox_dataset;youtube_dataset;zoom_dataset;youtubeLive_dataset;teams_dataset;tft_dataset;zoom_dataset;gamebox_dataset;youtube_dataset;zoom_dataset;tft_dataset;geforce_dataset;teams_dataset;meet_dataset;meet_dataset;roblox_dataset;youtube_dataset;battleground_dataset;navernow_dataset;roblox_dataset;youtube_dataset;roblox_dataset;geforce_dataset;youtubeLive_dataset;roblox_dataset;afreeca_dataset;geforce_dataset;zepeto_dataset;battleground_dataset;roblox_dataset;netflix_dataset;roblox_dataset;amazon_dataset;meet_dataset;zoom_dataset;amazon_dataset;youtube_dataset;zepeto_dataset;gamebox_dataset;netflix_dataset;tft_dataset;meet_dataset;gamebox_dataset;zoom_dataset;teams_dataset;teams_dataset;battleground_dataset;battleground_dataset;meet_dataset;battleground_dataset;zepeto_dataset;zepeto_dataset;youtube_dataset;meet_dataset;navernow_dataset;meet_dataset;netflix_dataset;gamebox_dataset;afreeca_dataset;geforce_dataset;zoom_dataset;battleground_dataset;battleground_dataset;amazon_dataset;meet_dataset;teams_dataset;battleground_dataset;youtube_dataset;youtube_dataset;battleground_dataset;youtubeLive_dataset;meet_dataset;youtubeLive_dataset;roblox_dataset;amazon_dataset;roblox_dataset;roblox_dataset;gamebox_dataset;geforce_dataset;tft_dataset;netflix_dataset,LOW,Current Demand Only (lambda=0.00),0.0,0.75,45.00000000000001,10.0,0.0,0.0,100.0,0.19752444808869368,45.0,44
100,synthetic_scalability_scenario_derived_from_real_traffic,15,85,afreeca_dataset;amazon_dataset;battleground_dataset;gamebox_dataset;geforce_dataset;meet_dataset;navernow_dataset;netflix_dataset;roblox_dataset;teams_dataset;tft_dataset;youtubeLive_dataset;youtube_dataset;zepeto_dataset;zoom_dataset;roblox_dataset;netflix_dataset;navernow_dataset;youtubeLive_dataset;meet_dataset;youtube_dataset;navernow_dataset;geforce_dataset;navernow_dataset;navernow_dataset;meet_dataset;youtube_dataset;zepeto_dataset;afreeca_dataset;roblox_dataset;battleground_dataset;geforce_dataset;youtube_dataset;battleground_dataset;gamebox_dataset;navernow_dataset;zepeto_dataset;youtubeLive_dataset;battleground_dataset;afreeca_dataset;meet_dataset;afreeca_dataset;geforce_dataset;zepeto_dataset;youtube_dataset;zepeto_dataset;youtubeLive_dataset;meet_dataset;zoom_dataset;zoom_dataset;tft_dataset;netflix_dataset;zoom_dataset;youtube_dataset;youtubeLive_dataset;teams_dataset;geforce_dataset;netflix_dataset;zepeto_dataset;tft_dataset;youtubeLive_dataset;meet_dataset;meet_dataset;netflix_dataset;netflix_dataset;navernow_dataset;meet_dataset;zoom_dataset;afreeca_dataset;battleground_dataset;afreeca_dataset;geforce_dataset;tft_dataset;tft_dataset;teams_dataset;afreeca_dataset;zepeto_dataset;battleground_dataset;youtube_dataset;netflix_dataset;battleground_dataset;youtubeLive_dataset;amazon_dataset;zepeto_dataset;battleground_dataset;zepeto_dataset;netflix_dataset;afreeca_dataset;geforce_dataset;amazon_dataset;amazon_dataset;tft_dataset;meet_dataset;tft_dataset;navernow_dataset;zepeto_dataset;gamebox_dataset;amazon_dataset;gamebox_dataset;zepeto_dataset,LOW,Equal Share,,0.75,26.053105925538173,24.91137364226089,42.093995079973816,1.2844855531408126,87.00388639760837,0.3451353703125437,26.05310592553832,45
100,synthetic_scalability_scenario_derived_from_real_traffic,15,85,afreeca_dataset;amazon_dataset;battleground_dataset;gamebox_dataset;geforce_dataset;meet_dataset;navernow_dataset;netflix_dataset;roblox_dataset;teams_dataset;tft_dataset;youtubeLive_dataset;youtube_dataset;zepeto_dataset;zoom_dataset;roblox_dataset;netflix_dataset;navernow_dataset;youtubeLive_dataset;meet_dataset;youtube_dataset;navernow_dataset;geforce_dataset;navernow_dataset;navernow_dataset;meet_dataset;youtube_dataset;zepeto_dataset;afreeca_dataset;roblox_dataset;battleground_dataset;geforce_dataset;youtube_dataset;battleground_dataset;gamebox_dataset;navernow_dataset;zepeto_dataset;youtubeLive_dataset;battleground_dataset;afreeca_dataset;meet_dataset;afreeca_dataset;geforce_dataset;zepeto_dataset;youtube_dataset;zepeto_dataset;youtubeLive_dataset;meet_dataset;zoom_dataset;zoom_dataset;tft_dataset;netflix_dataset;zoom_dataset;youtube_dataset;youtubeLive_dataset;teams_dataset;geforce_dataset;netflix_dataset;zepeto_dataset;tft_dataset;youtubeLive_dataset;meet_dataset;meet_dataset;netflix_dataset;netflix_dataset;navernow_dataset;meet_dataset;zoom_dataset;afreeca_dataset;battleground_dataset;afreeca_dataset;geforce_dataset;tft_dataset;tft_dataset;teams_dataset;afreeca_dataset;zepeto_dataset;battleground_dataset;youtube_dataset;netflix_dataset;battleground_dataset;youtubeLive_dataset;amazon_dataset;zepeto_dataset;battleground_dataset;zepeto_dataset;netflix_dataset;afreeca_dataset;geforce_dataset;amazon_dataset;amazon_dataset;tft_dataset;meet_dataset;tft_dataset;navernow_dataset;zepeto_dataset;gamebox_dataset;amazon_dataset;gamebox_dataset;zepeto_dataset,LOW,Round Robin,,0.75,45.000000000000185,10.0,0.0,0.0,100.0,0.23691985065423474,45.0,45
100,synthetic_scalability_scenario_derived_from_real_traffic,15,85,afreeca_dataset;amazon_dataset;battleground_dataset;gamebox_dataset;geforce_dataset;meet_dataset;navernow_dataset;netflix_dataset;roblox_dataset;teams_dataset;tft_dataset;youtubeLive_dataset;youtube_dataset;zepeto_dataset;zoom_dataset;roblox_dataset;netflix_dataset;navernow_dataset;youtubeLive_dataset;meet_dataset;youtube_dataset;navernow_dataset;geforce_dataset;navernow_dataset;navernow_dataset;meet_dataset;youtube_dataset;zepeto_dataset;afreeca_dataset;roblox_dataset;battleground_dataset;geforce_dataset;youtube_dataset;battleground_dataset;gamebox_dataset;navernow_dataset;zepeto_dataset;youtubeLive_dataset;battleground_dataset;afreeca_dataset;meet_dataset;afreeca_dataset;geforce_dataset;zepeto_dataset;youtube_dataset;zepeto_dataset;youtubeLive_dataset;meet_dataset;zoom_dataset;zoom_dataset;tft_dataset;netflix_dataset;zoom_dataset;youtube_dataset;youtubeLive_dataset;teams_dataset;geforce_dataset;netflix_dataset;zepeto_dataset;tft_dataset;youtubeLive_dataset;meet_dataset;meet_dataset;netflix_dataset;netflix_dataset;navernow_dataset;meet_dataset;zoom_dataset;afreeca_dataset;battleground_dataset;afreeca_dataset;geforce_dataset;tft_dataset;tft_dataset;teams_dataset;afreeca_dataset;zepeto_dataset;battleground_dataset;youtube_dataset;netflix_dataset;battleground_dataset;youtubeLive_dataset;amazon_dataset;zepeto_dataset;battleground_dataset;zepeto_dataset;netflix_dataset;afreeca_dataset;geforce_dataset;amazon_dataset;amazon_dataset;tft_dataset;meet_dataset;tft_dataset;navernow_dataset;zepeto_dataset;gamebox_dataset;amazon_dataset;gamebox_dataset;zepeto_dataset,LOW,Proportional Fair,,0.75,45.000000000000185,10.0,0.0,0.0,100.0,0.23691985065423474,45.0,45
100,synthetic_scalability_scenario_derived_from_real_traffic,15,85,afreeca_dataset;amazon_dataset;battleground_dataset;gamebox_dataset;geforce_dataset;meet_dataset;navernow_dataset;netflix_dataset;roblox_dataset;teams_dataset;tft_dataset;youtubeLive_dataset;youtube_dataset;zepeto_dataset;zoom_dataset;roblox_dataset;netflix_dataset;navernow_dataset;youtubeLive_dataset;meet_dataset;youtube_dataset;navernow_dataset;geforce_dataset;navernow_dataset;navernow_dataset;meet_dataset;youtube_dataset;zepeto_dataset;afreeca_dataset;roblox_dataset;battleground_dataset;geforce_dataset;youtube_dataset;battleground_dataset;gamebox_dataset;navernow_dataset;zepeto_dataset;youtubeLive_dataset;battleground_dataset;afreeca_dataset;meet_dataset;afreeca_dataset;geforce_dataset;zepeto_dataset;youtube_dataset;zepeto_dataset;youtubeLive_dataset;meet_dataset;zoom_dataset;zoom_dataset;tft_dataset;netflix_dataset;zoom_dataset;youtube_dataset;youtubeLive_dataset;teams_dataset;geforce_dataset;netflix_dataset;zepeto_dataset;tft_dataset;youtubeLive_dataset;meet_dataset;meet_dataset;netflix_dataset;netflix_dataset;navernow_dataset;meet_dataset;zoom_dataset;afreeca_dataset;battleground_dataset;afreeca_dataset;geforce_dataset;tft_dataset;tft_dataset;teams_dataset;afreeca_dataset;zepeto_dataset;battleground_dataset;youtube_dataset;netflix_dataset;battleground_dataset;youtubeLive_dataset;amazon_dataset;zepeto_dataset;battleground_dataset;zepeto_dataset;netflix_dataset;afreeca_dataset;geforce_dataset;amazon_dataset;amazon_dataset;tft_dataset;meet_dataset;tft_dataset;navernow_dataset;zepeto_dataset;gamebox_dataset;amazon_dataset;gamebox_dataset;zepeto_dataset,LOW,Blended Demand (lambda=0.25),0.25,0.75,44.99896443599359,11.007217164634948,0.0011274241622374408,0.375178002985434,99.9985052316891,0.2500899713506025,47.57103699971676,45
100,synthetic_scalability_scenario_derived_from_real_traffic,15,85,afreeca_dataset;amazon_dataset;battleground_dataset;gamebox_dataset;geforce_dataset;meet_dataset;navernow_dataset;netflix_dataset;roblox_dataset;teams_dataset;tft_dataset;youtubeLive_dataset;youtube_dataset;zepeto_dataset;zoom_dataset;roblox_dataset;netflix_dataset;navernow_dataset;youtubeLive_dataset;meet_dataset;youtube_dataset;navernow_dataset;geforce_dataset;navernow_dataset;navernow_dataset;meet_dataset;youtube_dataset;zepeto_dataset;afreeca_dataset;roblox_dataset;battleground_dataset;geforce_dataset;youtube_dataset;battleground_dataset;gamebox_dataset;navernow_dataset;zepeto_dataset;youtubeLive_dataset;battleground_dataset;afreeca_dataset;meet_dataset;afreeca_dataset;geforce_dataset;zepeto_dataset;youtube_dataset;zepeto_dataset;youtubeLive_dataset;meet_dataset;zoom_dataset;zoom_dataset;tft_dataset;netflix_dataset;zoom_dataset;youtube_dataset;youtubeLive_dataset;teams_dataset;geforce_dataset;netflix_dataset;zepeto_dataset;tft_dataset;youtubeLive_dataset;meet_dataset;meet_dataset;netflix_dataset;netflix_dataset;navernow_dataset;meet_dataset;zoom_dataset;afreeca_dataset;battleground_dataset;afreeca_dataset;geforce_dataset;tft_dataset;tft_dataset;teams_dataset;afreeca_dataset;zepeto_dataset;battleground_dataset;youtube_dataset;netflix_dataset;battleground_dataset;youtubeLive_dataset;amazon_dataset;zepeto_dataset;battleground_dataset;zepeto_dataset;netflix_dataset;afreeca_dataset;geforce_dataset;amazon_dataset;amazon_dataset;tft_dataset;meet_dataset;tft_dataset;navernow_dataset;zepeto_dataset;gamebox_dataset;amazon_dataset;gamebox_dataset;zepeto_dataset,LOW,Blended Demand (lambda=0.50),0.5,0.75,44.81136962989501,12.588128708082671,0.4168309418629593,1.0338489665066137,99.72361733931241,0.26087639113506333,49.955514757341206,45
100,synthetic_scalability_scenario_derived_from_real_traffic,15,85,afreeca_dataset;amazon_dataset;battleground_dataset;gamebox_dataset;geforce_dataset;meet_dataset;navernow_dataset;netflix_dataset;roblox_dataset;teams_dataset;tft_dataset;youtubeLive_dataset;youtube_dataset;zepeto_dataset;zoom_dataset;roblox_dataset;netflix_dataset;navernow_dataset;youtubeLive_dataset;meet_dataset;youtube_dataset;navernow_dataset;geforce_dataset;navernow_dataset;navernow_dataset;meet_dataset;youtube_dataset;zepeto_dataset;afreeca_dataset;roblox_dataset;battleground_dataset;geforce_dataset;youtube_dataset;battleground_dataset;gamebox_dataset;navernow_dataset;zepeto_dataset;youtubeLive_dataset;battleground_dataset;afreeca_dataset;meet_dataset;afreeca_dataset;geforce_dataset;zepeto_dataset;youtube_dataset;zepeto_dataset;youtubeLive_dataset;meet_dataset;zoom_dataset;zoom_dataset;tft_dataset;netflix_dataset;zoom_dataset;youtube_dataset;youtubeLive_dataset;teams_dataset;geforce_dataset;netflix_dataset;zepeto_dataset;tft_dataset;youtubeLive_dataset;meet_dataset;meet_dataset;netflix_dataset;netflix_dataset;navernow_dataset;meet_dataset;zoom_dataset;afreeca_dataset;battleground_dataset;afreeca_dataset;geforce_dataset;tft_dataset;tft_dataset;teams_dataset;afreeca_dataset;zepeto_dataset;battleground_dataset;youtube_dataset;netflix_dataset;battleground_dataset;youtubeLive_dataset;amazon_dataset;zepeto_dataset;battleground_dataset;zepeto_dataset;netflix_dataset;afreeca_dataset;geforce_dataset;amazon_dataset;amazon_dataset;tft_dataset;meet_dataset;tft_dataset;navernow_dataset;zepeto_dataset;gamebox_dataset;amazon_dataset;gamebox_dataset;zepeto_dataset,LOW,Blended Demand (lambda=0.75),0.75,0.75,44.08206366642657,15.652098963266328,2.0364080457532663,2.4735546329985514,96.52989536621824,0.2687858766778156,51.798281357596174,45
100,synthetic_scalability_scenario_derived_from_real_traffic,15,85,afreeca_dataset;amazon_dataset;battleground_dataset;gamebox_dataset;geforce_dataset;meet_dataset;navernow_dataset;netflix_dataset;roblox_dataset;teams_dataset;tft_dataset;youtubeLive_dataset;youtube_dataset;zepeto_dataset;zoom_dataset;roblox_dataset;netflix_dataset;navernow_dataset;youtubeLive_dataset;meet_dataset;youtube_dataset;navernow_dataset;geforce_dataset;navernow_dataset;navernow_dataset;meet_dataset;youtube_dataset;zepeto_dataset;afreeca_dataset;roblox_dataset;battleground_dataset;geforce_dataset;youtube_dataset;battleground_dataset;gamebox_dataset;navernow_dataset;zepeto_dataset;youtubeLive_dataset;battleground_dataset;afreeca_dataset;meet_dataset;afreeca_dataset;geforce_dataset;zepeto_dataset;youtube_dataset;zepeto_dataset;youtubeLive_dataset;meet_dataset;zoom_dataset;zoom_dataset;tft_dataset;netflix_dataset;zoom_dataset;youtube_dataset;youtubeLive_dataset;teams_dataset;geforce_dataset;netflix_dataset;zepeto_dataset;tft_dataset;youtubeLive_dataset;meet_dataset;meet_dataset;netflix_dataset;netflix_dataset;navernow_dataset;meet_dataset;zoom_dataset;afreeca_dataset;battleground_dataset;afreeca_dataset;geforce_dataset;tft_dataset;tft_dataset;teams_dataset;afreeca_dataset;zepeto_dataset;battleground_dataset;youtube_dataset;netflix_dataset;battleground_dataset;youtubeLive_dataset;amazon_dataset;zepeto_dataset;battleground_dataset;zepeto_dataset;netflix_dataset;afreeca_dataset;geforce_dataset;amazon_dataset;amazon_dataset;tft_dataset;meet_dataset;tft_dataset;navernow_dataset;zepeto_dataset;gamebox_dataset;amazon_dataset;gamebox_dataset;zepeto_dataset,LOW,Prediction Only (lambda=1.00),1.0,0.75,42.61110536826814,28.559131538518262,5.304697962594132,9.623760198892302,95.03931240657698,0.27438178406165353,52.899395623160885,45
100,synthetic_scalability_scenario_derived_from_real_traffic,15,85,afreeca_dataset;amazon_dataset;battleground_dataset;gamebox_dataset;geforce_dataset;meet_dataset;navernow_dataset;netflix_dataset;roblox_dataset;teams_dataset;tft_dataset;youtubeLive_dataset;youtube_dataset;zepeto_dataset;zoom_dataset;roblox_dataset;netflix_dataset;navernow_dataset;youtubeLive_dataset;meet_dataset;youtube_dataset;navernow_dataset;geforce_dataset;navernow_dataset;navernow_dataset;meet_dataset;youtube_dataset;zepeto_dataset;afreeca_dataset;roblox_dataset;battleground_dataset;geforce_dataset;youtube_dataset;battleground_dataset;gamebox_dataset;navernow_dataset;zepeto_dataset;youtubeLive_dataset;battleground_dataset;afreeca_dataset;meet_dataset;afreeca_dataset;geforce_dataset;zepeto_dataset;youtube_dataset;zepeto_dataset;youtubeLive_dataset;meet_dataset;zoom_dataset;zoom_dataset;tft_dataset;netflix_dataset;zoom_dataset;youtube_dataset;youtubeLive_dataset;teams_dataset;geforce_dataset;netflix_dataset;zepeto_dataset;tft_dataset;youtubeLive_dataset;meet_dataset;meet_dataset;netflix_dataset;netflix_dataset;navernow_dataset;meet_dataset;zoom_dataset;afreeca_dataset;battleground_dataset;afreeca_dataset;geforce_dataset;tft_dataset;tft_dataset;teams_dataset;afreeca_dataset;zepeto_dataset;battleground_dataset;youtube_dataset;netflix_dataset;battleground_dataset;youtubeLive_dataset;amazon_dataset;zepeto_dataset;battleground_dataset;zepeto_dataset;netflix_dataset;afreeca_dataset;geforce_dataset;amazon_dataset;amazon_dataset;tft_dataset;meet_dataset;tft_dataset;navernow_dataset;zepeto_dataset;gamebox_dataset;amazon_dataset;gamebox_dataset;zepeto_dataset,LOW,Current Demand Only (lambda=0.00),0.0,0.75,45.000000000000185,10.0,0.0,0.0,100.0,0.23691985065423474,45.0,45
100,synthetic_scalability_scenario_derived_from_real_traffic,15,85,afreeca_dataset;amazon_dataset;battleground_dataset;gamebox_dataset;geforce_dataset;meet_dataset;navernow_dataset;netflix_dataset;roblox_dataset;teams_dataset;tft_dataset;youtubeLive_dataset;youtube_dataset;zepeto_dataset;zoom_dataset;teams_dataset;battleground_dataset;youtubeLive_dataset;zepeto_dataset;gamebox_dataset;geforce_dataset;zepeto_dataset;geforce_dataset;zoom_dataset;gamebox_dataset;meet_dataset;teams_dataset;afreeca_dataset;battleground_dataset;geforce_dataset;zoom_dataset;teams_dataset;tft_dataset;youtube_dataset;zoom_dataset;youtube_dataset;netflix_dataset;battleground_dataset;teams_dataset;tft_dataset;youtubeLive_dataset;meet_dataset;battleground_dataset;gamebox_dataset;battleground_dataset;navernow_dataset;meet_dataset;youtubeLive_dataset;geforce_dataset;netflix_dataset;zepeto_dataset;zoom_dataset;geforce_dataset;afreeca_dataset;zepeto_dataset;roblox_dataset;netflix_dataset;netflix_dataset;gamebox_dataset;meet_dataset;zepeto_dataset;gamebox_dataset;meet_dataset;zepeto_dataset;teams_dataset;zoom_dataset;teams_dataset;amazon_dataset;tft_dataset;geforce_dataset;teams_dataset;youtubeLive_dataset;youtube_dataset;meet_dataset;roblox_dataset;netflix_dataset;netflix_dataset;amazon_dataset;youtubeLive_dataset;amazon_dataset;tft_dataset;teams_dataset;geforce_dataset;battleground_dataset;meet_dataset;zoom_dataset;meet_dataset;gamebox_dataset;youtube_dataset;tft_dataset;roblox_dataset;tft_dataset;afreeca_dataset;zoom_dataset;netflix_dataset;meet_dataset;amazon_dataset;battleground_dataset;teams_dataset;navernow_dataset,LOW,Equal Share,,0.75,24.589057982195428,26.41850812007131,45.34715536214607,0.9029611033675976,84.52301943198805,0.321051239554016,24.58905798219546,46
100,synthetic_scalability_scenario_derived_from_real_traffic,15,85,afreeca_dataset;amazon_dataset;battleground_dataset;gamebox_dataset;geforce_dataset;meet_dataset;navernow_dataset;netflix_dataset;roblox_dataset;teams_dataset;tft_dataset;youtubeLive_dataset;youtube_dataset;zepeto_dataset;zoom_dataset;teams_dataset;battleground_dataset;youtubeLive_dataset;zepeto_dataset;gamebox_dataset;geforce_dataset;zepeto_dataset;geforce_dataset;zoom_dataset;gamebox_dataset;meet_dataset;teams_dataset;afreeca_dataset;battleground_dataset;geforce_dataset;zoom_dataset;teams_dataset;tft_dataset;youtube_dataset;zoom_dataset;youtube_dataset;netflix_dataset;battleground_dataset;teams_dataset;tft_dataset;youtubeLive_dataset;meet_dataset;battleground_dataset;gamebox_dataset;battleground_dataset;navernow_dataset;meet_dataset;youtubeLive_dataset;geforce_dataset;netflix_dataset;zepeto_dataset;zoom_dataset;geforce_dataset;afreeca_dataset;zepeto_dataset;roblox_dataset;netflix_dataset;netflix_dataset;gamebox_dataset;meet_dataset;zepeto_dataset;gamebox_dataset;meet_dataset;zepeto_dataset;teams_dataset;zoom_dataset;teams_dataset;amazon_dataset;tft_dataset;geforce_dataset;teams_dataset;youtubeLive_dataset;youtube_dataset;meet_dataset;roblox_dataset;netflix_dataset;netflix_dataset;amazon_dataset;youtubeLive_dataset;amazon_dataset;tft_dataset;teams_dataset;geforce_dataset;battleground_dataset;meet_dataset;zoom_dataset;meet_dataset;gamebox_dataset;youtube_dataset;tft_dataset;roblox_dataset;tft_dataset;afreeca_dataset;zoom_dataset;netflix_dataset;meet_dataset;amazon_dataset;battleground_dataset;teams_dataset;navernow_dataset,LOW,Round Robin,,0.75,45.000000000000185,10.0,0.0,0.0,100.0,0.23080023865686308,45.0,46
100,synthetic_scalability_scenario_derived_from_real_traffic,15,85,afreeca_dataset;amazon_dataset;battleground_dataset;gamebox_dataset;geforce_dataset;meet_dataset;navernow_dataset;netflix_dataset;roblox_dataset;teams_dataset;tft_dataset;youtubeLive_dataset;youtube_dataset;zepeto_dataset;zoom_dataset;teams_dataset;battleground_dataset;youtubeLive_dataset;zepeto_dataset;gamebox_dataset;geforce_dataset;zepeto_dataset;geforce_dataset;zoom_dataset;gamebox_dataset;meet_dataset;teams_dataset;afreeca_dataset;battleground_dataset;geforce_dataset;zoom_dataset;teams_dataset;tft_dataset;youtube_dataset;zoom_dataset;youtube_dataset;netflix_dataset;battleground_dataset;teams_dataset;tft_dataset;youtubeLive_dataset;meet_dataset;battleground_dataset;gamebox_dataset;battleground_dataset;navernow_dataset;meet_dataset;youtubeLive_dataset;geforce_dataset;netflix_dataset;zepeto_dataset;zoom_dataset;geforce_dataset;afreeca_dataset;zepeto_dataset;roblox_dataset;netflix_dataset;netflix_dataset;gamebox_dataset;meet_dataset;zepeto_dataset;gamebox_dataset;meet_dataset;zepeto_dataset;teams_dataset;zoom_dataset;teams_dataset;amazon_dataset;tft_dataset;geforce_dataset;teams_dataset;youtubeLive_dataset;youtube_dataset;meet_dataset;roblox_dataset;netflix_dataset;netflix_dataset;amazon_dataset;youtubeLive_dataset;amazon_dataset;tft_dataset;teams_dataset;geforce_dataset;battleground_dataset;meet_dataset;zoom_dataset;meet_dataset;gamebox_dataset;youtube_dataset;tft_dataset;roblox_dataset;tft_dataset;afreeca_dataset;zoom_dataset;netflix_dataset;meet_dataset;amazon_dataset;battleground_dataset;teams_dataset;navernow_dataset,LOW,Proportional Fair,,0.75,45.000000000000185,10.0,0.0,0.0,100.0,0.23080023865686308,45.0,46
100,synthetic_scalability_scenario_derived_from_real_traffic,15,85,afreeca_dataset;amazon_dataset;battleground_dataset;gamebox_dataset;geforce_dataset;meet_dataset;navernow_dataset;netflix_dataset;roblox_dataset;teams_dataset;tft_dataset;youtubeLive_dataset;youtube_dataset;zepeto_dataset;zoom_dataset;teams_dataset;battleground_dataset;youtubeLive_dataset;zepeto_dataset;gamebox_dataset;geforce_dataset;zepeto_dataset;geforce_dataset;zoom_dataset;gamebox_dataset;meet_dataset;teams_dataset;afreeca_dataset;battleground_dataset;geforce_dataset;zoom_dataset;teams_dataset;tft_dataset;youtube_dataset;zoom_dataset;youtube_dataset;netflix_dataset;battleground_dataset;teams_dataset;tft_dataset;youtubeLive_dataset;meet_dataset;battleground_dataset;gamebox_dataset;battleground_dataset;navernow_dataset;meet_dataset;youtubeLive_dataset;geforce_dataset;netflix_dataset;zepeto_dataset;zoom_dataset;geforce_dataset;afreeca_dataset;zepeto_dataset;roblox_dataset;netflix_dataset;netflix_dataset;gamebox_dataset;meet_dataset;zepeto_dataset;gamebox_dataset;meet_dataset;zepeto_dataset;teams_dataset;zoom_dataset;teams_dataset;amazon_dataset;tft_dataset;geforce_dataset;teams_dataset;youtubeLive_dataset;youtube_dataset;meet_dataset;roblox_dataset;netflix_dataset;netflix_dataset;amazon_dataset;youtubeLive_dataset;amazon_dataset;tft_dataset;teams_dataset;geforce_dataset;battleground_dataset;meet_dataset;zoom_dataset;meet_dataset;gamebox_dataset;youtube_dataset;tft_dataset;roblox_dataset;tft_dataset;afreeca_dataset;zoom_dataset;netflix_dataset;meet_dataset;amazon_dataset;battleground_dataset;teams_dataset;navernow_dataset,LOW,Blended Demand (lambda=0.25),0.25,0.75,44.99938587618568,10.73765412898638,0.000672579981308761,0.3266450183075976,99.9985052316891,0.23917893226050177,46.49077394322398,46
100,synthetic_scalability_scenario_derived_from_real_traffic,15,85,afreeca_dataset;amazon_dataset;battleground_dataset;gamebox_dataset;geforce_dataset;meet_dataset;navernow_dataset;netflix_dataset;roblox_dataset;teams_dataset;tft_dataset;youtubeLive_dataset;youtube_dataset;zepeto_dataset;zoom_dataset;teams_dataset;battleground_dataset;youtubeLive_dataset;zepeto_dataset;gamebox_dataset;geforce_dataset;zepeto_dataset;geforce_dataset;zoom_dataset;gamebox_dataset;meet_dataset;teams_dataset;afreeca_dataset;battleground_dataset;geforce_dataset;zoom_dataset;teams_dataset;tft_dataset;youtube_dataset;zoom_dataset;youtube_dataset;netflix_dataset;battleground_dataset;teams_dataset;tft_dataset;youtubeLive_dataset;meet_dataset;battleground_dataset;gamebox_dataset;battleground_dataset;navernow_dataset;meet_dataset;youtubeLive_dataset;geforce_dataset;netflix_dataset;zepeto_dataset;zoom_dataset;geforce_dataset;afreeca_dataset;zepeto_dataset;roblox_dataset;netflix_dataset;netflix_dataset;gamebox_dataset;meet_dataset;zepeto_dataset;gamebox_dataset;meet_dataset;zepeto_dataset;teams_dataset;zoom_dataset;teams_dataset;amazon_dataset;tft_dataset;geforce_dataset;teams_dataset;youtubeLive_dataset;youtube_dataset;meet_dataset;roblox_dataset;netflix_dataset;netflix_dataset;amazon_dataset;youtubeLive_dataset;amazon_dataset;tft_dataset;teams_dataset;geforce_dataset;battleground_dataset;meet_dataset;zoom_dataset;meet_dataset;gamebox_dataset;youtube_dataset;tft_dataset;roblox_dataset;tft_dataset;afreeca_dataset;zoom_dataset;netflix_dataset;meet_dataset;amazon_dataset;battleground_dataset;teams_dataset;navernow_dataset,LOW,Blended Demand (lambda=0.50),0.5,0.75,44.93707446106474,11.870804505651412,0.13845025175442027,0.9037177916876615,99.89222720478325,0.2466257538216031,47.919850595141654,46
100,synthetic_scalability_scenario_derived_from_real_traffic,15,85,afreeca_dataset;amazon_dataset;battleground_dataset;gamebox_dataset;geforce_dataset;meet_dataset;navernow_dataset;netflix_dataset;roblox_dataset;teams_dataset;tft_dataset;youtubeLive_dataset;youtube_dataset;zepeto_dataset;zoom_dataset;teams_dataset;battleground_dataset;youtubeLive_dataset;zepeto_dataset;gamebox_dataset;geforce_dataset;zepeto_dataset;geforce_dataset;zoom_dataset;gamebox_dataset;meet_dataset;teams_dataset;afreeca_dataset;battleground_dataset;geforce_dataset;zoom_dataset;teams_dataset;tft_dataset;youtube_dataset;zoom_dataset;youtube_dataset;netflix_dataset;battleground_dataset;teams_dataset;tft_dataset;youtubeLive_dataset;meet_dataset;battleground_dataset;gamebox_dataset;battleground_dataset;navernow_dataset;meet_dataset;youtubeLive_dataset;geforce_dataset;netflix_dataset;zepeto_dataset;zoom_dataset;geforce_dataset;afreeca_dataset;zepeto_dataset;roblox_dataset;netflix_dataset;netflix_dataset;gamebox_dataset;meet_dataset;zepeto_dataset;gamebox_dataset;meet_dataset;zepeto_dataset;teams_dataset;zoom_dataset;teams_dataset;amazon_dataset;tft_dataset;geforce_dataset;teams_dataset;youtubeLive_dataset;youtube_dataset;meet_dataset;roblox_dataset;netflix_dataset;netflix_dataset;amazon_dataset;youtubeLive_dataset;amazon_dataset;tft_dataset;teams_dataset;geforce_dataset;battleground_dataset;meet_dataset;zoom_dataset;meet_dataset;gamebox_dataset;youtube_dataset;tft_dataset;roblox_dataset;tft_dataset;afreeca_dataset;zoom_dataset;netflix_dataset;meet_dataset;amazon_dataset;battleground_dataset;teams_dataset;navernow_dataset,LOW,Blended Demand (lambda=0.75),0.75,0.75,44.68687802665449,14.059556001554569,0.6938250247219742,2.212083266248123,97.76532137518684,0.25270702712602516,49.161042227769535,46
100,synthetic_scalability_scenario_derived_from_real_traffic,15,85,afreeca_dataset;amazon_dataset;battleground_dataset;gamebox_dataset;geforce_dataset;meet_dataset;navernow_dataset;netflix_dataset;roblox_dataset;teams_dataset;tft_dataset;youtubeLive_dataset;youtube_dataset;zepeto_dataset;zoom_dataset;teams_dataset;battleground_dataset;youtubeLive_dataset;zepeto_dataset;gamebox_dataset;geforce_dataset;zepeto_dataset;geforce_dataset;zoom_dataset;gamebox_dataset;meet_dataset;teams_dataset;afreeca_dataset;battleground_dataset;geforce_dataset;zoom_dataset;teams_dataset;tft_dataset;youtube_dataset;zoom_dataset;youtube_dataset;netflix_dataset;battleground_dataset;teams_dataset;tft_dataset;youtubeLive_dataset;meet_dataset;battleground_dataset;gamebox_dataset;battleground_dataset;navernow_dataset;meet_dataset;youtubeLive_dataset;geforce_dataset;netflix_dataset;zepeto_dataset;zoom_dataset;geforce_dataset;afreeca_dataset;zepeto_dataset;roblox_dataset;netflix_dataset;netflix_dataset;gamebox_dataset;meet_dataset;zepeto_dataset;gamebox_dataset;meet_dataset;zepeto_dataset;teams_dataset;zoom_dataset;teams_dataset;amazon_dataset;tft_dataset;geforce_dataset;teams_dataset;youtubeLive_dataset;youtube_dataset;meet_dataset;roblox_dataset;netflix_dataset;netflix_dataset;amazon_dataset;youtubeLive_dataset;amazon_dataset;tft_dataset;teams_dataset;geforce_dataset;battleground_dataset;meet_dataset;zoom_dataset;meet_dataset;gamebox_dataset;youtube_dataset;tft_dataset;roblox_dataset;tft_dataset;afreeca_dataset;zoom_dataset;netflix_dataset;meet_dataset;amazon_dataset;battleground_dataset;teams_dataset;navernow_dataset,LOW,Prediction Only (lambda=1.00),1.0,0.75,44.13472282409497,22.822237499686814,1.9203908388844415,8.568112829746859,96.65799701046338,0.25747888572675587,50.10027509224864,46
100,synthetic_scalability_scenario_derived_from_real_traffic,15,85,afreeca_dataset;amazon_dataset;battleground_dataset;gamebox_dataset;geforce_dataset;meet_dataset;navernow_dataset;netflix_dataset;roblox_dataset;teams_dataset;tft_dataset;youtubeLive_dataset;youtube_dataset;zepeto_dataset;zoom_dataset;teams_dataset;battleground_dataset;youtubeLive_dataset;zepeto_dataset;gamebox_dataset;geforce_dataset;zepeto_dataset;geforce_dataset;zoom_dataset;gamebox_dataset;meet_dataset;teams_dataset;afreeca_dataset;battleground_dataset;geforce_dataset;zoom_dataset;teams_dataset;tft_dataset;youtube_dataset;zoom_dataset;youtube_dataset;netflix_dataset;battleground_dataset;teams_dataset;tft_dataset;youtubeLive_dataset;meet_dataset;battleground_dataset;gamebox_dataset;battleground_dataset;navernow_dataset;meet_dataset;youtubeLive_dataset;geforce_dataset;netflix_dataset;zepeto_dataset;zoom_dataset;geforce_dataset;afreeca_dataset;zepeto_dataset;roblox_dataset;netflix_dataset;netflix_dataset;gamebox_dataset;meet_dataset;zepeto_dataset;gamebox_dataset;meet_dataset;zepeto_dataset;teams_dataset;zoom_dataset;teams_dataset;amazon_dataset;tft_dataset;geforce_dataset;teams_dataset;youtubeLive_dataset;youtube_dataset;meet_dataset;roblox_dataset;netflix_dataset;netflix_dataset;amazon_dataset;youtubeLive_dataset;amazon_dataset;tft_dataset;teams_dataset;geforce_dataset;battleground_dataset;meet_dataset;zoom_dataset;meet_dataset;gamebox_dataset;youtube_dataset;tft_dataset;roblox_dataset;tft_dataset;afreeca_dataset;zoom_dataset;netflix_dataset;meet_dataset;amazon_dataset;battleground_dataset;teams_dataset;navernow_dataset,LOW,Current Demand Only (lambda=0.00),0.0,0.75,45.000000000000185,10.0,0.0,0.0,100.0,0.23080023865686308,45.0,46
100,synthetic_scalability_scenario_derived_from_real_traffic,15,85,afreeca_dataset;amazon_dataset;battleground_dataset;gamebox_dataset;geforce_dataset;meet_dataset;navernow_dataset;netflix_dataset;roblox_dataset;teams_dataset;tft_dataset;youtubeLive_dataset;youtube_dataset;zepeto_dataset;zoom_dataset;roblox_dataset;navernow_dataset;amazon_dataset;zepeto_dataset;youtube_dataset;geforce_dataset;battleground_dataset;tft_dataset;amazon_dataset;navernow_dataset;tft_dataset;youtubeLive_dataset;meet_dataset;netflix_dataset;roblox_dataset;youtubeLive_dataset;zepeto_dataset;meet_dataset;navernow_dataset;zepeto_dataset;amazon_dataset;youtubeLive_dataset;navernow_dataset;tft_dataset;geforce_dataset;roblox_dataset;zoom_dataset;battleground_dataset;teams_dataset;amazon_dataset;youtubeLive_dataset;navernow_dataset;youtube_dataset;zepeto_dataset;gamebox_dataset;teams_dataset;youtube_dataset;youtube_dataset;youtubeLive_dataset;youtubeLive_dataset;netflix_dataset;geforce_dataset;roblox_dataset;netflix_dataset;afreeca_dataset;gamebox_dataset;navernow_dataset;teams_dataset;youtube_dataset;amazon_dataset;roblox_dataset;roblox_dataset;amazon_dataset;youtubeLive_dataset;teams_dataset;meet_dataset;zoom_dataset;geforce_dataset;zoom_dataset;afreeca_dataset;youtube_dataset;youtube_dataset;zepeto_dataset;navernow_dataset;amazon_dataset;netflix_dataset;zoom_dataset;navernow_dataset;navernow_dataset;geforce_dataset;meet_dataset;amazon_dataset;youtubeLive_dataset;tft_dataset;tft_dataset;zepeto_dataset;zoom_dataset;netflix_dataset;netflix_dataset;battleground_dataset;gamebox_dataset;tft_dataset;teams_dataset;zoom_dataset;meet_dataset,MEDIUM,Equal Share,,0.75,32.17492204117113,28.695519215659935,59.77402496250677,1.6490712206380884,84.94753363228699,0.42742336801136355,32.17492204117118,42
100,synthetic_scalability_scenario_derived_from_real_traffic,15,85,afreeca_dataset;amazon_dataset;battleground_dataset;gamebox_dataset;geforce_dataset;meet_dataset;navernow_dataset;netflix_dataset;roblox_dataset;teams_dataset;tft_dataset;youtubeLive_dataset;youtube_dataset;zepeto_dataset;zoom_dataset;roblox_dataset;navernow_dataset;amazon_dataset;zepeto_dataset;youtube_dataset;geforce_dataset;battleground_dataset;tft_dataset;amazon_dataset;navernow_dataset;tft_dataset;youtubeLive_dataset;meet_dataset;netflix_dataset;roblox_dataset;youtubeLive_dataset;zepeto_dataset;meet_dataset;navernow_dataset;zepeto_dataset;amazon_dataset;youtubeLive_dataset;navernow_dataset;tft_dataset;geforce_dataset;roblox_dataset;zoom_dataset;battleground_dataset;teams_dataset;amazon_dataset;youtubeLive_dataset;navernow_dataset;youtube_dataset;zepeto_dataset;gamebox_dataset;teams_dataset;youtube_dataset;youtube_dataset;youtubeLive_dataset;youtubeLive_dataset;netflix_dataset;geforce_dataset;roblox_dataset;netflix_dataset;afreeca_dataset;gamebox_dataset;navernow_dataset;teams_dataset;youtube_dataset;amazon_dataset;roblox_dataset;roblox_dataset;amazon_dataset;youtubeLive_dataset;teams_dataset;meet_dataset;zoom_dataset;geforce_dataset;zoom_dataset;afreeca_dataset;youtube_dataset;youtube_dataset;zepeto_dataset;navernow_dataset;amazon_dataset;netflix_dataset;zoom_dataset;navernow_dataset;navernow_dataset;geforce_dataset;meet_dataset;amazon_dataset;youtubeLive_dataset;tft_dataset;tft_dataset;zepeto_dataset;zoom_dataset;netflix_dataset;netflix_dataset;battleground_dataset;gamebox_dataset;tft_dataset;teams_dataset;zoom_dataset;meet_dataset,MEDIUM,Round Robin,,0.75,79.90405652168685,10.007404365679799,0.11992934789131283,0.014216677449950114,99.97324364723468,0.24245789818641136,79.90405652168694,42
100,synthetic_scalability_scenario_derived_from_real_traffic,15,85,afreeca_dataset;amazon_dataset;battleground_dataset;gamebox_dataset;geforce_dataset;meet_dataset;navernow_dataset;netflix_dataset;roblox_dataset;teams_dataset;tft_dataset;youtubeLive_dataset;youtube_dataset;zepeto_dataset;zoom_dataset;roblox_dataset;navernow_dataset;amazon_dataset;zepeto_dataset;youtube_dataset;geforce_dataset;battleground_dataset;tft_dataset;amazon_dataset;navernow_dataset;tft_dataset;youtubeLive_dataset;meet_dataset;netflix_dataset;roblox_dataset;youtubeLive_dataset;zepeto_dataset;meet_dataset;navernow_dataset;zepeto_dataset;amazon_dataset;youtubeLive_dataset;navernow_dataset;tft_dataset;geforce_dataset;roblox_dataset;zoom_dataset;battleground_dataset;teams_dataset;amazon_dataset;youtubeLive_dataset;navernow_dataset;youtube_dataset;zepeto_dataset;gamebox_dataset;teams_dataset;youtube_dataset;youtube_dataset;youtubeLive_dataset;youtubeLive_dataset;netflix_dataset;geforce_dataset;roblox_dataset;netflix_dataset;afreeca_dataset;gamebox_dataset;navernow_dataset;teams_dataset;youtube_dataset;amazon_dataset;roblox_dataset;roblox_dataset;amazon_dataset;youtubeLive_dataset;teams_dataset;meet_dataset;zoom_dataset;geforce_dataset;zoom_dataset;afreeca_dataset;youtube_dataset;youtube_dataset;zepeto_dataset;navernow_dataset;amazon_dataset;netflix_dataset;zoom_dataset;navernow_dataset;navernow_dataset;geforce_dataset;meet_dataset;amazon_dataset;youtubeLive_dataset;tft_dataset;tft_dataset;zepeto_dataset;zoom_dataset;netflix_dataset;netflix_dataset;battleground_dataset;gamebox_dataset;tft_dataset;teams_dataset;zoom_dataset;meet_dataset,MEDIUM,Proportional Fair,,0.75,79.92791594116862,10.014961528248808,0.0901050735390937,0.028682393175163634,99.97518684603887,0.24260067012764375,79.92791594116872,42
100,synthetic_scalability_scenario_derived_from_real_traffic,15,85,afreeca_dataset;amazon_dataset;battleground_dataset;gamebox_dataset;geforce_dataset;meet_dataset;navernow_dataset;netflix_dataset;roblox_dataset;teams_dataset;tft_dataset;youtubeLive_dataset;youtube_dataset;zepeto_dataset;zoom_dataset;roblox_dataset;navernow_dataset;amazon_dataset;zepeto_dataset;youtube_dataset;geforce_dataset;battleground_dataset;tft_dataset;amazon_dataset;navernow_dataset;tft_dataset;youtubeLive_dataset;meet_dataset;netflix_dataset;roblox_dataset;youtubeLive_dataset;zepeto_dataset;meet_dataset;navernow_dataset;zepeto_dataset;amazon_dataset;youtubeLive_dataset;navernow_dataset;tft_dataset;geforce_dataset;roblox_dataset;zoom_dataset;battleground_dataset;teams_dataset;amazon_dataset;youtubeLive_dataset;navernow_dataset;youtube_dataset;zepeto_dataset;gamebox_dataset;teams_dataset;youtube_dataset;youtube_dataset;youtubeLive_dataset;youtubeLive_dataset;netflix_dataset;geforce_dataset;roblox_dataset;netflix_dataset;afreeca_dataset;gamebox_dataset;navernow_dataset;teams_dataset;youtube_dataset;amazon_dataset;roblox_dataset;roblox_dataset;amazon_dataset;youtubeLive_dataset;teams_dataset;meet_dataset;zoom_dataset;geforce_dataset;zoom_dataset;afreeca_dataset;youtube_dataset;youtube_dataset;zepeto_dataset;navernow_dataset;amazon_dataset;netflix_dataset;zoom_dataset;navernow_dataset;navernow_dataset;geforce_dataset;meet_dataset;amazon_dataset;youtubeLive_dataset;tft_dataset;tft_dataset;zepeto_dataset;zoom_dataset;netflix_dataset;netflix_dataset;battleground_dataset;gamebox_dataset;tft_dataset;teams_dataset;zoom_dataset;meet_dataset,MEDIUM,Blended Demand (lambda=0.25),0.25,0.75,79.71313674305804,11.2822454604082,0.35699532779171156,0.43751871717157037,99.70807174887892,0.2590338585611514,85.50694338877734,42
100,synthetic_scalability_scenario_derived_from_real_traffic,15,85,afreeca_dataset;amazon_dataset;battleground_dataset;gamebox_dataset;geforce_dataset;meet_dataset;navernow_dataset;netflix_dataset;roblox_dataset;teams_dataset;tft_dataset;youtubeLive_dataset;youtube_dataset;zepeto_dataset;zoom_dataset;roblox_dataset;navernow_dataset;amazon_dataset;zepeto_dataset;youtube_dataset;geforce_dataset;battleground_dataset;tft_dataset;amazon_dataset;navernow_dataset;tft_dataset;youtubeLive_dataset;meet_dataset;netflix_dataset;roblox_dataset;youtubeLive_dataset;zepeto_dataset;meet_dataset;navernow_dataset;zepeto_dataset;amazon_dataset;youtubeLive_dataset;navernow_dataset;tft_dataset;geforce_dataset;roblox_dataset;zoom_dataset;battleground_dataset;teams_dataset;amazon_dataset;youtubeLive_dataset;navernow_dataset;youtube_dataset;zepeto_dataset;gamebox_dataset;teams_dataset;youtube_dataset;youtube_dataset;youtubeLive_dataset;youtubeLive_dataset;netflix_dataset;geforce_dataset;roblox_dataset;netflix_dataset;afreeca_dataset;gamebox_dataset;navernow_dataset;teams_dataset;youtube_dataset;amazon_dataset;roblox_dataset;roblox_dataset;amazon_dataset;youtubeLive_dataset;teams_dataset;meet_dataset;zoom_dataset;geforce_dataset;zoom_dataset;afreeca_dataset;youtube_dataset;youtube_dataset;zepeto_dataset;navernow_dataset;amazon_dataset;netflix_dataset;zoom_dataset;navernow_dataset;navernow_dataset;geforce_dataset;meet_dataset;amazon_dataset;youtubeLive_dataset;tft_dataset;tft_dataset;zepeto_dataset;zoom_dataset;netflix_dataset;netflix_dataset;battleground_dataset;gamebox_dataset;tft_dataset;teams_dataset;zoom_dataset;meet_dataset,MEDIUM,Blended Demand (lambda=0.50),0.5,0.75,77.61081018092878,13.102943563378478,2.983811307928942,1.109748256718036,97.70149476831091,0.269995326528415,89.16839325025573,42
100,synthetic_scalability_scenario_derived_from_real_traffic,15,85,afreeca_dataset;amazon_dataset;battleground_dataset;gamebox_dataset;geforce_dataset;meet_dataset;navernow_dataset;netflix_dataset;roblox_dataset;teams_dataset;tft_dataset;youtubeLive_dataset;youtube_dataset;zepeto_dataset;zoom_dataset;roblox_dataset;navernow_dataset;amazon_dataset;zepeto_dataset;youtube_dataset;geforce_dataset;battleground_dataset;tft_dataset;amazon_dataset;navernow_dataset;tft_dataset;youtubeLive_dataset;meet_dataset;netflix_dataset;roblox_dataset;youtubeLive_dataset;zepeto_dataset;meet_dataset;navernow_dataset;zepeto_dataset;amazon_dataset;youtubeLive_dataset;navernow_dataset;tft_dataset;geforce_dataset;roblox_dataset;zoom_dataset;battleground_dataset;teams_dataset;amazon_dataset;youtubeLive_dataset;navernow_dataset;youtube_dataset;zepeto_dataset;gamebox_dataset;teams_dataset;youtube_dataset;youtube_dataset;youtubeLive_dataset;youtubeLive_dataset;netflix_dataset;geforce_dataset;roblox_dataset;netflix_dataset;afreeca_dataset;gamebox_dataset;navernow_dataset;teams_dataset;youtube_dataset;amazon_dataset;roblox_dataset;roblox_dataset;amazon_dataset;youtubeLive_dataset;teams_dataset;meet_dataset;zoom_dataset;geforce_dataset;zoom_dataset;afreeca_dataset;youtube_dataset;youtube_dataset;zepeto_dataset;navernow_dataset;amazon_dataset;netflix_dataset;zoom_dataset;navernow_dataset;navernow_dataset;geforce_dataset;meet_dataset;amazon_dataset;youtubeLive_dataset;tft_dataset;tft_dataset;zepeto_dataset;zoom_dataset;netflix_dataset;netflix_dataset;battleground_dataset;gamebox_dataset;tft_dataset;teams_dataset;zoom_dataset;meet_dataset,MEDIUM,Blended Demand (lambda=0.75),0.75,0.75,73.81827461050197,16.508542359066606,7.723710016445417,2.5973901069838607,94.47698056801195,0.2770710263787503,91.0770146456849,42
100,synthetic_scalability_scenario_derived_from_real_traffic,15,85,afreeca_dataset;amazon_dataset;battleground_dataset;gamebox_dataset;geforce_dataset;meet_dataset;navernow_dataset;netflix_dataset;roblox_dataset;teams_dataset;tft_dataset;youtubeLive_dataset;youtube_dataset;zepeto_dataset;zoom_dataset;roblox_dataset;navernow_dataset;amazon_dataset;zepeto_dataset;youtube_dataset;geforce_dataset;battleground_dataset;tft_dataset;amazon_dataset;navernow_dataset;tft_dataset;youtubeLive_dataset;meet_dataset;netflix_dataset;roblox_dataset;youtubeLive_dataset;zepeto_dataset;meet_dataset;navernow_dataset;zepeto_dataset;amazon_dataset;youtubeLive_dataset;navernow_dataset;tft_dataset;geforce_dataset;roblox_dataset;zoom_dataset;battleground_dataset;teams_dataset;amazon_dataset;youtubeLive_dataset;navernow_dataset;youtube_dataset;zepeto_dataset;gamebox_dataset;teams_dataset;youtube_dataset;youtube_dataset;youtubeLive_dataset;youtubeLive_dataset;netflix_dataset;geforce_dataset;roblox_dataset;netflix_dataset;afreeca_dataset;gamebox_dataset;navernow_dataset;teams_dataset;youtube_dataset;amazon_dataset;roblox_dataset;roblox_dataset;amazon_dataset;youtubeLive_dataset;teams_dataset;meet_dataset;zoom_dataset;geforce_dataset;zoom_dataset;afreeca_dataset;youtube_dataset;youtube_dataset;zepeto_dataset;navernow_dataset;amazon_dataset;netflix_dataset;zoom_dataset;navernow_dataset;navernow_dataset;geforce_dataset;meet_dataset;amazon_dataset;youtubeLive_dataset;tft_dataset;tft_dataset;zepeto_dataset;zoom_dataset;netflix_dataset;netflix_dataset;battleground_dataset;gamebox_dataset;tft_dataset;teams_dataset;zoom_dataset;meet_dataset,MEDIUM,Prediction Only (lambda=1.00),1.0,0.75,69.61171158703303,32.862597265679106,12.981412846066384,10.605002377610397,92.8542600896861,0.28210749728003953,92.25459495967081,42
100,synthetic_scalability_scenario_derived_from_real_traffic,15,85,afreeca_dataset;amazon_dataset;battleground_dataset;gamebox_dataset;geforce_dataset;meet_dataset;navernow_dataset;netflix_dataset;roblox_dataset;teams_dataset;tft_dataset;youtubeLive_dataset;youtube_dataset;zepeto_dataset;zoom_dataset;roblox_dataset;navernow_dataset;amazon_dataset;zepeto_dataset;youtube_dataset;geforce_dataset;battleground_dataset;tft_dataset;amazon_dataset;navernow_dataset;tft_dataset;youtubeLive_dataset;meet_dataset;netflix_dataset;roblox_dataset;youtubeLive_dataset;zepeto_dataset;meet_dataset;navernow_dataset;zepeto_dataset;amazon_dataset;youtubeLive_dataset;navernow_dataset;tft_dataset;geforce_dataset;roblox_dataset;zoom_dataset;battleground_dataset;teams_dataset;amazon_dataset;youtubeLive_dataset;navernow_dataset;youtube_dataset;zepeto_dataset;gamebox_dataset;teams_dataset;youtube_dataset;youtube_dataset;youtubeLive_dataset;youtubeLive_dataset;netflix_dataset;geforce_dataset;roblox_dataset;netflix_dataset;afreeca_dataset;gamebox_dataset;navernow_dataset;teams_dataset;youtube_dataset;amazon_dataset;roblox_dataset;roblox_dataset;amazon_dataset;youtubeLive_dataset;teams_dataset;meet_dataset;zoom_dataset;geforce_dataset;zoom_dataset;afreeca_dataset;youtube_dataset;youtube_dataset;zepeto_dataset;navernow_dataset;amazon_dataset;netflix_dataset;zoom_dataset;navernow_dataset;navernow_dataset;geforce_dataset;meet_dataset;amazon_dataset;youtubeLive_dataset;tft_dataset;tft_dataset;zepeto_dataset;zoom_dataset;netflix_dataset;netflix_dataset;battleground_dataset;gamebox_dataset;tft_dataset;teams_dataset;zoom_dataset;meet_dataset,MEDIUM,Current Demand Only (lambda=0.00),0.0,0.75,79.91793342237133,10.00886315525475,0.1025832220357142,0.01695484985604042,99.97533632286995,0.242504860375239,79.91793342237143,42
100,synthetic_scalability_scenario_derived_from_real_traffic,15,85,afreeca_dataset;amazon_dataset;battleground_dataset;gamebox_dataset;geforce_dataset;meet_dataset;navernow_dataset;netflix_dataset;roblox_dataset;teams_dataset;tft_dataset;youtubeLive_dataset;youtube_dataset;zepeto_dataset;zoom_dataset;zepeto_dataset;navernow_dataset;navernow_dataset;roblox_dataset;afreeca_dataset;meet_dataset;netflix_dataset;youtube_dataset;zoom_dataset;tft_dataset;zepeto_dataset;afreeca_dataset;roblox_dataset;youtube_dataset;amazon_dataset;amazon_dataset;youtube_dataset;tft_dataset;teams_dataset;tft_dataset;battleground_dataset;teams_dataset;netflix_dataset;youtubeLive_dataset;afreeca_dataset;roblox_dataset;geforce_dataset;geforce_dataset;tft_dataset;netflix_dataset;tft_dataset;youtube_dataset;geforce_dataset;amazon_dataset;gamebox_dataset;meet_dataset;battleground_dataset;gamebox_dataset;teams_dataset;zepeto_dataset;teams_dataset;afreeca_dataset;meet_dataset;zepeto_dataset;tft_dataset;teams_dataset;amazon_dataset;navernow_dataset;battleground_dataset;battleground_dataset;geforce_dataset;zoom_dataset;youtubeLive_dataset;youtube_dataset;zepeto_dataset;tft_dataset;battleground_dataset;zoom_dataset;youtube_dataset;amazon_dataset;geforce_dataset;navernow_dataset;netflix_dataset;zoom_dataset;navernow_dataset;battleground_dataset;youtubeLive_dataset;zoom_dataset;zepeto_dataset;gamebox_dataset;zoom_dataset;netflix_dataset;youtubeLive_dataset;roblox_dataset;zoom_dataset;netflix_dataset;geforce_dataset;youtube_dataset;meet_dataset;teams_dataset;tft_dataset;zepeto_dataset;geforce_dataset;roblox_dataset;teams_dataset,MEDIUM,Equal Share,,0.75,30.343696095002453,28.64929746766419,62.0624645022737,1.377070028993558,84.12107623318386,0.3911313654360941,30.34369609500247,43
100,synthetic_scalability_scenario_derived_from_real_traffic,15,85,afreeca_dataset;amazon_dataset;battleground_dataset;gamebox_dataset;geforce_dataset;meet_dataset;navernow_dataset;netflix_dataset;roblox_dataset;teams_dataset;tft_dataset;youtubeLive_dataset;youtube_dataset;zepeto_dataset;zoom_dataset;zepeto_dataset;navernow_dataset;navernow_dataset;roblox_dataset;afreeca_dataset;meet_dataset;netflix_dataset;youtube_dataset;zoom_dataset;tft_dataset;zepeto_dataset;afreeca_dataset;roblox_dataset;youtube_dataset;amazon_dataset;amazon_dataset;youtube_dataset;tft_dataset;teams_dataset;tft_dataset;battleground_dataset;teams_dataset;netflix_dataset;youtubeLive_dataset;afreeca_dataset;roblox_dataset;geforce_dataset;geforce_dataset;tft_dataset;netflix_dataset;tft_dataset;youtube_dataset;geforce_dataset;amazon_dataset;gamebox_dataset;meet_dataset;battleground_dataset;gamebox_dataset;teams_dataset;zepeto_dataset;teams_dataset;afreeca_dataset;meet_dataset;zepeto_dataset;tft_dataset;teams_dataset;amazon_dataset;navernow_dataset;battleground_dataset;battleground_dataset;geforce_dataset;zoom_dataset;youtubeLive_dataset;youtube_dataset;zepeto_dataset;tft_dataset;battleground_dataset;zoom_dataset;youtube_dataset;amazon_dataset;geforce_dataset;navernow_dataset;netflix_dataset;zoom_dataset;navernow_dataset;battleground_dataset;youtubeLive_dataset;zoom_dataset;zepeto_dataset;gamebox_dataset;zoom_dataset;netflix_dataset;youtubeLive_dataset;roblox_dataset;zoom_dataset;netflix_dataset;geforce_dataset;youtube_dataset;meet_dataset;teams_dataset;tft_dataset;zepeto_dataset;geforce_dataset;roblox_dataset;teams_dataset,MEDIUM,Round Robin,,0.75,79.95637375496321,10.003278899336685,0.05453280629587822,0.00639337023842879,99.9881913303438,0.2244529384475773,79.95637375496328,43
100,synthetic_scalability_scenario_derived_from_real_traffic,15,85,afreeca_dataset;amazon_dataset;battleground_dataset;gamebox_dataset;geforce_dataset;meet_dataset;navernow_dataset;netflix_dataset;roblox_dataset;teams_dataset;tft_dataset;youtubeLive_dataset;youtube_dataset;zepeto_dataset;zoom_dataset;zepeto_dataset;navernow_dataset;navernow_dataset;roblox_dataset;afreeca_dataset;meet_dataset;netflix_dataset;youtube_dataset;zoom_dataset;tft_dataset;zepeto_dataset;afreeca_dataset;roblox_dataset;youtube_dataset;amazon_dataset;amazon_dataset;youtube_dataset;tft_dataset;teams_dataset;tft_dataset;battleground_dataset;teams_dataset;netflix_dataset;youtubeLive_dataset;afreeca_dataset;roblox_dataset;geforce_dataset;geforce_dataset;tft_dataset;netflix_dataset;tft_dataset;youtube_dataset;geforce_dataset;amazon_dataset;gamebox_dataset;meet_dataset;battleground_dataset;gamebox_dataset;teams_dataset;zepeto_dataset;teams_dataset;afreeca_dataset;meet_dataset;zepeto_dataset;tft_dataset;teams_dataset;amazon_dataset;navernow_dataset;battleground_dataset;battleground_dataset;geforce_dataset;zoom_dataset;youtubeLive_dataset;youtube_dataset;zepeto_dataset;tft_dataset;battleground_dataset;zoom_dataset;youtube_dataset;amazon_dataset;geforce_dataset;navernow_dataset;netflix_dataset;zoom_dataset;navernow_dataset;battleground_dataset;youtubeLive_dataset;zoom_dataset;zepeto_dataset;gamebox_dataset;zoom_dataset;netflix_dataset;youtubeLive_dataset;roblox_dataset;zoom_dataset;netflix_dataset;geforce_dataset;youtube_dataset;meet_dataset;teams_dataset;tft_dataset;zepeto_dataset;geforce_dataset;roblox_dataset;teams_dataset,MEDIUM,Proportional Fair,,0.75,79.96840970561918,10.00652777562795,0.03948786797589874,0.012852214100710718,99.98968609865472,0.22450826829314766,79.9684097056193,43
100,synthetic_scalability_scenario_derived_from_real_traffic,15,85,afreeca_dataset;amazon_dataset;battleground_dataset;gamebox_dataset;geforce_dataset;meet_dataset;navernow_dataset;netflix_dataset;roblox_dataset;teams_dataset;tft_dataset;youtubeLive_dataset;youtube_dataset;zepeto_dataset;zoom_dataset;zepeto_dataset;navernow_dataset;navernow_dataset;roblox_dataset;afreeca_dataset;meet_dataset;netflix_dataset;youtube_dataset;zoom_dataset;tft_dataset;zepeto_dataset;afreeca_dataset;roblox_dataset;youtube_dataset;amazon_dataset;amazon_dataset;youtube_dataset;tft_dataset;teams_dataset;tft_dataset;battleground_dataset;teams_dataset;netflix_dataset;youtubeLive_dataset;afreeca_dataset;roblox_dataset;geforce_dataset;geforce_dataset;tft_dataset;netflix_dataset;tft_dataset;youtube_dataset;geforce_dataset;amazon_dataset;gamebox_dataset;meet_dataset;battleground_dataset;gamebox_dataset;teams_dataset;zepeto_dataset;teams_dataset;afreeca_dataset;meet_dataset;zepeto_dataset;tft_dataset;teams_dataset;amazon_dataset;navernow_dataset;battleground_dataset;battleground_dataset;geforce_dataset;zoom_dataset;youtubeLive_dataset;youtube_dataset;zepeto_dataset;tft_dataset;battleground_dataset;zoom_dataset;youtube_dataset;amazon_dataset;geforce_dataset;navernow_dataset;netflix_dataset;zoom_dataset;navernow_dataset;battleground_dataset;youtubeLive_dataset;zoom_dataset;zepeto_dataset;gamebox_dataset;zoom_dataset;netflix_dataset;youtubeLive_dataset;roblox_dataset;zoom_dataset;netflix_dataset;geforce_dataset;youtube_dataset;meet_dataset;teams_dataset;tft_dataset;zepeto_dataset;geforce_dataset;roblox_dataset;teams_dataset,MEDIUM,Blended Demand (lambda=0.25),0.25,0.75,79.86406263625764,10.947620341223727,0.1685013864389785,0.36114061518125573,99.83931240657698,0.23505818729165645,83.66477373489562,43
100,synthetic_scalability_scenario_derived_from_real_traffic,15,85,afreeca_dataset;amazon_dataset;battleground_dataset;gamebox_dataset;geforce_dataset;meet_dataset;navernow_dataset;netflix_dataset;roblox_dataset;teams_dataset;tft_dataset;youtubeLive_dataset;youtube_dataset;zepeto_dataset;zoom_dataset;zepeto_dataset;navernow_dataset;navernow_dataset;roblox_dataset;afreeca_dataset;meet_dataset;netflix_dataset;youtube_dataset;zoom_dataset;tft_dataset;zepeto_dataset;afreeca_dataset;roblox_dataset;youtube_dataset;amazon_dataset;amazon_dataset;youtube_dataset;tft_dataset;teams_dataset;tft_dataset;battleground_dataset;teams_dataset;netflix_dataset;youtubeLive_dataset;afreeca_dataset;roblox_dataset;geforce_dataset;geforce_dataset;tft_dataset;netflix_dataset;tft_dataset;youtube_dataset;geforce_dataset;amazon_dataset;gamebox_dataset;meet_dataset;battleground_dataset;gamebox_dataset;teams_dataset;zepeto_dataset;teams_dataset;afreeca_dataset;meet_dataset;zepeto_dataset;tft_dataset;teams_dataset;amazon_dataset;navernow_dataset;battleground_dataset;battleground_dataset;geforce_dataset;zoom_dataset;youtubeLive_dataset;youtube_dataset;zepeto_dataset;tft_dataset;battleground_dataset;zoom_dataset;youtube_dataset;amazon_dataset;geforce_dataset;navernow_dataset;netflix_dataset;zoom_dataset;navernow_dataset;battleground_dataset;youtubeLive_dataset;zoom_dataset;zepeto_dataset;gamebox_dataset;zoom_dataset;netflix_dataset;youtubeLive_dataset;roblox_dataset;zoom_dataset;netflix_dataset;geforce_dataset;youtube_dataset;meet_dataset;teams_dataset;tft_dataset;zepeto_dataset;geforce_dataset;roblox_dataset;teams_dataset,MEDIUM,Blended Demand (lambda=0.50),0.5,0.75,78.67482340245816,12.28214018495695,1.6540319583618874,0.923988997845576,98.63856502242153,0.24219475412327837,86.2733895894637,43
100,synthetic_scalability_scenario_derived_from_real_traffic,15,85,afreeca_dataset;amazon_dataset;battleground_dataset;gamebox_dataset;geforce_dataset;meet_dataset;navernow_dataset;netflix_dataset;roblox_dataset;teams_dataset;tft_dataset;youtubeLive_dataset;youtube_dataset;zepeto_dataset;zoom_dataset;zepeto_dataset;navernow_dataset;navernow_dataset;roblox_dataset;afreeca_dataset;meet_dataset;netflix_dataset;youtube_dataset;zoom_dataset;tft_dataset;zepeto_dataset;afreeca_dataset;roblox_dataset;youtube_dataset;amazon_dataset;amazon_dataset;youtube_dataset;tft_dataset;teams_dataset;tft_dataset;battleground_dataset;teams_dataset;netflix_dataset;youtubeLive_dataset;afreeca_dataset;roblox_dataset;geforce_dataset;geforce_dataset;tft_dataset;netflix_dataset;tft_dataset;youtube_dataset;geforce_dataset;amazon_dataset;gamebox_dataset;meet_dataset;battleground_dataset;gamebox_dataset;teams_dataset;zepeto_dataset;teams_dataset;afreeca_dataset;meet_dataset;zepeto_dataset;tft_dataset;teams_dataset;amazon_dataset;navernow_dataset;battleground_dataset;battleground_dataset;geforce_dataset;zoom_dataset;youtubeLive_dataset;youtube_dataset;zepeto_dataset;tft_dataset;battleground_dataset;zoom_dataset;youtube_dataset;amazon_dataset;geforce_dataset;navernow_dataset;netflix_dataset;zoom_dataset;navernow_dataset;battleground_dataset;youtubeLive_dataset;zoom_dataset;zepeto_dataset;gamebox_dataset;zoom_dataset;netflix_dataset;youtubeLive_dataset;roblox_dataset;zoom_dataset;netflix_dataset;geforce_dataset;youtube_dataset;meet_dataset;teams_dataset;tft_dataset;zepeto_dataset;geforce_dataset;roblox_dataset;teams_dataset,MEDIUM,Blended Demand (lambda=0.75),0.75,0.75,76.42167160746807,14.700123223694252,4.47018653801119,2.1246343750936134,96.45710014947683,0.2466465215806915,87.81125111282763,43
100,synthetic_scalability_scenario_derived_from_real_traffic,15,85,afreeca_dataset;amazon_dataset;battleground_dataset;gamebox_dataset;geforce_dataset;meet_dataset;navernow_dataset;netflix_dataset;roblox_dataset;teams_dataset;tft_dataset;youtubeLive_dataset;youtube_dataset;zepeto_dataset;zoom_dataset;zepeto_dataset;navernow_dataset;navernow_dataset;roblox_dataset;afreeca_dataset;meet_dataset;netflix_dataset;youtube_dataset;zoom_dataset;tft_dataset;zepeto_dataset;afreeca_dataset;roblox_dataset;youtube_dataset;amazon_dataset;amazon_dataset;youtube_dataset;tft_dataset;teams_dataset;tft_dataset;battleground_dataset;teams_dataset;netflix_dataset;youtubeLive_dataset;afreeca_dataset;roblox_dataset;geforce_dataset;geforce_dataset;tft_dataset;netflix_dataset;tft_dataset;youtube_dataset;geforce_dataset;amazon_dataset;gamebox_dataset;meet_dataset;battleground_dataset;gamebox_dataset;teams_dataset;zepeto_dataset;teams_dataset;afreeca_dataset;meet_dataset;zepeto_dataset;tft_dataset;teams_dataset;amazon_dataset;navernow_dataset;battleground_dataset;battleground_dataset;geforce_dataset;zoom_dataset;youtubeLive_dataset;youtube_dataset;zepeto_dataset;tft_dataset;battleground_dataset;zoom_dataset;youtube_dataset;amazon_dataset;geforce_dataset;navernow_dataset;netflix_dataset;zoom_dataset;navernow_dataset;battleground_dataset;youtubeLive_dataset;zoom_dataset;zepeto_dataset;gamebox_dataset;zoom_dataset;netflix_dataset;youtubeLive_dataset;roblox_dataset;zoom_dataset;netflix_dataset;geforce_dataset;youtube_dataset;meet_dataset;teams_dataset;tft_dataset;zepeto_dataset;geforce_dataset;roblox_dataset;teams_dataset,MEDIUM,Prediction Only (lambda=1.00),1.0,0.75,73.90581992780474,25.24919264539021,7.61471597350234,8.429644931915066,95.30284005979074,0.24999653878818964,89.0225933604811,43
100,synthetic_scalability_scenario_derived_from_real_traffic,15,85,afreeca_dataset;amazon_dataset;battleground_dataset;gamebox_dataset;geforce_dataset;meet_dataset;navernow_dataset;netflix_dataset;roblox_dataset;teams_dataset;tft_dataset;youtubeLive_dataset;youtube_dataset;zepeto_dataset;zoom_dataset;zepeto_dataset;navernow_dataset;navernow_dataset;roblox_dataset;afreeca_dataset;meet_dataset;netflix_dataset;youtube_dataset;zoom_dataset;tft_dataset;zepeto_dataset;afreeca_dataset;roblox_dataset;youtube_dataset;amazon_dataset;amazon_dataset;youtube_dataset;tft_dataset;teams_dataset;tft_dataset;battleground_dataset;teams_dataset;netflix_dataset;youtubeLive_dataset;afreeca_dataset;roblox_dataset;geforce_dataset;geforce_dataset;tft_dataset;netflix_dataset;tft_dataset;youtube_dataset;geforce_dataset;amazon_dataset;gamebox_dataset;meet_dataset;battleground_dataset;gamebox_dataset;teams_dataset;zepeto_dataset;teams_dataset;afreeca_dataset;meet_dataset;zepeto_dataset;tft_dataset;teams_dataset;amazon_dataset;navernow_dataset;battleground_dataset;battleground_dataset;geforce_dataset;zoom_dataset;youtubeLive_dataset;youtube_dataset;zepeto_dataset;tft_dataset;battleground_dataset;zoom_dataset;youtube_dataset;amazon_dataset;geforce_dataset;navernow_dataset;netflix_dataset;zoom_dataset;navernow_dataset;battleground_dataset;youtubeLive_dataset;zoom_dataset;zepeto_dataset;gamebox_dataset;zoom_dataset;netflix_dataset;youtubeLive_dataset;roblox_dataset;zoom_dataset;netflix_dataset;geforce_dataset;youtube_dataset;meet_dataset;teams_dataset;tft_dataset;zepeto_dataset;geforce_dataset;roblox_dataset;teams_dataset,MEDIUM,Current Demand Only (lambda=0.00),0.0,0.75,79.96239219395594,10.003868250090608,0.04700975755493566,0.007567727991597045,99.98938714499252,0.22447553272984244,79.96239219395606,43
100,synthetic_scalability_scenario_derived_from_real_traffic,15,85,afreeca_dataset;amazon_dataset;battleground_dataset;gamebox_dataset;geforce_dataset;meet_dataset;navernow_dataset;netflix_dataset;roblox_dataset;teams_dataset;tft_dataset;youtubeLive_dataset;youtube_dataset;zepeto_dataset;zoom_dataset;roblox_dataset;navernow_dataset;roblox_dataset;amazon_dataset;roblox_dataset;youtube_dataset;zoom_dataset;youtubeLive_dataset;teams_dataset;tft_dataset;zoom_dataset;gamebox_dataset;youtube_dataset;zoom_dataset;tft_dataset;geforce_dataset;teams_dataset;meet_dataset;meet_dataset;roblox_dataset;youtube_dataset;battleground_dataset;navernow_dataset;roblox_dataset;youtube_dataset;roblox_dataset;geforce_dataset;youtubeLive_dataset;roblox_dataset;afreeca_dataset;geforce_dataset;zepeto_dataset;battleground_dataset;roblox_dataset;netflix_dataset;roblox_dataset;amazon_dataset;meet_dataset;zoom_dataset;amazon_dataset;youtube_dataset;zepeto_dataset;gamebox_dataset;netflix_dataset;tft_dataset;meet_dataset;gamebox_dataset;zoom_dataset;teams_dataset;teams_dataset;battleground_dataset;battleground_dataset;meet_dataset;battleground_dataset;zepeto_dataset;zepeto_dataset;youtube_dataset;meet_dataset;navernow_dataset;meet_dataset;netflix_dataset;gamebox_dataset;afreeca_dataset;geforce_dataset;zoom_dataset;battleground_dataset;battleground_dataset;amazon_dataset;meet_dataset;teams_dataset;battleground_dataset;youtube_dataset;youtube_dataset;battleground_dataset;youtubeLive_dataset;meet_dataset;youtubeLive_dataset;roblox_dataset;amazon_dataset;roblox_dataset;roblox_dataset;gamebox_dataset;geforce_dataset;tft_dataset;netflix_dataset,MEDIUM,Equal Share,,0.75,26.776800838496023,27.397583883845353,66.52253519341787,1.2193659608044807,84.71165919282511,0.34270098458342724,26.776800838496033,44
100,synthetic_scalability_scenario_derived_from_real_traffic,15,85,afreeca_dataset;amazon_dataset;battleground_dataset;gamebox_dataset;geforce_dataset;meet_dataset;navernow_dataset;netflix_dataset;roblox_dataset;teams_dataset;tft_dataset;youtubeLive_dataset;youtube_dataset;zepeto_dataset;zoom_dataset;roblox_dataset;navernow_dataset;roblox_dataset;amazon_dataset;roblox_dataset;youtube_dataset;zoom_dataset;youtubeLive_dataset;teams_dataset;tft_dataset;zoom_dataset;gamebox_dataset;youtube_dataset;zoom_dataset;tft_dataset;geforce_dataset;teams_dataset;meet_dataset;meet_dataset;roblox_dataset;youtube_dataset;battleground_dataset;navernow_dataset;roblox_dataset;youtube_dataset;roblox_dataset;geforce_dataset;youtubeLive_dataset;roblox_dataset;afreeca_dataset;geforce_dataset;zepeto_dataset;battleground_dataset;roblox_dataset;netflix_dataset;roblox_dataset;amazon_dataset;meet_dataset;zoom_dataset;amazon_dataset;youtube_dataset;zepeto_dataset;gamebox_dataset;netflix_dataset;tft_dataset;meet_dataset;gamebox_dataset;zoom_dataset;teams_dataset;teams_dataset;battleground_dataset;battleground_dataset;meet_dataset;battleground_dataset;zepeto_dataset;zepeto_dataset;youtube_dataset;meet_dataset;navernow_dataset;meet_dataset;netflix_dataset;gamebox_dataset;afreeca_dataset;geforce_dataset;zoom_dataset;battleground_dataset;battleground_dataset;amazon_dataset;meet_dataset;teams_dataset;battleground_dataset;youtube_dataset;youtube_dataset;battleground_dataset;youtubeLive_dataset;meet_dataset;youtubeLive_dataset;roblox_dataset;amazon_dataset;roblox_dataset;roblox_dataset;gamebox_dataset;geforce_dataset;tft_dataset;netflix_dataset,MEDIUM,Round Robin,,0.75,79.94234730863091,10.00196055510994,0.07206586421145515,0.0036087088981172195,99.9898355754858,0.1972956140123391,79.94234730863083,44
100,synthetic_scalability_scenario_derived_from_real_traffic,15,85,afreeca_dataset;amazon_dataset;battleground_dataset;gamebox_dataset;geforce_dataset;meet_dataset;navernow_dataset;netflix_dataset;roblox_dataset;teams_dataset;tft_dataset;youtubeLive_dataset;youtube_dataset;zepeto_dataset;zoom_dataset;roblox_dataset;navernow_dataset;roblox_dataset;amazon_dataset;roblox_dataset;youtube_dataset;zoom_dataset;youtubeLive_dataset;teams_dataset;tft_dataset;zoom_dataset;gamebox_dataset;youtube_dataset;zoom_dataset;tft_dataset;geforce_dataset;teams_dataset;meet_dataset;meet_dataset;roblox_dataset;youtube_dataset;battleground_dataset;navernow_dataset;roblox_dataset;youtube_dataset;roblox_dataset;geforce_dataset;youtubeLive_dataset;roblox_dataset;afreeca_dataset;geforce_dataset;zepeto_dataset;battleground_dataset;roblox_dataset;netflix_dataset;roblox_dataset;amazon_dataset;meet_dataset;zoom_dataset;amazon_dataset;youtube_dataset;zepeto_dataset;gamebox_dataset;netflix_dataset;tft_dataset;meet_dataset;gamebox_dataset;zoom_dataset;teams_dataset;teams_dataset;battleground_dataset;battleground_dataset;meet_dataset;battleground_dataset;zepeto_dataset;zepeto_dataset;youtube_dataset;meet_dataset;navernow_dataset;meet_dataset;netflix_dataset;gamebox_dataset;afreeca_dataset;geforce_dataset;zoom_dataset;battleground_dataset;battleground_dataset;amazon_dataset;meet_dataset;teams_dataset;battleground_dataset;youtube_dataset;youtube_dataset;battleground_dataset;youtubeLive_dataset;meet_dataset;youtubeLive_dataset;roblox_dataset;amazon_dataset;roblox_dataset;roblox_dataset;gamebox_dataset;geforce_dataset;tft_dataset;netflix_dataset,MEDIUM,Proportional Fair,,0.75,79.95179678595333,10.004085724742176,0.06025401755842597,0.007685432750395451,99.99103139013452,0.19733156994927056,79.95179678595326,44
100,synthetic_scalability_scenario_derived_from_real_traffic,15,85,afreeca_dataset;amazon_dataset;battleground_dataset;gamebox_dataset;geforce_dataset;meet_dataset;navernow_dataset;netflix_dataset;roblox_dataset;teams_dataset;tft_dataset;youtubeLive_dataset;youtube_dataset;zepeto_dataset;zoom_dataset;roblox_dataset;navernow_dataset;roblox_dataset;amazon_dataset;roblox_dataset;youtube_dataset;zoom_dataset;youtubeLive_dataset;teams_dataset;tft_dataset;zoom_dataset;gamebox_dataset;youtube_dataset;zoom_dataset;tft_dataset;geforce_dataset;teams_dataset;meet_dataset;meet_dataset;roblox_dataset;youtube_dataset;battleground_dataset;navernow_dataset;roblox_dataset;youtube_dataset;roblox_dataset;geforce_dataset;youtubeLive_dataset;roblox_dataset;afreeca_dataset;geforce_dataset;zepeto_dataset;battleground_dataset;roblox_dataset;netflix_dataset;roblox_dataset;amazon_dataset;meet_dataset;zoom_dataset;amazon_dataset;youtube_dataset;zepeto_dataset;gamebox_dataset;netflix_dataset;tft_dataset;meet_dataset;gamebox_dataset;zoom_dataset;teams_dataset;teams_dataset;battleground_dataset;battleground_dataset;meet_dataset;battleground_dataset;zepeto_dataset;zepeto_dataset;youtube_dataset;meet_dataset;navernow_dataset;meet_dataset;netflix_dataset;gamebox_dataset;afreeca_dataset;geforce_dataset;zoom_dataset;battleground_dataset;battleground_dataset;amazon_dataset;meet_dataset;teams_dataset;battleground_dataset;youtube_dataset;youtube_dataset;battleground_dataset;youtubeLive_dataset;meet_dataset;youtubeLive_dataset;roblox_dataset;amazon_dataset;roblox_dataset;roblox_dataset;gamebox_dataset;geforce_dataset;tft_dataset;netflix_dataset,MEDIUM,Blended Demand (lambda=0.25),0.25,0.75,79.83174204841717,10.841393070695505,0.20933311461266585,0.32656151240921216,99.85814648729448,0.2061320529391314,83.23515337677001,44
100,synthetic_scalability_scenario_derived_from_real_traffic,15,85,afreeca_dataset;amazon_dataset;battleground_dataset;gamebox_dataset;geforce_dataset;meet_dataset;navernow_dataset;netflix_dataset;roblox_dataset;teams_dataset;tft_dataset;youtubeLive_dataset;youtube_dataset;zepeto_dataset;zoom_dataset;roblox_dataset;navernow_dataset;roblox_dataset;amazon_dataset;roblox_dataset;youtube_dataset;zoom_dataset;youtubeLive_dataset;teams_dataset;tft_dataset;zoom_dataset;gamebox_dataset;youtube_dataset;zoom_dataset;tft_dataset;geforce_dataset;teams_dataset;meet_dataset;meet_dataset;roblox_dataset;youtube_dataset;battleground_dataset;navernow_dataset;roblox_dataset;youtube_dataset;roblox_dataset;geforce_dataset;youtubeLive_dataset;roblox_dataset;afreeca_dataset;geforce_dataset;zepeto_dataset;battleground_dataset;roblox_dataset;netflix_dataset;roblox_dataset;amazon_dataset;meet_dataset;zoom_dataset;amazon_dataset;youtube_dataset;zepeto_dataset;gamebox_dataset;netflix_dataset;tft_dataset;meet_dataset;gamebox_dataset;zoom_dataset;teams_dataset;teams_dataset;battleground_dataset;battleground_dataset;meet_dataset;battleground_dataset;zepeto_dataset;zepeto_dataset;youtube_dataset;meet_dataset;navernow_dataset;meet_dataset;netflix_dataset;gamebox_dataset;afreeca_dataset;geforce_dataset;zoom_dataset;battleground_dataset;battleground_dataset;amazon_dataset;meet_dataset;teams_dataset;battleground_dataset;youtube_dataset;youtube_dataset;battleground_dataset;youtubeLive_dataset;meet_dataset;youtubeLive_dataset;roblox_dataset;amazon_dataset;roblox_dataset;roblox_dataset;gamebox_dataset;geforce_dataset;tft_dataset;netflix_dataset,MEDIUM,Blended Demand (lambda=0.50),0.5,0.75,78.66836756370279,12.014991507196322,1.6631064992375895,0.8336953959767627,98.95216741405082,0.21217863297395517,85.47355637791398,44
100,synthetic_scalability_scenario_derived_from_real_traffic,15,85,afreeca_dataset;amazon_dataset;battleground_dataset;gamebox_dataset;geforce_dataset;meet_dataset;navernow_dataset;netflix_dataset;roblox_dataset;teams_dataset;tft_dataset;youtubeLive_dataset;youtube_dataset;zepeto_dataset;zoom_dataset;roblox_dataset;navernow_dataset;roblox_dataset;amazon_dataset;roblox_dataset;youtube_dataset;zoom_dataset;youtubeLive_dataset;teams_dataset;tft_dataset;zoom_dataset;gamebox_dataset;youtube_dataset;zoom_dataset;tft_dataset;geforce_dataset;teams_dataset;meet_dataset;meet_dataset;roblox_dataset;youtube_dataset;battleground_dataset;navernow_dataset;roblox_dataset;youtube_dataset;roblox_dataset;geforce_dataset;youtubeLive_dataset;roblox_dataset;afreeca_dataset;geforce_dataset;zepeto_dataset;battleground_dataset;roblox_dataset;netflix_dataset;roblox_dataset;amazon_dataset;meet_dataset;zoom_dataset;amazon_dataset;youtube_dataset;zepeto_dataset;gamebox_dataset;netflix_dataset;tft_dataset;meet_dataset;gamebox_dataset;zoom_dataset;teams_dataset;teams_dataset;battleground_dataset;battleground_dataset;meet_dataset;battleground_dataset;zepeto_dataset;zepeto_dataset;youtube_dataset;meet_dataset;navernow_dataset;meet_dataset;netflix_dataset;gamebox_dataset;afreeca_dataset;geforce_dataset;zoom_dataset;battleground_dataset;battleground_dataset;amazon_dataset;meet_dataset;teams_dataset;battleground_dataset;youtube_dataset;youtube_dataset;battleground_dataset;youtubeLive_dataset;meet_dataset;youtubeLive_dataset;roblox_dataset;amazon_dataset;roblox_dataset;roblox_dataset;gamebox_dataset;geforce_dataset;tft_dataset;netflix_dataset,MEDIUM,Blended Demand (lambda=0.75),0.75,0.75,76.81208758058497,14.210593823932706,3.983113147145088,1.9554796428802435,96.91210762331839,0.21645294785998315,87.00914685865284,44
100,synthetic_scalability_scenario_derived_from_real_traffic,15,85,afreeca_dataset;amazon_dataset;battleground_dataset;gamebox_dataset;geforce_dataset;meet_dataset;navernow_dataset;netflix_dataset;roblox_dataset;teams_dataset;tft_dataset;youtubeLive_dataset;youtube_dataset;zepeto_dataset;zoom_dataset;roblox_dataset;navernow_dataset;roblox_dataset;amazon_dataset;roblox_dataset;youtube_dataset;zoom_dataset;youtubeLive_dataset;teams_dataset;tft_dataset;zoom_dataset;gamebox_dataset;youtube_dataset;zoom_dataset;tft_dataset;geforce_dataset;teams_dataset;meet_dataset;meet_dataset;roblox_dataset;youtube_dataset;battleground_dataset;navernow_dataset;roblox_dataset;youtube_dataset;roblox_dataset;geforce_dataset;youtubeLive_dataset;roblox_dataset;afreeca_dataset;geforce_dataset;zepeto_dataset;battleground_dataset;roblox_dataset;netflix_dataset;roblox_dataset;amazon_dataset;meet_dataset;zoom_dataset;amazon_dataset;youtube_dataset;zepeto_dataset;gamebox_dataset;netflix_dataset;tft_dataset;meet_dataset;gamebox_dataset;zoom_dataset;teams_dataset;teams_dataset;battleground_dataset;battleground_dataset;meet_dataset;battleground_dataset;zepeto_dataset;zepeto_dataset;youtube_dataset;meet_dataset;navernow_dataset;meet_dataset;netflix_dataset;gamebox_dataset;afreeca_dataset;geforce_dataset;zoom_dataset;battleground_dataset;battleground_dataset;amazon_dataset;meet_dataset;teams_dataset;battleground_dataset;youtube_dataset;youtube_dataset;battleground_dataset;youtubeLive_dataset;meet_dataset;youtubeLive_dataset;roblox_dataset;amazon_dataset;roblox_dataset;roblox_dataset;gamebox_dataset;geforce_dataset;tft_dataset;netflix_dataset,MEDIUM,Prediction Only (lambda=1.00),1.0,0.75,74.71474527825889,23.275869370633696,6.6044476940641665,7.380127292862663,95.86741405082212,0.21980234390272357,88.26559173114946,44
100,synthetic_scalability_scenario_derived_from_real_traffic,15,85,afreeca_dataset;amazon_dataset;battleground_dataset;gamebox_dataset;geforce_dataset;meet_dataset;navernow_dataset;netflix_dataset;roblox_dataset;teams_dataset;tft_dataset;youtubeLive_dataset;youtube_dataset;zepeto_dataset;zoom_dataset;roblox_dataset;navernow_dataset;roblox_dataset;amazon_dataset;roblox_dataset;youtube_dataset;zoom_dataset;youtubeLive_dataset;teams_dataset;tft_dataset;zoom_dataset;gamebox_dataset;youtube_dataset;zoom_dataset;tft_dataset;geforce_dataset;teams_dataset;meet_dataset;meet_dataset;roblox_dataset;youtube_dataset;battleground_dataset;navernow_dataset;roblox_dataset;youtube_dataset;roblox_dataset;geforce_dataset;youtubeLive_dataset;roblox_dataset;afreeca_dataset;geforce_dataset;zepeto_dataset;battleground_dataset;roblox_dataset;netflix_dataset;roblox_dataset;amazon_dataset;meet_dataset;zoom_dataset;amazon_dataset;youtube_dataset;zepeto_dataset;gamebox_dataset;netflix_dataset;tft_dataset;meet_dataset;gamebox_dataset;zoom_dataset;teams_dataset;teams_dataset;battleground_dataset;battleground_dataset;meet_dataset;battleground_dataset;zepeto_dataset;zepeto_dataset;youtube_dataset;meet_dataset;navernow_dataset;meet_dataset;netflix_dataset;gamebox_dataset;afreeca_dataset;geforce_dataset;zoom_dataset;battleground_dataset;battleground_dataset;amazon_dataset;meet_dataset;teams_dataset;battleground_dataset;youtube_dataset;youtube_dataset;battleground_dataset;youtubeLive_dataset;meet_dataset;youtubeLive_dataset;roblox_dataset;amazon_dataset;roblox_dataset;roblox_dataset;gamebox_dataset;geforce_dataset;tft_dataset;netflix_dataset,MEDIUM,Current Demand Only (lambda=0.00),0.0,0.75,79.94724149422056,10.00243975252293,0.06594813222436156,0.004464243853372925,99.99028400597908,0.19731391809498755,79.9472414942205,44
100,synthetic_scalability_scenario_derived_from_real_traffic,15,85,afreeca_dataset;amazon_dataset;battleground_dataset;gamebox_dataset;geforce_dataset;meet_dataset;navernow_dataset;netflix_dataset;roblox_dataset;teams_dataset;tft_dataset;youtubeLive_dataset;youtube_dataset;zepeto_dataset;zoom_dataset;roblox_dataset;netflix_dataset;navernow_dataset;youtubeLive_dataset;meet_dataset;youtube_dataset;navernow_dataset;geforce_dataset;navernow_dataset;navernow_dataset;meet_dataset;youtube_dataset;zepeto_dataset;afreeca_dataset;roblox_dataset;battleground_dataset;geforce_dataset;youtube_dataset;battleground_dataset;gamebox_dataset;navernow_dataset;zepeto_dataset;youtubeLive_dataset;battleground_dataset;afreeca_dataset;meet_dataset;afreeca_dataset;geforce_dataset;zepeto_dataset;youtube_dataset;zepeto_dataset;youtubeLive_dataset;meet_dataset;zoom_dataset;zoom_dataset;tft_dataset;netflix_dataset;zoom_dataset;youtube_dataset;youtubeLive_dataset;teams_dataset;geforce_dataset;netflix_dataset;zepeto_dataset;tft_dataset;youtubeLive_dataset;meet_dataset;meet_dataset;netflix_dataset;netflix_dataset;navernow_dataset;meet_dataset;zoom_dataset;afreeca_dataset;battleground_dataset;afreeca_dataset;geforce_dataset;tft_dataset;tft_dataset;teams_dataset;afreeca_dataset;zepeto_dataset;battleground_dataset;youtube_dataset;netflix_dataset;battleground_dataset;youtubeLive_dataset;amazon_dataset;zepeto_dataset;battleground_dataset;zepeto_dataset;netflix_dataset;afreeca_dataset;geforce_dataset;amazon_dataset;amazon_dataset;tft_dataset;meet_dataset;tft_dataset;navernow_dataset;zepeto_dataset;gamebox_dataset;amazon_dataset;gamebox_dataset;zepeto_dataset,MEDIUM,Equal Share,,0.75,32.04492469763576,30.167854500460376,59.936008352659364,1.4600891184520306,83.49745889387145,0.3969336787823636,32.04492469763569,45
100,synthetic_scalability_scenario_derived_from_real_traffic,15,85,afreeca_dataset;amazon_dataset;battleground_dataset;gamebox_dataset;geforce_dataset;meet_dataset;navernow_dataset;netflix_dataset;roblox_dataset;teams_dataset;tft_dataset;youtubeLive_dataset;youtube_dataset;zepeto_dataset;zoom_dataset;roblox_dataset;netflix_dataset;navernow_dataset;youtubeLive_dataset;meet_dataset;youtube_dataset;navernow_dataset;geforce_dataset;navernow_dataset;navernow_dataset;meet_dataset;youtube_dataset;zepeto_dataset;afreeca_dataset;roblox_dataset;battleground_dataset;geforce_dataset;youtube_dataset;battleground_dataset;gamebox_dataset;navernow_dataset;zepeto_dataset;youtubeLive_dataset;battleground_dataset;afreeca_dataset;meet_dataset;afreeca_dataset;geforce_dataset;zepeto_dataset;youtube_dataset;zepeto_dataset;youtubeLive_dataset;meet_dataset;zoom_dataset;zoom_dataset;tft_dataset;netflix_dataset;zoom_dataset;youtube_dataset;youtubeLive_dataset;teams_dataset;geforce_dataset;netflix_dataset;zepeto_dataset;tft_dataset;youtubeLive_dataset;meet_dataset;meet_dataset;netflix_dataset;netflix_dataset;navernow_dataset;meet_dataset;zoom_dataset;afreeca_dataset;battleground_dataset;afreeca_dataset;geforce_dataset;tft_dataset;tft_dataset;teams_dataset;afreeca_dataset;zepeto_dataset;battleground_dataset;youtube_dataset;netflix_dataset;battleground_dataset;youtubeLive_dataset;amazon_dataset;zepeto_dataset;battleground_dataset;zepeto_dataset;netflix_dataset;afreeca_dataset;geforce_dataset;amazon_dataset;amazon_dataset;tft_dataset;meet_dataset;tft_dataset;navernow_dataset;zepeto_dataset;gamebox_dataset;amazon_dataset;gamebox_dataset;zepeto_dataset,MEDIUM,Round Robin,,0.75,79.95427158755915,10.004416660277725,0.05716051555100085,0.008691371590534052,99.98535127055307,0.236731297745672,79.9542715875592,45
100,synthetic_scalability_scenario_derived_from_real_traffic,15,85,afreeca_dataset;amazon_dataset;battleground_dataset;gamebox_dataset;geforce_dataset;meet_dataset;navernow_dataset;netflix_dataset;roblox_dataset;teams_dataset;tft_dataset;youtubeLive_dataset;youtube_dataset;zepeto_dataset;zoom_dataset;roblox_dataset;netflix_dataset;navernow_dataset;youtubeLive_dataset;meet_dataset;youtube_dataset;navernow_dataset;geforce_dataset;navernow_dataset;navernow_dataset;meet_dataset;youtube_dataset;zepeto_dataset;afreeca_dataset;roblox_dataset;battleground_dataset;geforce_dataset;youtube_dataset;battleground_dataset;gamebox_dataset;navernow_dataset;zepeto_dataset;youtubeLive_dataset;battleground_dataset;afreeca_dataset;meet_dataset;afreeca_dataset;geforce_dataset;zepeto_dataset;youtube_dataset;zepeto_dataset;youtubeLive_dataset;meet_dataset;zoom_dataset;zoom_dataset;tft_dataset;netflix_dataset;zoom_dataset;youtube_dataset;youtubeLive_dataset;teams_dataset;geforce_dataset;netflix_dataset;zepeto_dataset;tft_dataset;youtubeLive_dataset;meet_dataset;meet_dataset;netflix_dataset;netflix_dataset;navernow_dataset;meet_dataset;zoom_dataset;afreeca_dataset;battleground_dataset;afreeca_dataset;geforce_dataset;tft_dataset;tft_dataset;teams_dataset;afreeca_dataset;zepeto_dataset;battleground_dataset;youtube_dataset;netflix_dataset;battleground_dataset;youtubeLive_dataset;amazon_dataset;zepeto_dataset;battleground_dataset;zepeto_dataset;netflix_dataset;afreeca_dataset;geforce_dataset;amazon_dataset;amazon_dataset;tft_dataset;meet_dataset;tft_dataset;navernow_dataset;zepeto_dataset;gamebox_dataset;amazon_dataset;gamebox_dataset;zepeto_dataset,MEDIUM,Proportional Fair,,0.75,79.9698089649421,10.008723453220394,0.03773879382228841,0.01729292716125918,99.98893871449926,0.23680171197012825,79.96980896494216,45
100,synthetic_scalability_scenario_derived_from_real_traffic,15,85,afreeca_dataset;amazon_dataset;battleground_dataset;gamebox_dataset;geforce_dataset;meet_dataset;navernow_dataset;netflix_dataset;roblox_dataset;teams_dataset;tft_dataset;youtubeLive_dataset;youtube_dataset;zepeto_dataset;zoom_dataset;roblox_dataset;netflix_dataset;navernow_dataset;youtubeLive_dataset;meet_dataset;youtube_dataset;navernow_dataset;geforce_dataset;navernow_dataset;navernow_dataset;meet_dataset;youtube_dataset;zepeto_dataset;afreeca_dataset;roblox_dataset;battleground_dataset;geforce_dataset;youtube_dataset;battleground_dataset;gamebox_dataset;navernow_dataset;zepeto_dataset;youtubeLive_dataset;battleground_dataset;afreeca_dataset;meet_dataset;afreeca_dataset;geforce_dataset;zepeto_dataset;youtube_dataset;zepeto_dataset;youtubeLive_dataset;meet_dataset;zoom_dataset;zoom_dataset;tft_dataset;netflix_dataset;zoom_dataset;youtube_dataset;youtubeLive_dataset;teams_dataset;geforce_dataset;netflix_dataset;zepeto_dataset;tft_dataset;youtubeLive_dataset;meet_dataset;meet_dataset;netflix_dataset;netflix_dataset;navernow_dataset;meet_dataset;zoom_dataset;afreeca_dataset;battleground_dataset;afreeca_dataset;geforce_dataset;tft_dataset;tft_dataset;teams_dataset;afreeca_dataset;zepeto_dataset;battleground_dataset;youtube_dataset;netflix_dataset;battleground_dataset;youtubeLive_dataset;amazon_dataset;zepeto_dataset;battleground_dataset;zepeto_dataset;netflix_dataset;afreeca_dataset;geforce_dataset;amazon_dataset;amazon_dataset;tft_dataset;meet_dataset;tft_dataset;navernow_dataset;zepeto_dataset;gamebox_dataset;amazon_dataset;gamebox_dataset;zepeto_dataset,MEDIUM,Blended Demand (lambda=0.25),0.25,0.75,79.83967931042176,11.03276203977455,0.19922703278746412,0.37661151968992973,99.78908819133035,0.24963385808254113,84.41126274661869,45
100,synthetic_scalability_scenario_derived_from_real_traffic,15,85,afreeca_dataset;amazon_dataset;battleground_dataset;gamebox_dataset;geforce_dataset;meet_dataset;navernow_dataset;netflix_dataset;roblox_dataset;teams_dataset;tft_dataset;youtubeLive_dataset;youtube_dataset;zepeto_dataset;zoom_dataset;roblox_dataset;netflix_dataset;navernow_dataset;youtubeLive_dataset;meet_dataset;youtube_dataset;navernow_dataset;geforce_dataset;navernow_dataset;navernow_dataset;meet_dataset;youtube_dataset;zepeto_dataset;afreeca_dataset;roblox_dataset;battleground_dataset;geforce_dataset;youtube_dataset;battleground_dataset;gamebox_dataset;navernow_dataset;zepeto_dataset;youtubeLive_dataset;battleground_dataset;afreeca_dataset;meet_dataset;afreeca_dataset;geforce_dataset;zepeto_dataset;youtube_dataset;zepeto_dataset;youtubeLive_dataset;meet_dataset;zoom_dataset;zoom_dataset;tft_dataset;netflix_dataset;zoom_dataset;youtube_dataset;youtubeLive_dataset;teams_dataset;geforce_dataset;netflix_dataset;zepeto_dataset;tft_dataset;youtubeLive_dataset;meet_dataset;meet_dataset;netflix_dataset;netflix_dataset;navernow_dataset;meet_dataset;zoom_dataset;afreeca_dataset;battleground_dataset;afreeca_dataset;geforce_dataset;tft_dataset;tft_dataset;teams_dataset;afreeca_dataset;zepeto_dataset;battleground_dataset;youtube_dataset;netflix_dataset;battleground_dataset;youtubeLive_dataset;amazon_dataset;zepeto_dataset;battleground_dataset;zepeto_dataset;netflix_dataset;afreeca_dataset;geforce_dataset;amazon_dataset;amazon_dataset;tft_dataset;meet_dataset;tft_dataset;navernow_dataset;zepeto_dataset;gamebox_dataset;amazon_dataset;gamebox_dataset;zepeto_dataset,MEDIUM,Blended Demand (lambda=0.50),0.5,0.75,78.27060031392418,12.470595983535087,2.1596197938112516,0.9543397746740709,98.20448430493273,0.2580259201381112,87.41039065397926,45
100,synthetic_scalability_scenario_derived_from_real_traffic,15,85,afreeca_dataset;amazon_dataset;battleground_dataset;gamebox_dataset;geforce_dataset;meet_dataset;navernow_dataset;netflix_dataset;roblox_dataset;teams_dataset;tft_dataset;youtubeLive_dataset;youtube_dataset;zepeto_dataset;zoom_dataset;roblox_dataset;netflix_dataset;navernow_dataset;youtubeLive_dataset;meet_dataset;youtube_dataset;navernow_dataset;geforce_dataset;navernow_dataset;navernow_dataset;meet_dataset;youtube_dataset;zepeto_dataset;afreeca_dataset;roblox_dataset;battleground_dataset;geforce_dataset;youtube_dataset;battleground_dataset;gamebox_dataset;navernow_dataset;zepeto_dataset;youtubeLive_dataset;battleground_dataset;afreeca_dataset;meet_dataset;afreeca_dataset;geforce_dataset;zepeto_dataset;youtube_dataset;zepeto_dataset;youtubeLive_dataset;meet_dataset;zoom_dataset;zoom_dataset;tft_dataset;netflix_dataset;zoom_dataset;youtube_dataset;youtubeLive_dataset;teams_dataset;geforce_dataset;netflix_dataset;zepeto_dataset;tft_dataset;youtubeLive_dataset;meet_dataset;meet_dataset;netflix_dataset;netflix_dataset;navernow_dataset;meet_dataset;zoom_dataset;afreeca_dataset;battleground_dataset;afreeca_dataset;geforce_dataset;tft_dataset;tft_dataset;teams_dataset;afreeca_dataset;zepeto_dataset;battleground_dataset;youtube_dataset;netflix_dataset;battleground_dataset;youtubeLive_dataset;amazon_dataset;zepeto_dataset;battleground_dataset;zepeto_dataset;netflix_dataset;afreeca_dataset;geforce_dataset;amazon_dataset;amazon_dataset;tft_dataset;meet_dataset;tft_dataset;navernow_dataset;zepeto_dataset;gamebox_dataset;amazon_dataset;gamebox_dataset;zepeto_dataset,MEDIUM,Blended Demand (lambda=0.75),0.75,0.75,75.32142037764585,15.051921677780332,5.845755203105849,2.178329628688513,95.84947683109118,0.26312992384225825,89.00986894355479,45
100,synthetic_scalability_scenario_derived_from_real_traffic,15,85,afreeca_dataset;amazon_dataset;battleground_dataset;gamebox_dataset;geforce_dataset;meet_dataset;navernow_dataset;netflix_dataset;roblox_dataset;teams_dataset;tft_dataset;youtubeLive_dataset;youtube_dataset;zepeto_dataset;zoom_dataset;roblox_dataset;netflix_dataset;navernow_dataset;youtubeLive_dataset;meet_dataset;youtube_dataset;navernow_dataset;geforce_dataset;navernow_dataset;navernow_dataset;meet_dataset;youtube_dataset;zepeto_dataset;afreeca_dataset;roblox_dataset;battleground_dataset;geforce_dataset;youtube_dataset;battleground_dataset;gamebox_dataset;navernow_dataset;zepeto_dataset;youtubeLive_dataset;battleground_dataset;afreeca_dataset;meet_dataset;afreeca_dataset;geforce_dataset;zepeto_dataset;youtube_dataset;zepeto_dataset;youtubeLive_dataset;meet_dataset;zoom_dataset;zoom_dataset;tft_dataset;netflix_dataset;zoom_dataset;youtube_dataset;youtubeLive_dataset;teams_dataset;geforce_dataset;netflix_dataset;zepeto_dataset;tft_dataset;youtubeLive_dataset;meet_dataset;meet_dataset;netflix_dataset;netflix_dataset;navernow_dataset;meet_dataset;zoom_dataset;afreeca_dataset;battleground_dataset;afreeca_dataset;geforce_dataset;tft_dataset;tft_dataset;teams_dataset;afreeca_dataset;zepeto_dataset;battleground_dataset;youtube_dataset;netflix_dataset;battleground_dataset;youtubeLive_dataset;amazon_dataset;zepeto_dataset;battleground_dataset;zepeto_dataset;netflix_dataset;afreeca_dataset;geforce_dataset;amazon_dataset;amazon_dataset;tft_dataset;meet_dataset;tft_dataset;navernow_dataset;zepeto_dataset;gamebox_dataset;amazon_dataset;gamebox_dataset;zepeto_dataset,MEDIUM,Prediction Only (lambda=1.00),1.0,0.75,72.07141040067668,27.173344858100492,9.907942822141347,8.937011990512353,94.69865470852018,0.2669323621344073,90.17580833160042,45
100,synthetic_scalability_scenario_derived_from_real_traffic,15,85,afreeca_dataset;amazon_dataset;battleground_dataset;gamebox_dataset;geforce_dataset;meet_dataset;navernow_dataset;netflix_dataset;roblox_dataset;teams_dataset;tft_dataset;youtubeLive_dataset;youtube_dataset;zepeto_dataset;zoom_dataset;roblox_dataset;netflix_dataset;navernow_dataset;youtubeLive_dataset;meet_dataset;youtube_dataset;navernow_dataset;geforce_dataset;navernow_dataset;navernow_dataset;meet_dataset;youtube_dataset;zepeto_dataset;afreeca_dataset;roblox_dataset;battleground_dataset;geforce_dataset;youtube_dataset;battleground_dataset;gamebox_dataset;navernow_dataset;zepeto_dataset;youtubeLive_dataset;battleground_dataset;afreeca_dataset;meet_dataset;afreeca_dataset;geforce_dataset;zepeto_dataset;youtube_dataset;zepeto_dataset;youtubeLive_dataset;meet_dataset;zoom_dataset;zoom_dataset;tft_dataset;netflix_dataset;zoom_dataset;youtube_dataset;youtubeLive_dataset;teams_dataset;geforce_dataset;netflix_dataset;zepeto_dataset;tft_dataset;youtubeLive_dataset;meet_dataset;meet_dataset;netflix_dataset;netflix_dataset;navernow_dataset;meet_dataset;zoom_dataset;afreeca_dataset;battleground_dataset;afreeca_dataset;geforce_dataset;tft_dataset;tft_dataset;teams_dataset;afreeca_dataset;zepeto_dataset;battleground_dataset;youtube_dataset;netflix_dataset;battleground_dataset;youtubeLive_dataset;amazon_dataset;zepeto_dataset;battleground_dataset;zepeto_dataset;netflix_dataset;afreeca_dataset;geforce_dataset;amazon_dataset;amazon_dataset;tft_dataset;meet_dataset;tft_dataset;navernow_dataset;zepeto_dataset;gamebox_dataset;amazon_dataset;gamebox_dataset;zepeto_dataset,MEDIUM,Current Demand Only (lambda=0.00),0.0,0.75,79.96233921607634,10.00519890281078,0.04707597990453719,0.010237451925979657,99.98744394618834,0.23676020476670218,79.96233921607637,45
100,synthetic_scalability_scenario_derived_from_real_traffic,15,85,afreeca_dataset;amazon_dataset;battleground_dataset;gamebox_dataset;geforce_dataset;meet_dataset;navernow_dataset;netflix_dataset;roblox_dataset;teams_dataset;tft_dataset;youtubeLive_dataset;youtube_dataset;zepeto_dataset;zoom_dataset;teams_dataset;battleground_dataset;youtubeLive_dataset;zepeto_dataset;gamebox_dataset;geforce_dataset;zepeto_dataset;geforce_dataset;zoom_dataset;gamebox_dataset;meet_dataset;teams_dataset;afreeca_dataset;battleground_dataset;geforce_dataset;zoom_dataset;teams_dataset;tft_dataset;youtube_dataset;zoom_dataset;youtube_dataset;netflix_dataset;battleground_dataset;teams_dataset;tft_dataset;youtubeLive_dataset;meet_dataset;battleground_dataset;gamebox_dataset;battleground_dataset;navernow_dataset;meet_dataset;youtubeLive_dataset;geforce_dataset;netflix_dataset;zepeto_dataset;zoom_dataset;geforce_dataset;afreeca_dataset;zepeto_dataset;roblox_dataset;netflix_dataset;netflix_dataset;gamebox_dataset;meet_dataset;zepeto_dataset;gamebox_dataset;meet_dataset;zepeto_dataset;teams_dataset;zoom_dataset;teams_dataset;amazon_dataset;tft_dataset;geforce_dataset;teams_dataset;youtubeLive_dataset;youtube_dataset;meet_dataset;roblox_dataset;netflix_dataset;netflix_dataset;amazon_dataset;youtubeLive_dataset;amazon_dataset;tft_dataset;teams_dataset;geforce_dataset;battleground_dataset;meet_dataset;zoom_dataset;meet_dataset;gamebox_dataset;youtube_dataset;tft_dataset;roblox_dataset;tft_dataset;afreeca_dataset;zoom_dataset;netflix_dataset;meet_dataset;amazon_dataset;battleground_dataset;teams_dataset;navernow_dataset,MEDIUM,Equal Share,,0.75,29.820797106948007,29.05495490775486,62.71717770568588,1.111031912695124,82.95650224215247,0.38771091319014267,29.82079710694798,46
100,synthetic_scalability_scenario_derived_from_real_traffic,15,85,afreeca_dataset;amazon_dataset;battleground_dataset;gamebox_dataset;geforce_dataset;meet_dataset;navernow_dataset;netflix_dataset;roblox_dataset;teams_dataset;tft_dataset;youtubeLive_dataset;youtube_dataset;zepeto_dataset;zoom_dataset;teams_dataset;battleground_dataset;youtubeLive_dataset;zepeto_dataset;gamebox_dataset;geforce_dataset;zepeto_dataset;geforce_dataset;zoom_dataset;gamebox_dataset;meet_dataset;teams_dataset;afreeca_dataset;battleground_dataset;geforce_dataset;zoom_dataset;teams_dataset;tft_dataset;youtube_dataset;zoom_dataset;youtube_dataset;netflix_dataset;battleground_dataset;teams_dataset;tft_dataset;youtubeLive_dataset;meet_dataset;battleground_dataset;gamebox_dataset;battleground_dataset;navernow_dataset;meet_dataset;youtubeLive_dataset;geforce_dataset;netflix_dataset;zepeto_dataset;zoom_dataset;geforce_dataset;afreeca_dataset;zepeto_dataset;roblox_dataset;netflix_dataset;netflix_dataset;gamebox_dataset;meet_dataset;zepeto_dataset;gamebox_dataset;meet_dataset;zepeto_dataset;teams_dataset;zoom_dataset;teams_dataset;amazon_dataset;tft_dataset;geforce_dataset;teams_dataset;youtubeLive_dataset;youtube_dataset;meet_dataset;roblox_dataset;netflix_dataset;netflix_dataset;amazon_dataset;youtubeLive_dataset;amazon_dataset;tft_dataset;teams_dataset;geforce_dataset;battleground_dataset;meet_dataset;zoom_dataset;meet_dataset;gamebox_dataset;youtube_dataset;tft_dataset;roblox_dataset;tft_dataset;afreeca_dataset;zoom_dataset;netflix_dataset;meet_dataset;amazon_dataset;battleground_dataset;teams_dataset;navernow_dataset,MEDIUM,Round Robin,,0.75,79.98093374477385,10.00087553766737,0.023832819032663936,0.0016675726316180107,99.99581464872945,0.23070786816328728,79.98093374477386,46
100,synthetic_scalability_scenario_derived_from_real_traffic,15,85,afreeca_dataset;amazon_dataset;battleground_dataset;gamebox_dataset;geforce_dataset;meet_dataset;navernow_dataset;netflix_dataset;roblox_dataset;teams_dataset;tft_dataset;youtubeLive_dataset;youtube_dataset;zepeto_dataset;zoom_dataset;teams_dataset;battleground_dataset;youtubeLive_dataset;zepeto_dataset;gamebox_dataset;geforce_dataset;zepeto_dataset;geforce_dataset;zoom_dataset;gamebox_dataset;meet_dataset;teams_dataset;afreeca_dataset;battleground_dataset;geforce_dataset;zoom_dataset;teams_dataset;tft_dataset;youtube_dataset;zoom_dataset;youtube_dataset;netflix_dataset;battleground_dataset;teams_dataset;tft_dataset;youtubeLive_dataset;meet_dataset;battleground_dataset;gamebox_dataset;battleground_dataset;navernow_dataset;meet_dataset;youtubeLive_dataset;geforce_dataset;netflix_dataset;zepeto_dataset;zoom_dataset;geforce_dataset;afreeca_dataset;zepeto_dataset;roblox_dataset;netflix_dataset;netflix_dataset;gamebox_dataset;meet_dataset;zepeto_dataset;gamebox_dataset;meet_dataset;zepeto_dataset;teams_dataset;zoom_dataset;teams_dataset;amazon_dataset;tft_dataset;geforce_dataset;teams_dataset;youtubeLive_dataset;youtube_dataset;meet_dataset;roblox_dataset;netflix_dataset;netflix_dataset;amazon_dataset;youtubeLive_dataset;amazon_dataset;tft_dataset;teams_dataset;geforce_dataset;battleground_dataset;meet_dataset;zoom_dataset;meet_dataset;gamebox_dataset;youtube_dataset;tft_dataset;roblox_dataset;tft_dataset;afreeca_dataset;zoom_dataset;netflix_dataset;meet_dataset;amazon_dataset;battleground_dataset;teams_dataset;navernow_dataset,MEDIUM,Proportional Fair,,0.75,79.98477749392227,10.001696895086532,0.019028132597163704,0.0032944165258551763,99.99730941704036,0.23072483964833956,79.98477749392228,46
100,synthetic_scalability_scenario_derived_from_real_traffic,15,85,afreeca_dataset;amazon_dataset;battleground_dataset;gamebox_dataset;geforce_dataset;meet_dataset;navernow_dataset;netflix_dataset;roblox_dataset;teams_dataset;tft_dataset;youtubeLive_dataset;youtube_dataset;zepeto_dataset;zoom_dataset;teams_dataset;battleground_dataset;youtubeLive_dataset;zepeto_dataset;gamebox_dataset;geforce_dataset;zepeto_dataset;geforce_dataset;zoom_dataset;gamebox_dataset;meet_dataset;teams_dataset;afreeca_dataset;battleground_dataset;geforce_dataset;zoom_dataset;teams_dataset;tft_dataset;youtube_dataset;zoom_dataset;youtube_dataset;netflix_dataset;battleground_dataset;teams_dataset;tft_dataset;youtubeLive_dataset;meet_dataset;battleground_dataset;gamebox_dataset;battleground_dataset;navernow_dataset;meet_dataset;youtubeLive_dataset;geforce_dataset;netflix_dataset;zepeto_dataset;zoom_dataset;geforce_dataset;afreeca_dataset;zepeto_dataset;roblox_dataset;netflix_dataset;netflix_dataset;gamebox_dataset;meet_dataset;zepeto_dataset;gamebox_dataset;meet_dataset;zepeto_dataset;teams_dataset;zoom_dataset;teams_dataset;amazon_dataset;tft_dataset;geforce_dataset;teams_dataset;youtubeLive_dataset;youtube_dataset;meet_dataset;roblox_dataset;netflix_dataset;netflix_dataset;amazon_dataset;youtubeLive_dataset;amazon_dataset;tft_dataset;teams_dataset;geforce_dataset;battleground_dataset;meet_dataset;zoom_dataset;meet_dataset;gamebox_dataset;youtube_dataset;tft_dataset;roblox_dataset;tft_dataset;afreeca_dataset;zoom_dataset;netflix_dataset;meet_dataset;amazon_dataset;battleground_dataset;teams_dataset;navernow_dataset,MEDIUM,Blended Demand (lambda=0.25),0.25,0.75,79.94152953165953,10.765130484805566,0.072395945818906,0.3271371220091513,99.92436472346786,0.23896853236179236,82.59284485253396,46
100,synthetic_scalability_scenario_derived_from_real_traffic,15,85,afreeca_dataset;amazon_dataset;battleground_dataset;gamebox_dataset;geforce_dataset;meet_dataset;navernow_dataset;netflix_dataset;roblox_dataset;teams_dataset;tft_dataset;youtubeLive_dataset;youtube_dataset;zepeto_dataset;zoom_dataset;teams_dataset;battleground_dataset;youtubeLive_dataset;zepeto_dataset;gamebox_dataset;geforce_dataset;zepeto_dataset;geforce_dataset;zoom_dataset;gamebox_dataset;meet_dataset;teams_dataset;afreeca_dataset;battleground_dataset;geforce_dataset;zoom_dataset;teams_dataset;tft_dataset;youtube_dataset;zoom_dataset;youtube_dataset;netflix_dataset;battleground_dataset;teams_dataset;tft_dataset;youtubeLive_dataset;meet_dataset;battleground_dataset;gamebox_dataset;battleground_dataset;navernow_dataset;meet_dataset;youtubeLive_dataset;geforce_dataset;netflix_dataset;zepeto_dataset;zoom_dataset;geforce_dataset;afreeca_dataset;zepeto_dataset;roblox_dataset;netflix_dataset;netflix_dataset;gamebox_dataset;meet_dataset;zepeto_dataset;gamebox_dataset;meet_dataset;zepeto_dataset;teams_dataset;zoom_dataset;teams_dataset;amazon_dataset;tft_dataset;geforce_dataset;teams_dataset;youtubeLive_dataset;youtube_dataset;meet_dataset;roblox_dataset;netflix_dataset;netflix_dataset;amazon_dataset;youtubeLive_dataset;amazon_dataset;tft_dataset;teams_dataset;geforce_dataset;battleground_dataset;meet_dataset;zoom_dataset;meet_dataset;gamebox_dataset;youtube_dataset;tft_dataset;roblox_dataset;tft_dataset;afreeca_dataset;zoom_dataset;netflix_dataset;meet_dataset;amazon_dataset;battleground_dataset;teams_dataset;navernow_dataset,MEDIUM,Blended Demand (lambda=0.50),0.5,0.75,79.38024083966218,11.869296929997896,0.7734337641834259,0.8699683703308609,99.30911808669656,0.24524471384332297,84.68221225521788,46
100,synthetic_scalability_scenario_derived_from_real_traffic,15,85,afreeca_dataset;amazon_dataset;battleground_dataset;gamebox_dataset;geforce_dataset;meet_dataset;navernow_dataset;netflix_dataset;roblox_dataset;teams_dataset;tft_dataset;youtubeLive_dataset;youtube_dataset;zepeto_dataset;zoom_dataset;teams_dataset;battleground_dataset;youtubeLive_dataset;zepeto_dataset;gamebox_dataset;geforce_dataset;zepeto_dataset;geforce_dataset;zoom_dataset;gamebox_dataset;meet_dataset;teams_dataset;afreeca_dataset;battleground_dataset;geforce_dataset;zoom_dataset;teams_dataset;tft_dataset;youtube_dataset;zoom_dataset;youtube_dataset;netflix_dataset;battleground_dataset;teams_dataset;tft_dataset;youtubeLive_dataset;meet_dataset;battleground_dataset;gamebox_dataset;battleground_dataset;navernow_dataset;meet_dataset;youtubeLive_dataset;geforce_dataset;netflix_dataset;zepeto_dataset;zoom_dataset;geforce_dataset;afreeca_dataset;zepeto_dataset;roblox_dataset;netflix_dataset;netflix_dataset;gamebox_dataset;meet_dataset;zepeto_dataset;gamebox_dataset;meet_dataset;zepeto_dataset;teams_dataset;zoom_dataset;teams_dataset;amazon_dataset;tft_dataset;geforce_dataset;teams_dataset;youtubeLive_dataset;youtube_dataset;meet_dataset;roblox_dataset;netflix_dataset;netflix_dataset;amazon_dataset;youtubeLive_dataset;amazon_dataset;tft_dataset;teams_dataset;geforce_dataset;battleground_dataset;meet_dataset;zoom_dataset;meet_dataset;gamebox_dataset;youtube_dataset;tft_dataset;roblox_dataset;tft_dataset;afreeca_dataset;zoom_dataset;netflix_dataset;meet_dataset;amazon_dataset;battleground_dataset;teams_dataset;navernow_dataset,MEDIUM,Blended Demand (lambda=0.75),0.75,0.75,78.2086034732069,13.90361001378826,2.237534725172214,2.075259851632875,97.39850523168909,0.2496785771645268,86.16021090409433,46
100,synthetic_scalability_scenario_derived_from_real_traffic,15,85,afreeca_dataset;amazon_dataset;battleground_dataset;gamebox_dataset;geforce_dataset;meet_dataset;navernow_dataset;netflix_dataset;roblox_dataset;teams_dataset;tft_dataset;youtubeLive_dataset;youtube_dataset;zepeto_dataset;zoom_dataset;teams_dataset;battleground_dataset;youtubeLive_dataset;zepeto_dataset;gamebox_dataset;geforce_dataset;zepeto_dataset;geforce_dataset;zoom_dataset;gamebox_dataset;meet_dataset;teams_dataset;afreeca_dataset;battleground_dataset;geforce_dataset;zoom_dataset;teams_dataset;tft_dataset;youtube_dataset;zoom_dataset;youtube_dataset;netflix_dataset;battleground_dataset;teams_dataset;tft_dataset;youtubeLive_dataset;meet_dataset;battleground_dataset;gamebox_dataset;battleground_dataset;navernow_dataset;meet_dataset;youtubeLive_dataset;geforce_dataset;netflix_dataset;zepeto_dataset;zoom_dataset;geforce_dataset;afreeca_dataset;zepeto_dataset;roblox_dataset;netflix_dataset;netflix_dataset;gamebox_dataset;meet_dataset;zepeto_dataset;gamebox_dataset;meet_dataset;zepeto_dataset;teams_dataset;zoom_dataset;teams_dataset;amazon_dataset;tft_dataset;geforce_dataset;teams_dataset;youtubeLive_dataset;youtube_dataset;meet_dataset;roblox_dataset;netflix_dataset;netflix_dataset;amazon_dataset;youtubeLive_dataset;amazon_dataset;tft_dataset;teams_dataset;geforce_dataset;battleground_dataset;meet_dataset;zoom_dataset;meet_dataset;gamebox_dataset;youtube_dataset;tft_dataset;roblox_dataset;tft_dataset;afreeca_dataset;zoom_dataset;netflix_dataset;meet_dataset;amazon_dataset;battleground_dataset;teams_dataset;navernow_dataset,MEDIUM,Prediction Only (lambda=1.00),1.0,0.75,76.85564557631608,22.40803332767955,3.9282863492052766,8.24301981254363,96.43497757847534,0.2532976960710827,87.44540513654017,46
100,synthetic_scalability_scenario_derived_from_real_traffic,15,85,afreeca_dataset;amazon_dataset;battleground_dataset;gamebox_dataset;geforce_dataset;meet_dataset;navernow_dataset;netflix_dataset;roblox_dataset;teams_dataset;tft_dataset;youtubeLive_dataset;youtube_dataset;zepeto_dataset;zoom_dataset;teams_dataset;battleground_dataset;youtubeLive_dataset;zepeto_dataset;gamebox_dataset;geforce_dataset;zepeto_dataset;geforce_dataset;zoom_dataset;gamebox_dataset;meet_dataset;teams_dataset;afreeca_dataset;battleground_dataset;geforce_dataset;zoom_dataset;teams_dataset;tft_dataset;youtube_dataset;zoom_dataset;youtube_dataset;netflix_dataset;battleground_dataset;teams_dataset;tft_dataset;youtubeLive_dataset;meet_dataset;battleground_dataset;gamebox_dataset;battleground_dataset;navernow_dataset;meet_dataset;youtubeLive_dataset;geforce_dataset;netflix_dataset;zepeto_dataset;zoom_dataset;geforce_dataset;afreeca_dataset;zepeto_dataset;roblox_dataset;netflix_dataset;netflix_dataset;gamebox_dataset;meet_dataset;zepeto_dataset;gamebox_dataset;meet_dataset;zepeto_dataset;teams_dataset;zoom_dataset;teams_dataset;amazon_dataset;tft_dataset;geforce_dataset;teams_dataset;youtubeLive_dataset;youtube_dataset;meet_dataset;roblox_dataset;netflix_dataset;netflix_dataset;amazon_dataset;youtubeLive_dataset;amazon_dataset;tft_dataset;teams_dataset;geforce_dataset;battleground_dataset;meet_dataset;zoom_dataset;meet_dataset;gamebox_dataset;youtube_dataset;tft_dataset;roblox_dataset;tft_dataset;afreeca_dataset;zoom_dataset;netflix_dataset;meet_dataset;amazon_dataset;battleground_dataset;teams_dataset;navernow_dataset,MEDIUM,Current Demand Only (lambda=0.00),0.0,0.75,79.98208091469446,10.00097007718551,0.02239885663191398,0.0018566799350506272,99.99626307922271,0.2307117488146384,79.98208091469448,46
100,synthetic_scalability_scenario_derived_from_real_traffic,15,85,afreeca_dataset;amazon_dataset;battleground_dataset;gamebox_dataset;geforce_dataset;meet_dataset;navernow_dataset;netflix_dataset;roblox_dataset;teams_dataset;tft_dataset;youtubeLive_dataset;youtube_dataset;zepeto_dataset;zoom_dataset;roblox_dataset;navernow_dataset;amazon_dataset;zepeto_dataset;youtube_dataset;geforce_dataset;battleground_dataset;tft_dataset;amazon_dataset;navernow_dataset;tft_dataset;youtubeLive_dataset;meet_dataset;netflix_dataset;roblox_dataset;youtubeLive_dataset;zepeto_dataset;meet_dataset;navernow_dataset;zepeto_dataset;amazon_dataset;youtubeLive_dataset;navernow_dataset;tft_dataset;geforce_dataset;roblox_dataset;zoom_dataset;battleground_dataset;teams_dataset;amazon_dataset;youtubeLive_dataset;navernow_dataset;youtube_dataset;zepeto_dataset;gamebox_dataset;teams_dataset;youtube_dataset;youtube_dataset;youtubeLive_dataset;youtubeLive_dataset;netflix_dataset;geforce_dataset;roblox_dataset;netflix_dataset;afreeca_dataset;gamebox_dataset;navernow_dataset;teams_dataset;youtube_dataset;amazon_dataset;roblox_dataset;roblox_dataset;amazon_dataset;youtubeLive_dataset;teams_dataset;meet_dataset;zoom_dataset;geforce_dataset;zoom_dataset;afreeca_dataset;youtube_dataset;youtube_dataset;zepeto_dataset;navernow_dataset;amazon_dataset;netflix_dataset;zoom_dataset;navernow_dataset;navernow_dataset;geforce_dataset;meet_dataset;amazon_dataset;youtubeLive_dataset;tft_dataset;tft_dataset;zepeto_dataset;zoom_dataset;netflix_dataset;netflix_dataset;battleground_dataset;gamebox_dataset;tft_dataset;teams_dataset;zoom_dataset;meet_dataset,HIGH,Equal Share,,0.75,35.57273012241275,31.157442731329045,67.6547916735884,1.8313157913100895,83.09536621823618,0.462807162265662,35.57273012241278,42
100,synthetic_scalability_scenario_derived_from_real_traffic,15,85,afreeca_dataset;amazon_dataset;battleground_dataset;gamebox_dataset;geforce_dataset;meet_dataset;navernow_dataset;netflix_dataset;roblox_dataset;teams_dataset;tft_dataset;youtubeLive_dataset;youtube_dataset;zepeto_dataset;zoom_dataset;roblox_dataset;navernow_dataset;amazon_dataset;zepeto_dataset;youtube_dataset;geforce_dataset;battleground_dataset;tft_dataset;amazon_dataset;navernow_dataset;tft_dataset;youtubeLive_dataset;meet_dataset;netflix_dataset;roblox_dataset;youtubeLive_dataset;zepeto_dataset;meet_dataset;navernow_dataset;zepeto_dataset;amazon_dataset;youtubeLive_dataset;navernow_dataset;tft_dataset;geforce_dataset;roblox_dataset;zoom_dataset;battleground_dataset;teams_dataset;amazon_dataset;youtubeLive_dataset;navernow_dataset;youtube_dataset;zepeto_dataset;gamebox_dataset;teams_dataset;youtube_dataset;youtube_dataset;youtubeLive_dataset;youtubeLive_dataset;netflix_dataset;geforce_dataset;roblox_dataset;netflix_dataset;afreeca_dataset;gamebox_dataset;navernow_dataset;teams_dataset;youtube_dataset;amazon_dataset;roblox_dataset;roblox_dataset;amazon_dataset;youtubeLive_dataset;teams_dataset;meet_dataset;zoom_dataset;geforce_dataset;zoom_dataset;afreeca_dataset;youtube_dataset;youtube_dataset;zepeto_dataset;navernow_dataset;amazon_dataset;netflix_dataset;zoom_dataset;navernow_dataset;navernow_dataset;geforce_dataset;meet_dataset;amazon_dataset;youtubeLive_dataset;tft_dataset;tft_dataset;zepeto_dataset;zoom_dataset;netflix_dataset;netflix_dataset;battleground_dataset;gamebox_dataset;tft_dataset;teams_dataset;zoom_dataset;meet_dataset,HIGH,Round Robin,,0.75,99.806177601187,11.20511564435684,9.265087525792634,0.6713551663855819,94.8186846038864,0.25245804363327856,99.806177601187,42
100,synthetic_scalability_scenario_derived_from_real_traffic,15,85,afreeca_dataset;amazon_dataset;battleground_dataset;gamebox_dataset;geforce_dataset;meet_dataset;navernow_dataset;netflix_dataset;roblox_dataset;teams_dataset;tft_dataset;youtubeLive_dataset;youtube_dataset;zepeto_dataset;zoom_dataset;roblox_dataset;navernow_dataset;amazon_dataset;zepeto_dataset;youtube_dataset;geforce_dataset;battleground_dataset;tft_dataset;amazon_dataset;navernow_dataset;tft_dataset;youtubeLive_dataset;meet_dataset;netflix_dataset;roblox_dataset;youtubeLive_dataset;zepeto_dataset;meet_dataset;navernow_dataset;zepeto_dataset;amazon_dataset;youtubeLive_dataset;navernow_dataset;tft_dataset;geforce_dataset;roblox_dataset;zoom_dataset;battleground_dataset;teams_dataset;amazon_dataset;youtubeLive_dataset;navernow_dataset;youtube_dataset;zepeto_dataset;gamebox_dataset;teams_dataset;youtube_dataset;youtube_dataset;youtubeLive_dataset;youtubeLive_dataset;netflix_dataset;geforce_dataset;roblox_dataset;netflix_dataset;afreeca_dataset;gamebox_dataset;navernow_dataset;teams_dataset;youtube_dataset;amazon_dataset;roblox_dataset;roblox_dataset;amazon_dataset;youtubeLive_dataset;teams_dataset;meet_dataset;zoom_dataset;geforce_dataset;zoom_dataset;afreeca_dataset;youtube_dataset;youtube_dataset;zepeto_dataset;navernow_dataset;amazon_dataset;netflix_dataset;zoom_dataset;navernow_dataset;navernow_dataset;geforce_dataset;meet_dataset;amazon_dataset;youtubeLive_dataset;tft_dataset;tft_dataset;zepeto_dataset;zoom_dataset;netflix_dataset;netflix_dataset;battleground_dataset;gamebox_dataset;tft_dataset;teams_dataset;zoom_dataset;meet_dataset,HIGH,Proportional Fair,,0.75,99.71818654735542,11.176241082872197,9.345385647680908,0.7962236840082396,95.48161434977578,0.26725581534812076,99.71818654735544,42
100,synthetic_scalability_scenario_derived_from_real_traffic,15,85,afreeca_dataset;amazon_dataset;battleground_dataset;gamebox_dataset;geforce_dataset;meet_dataset;navernow_dataset;netflix_dataset;roblox_dataset;teams_dataset;tft_dataset;youtubeLive_dataset;youtube_dataset;zepeto_dataset;zoom_dataset;roblox_dataset;navernow_dataset;amazon_dataset;zepeto_dataset;youtube_dataset;geforce_dataset;battleground_dataset;tft_dataset;amazon_dataset;navernow_dataset;tft_dataset;youtubeLive_dataset;meet_dataset;netflix_dataset;roblox_dataset;youtubeLive_dataset;zepeto_dataset;meet_dataset;navernow_dataset;zepeto_dataset;amazon_dataset;youtubeLive_dataset;navernow_dataset;tft_dataset;geforce_dataset;roblox_dataset;zoom_dataset;battleground_dataset;teams_dataset;amazon_dataset;youtubeLive_dataset;navernow_dataset;youtube_dataset;zepeto_dataset;gamebox_dataset;teams_dataset;youtube_dataset;youtube_dataset;youtubeLive_dataset;youtubeLive_dataset;netflix_dataset;geforce_dataset;roblox_dataset;netflix_dataset;afreeca_dataset;gamebox_dataset;navernow_dataset;teams_dataset;youtube_dataset;amazon_dataset;roblox_dataset;roblox_dataset;amazon_dataset;youtubeLive_dataset;teams_dataset;meet_dataset;zoom_dataset;geforce_dataset;zoom_dataset;afreeca_dataset;youtube_dataset;youtube_dataset;zepeto_dataset;navernow_dataset;amazon_dataset;netflix_dataset;zoom_dataset;navernow_dataset;navernow_dataset;geforce_dataset;meet_dataset;amazon_dataset;youtubeLive_dataset;tft_dataset;tft_dataset;zepeto_dataset;zoom_dataset;netflix_dataset;netflix_dataset;battleground_dataset;gamebox_dataset;tft_dataset;teams_dataset;zoom_dataset;meet_dataset,HIGH,Blended Demand (lambda=0.25),0.25,0.75,93.53300495290561,13.250364143884312,14.966437483322508,0.8484261460212271,90.67219730941704,0.2800442379874024,99.99715352939819,42
100,synthetic_scalability_scenario_derived_from_real_traffic,15,85,afreeca_dataset;amazon_dataset;battleground_dataset;gamebox_dataset;geforce_dataset;meet_dataset;navernow_dataset;netflix_dataset;roblox_dataset;teams_dataset;tft_dataset;youtubeLive_dataset;youtube_dataset;zepeto_dataset;zoom_dataset;roblox_dataset;navernow_dataset;amazon_dataset;zepeto_dataset;youtube_dataset;geforce_dataset;battleground_dataset;tft_dataset;amazon_dataset;navernow_dataset;tft_dataset;youtubeLive_dataset;meet_dataset;netflix_dataset;roblox_dataset;youtubeLive_dataset;zepeto_dataset;meet_dataset;navernow_dataset;zepeto_dataset;amazon_dataset;youtubeLive_dataset;navernow_dataset;tft_dataset;geforce_dataset;roblox_dataset;zoom_dataset;battleground_dataset;teams_dataset;amazon_dataset;youtubeLive_dataset;navernow_dataset;youtube_dataset;zepeto_dataset;gamebox_dataset;teams_dataset;youtube_dataset;youtube_dataset;youtubeLive_dataset;youtubeLive_dataset;netflix_dataset;geforce_dataset;roblox_dataset;netflix_dataset;afreeca_dataset;gamebox_dataset;navernow_dataset;teams_dataset;youtube_dataset;amazon_dataset;roblox_dataset;roblox_dataset;amazon_dataset;youtubeLive_dataset;teams_dataset;meet_dataset;zoom_dataset;geforce_dataset;zoom_dataset;afreeca_dataset;youtube_dataset;youtube_dataset;zepeto_dataset;navernow_dataset;amazon_dataset;netflix_dataset;zoom_dataset;navernow_dataset;navernow_dataset;geforce_dataset;meet_dataset;amazon_dataset;youtubeLive_dataset;tft_dataset;tft_dataset;zepeto_dataset;zoom_dataset;netflix_dataset;netflix_dataset;battleground_dataset;gamebox_dataset;tft_dataset;teams_dataset;zoom_dataset;meet_dataset,HIGH,Blended Demand (lambda=0.50),0.5,0.75,89.29734377668129,14.95899446759608,18.81635902095824,1.189129843060236,89.03482810164425,0.29598785440656916,100.0,42
100,synthetic_scalability_scenario_derived_from_real_traffic,15,85,afreeca_dataset;amazon_dataset;battleground_dataset;gamebox_dataset;geforce_dataset;meet_dataset;navernow_dataset;netflix_dataset;roblox_dataset;teams_dataset;tft_dataset;youtubeLive_dataset;youtube_dataset;zepeto_dataset;zoom_dataset;roblox_dataset;navernow_dataset;amazon_dataset;zepeto_dataset;youtube_dataset;geforce_dataset;battleground_dataset;tft_dataset;amazon_dataset;navernow_dataset;tft_dataset;youtubeLive_dataset;meet_dataset;netflix_dataset;roblox_dataset;youtubeLive_dataset;zepeto_dataset;meet_dataset;navernow_dataset;zepeto_dataset;amazon_dataset;youtubeLive_dataset;navernow_dataset;tft_dataset;geforce_dataset;roblox_dataset;zoom_dataset;battleground_dataset;teams_dataset;amazon_dataset;youtubeLive_dataset;navernow_dataset;youtube_dataset;zepeto_dataset;gamebox_dataset;teams_dataset;youtube_dataset;youtube_dataset;youtubeLive_dataset;youtubeLive_dataset;netflix_dataset;geforce_dataset;roblox_dataset;netflix_dataset;afreeca_dataset;gamebox_dataset;navernow_dataset;teams_dataset;youtube_dataset;amazon_dataset;roblox_dataset;roblox_dataset;amazon_dataset;youtubeLive_dataset;teams_dataset;meet_dataset;zoom_dataset;geforce_dataset;zoom_dataset;afreeca_dataset;youtube_dataset;youtube_dataset;zepeto_dataset;navernow_dataset;amazon_dataset;netflix_dataset;zoom_dataset;navernow_dataset;navernow_dataset;geforce_dataset;meet_dataset;amazon_dataset;youtubeLive_dataset;tft_dataset;tft_dataset;zepeto_dataset;zoom_dataset;netflix_dataset;netflix_dataset;battleground_dataset;gamebox_dataset;tft_dataset;teams_dataset;zoom_dataset;meet_dataset,HIGH,Blended Demand (lambda=0.75),0.75,0.75,85.60671556739176,17.904518463145163,22.171279242617224,2.377912862781862,86.22750373692078,0.2994673804667099,99.999728592503,42
100,synthetic_scalability_scenario_derived_from_real_traffic,15,85,afreeca_dataset;amazon_dataset;battleground_dataset;gamebox_dataset;geforce_dataset;meet_dataset;navernow_dataset;netflix_dataset;roblox_dataset;teams_dataset;tft_dataset;youtubeLive_dataset;youtube_dataset;zepeto_dataset;zoom_dataset;roblox_dataset;navernow_dataset;amazon_dataset;zepeto_dataset;youtube_dataset;geforce_dataset;battleground_dataset;tft_dataset;amazon_dataset;navernow_dataset;tft_dataset;youtubeLive_dataset;meet_dataset;netflix_dataset;roblox_dataset;youtubeLive_dataset;zepeto_dataset;meet_dataset;navernow_dataset;zepeto_dataset;amazon_dataset;youtubeLive_dataset;navernow_dataset;tft_dataset;geforce_dataset;roblox_dataset;zoom_dataset;battleground_dataset;teams_dataset;amazon_dataset;youtubeLive_dataset;navernow_dataset;youtube_dataset;zepeto_dataset;gamebox_dataset;teams_dataset;youtube_dataset;youtube_dataset;youtubeLive_dataset;youtubeLive_dataset;netflix_dataset;geforce_dataset;roblox_dataset;netflix_dataset;afreeca_dataset;gamebox_dataset;navernow_dataset;teams_dataset;youtube_dataset;amazon_dataset;roblox_dataset;roblox_dataset;amazon_dataset;youtubeLive_dataset;teams_dataset;meet_dataset;zoom_dataset;geforce_dataset;zoom_dataset;afreeca_dataset;youtube_dataset;youtube_dataset;zepeto_dataset;navernow_dataset;amazon_dataset;netflix_dataset;zoom_dataset;navernow_dataset;navernow_dataset;geforce_dataset;meet_dataset;amazon_dataset;youtubeLive_dataset;tft_dataset;tft_dataset;zepeto_dataset;zoom_dataset;netflix_dataset;netflix_dataset;battleground_dataset;gamebox_dataset;tft_dataset;teams_dataset;zoom_dataset;meet_dataset,HIGH,Prediction Only (lambda=1.00),1.0,0.75,81.52572557680573,32.90959318403458,25.881276319524048,9.833988523949856,85.7390134529148,0.2924325273544532,99.99909930560133,42
100,synthetic_scalability_scenario_derived_from_real_traffic,15,85,afreeca_dataset;amazon_dataset;battleground_dataset;gamebox_dataset;geforce_dataset;meet_dataset;navernow_dataset;netflix_dataset;roblox_dataset;teams_dataset;tft_dataset;youtubeLive_dataset;youtube_dataset;zepeto_dataset;zoom_dataset;roblox_dataset;navernow_dataset;amazon_dataset;zepeto_dataset;youtube_dataset;geforce_dataset;battleground_dataset;tft_dataset;amazon_dataset;navernow_dataset;tft_dataset;youtubeLive_dataset;meet_dataset;netflix_dataset;roblox_dataset;youtubeLive_dataset;zepeto_dataset;meet_dataset;navernow_dataset;zepeto_dataset;amazon_dataset;youtubeLive_dataset;navernow_dataset;tft_dataset;geforce_dataset;roblox_dataset;zoom_dataset;battleground_dataset;teams_dataset;amazon_dataset;youtubeLive_dataset;navernow_dataset;youtube_dataset;zepeto_dataset;gamebox_dataset;teams_dataset;youtube_dataset;youtube_dataset;youtubeLive_dataset;youtubeLive_dataset;netflix_dataset;geforce_dataset;roblox_dataset;netflix_dataset;afreeca_dataset;gamebox_dataset;navernow_dataset;teams_dataset;youtube_dataset;amazon_dataset;roblox_dataset;roblox_dataset;amazon_dataset;youtubeLive_dataset;teams_dataset;meet_dataset;zoom_dataset;geforce_dataset;zoom_dataset;afreeca_dataset;youtube_dataset;youtube_dataset;zepeto_dataset;navernow_dataset;amazon_dataset;netflix_dataset;zoom_dataset;navernow_dataset;navernow_dataset;geforce_dataset;meet_dataset;amazon_dataset;youtubeLive_dataset;tft_dataset;tft_dataset;zepeto_dataset;zoom_dataset;netflix_dataset;netflix_dataset;battleground_dataset;gamebox_dataset;tft_dataset;teams_dataset;zoom_dataset;meet_dataset,HIGH,Current Demand Only (lambda=0.00),0.0,0.75,99.88586136632244,11.652177814959755,9.192455394308997,0.7717547066647908,93.7168908819133,0.25385423449611777,99.88586136632243,42
100,synthetic_scalability_scenario_derived_from_real_traffic,15,85,afreeca_dataset;amazon_dataset;battleground_dataset;gamebox_dataset;geforce_dataset;meet_dataset;navernow_dataset;netflix_dataset;roblox_dataset;teams_dataset;tft_dataset;youtubeLive_dataset;youtube_dataset;zepeto_dataset;zoom_dataset;zepeto_dataset;navernow_dataset;navernow_dataset;roblox_dataset;afreeca_dataset;meet_dataset;netflix_dataset;youtube_dataset;zoom_dataset;tft_dataset;zepeto_dataset;afreeca_dataset;roblox_dataset;youtube_dataset;amazon_dataset;amazon_dataset;youtube_dataset;tft_dataset;teams_dataset;tft_dataset;battleground_dataset;teams_dataset;netflix_dataset;youtubeLive_dataset;afreeca_dataset;roblox_dataset;geforce_dataset;geforce_dataset;tft_dataset;netflix_dataset;tft_dataset;youtube_dataset;geforce_dataset;amazon_dataset;gamebox_dataset;meet_dataset;battleground_dataset;gamebox_dataset;teams_dataset;zepeto_dataset;teams_dataset;afreeca_dataset;meet_dataset;zepeto_dataset;tft_dataset;teams_dataset;amazon_dataset;navernow_dataset;battleground_dataset;battleground_dataset;geforce_dataset;zoom_dataset;youtubeLive_dataset;youtube_dataset;zepeto_dataset;tft_dataset;battleground_dataset;zoom_dataset;youtube_dataset;amazon_dataset;geforce_dataset;navernow_dataset;netflix_dataset;zoom_dataset;navernow_dataset;battleground_dataset;youtubeLive_dataset;zoom_dataset;zepeto_dataset;gamebox_dataset;zoom_dataset;netflix_dataset;youtubeLive_dataset;roblox_dataset;zoom_dataset;netflix_dataset;geforce_dataset;youtube_dataset;meet_dataset;teams_dataset;tft_dataset;zepeto_dataset;geforce_dataset;roblox_dataset;teams_dataset,HIGH,Equal Share,,0.75,33.44787807577188,31.18929923268158,69.58622749940955,1.4922298572221573,81.76173393124066,0.42242309134962513,33.44787807577183,43
100,synthetic_scalability_scenario_derived_from_real_traffic,15,85,afreeca_dataset;amazon_dataset;battleground_dataset;gamebox_dataset;geforce_dataset;meet_dataset;navernow_dataset;netflix_dataset;roblox_dataset;teams_dataset;tft_dataset;youtubeLive_dataset;youtube_dataset;zepeto_dataset;zoom_dataset;zepeto_dataset;navernow_dataset;navernow_dataset;roblox_dataset;afreeca_dataset;meet_dataset;netflix_dataset;youtube_dataset;zoom_dataset;tft_dataset;zepeto_dataset;afreeca_dataset;roblox_dataset;youtube_dataset;amazon_dataset;amazon_dataset;youtube_dataset;tft_dataset;teams_dataset;tft_dataset;battleground_dataset;teams_dataset;netflix_dataset;youtubeLive_dataset;afreeca_dataset;roblox_dataset;geforce_dataset;geforce_dataset;tft_dataset;netflix_dataset;tft_dataset;youtube_dataset;geforce_dataset;amazon_dataset;gamebox_dataset;meet_dataset;battleground_dataset;gamebox_dataset;teams_dataset;zepeto_dataset;teams_dataset;afreeca_dataset;meet_dataset;zepeto_dataset;tft_dataset;teams_dataset;amazon_dataset;navernow_dataset;battleground_dataset;battleground_dataset;geforce_dataset;zoom_dataset;youtubeLive_dataset;youtube_dataset;zepeto_dataset;tft_dataset;battleground_dataset;zoom_dataset;youtube_dataset;amazon_dataset;geforce_dataset;navernow_dataset;netflix_dataset;zoom_dataset;navernow_dataset;battleground_dataset;youtubeLive_dataset;zoom_dataset;zepeto_dataset;gamebox_dataset;zoom_dataset;netflix_dataset;youtubeLive_dataset;roblox_dataset;zoom_dataset;netflix_dataset;geforce_dataset;youtube_dataset;meet_dataset;teams_dataset;tft_dataset;zepeto_dataset;geforce_dataset;roblox_dataset;teams_dataset,HIGH,Round Robin,,0.75,99.92110097130735,11.324667873015285,9.159119408140906,0.5559017361779637,94.06203288490283,0.23432149596084173,99.92110097130735,43
100,synthetic_scalability_scenario_derived_from_real_traffic,15,85,afreeca_dataset;amazon_dataset;battleground_dataset;gamebox_dataset;geforce_dataset;meet_dataset;navernow_dataset;netflix_dataset;roblox_dataset;teams_dataset;tft_dataset;youtubeLive_dataset;youtube_dataset;zepeto_dataset;zoom_dataset;zepeto_dataset;navernow_dataset;navernow_dataset;roblox_dataset;afreeca_dataset;meet_dataset;netflix_dataset;youtube_dataset;zoom_dataset;tft_dataset;zepeto_dataset;afreeca_dataset;roblox_dataset;youtube_dataset;amazon_dataset;amazon_dataset;youtube_dataset;tft_dataset;teams_dataset;tft_dataset;battleground_dataset;teams_dataset;netflix_dataset;youtubeLive_dataset;afreeca_dataset;roblox_dataset;geforce_dataset;geforce_dataset;tft_dataset;netflix_dataset;tft_dataset;youtube_dataset;geforce_dataset;amazon_dataset;gamebox_dataset;meet_dataset;battleground_dataset;gamebox_dataset;teams_dataset;zepeto_dataset;teams_dataset;afreeca_dataset;meet_dataset;zepeto_dataset;tft_dataset;teams_dataset;amazon_dataset;navernow_dataset;battleground_dataset;battleground_dataset;geforce_dataset;zoom_dataset;youtubeLive_dataset;youtube_dataset;zepeto_dataset;tft_dataset;battleground_dataset;zoom_dataset;youtube_dataset;amazon_dataset;geforce_dataset;navernow_dataset;netflix_dataset;zoom_dataset;navernow_dataset;battleground_dataset;youtubeLive_dataset;zoom_dataset;zepeto_dataset;gamebox_dataset;zoom_dataset;netflix_dataset;youtubeLive_dataset;roblox_dataset;zoom_dataset;netflix_dataset;geforce_dataset;youtube_dataset;meet_dataset;teams_dataset;tft_dataset;zepeto_dataset;geforce_dataset;roblox_dataset;teams_dataset,HIGH,Proportional Fair,,0.75,99.9057859652124,11.2244533939937,9.174186954829684,0.6125195730093977,94.7255605381166,0.2418962624609864,99.9057859652124,43
100,synthetic_scalability_scenario_derived_from_real_traffic,15,85,afreeca_dataset;amazon_dataset;battleground_dataset;gamebox_dataset;geforce_dataset;meet_dataset;navernow_dataset;netflix_dataset;roblox_dataset;teams_dataset;tft_dataset;youtubeLive_dataset;youtube_dataset;zepeto_dataset;zoom_dataset;zepeto_dataset;navernow_dataset;navernow_dataset;roblox_dataset;afreeca_dataset;meet_dataset;netflix_dataset;youtube_dataset;zoom_dataset;tft_dataset;zepeto_dataset;afreeca_dataset;roblox_dataset;youtube_dataset;amazon_dataset;amazon_dataset;youtube_dataset;tft_dataset;teams_dataset;tft_dataset;battleground_dataset;teams_dataset;netflix_dataset;youtubeLive_dataset;afreeca_dataset;roblox_dataset;geforce_dataset;geforce_dataset;tft_dataset;netflix_dataset;tft_dataset;youtube_dataset;geforce_dataset;amazon_dataset;gamebox_dataset;meet_dataset;battleground_dataset;gamebox_dataset;teams_dataset;zepeto_dataset;teams_dataset;afreeca_dataset;meet_dataset;zepeto_dataset;tft_dataset;teams_dataset;amazon_dataset;navernow_dataset;battleground_dataset;battleground_dataset;geforce_dataset;zoom_dataset;youtubeLive_dataset;youtube_dataset;zepeto_dataset;tft_dataset;battleground_dataset;zoom_dataset;youtube_dataset;amazon_dataset;geforce_dataset;navernow_dataset;netflix_dataset;zoom_dataset;navernow_dataset;battleground_dataset;youtubeLive_dataset;zoom_dataset;zepeto_dataset;gamebox_dataset;zoom_dataset;netflix_dataset;youtubeLive_dataset;roblox_dataset;zoom_dataset;netflix_dataset;geforce_dataset;youtube_dataset;meet_dataset;teams_dataset;tft_dataset;zepeto_dataset;geforce_dataset;roblox_dataset;teams_dataset,HIGH,Blended Demand (lambda=0.25),0.25,0.75,95.8708574475876,12.857250462820506,12.84023028750493,0.6830118641283056,91.13198804185352,0.2513870651132835,99.99687030465208,43
100,synthetic_scalability_scenario_derived_from_real_traffic,15,85,afreeca_dataset;amazon_dataset;battleground_dataset;gamebox_dataset;geforce_dataset;meet_dataset;navernow_dataset;netflix_dataset;roblox_dataset;teams_dataset;tft_dataset;youtubeLive_dataset;youtube_dataset;zepeto_dataset;zoom_dataset;zepeto_dataset;navernow_dataset;navernow_dataset;roblox_dataset;afreeca_dataset;meet_dataset;netflix_dataset;youtube_dataset;zoom_dataset;tft_dataset;zepeto_dataset;afreeca_dataset;roblox_dataset;youtube_dataset;amazon_dataset;amazon_dataset;youtube_dataset;tft_dataset;teams_dataset;tft_dataset;battleground_dataset;teams_dataset;netflix_dataset;youtubeLive_dataset;afreeca_dataset;roblox_dataset;geforce_dataset;geforce_dataset;tft_dataset;netflix_dataset;tft_dataset;youtube_dataset;geforce_dataset;amazon_dataset;gamebox_dataset;meet_dataset;battleground_dataset;gamebox_dataset;teams_dataset;zepeto_dataset;teams_dataset;afreeca_dataset;meet_dataset;zepeto_dataset;tft_dataset;teams_dataset;amazon_dataset;navernow_dataset;battleground_dataset;battleground_dataset;geforce_dataset;zoom_dataset;youtubeLive_dataset;youtube_dataset;zepeto_dataset;tft_dataset;battleground_dataset;zoom_dataset;youtube_dataset;amazon_dataset;geforce_dataset;navernow_dataset;netflix_dataset;zoom_dataset;navernow_dataset;battleground_dataset;youtubeLive_dataset;zoom_dataset;zepeto_dataset;gamebox_dataset;zoom_dataset;netflix_dataset;youtubeLive_dataset;roblox_dataset;zoom_dataset;netflix_dataset;geforce_dataset;youtube_dataset;meet_dataset;teams_dataset;tft_dataset;zepeto_dataset;geforce_dataset;roblox_dataset;teams_dataset,HIGH,Blended Demand (lambda=0.50),0.5,0.75,92.96782730523665,14.141794303698992,15.479156712990637,0.9684377536116217,89.949177877429,0.26120547618845774,100.0,43
100,synthetic_scalability_scenario_derived_from_real_traffic,15,85,afreeca_dataset;amazon_dataset;battleground_dataset;gamebox_dataset;geforce_dataset;meet_dataset;navernow_dataset;netflix_dataset;roblox_dataset;teams_dataset;tft_dataset;youtubeLive_dataset;youtube_dataset;zepeto_dataset;zoom_dataset;zepeto_dataset;navernow_dataset;navernow_dataset;roblox_dataset;afreeca_dataset;meet_dataset;netflix_dataset;youtube_dataset;zoom_dataset;tft_dataset;zepeto_dataset;afreeca_dataset;roblox_dataset;youtube_dataset;amazon_dataset;amazon_dataset;youtube_dataset;tft_dataset;teams_dataset;tft_dataset;battleground_dataset;teams_dataset;netflix_dataset;youtubeLive_dataset;afreeca_dataset;roblox_dataset;geforce_dataset;geforce_dataset;tft_dataset;netflix_dataset;tft_dataset;youtube_dataset;geforce_dataset;amazon_dataset;gamebox_dataset;meet_dataset;battleground_dataset;gamebox_dataset;teams_dataset;zepeto_dataset;teams_dataset;afreeca_dataset;meet_dataset;zepeto_dataset;tft_dataset;teams_dataset;amazon_dataset;navernow_dataset;battleground_dataset;battleground_dataset;geforce_dataset;zoom_dataset;youtubeLive_dataset;youtube_dataset;zepeto_dataset;tft_dataset;battleground_dataset;zoom_dataset;youtube_dataset;amazon_dataset;geforce_dataset;navernow_dataset;netflix_dataset;zoom_dataset;navernow_dataset;battleground_dataset;youtubeLive_dataset;zoom_dataset;zepeto_dataset;gamebox_dataset;zoom_dataset;netflix_dataset;youtubeLive_dataset;roblox_dataset;zoom_dataset;netflix_dataset;geforce_dataset;youtube_dataset;meet_dataset;teams_dataset;tft_dataset;zepeto_dataset;geforce_dataset;roblox_dataset;teams_dataset,HIGH,Blended Demand (lambda=0.75),0.75,0.75,90.43689129494294,16.280863294557474,17.780021448633843,1.9504750965115472,88.04618834080718,0.2635249325707729,100.0,43
100,synthetic_scalability_scenario_derived_from_real_traffic,15,85,afreeca_dataset;amazon_dataset;battleground_dataset;gamebox_dataset;geforce_dataset;meet_dataset;navernow_dataset;netflix_dataset;roblox_dataset;teams_dataset;tft_dataset;youtubeLive_dataset;youtube_dataset;zepeto_dataset;zoom_dataset;zepeto_dataset;navernow_dataset;navernow_dataset;roblox_dataset;afreeca_dataset;meet_dataset;netflix_dataset;youtube_dataset;zoom_dataset;tft_dataset;zepeto_dataset;afreeca_dataset;roblox_dataset;youtube_dataset;amazon_dataset;amazon_dataset;youtube_dataset;tft_dataset;teams_dataset;tft_dataset;battleground_dataset;teams_dataset;netflix_dataset;youtubeLive_dataset;afreeca_dataset;roblox_dataset;geforce_dataset;geforce_dataset;tft_dataset;netflix_dataset;tft_dataset;youtube_dataset;geforce_dataset;amazon_dataset;gamebox_dataset;meet_dataset;battleground_dataset;gamebox_dataset;teams_dataset;zepeto_dataset;teams_dataset;afreeca_dataset;meet_dataset;zepeto_dataset;tft_dataset;teams_dataset;amazon_dataset;navernow_dataset;battleground_dataset;battleground_dataset;geforce_dataset;zoom_dataset;youtubeLive_dataset;youtube_dataset;zepeto_dataset;tft_dataset;battleground_dataset;zoom_dataset;youtube_dataset;amazon_dataset;geforce_dataset;navernow_dataset;netflix_dataset;zoom_dataset;navernow_dataset;battleground_dataset;youtubeLive_dataset;zoom_dataset;zepeto_dataset;gamebox_dataset;zoom_dataset;netflix_dataset;youtubeLive_dataset;roblox_dataset;zoom_dataset;netflix_dataset;geforce_dataset;youtube_dataset;meet_dataset;teams_dataset;tft_dataset;zepeto_dataset;geforce_dataset;roblox_dataset;teams_dataset,HIGH,Prediction Only (lambda=1.00),1.0,0.75,87.8373334096283,26.123861131521103,20.143414417449467,7.804680461200204,87.5660687593423,0.2605049171141468,100.0,43
100,synthetic_scalability_scenario_derived_from_real_traffic,15,85,afreeca_dataset;amazon_dataset;battleground_dataset;gamebox_dataset;geforce_dataset;meet_dataset;navernow_dataset;netflix_dataset;roblox_dataset;teams_dataset;tft_dataset;youtubeLive_dataset;youtube_dataset;zepeto_dataset;zoom_dataset;zepeto_dataset;navernow_dataset;navernow_dataset;roblox_dataset;afreeca_dataset;meet_dataset;netflix_dataset;youtube_dataset;zoom_dataset;tft_dataset;zepeto_dataset;afreeca_dataset;roblox_dataset;youtube_dataset;amazon_dataset;amazon_dataset;youtube_dataset;tft_dataset;teams_dataset;tft_dataset;battleground_dataset;teams_dataset;netflix_dataset;youtubeLive_dataset;afreeca_dataset;roblox_dataset;geforce_dataset;geforce_dataset;tft_dataset;netflix_dataset;tft_dataset;youtube_dataset;geforce_dataset;amazon_dataset;gamebox_dataset;meet_dataset;battleground_dataset;gamebox_dataset;teams_dataset;zepeto_dataset;teams_dataset;afreeca_dataset;meet_dataset;zepeto_dataset;tft_dataset;teams_dataset;amazon_dataset;navernow_dataset;battleground_dataset;battleground_dataset;geforce_dataset;zoom_dataset;youtubeLive_dataset;youtube_dataset;zepeto_dataset;tft_dataset;battleground_dataset;zoom_dataset;youtube_dataset;amazon_dataset;geforce_dataset;navernow_dataset;netflix_dataset;zoom_dataset;navernow_dataset;battleground_dataset;youtubeLive_dataset;zoom_dataset;zepeto_dataset;gamebox_dataset;zoom_dataset;netflix_dataset;youtubeLive_dataset;roblox_dataset;zoom_dataset;netflix_dataset;geforce_dataset;youtube_dataset;meet_dataset;teams_dataset;tft_dataset;zepeto_dataset;geforce_dataset;roblox_dataset;teams_dataset,HIGH,Current Demand Only (lambda=0.00),0.0,0.75,99.9398573881507,11.707288914909894,9.14174346112988,0.6198636130519197,93.02914798206278,0.2353894483185643,99.9398573881507,43
100,synthetic_scalability_scenario_derived_from_real_traffic,15,85,afreeca_dataset;amazon_dataset;battleground_dataset;gamebox_dataset;geforce_dataset;meet_dataset;navernow_dataset;netflix_dataset;roblox_dataset;teams_dataset;tft_dataset;youtubeLive_dataset;youtube_dataset;zepeto_dataset;zoom_dataset;roblox_dataset;navernow_dataset;roblox_dataset;amazon_dataset;roblox_dataset;youtube_dataset;zoom_dataset;youtubeLive_dataset;teams_dataset;tft_dataset;zoom_dataset;gamebox_dataset;youtube_dataset;zoom_dataset;tft_dataset;geforce_dataset;teams_dataset;meet_dataset;meet_dataset;roblox_dataset;youtube_dataset;battleground_dataset;navernow_dataset;roblox_dataset;youtube_dataset;roblox_dataset;geforce_dataset;youtubeLive_dataset;roblox_dataset;afreeca_dataset;geforce_dataset;zepeto_dataset;battleground_dataset;roblox_dataset;netflix_dataset;roblox_dataset;amazon_dataset;meet_dataset;zoom_dataset;amazon_dataset;youtube_dataset;zepeto_dataset;gamebox_dataset;netflix_dataset;tft_dataset;meet_dataset;gamebox_dataset;zoom_dataset;teams_dataset;teams_dataset;battleground_dataset;battleground_dataset;meet_dataset;battleground_dataset;zepeto_dataset;zepeto_dataset;youtube_dataset;meet_dataset;navernow_dataset;meet_dataset;netflix_dataset;gamebox_dataset;afreeca_dataset;geforce_dataset;zoom_dataset;battleground_dataset;battleground_dataset;amazon_dataset;meet_dataset;teams_dataset;battleground_dataset;youtube_dataset;youtube_dataset;battleground_dataset;youtubeLive_dataset;meet_dataset;youtubeLive_dataset;roblox_dataset;amazon_dataset;roblox_dataset;roblox_dataset;gamebox_dataset;geforce_dataset;tft_dataset;netflix_dataset,HIGH,Equal Share,,0.75,29.43891567285355,29.10497234104038,73.23206622176549,1.3722722023245968,83.22526158445442,0.3699049469445872,29.438915672853604,44
100,synthetic_scalability_scenario_derived_from_real_traffic,15,85,afreeca_dataset;amazon_dataset;battleground_dataset;gamebox_dataset;geforce_dataset;meet_dataset;navernow_dataset;netflix_dataset;roblox_dataset;teams_dataset;tft_dataset;youtubeLive_dataset;youtube_dataset;zepeto_dataset;zoom_dataset;roblox_dataset;navernow_dataset;roblox_dataset;amazon_dataset;roblox_dataset;youtube_dataset;zoom_dataset;youtubeLive_dataset;teams_dataset;tft_dataset;zoom_dataset;gamebox_dataset;youtube_dataset;zoom_dataset;tft_dataset;geforce_dataset;teams_dataset;meet_dataset;meet_dataset;roblox_dataset;youtube_dataset;battleground_dataset;navernow_dataset;roblox_dataset;youtube_dataset;roblox_dataset;geforce_dataset;youtubeLive_dataset;roblox_dataset;afreeca_dataset;geforce_dataset;zepeto_dataset;battleground_dataset;roblox_dataset;netflix_dataset;roblox_dataset;amazon_dataset;meet_dataset;zoom_dataset;amazon_dataset;youtube_dataset;zepeto_dataset;gamebox_dataset;netflix_dataset;tft_dataset;meet_dataset;gamebox_dataset;zoom_dataset;teams_dataset;teams_dataset;battleground_dataset;battleground_dataset;meet_dataset;battleground_dataset;zepeto_dataset;zepeto_dataset;youtube_dataset;meet_dataset;navernow_dataset;meet_dataset;netflix_dataset;gamebox_dataset;afreeca_dataset;geforce_dataset;zoom_dataset;battleground_dataset;battleground_dataset;amazon_dataset;meet_dataset;teams_dataset;battleground_dataset;youtube_dataset;youtube_dataset;battleground_dataset;youtubeLive_dataset;meet_dataset;youtubeLive_dataset;roblox_dataset;amazon_dataset;roblox_dataset;roblox_dataset;gamebox_dataset;geforce_dataset;tft_dataset;netflix_dataset,HIGH,Round Robin,,0.75,99.88284975379446,10.966532730764287,9.195206524277205,0.43920252451360936,95.10837070254111,0.20562048428505114,99.88284975379446,44
100,synthetic_scalability_scenario_derived_from_real_traffic,15,85,afreeca_dataset;amazon_dataset;battleground_dataset;gamebox_dataset;geforce_dataset;meet_dataset;navernow_dataset;netflix_dataset;roblox_dataset;teams_dataset;tft_dataset;youtubeLive_dataset;youtube_dataset;zepeto_dataset;zoom_dataset;roblox_dataset;navernow_dataset;roblox_dataset;amazon_dataset;roblox_dataset;youtube_dataset;zoom_dataset;youtubeLive_dataset;teams_dataset;tft_dataset;zoom_dataset;gamebox_dataset;youtube_dataset;zoom_dataset;tft_dataset;geforce_dataset;teams_dataset;meet_dataset;meet_dataset;roblox_dataset;youtube_dataset;battleground_dataset;navernow_dataset;roblox_dataset;youtube_dataset;roblox_dataset;geforce_dataset;youtubeLive_dataset;roblox_dataset;afreeca_dataset;geforce_dataset;zepeto_dataset;battleground_dataset;roblox_dataset;netflix_dataset;roblox_dataset;amazon_dataset;meet_dataset;zoom_dataset;amazon_dataset;youtube_dataset;zepeto_dataset;gamebox_dataset;netflix_dataset;tft_dataset;meet_dataset;gamebox_dataset;zoom_dataset;teams_dataset;teams_dataset;battleground_dataset;battleground_dataset;meet_dataset;battleground_dataset;zepeto_dataset;zepeto_dataset;youtube_dataset;meet_dataset;navernow_dataset;meet_dataset;netflix_dataset;gamebox_dataset;afreeca_dataset;geforce_dataset;zoom_dataset;battleground_dataset;battleground_dataset;amazon_dataset;meet_dataset;teams_dataset;battleground_dataset;youtube_dataset;youtube_dataset;battleground_dataset;youtubeLive_dataset;meet_dataset;youtubeLive_dataset;roblox_dataset;amazon_dataset;roblox_dataset;roblox_dataset;gamebox_dataset;geforce_dataset;tft_dataset;netflix_dataset,HIGH,Proportional Fair,,0.75,99.8622104613905,10.953465513795315,9.21427078628245,0.5018062647840668,95.58550074738416,0.21172186030333656,99.86221046139046,44
100,synthetic_scalability_scenario_derived_from_real_traffic,15,85,afreeca_dataset;amazon_dataset;battleground_dataset;gamebox_dataset;geforce_dataset;meet_dataset;navernow_dataset;netflix_dataset;roblox_dataset;teams_dataset;tft_dataset;youtubeLive_dataset;youtube_dataset;zepeto_dataset;zoom_dataset;roblox_dataset;navernow_dataset;roblox_dataset;amazon_dataset;roblox_dataset;youtube_dataset;zoom_dataset;youtubeLive_dataset;teams_dataset;tft_dataset;zoom_dataset;gamebox_dataset;youtube_dataset;zoom_dataset;tft_dataset;geforce_dataset;teams_dataset;meet_dataset;meet_dataset;roblox_dataset;youtube_dataset;battleground_dataset;navernow_dataset;roblox_dataset;youtube_dataset;roblox_dataset;geforce_dataset;youtubeLive_dataset;roblox_dataset;afreeca_dataset;geforce_dataset;zepeto_dataset;battleground_dataset;roblox_dataset;netflix_dataset;roblox_dataset;amazon_dataset;meet_dataset;zoom_dataset;amazon_dataset;youtube_dataset;zepeto_dataset;gamebox_dataset;netflix_dataset;tft_dataset;meet_dataset;gamebox_dataset;zoom_dataset;teams_dataset;teams_dataset;battleground_dataset;battleground_dataset;meet_dataset;battleground_dataset;zepeto_dataset;zepeto_dataset;youtube_dataset;meet_dataset;navernow_dataset;meet_dataset;netflix_dataset;gamebox_dataset;afreeca_dataset;geforce_dataset;zoom_dataset;battleground_dataset;battleground_dataset;amazon_dataset;meet_dataset;teams_dataset;battleground_dataset;youtube_dataset;youtube_dataset;battleground_dataset;youtubeLive_dataset;meet_dataset;youtubeLive_dataset;roblox_dataset;amazon_dataset;roblox_dataset;roblox_dataset;gamebox_dataset;geforce_dataset;tft_dataset;netflix_dataset,HIGH,Blended Demand (lambda=0.25),0.25,0.75,96.20529739972777,12.50464591031476,12.537279604559622,0.5681077800556464,91.8321375186846,0.21903243173542522,99.99472515287175,44
100,synthetic_scalability_scenario_derived_from_real_traffic,15,85,afreeca_dataset;amazon_dataset;battleground_dataset;gamebox_dataset;geforce_dataset;meet_dataset;navernow_dataset;netflix_dataset;roblox_dataset;teams_dataset;tft_dataset;youtubeLive_dataset;youtube_dataset;zepeto_dataset;zoom_dataset;roblox_dataset;navernow_dataset;roblox_dataset;amazon_dataset;roblox_dataset;youtube_dataset;zoom_dataset;youtubeLive_dataset;teams_dataset;tft_dataset;zoom_dataset;gamebox_dataset;youtube_dataset;zoom_dataset;tft_dataset;geforce_dataset;teams_dataset;meet_dataset;meet_dataset;roblox_dataset;youtube_dataset;battleground_dataset;navernow_dataset;roblox_dataset;youtube_dataset;roblox_dataset;geforce_dataset;youtubeLive_dataset;roblox_dataset;afreeca_dataset;geforce_dataset;zepeto_dataset;battleground_dataset;roblox_dataset;netflix_dataset;roblox_dataset;amazon_dataset;meet_dataset;zoom_dataset;amazon_dataset;youtube_dataset;zepeto_dataset;gamebox_dataset;netflix_dataset;tft_dataset;meet_dataset;gamebox_dataset;zoom_dataset;teams_dataset;teams_dataset;battleground_dataset;battleground_dataset;meet_dataset;battleground_dataset;zepeto_dataset;zepeto_dataset;youtube_dataset;meet_dataset;navernow_dataset;meet_dataset;netflix_dataset;gamebox_dataset;afreeca_dataset;geforce_dataset;zoom_dataset;battleground_dataset;battleground_dataset;amazon_dataset;meet_dataset;teams_dataset;battleground_dataset;youtube_dataset;youtube_dataset;battleground_dataset;youtubeLive_dataset;meet_dataset;youtubeLive_dataset;roblox_dataset;amazon_dataset;roblox_dataset;roblox_dataset;gamebox_dataset;geforce_dataset;tft_dataset;netflix_dataset,HIGH,Blended Demand (lambda=0.50),0.5,0.75,93.36638888731665,13.722695305641526,15.117778717669534,0.8800212333779894,90.42810164424515,0.2278660023321909,99.99992636234538,44
100,synthetic_scalability_scenario_derived_from_real_traffic,15,85,afreeca_dataset;amazon_dataset;battleground_dataset;gamebox_dataset;geforce_dataset;meet_dataset;navernow_dataset;netflix_dataset;roblox_dataset;teams_dataset;tft_dataset;youtubeLive_dataset;youtube_dataset;zepeto_dataset;zoom_dataset;roblox_dataset;navernow_dataset;roblox_dataset;amazon_dataset;roblox_dataset;youtube_dataset;zoom_dataset;youtubeLive_dataset;teams_dataset;tft_dataset;zoom_dataset;gamebox_dataset;youtube_dataset;zoom_dataset;tft_dataset;geforce_dataset;teams_dataset;meet_dataset;meet_dataset;roblox_dataset;youtube_dataset;battleground_dataset;navernow_dataset;roblox_dataset;youtube_dataset;roblox_dataset;geforce_dataset;youtubeLive_dataset;roblox_dataset;afreeca_dataset;geforce_dataset;zepeto_dataset;battleground_dataset;roblox_dataset;netflix_dataset;roblox_dataset;amazon_dataset;meet_dataset;zoom_dataset;amazon_dataset;youtube_dataset;zepeto_dataset;gamebox_dataset;netflix_dataset;tft_dataset;meet_dataset;gamebox_dataset;zoom_dataset;teams_dataset;teams_dataset;battleground_dataset;battleground_dataset;meet_dataset;battleground_dataset;zepeto_dataset;zepeto_dataset;youtube_dataset;meet_dataset;navernow_dataset;meet_dataset;netflix_dataset;gamebox_dataset;afreeca_dataset;geforce_dataset;zoom_dataset;battleground_dataset;battleground_dataset;amazon_dataset;meet_dataset;teams_dataset;battleground_dataset;youtube_dataset;youtube_dataset;battleground_dataset;youtubeLive_dataset;meet_dataset;youtubeLive_dataset;roblox_dataset;amazon_dataset;roblox_dataset;roblox_dataset;gamebox_dataset;geforce_dataset;tft_dataset;netflix_dataset,HIGH,Blended Demand (lambda=0.75),0.75,0.75,90.92183674853337,15.744246631165655,17.339855697742262,1.8356771941021985,88.32331838565023,0.23122112285348645,100.0,44
100,synthetic_scalability_scenario_derived_from_real_traffic,15,85,afreeca_dataset;amazon_dataset;battleground_dataset;gamebox_dataset;geforce_dataset;meet_dataset;navernow_dataset;netflix_dataset;roblox_dataset;teams_dataset;tft_dataset;youtubeLive_dataset;youtube_dataset;zepeto_dataset;zoom_dataset;roblox_dataset;navernow_dataset;roblox_dataset;amazon_dataset;roblox_dataset;youtube_dataset;zoom_dataset;youtubeLive_dataset;teams_dataset;tft_dataset;zoom_dataset;gamebox_dataset;youtube_dataset;zoom_dataset;tft_dataset;geforce_dataset;teams_dataset;meet_dataset;meet_dataset;roblox_dataset;youtube_dataset;battleground_dataset;navernow_dataset;roblox_dataset;youtube_dataset;roblox_dataset;geforce_dataset;youtubeLive_dataset;roblox_dataset;afreeca_dataset;geforce_dataset;zepeto_dataset;battleground_dataset;roblox_dataset;netflix_dataset;roblox_dataset;amazon_dataset;meet_dataset;zoom_dataset;amazon_dataset;youtube_dataset;zepeto_dataset;gamebox_dataset;netflix_dataset;tft_dataset;meet_dataset;gamebox_dataset;zoom_dataset;teams_dataset;teams_dataset;battleground_dataset;battleground_dataset;meet_dataset;battleground_dataset;zepeto_dataset;zepeto_dataset;youtube_dataset;meet_dataset;navernow_dataset;meet_dataset;netflix_dataset;gamebox_dataset;afreeca_dataset;geforce_dataset;zoom_dataset;battleground_dataset;battleground_dataset;amazon_dataset;meet_dataset;teams_dataset;battleground_dataset;youtube_dataset;youtube_dataset;battleground_dataset;youtubeLive_dataset;meet_dataset;youtubeLive_dataset;roblox_dataset;amazon_dataset;roblox_dataset;roblox_dataset;gamebox_dataset;geforce_dataset;tft_dataset;netflix_dataset,HIGH,Prediction Only (lambda=1.00),1.0,0.75,88.51247381620688,24.369105850696368,19.53007858259499,6.951409627835998,87.85455904334827,0.2301275066424158,100.0,44
100,synthetic_scalability_scenario_derived_from_real_traffic,15,85,afreeca_dataset;amazon_dataset;battleground_dataset;gamebox_dataset;geforce_dataset;meet_dataset;navernow_dataset;netflix_dataset;roblox_dataset;teams_dataset;tft_dataset;youtubeLive_dataset;youtube_dataset;zepeto_dataset;zoom_dataset;roblox_dataset;navernow_dataset;roblox_dataset;amazon_dataset;roblox_dataset;youtube_dataset;zoom_dataset;youtubeLive_dataset;teams_dataset;tft_dataset;zoom_dataset;gamebox_dataset;youtube_dataset;zoom_dataset;tft_dataset;geforce_dataset;teams_dataset;meet_dataset;meet_dataset;roblox_dataset;youtube_dataset;battleground_dataset;navernow_dataset;roblox_dataset;youtube_dataset;roblox_dataset;geforce_dataset;youtubeLive_dataset;roblox_dataset;afreeca_dataset;geforce_dataset;zepeto_dataset;battleground_dataset;roblox_dataset;netflix_dataset;roblox_dataset;amazon_dataset;meet_dataset;zoom_dataset;amazon_dataset;youtube_dataset;zepeto_dataset;gamebox_dataset;netflix_dataset;tft_dataset;meet_dataset;gamebox_dataset;zoom_dataset;teams_dataset;teams_dataset;battleground_dataset;battleground_dataset;meet_dataset;battleground_dataset;zepeto_dataset;zepeto_dataset;youtube_dataset;meet_dataset;navernow_dataset;meet_dataset;netflix_dataset;gamebox_dataset;afreeca_dataset;geforce_dataset;zoom_dataset;battleground_dataset;battleground_dataset;amazon_dataset;meet_dataset;teams_dataset;battleground_dataset;youtube_dataset;youtube_dataset;battleground_dataset;youtubeLive_dataset;meet_dataset;youtubeLive_dataset;roblox_dataset;amazon_dataset;roblox_dataset;roblox_dataset;gamebox_dataset;geforce_dataset;tft_dataset;netflix_dataset,HIGH,Current Demand Only (lambda=0.00),0.0,0.75,99.92686690344809,11.440960347876054,9.154580412689205,0.5048069256441683,93.81315396113602,0.20609714680403082,99.92686690344807,44
100,synthetic_scalability_scenario_derived_from_real_traffic,15,85,afreeca_dataset;amazon_dataset;battleground_dataset;gamebox_dataset;geforce_dataset;meet_dataset;navernow_dataset;netflix_dataset;roblox_dataset;teams_dataset;tft_dataset;youtubeLive_dataset;youtube_dataset;zepeto_dataset;zoom_dataset;roblox_dataset;netflix_dataset;navernow_dataset;youtubeLive_dataset;meet_dataset;youtube_dataset;navernow_dataset;geforce_dataset;navernow_dataset;navernow_dataset;meet_dataset;youtube_dataset;zepeto_dataset;afreeca_dataset;roblox_dataset;battleground_dataset;geforce_dataset;youtube_dataset;battleground_dataset;gamebox_dataset;navernow_dataset;zepeto_dataset;youtubeLive_dataset;battleground_dataset;afreeca_dataset;meet_dataset;afreeca_dataset;geforce_dataset;zepeto_dataset;youtube_dataset;zepeto_dataset;youtubeLive_dataset;meet_dataset;zoom_dataset;zoom_dataset;tft_dataset;netflix_dataset;zoom_dataset;youtube_dataset;youtubeLive_dataset;teams_dataset;geforce_dataset;netflix_dataset;zepeto_dataset;tft_dataset;youtubeLive_dataset;meet_dataset;meet_dataset;netflix_dataset;netflix_dataset;navernow_dataset;meet_dataset;zoom_dataset;afreeca_dataset;battleground_dataset;afreeca_dataset;geforce_dataset;tft_dataset;tft_dataset;teams_dataset;afreeca_dataset;zepeto_dataset;battleground_dataset;youtube_dataset;netflix_dataset;battleground_dataset;youtubeLive_dataset;amazon_dataset;zepeto_dataset;battleground_dataset;zepeto_dataset;netflix_dataset;afreeca_dataset;geforce_dataset;amazon_dataset;amazon_dataset;tft_dataset;meet_dataset;tft_dataset;navernow_dataset;zepeto_dataset;gamebox_dataset;amazon_dataset;gamebox_dataset;zepeto_dataset,HIGH,Equal Share,,0.75,34.73614061075035,33.76068405679698,68.41512860218772,1.5875531751679195,80.00313901345291,0.420046249290827,34.736140610750326,45
100,synthetic_scalability_scenario_derived_from_real_traffic,15,85,afreeca_dataset;amazon_dataset;battleground_dataset;gamebox_dataset;geforce_dataset;meet_dataset;navernow_dataset;netflix_dataset;roblox_dataset;teams_dataset;tft_dataset;youtubeLive_dataset;youtube_dataset;zepeto_dataset;zoom_dataset;roblox_dataset;netflix_dataset;navernow_dataset;youtubeLive_dataset;meet_dataset;youtube_dataset;navernow_dataset;geforce_dataset;navernow_dataset;navernow_dataset;meet_dataset;youtube_dataset;zepeto_dataset;afreeca_dataset;roblox_dataset;battleground_dataset;geforce_dataset;youtube_dataset;battleground_dataset;gamebox_dataset;navernow_dataset;zepeto_dataset;youtubeLive_dataset;battleground_dataset;afreeca_dataset;meet_dataset;afreeca_dataset;geforce_dataset;zepeto_dataset;youtube_dataset;zepeto_dataset;youtubeLive_dataset;meet_dataset;zoom_dataset;zoom_dataset;tft_dataset;netflix_dataset;zoom_dataset;youtube_dataset;youtubeLive_dataset;teams_dataset;geforce_dataset;netflix_dataset;zepeto_dataset;tft_dataset;youtubeLive_dataset;meet_dataset;meet_dataset;netflix_dataset;netflix_dataset;navernow_dataset;meet_dataset;zoom_dataset;afreeca_dataset;battleground_dataset;afreeca_dataset;geforce_dataset;tft_dataset;tft_dataset;teams_dataset;afreeca_dataset;zepeto_dataset;battleground_dataset;youtube_dataset;netflix_dataset;battleground_dataset;youtubeLive_dataset;amazon_dataset;zepeto_dataset;battleground_dataset;zepeto_dataset;netflix_dataset;afreeca_dataset;geforce_dataset;amazon_dataset;amazon_dataset;tft_dataset;meet_dataset;tft_dataset;navernow_dataset;zepeto_dataset;gamebox_dataset;amazon_dataset;gamebox_dataset;zepeto_dataset,HIGH,Round Robin,,0.75,99.89052757340293,11.291753124903547,9.187926062444323,0.6059070300107768,94.3745889387145,0.24767148507834802,99.89052757340296,45
100,synthetic_scalability_scenario_derived_from_real_traffic,15,85,afreeca_dataset;amazon_dataset;battleground_dataset;gamebox_dataset;geforce_dataset;meet_dataset;navernow_dataset;netflix_dataset;roblox_dataset;teams_dataset;tft_dataset;youtubeLive_dataset;youtube_dataset;zepeto_dataset;zoom_dataset;roblox_dataset;netflix_dataset;navernow_dataset;youtubeLive_dataset;meet_dataset;youtube_dataset;navernow_dataset;geforce_dataset;navernow_dataset;navernow_dataset;meet_dataset;youtube_dataset;zepeto_dataset;afreeca_dataset;roblox_dataset;battleground_dataset;geforce_dataset;youtube_dataset;battleground_dataset;gamebox_dataset;navernow_dataset;zepeto_dataset;youtubeLive_dataset;battleground_dataset;afreeca_dataset;meet_dataset;afreeca_dataset;geforce_dataset;zepeto_dataset;youtube_dataset;zepeto_dataset;youtubeLive_dataset;meet_dataset;zoom_dataset;zoom_dataset;tft_dataset;netflix_dataset;zoom_dataset;youtube_dataset;youtubeLive_dataset;teams_dataset;geforce_dataset;netflix_dataset;zepeto_dataset;tft_dataset;youtubeLive_dataset;meet_dataset;meet_dataset;netflix_dataset;netflix_dataset;navernow_dataset;meet_dataset;zoom_dataset;afreeca_dataset;battleground_dataset;afreeca_dataset;geforce_dataset;tft_dataset;tft_dataset;teams_dataset;afreeca_dataset;zepeto_dataset;battleground_dataset;youtube_dataset;netflix_dataset;battleground_dataset;youtubeLive_dataset;amazon_dataset;zepeto_dataset;battleground_dataset;zepeto_dataset;netflix_dataset;afreeca_dataset;geforce_dataset;amazon_dataset;amazon_dataset;tft_dataset;meet_dataset;tft_dataset;navernow_dataset;zepeto_dataset;gamebox_dataset;amazon_dataset;gamebox_dataset;zepeto_dataset,HIGH,Proportional Fair,,0.75,99.85231300091777,11.210550198096872,9.223267566769932,0.6973633183341152,95.10029895366218,0.2586256924889166,99.8523130009178,45
100,synthetic_scalability_scenario_derived_from_real_traffic,15,85,afreeca_dataset;amazon_dataset;battleground_dataset;gamebox_dataset;geforce_dataset;meet_dataset;navernow_dataset;netflix_dataset;roblox_dataset;teams_dataset;tft_dataset;youtubeLive_dataset;youtube_dataset;zepeto_dataset;zoom_dataset;roblox_dataset;netflix_dataset;navernow_dataset;youtubeLive_dataset;meet_dataset;youtube_dataset;navernow_dataset;geforce_dataset;navernow_dataset;navernow_dataset;meet_dataset;youtube_dataset;zepeto_dataset;afreeca_dataset;roblox_dataset;battleground_dataset;geforce_dataset;youtube_dataset;battleground_dataset;gamebox_dataset;navernow_dataset;zepeto_dataset;youtubeLive_dataset;battleground_dataset;afreeca_dataset;meet_dataset;afreeca_dataset;geforce_dataset;zepeto_dataset;youtube_dataset;zepeto_dataset;youtubeLive_dataset;meet_dataset;zoom_dataset;zoom_dataset;tft_dataset;netflix_dataset;zoom_dataset;youtube_dataset;youtubeLive_dataset;teams_dataset;geforce_dataset;netflix_dataset;zepeto_dataset;tft_dataset;youtubeLive_dataset;meet_dataset;meet_dataset;netflix_dataset;netflix_dataset;navernow_dataset;meet_dataset;zoom_dataset;afreeca_dataset;battleground_dataset;afreeca_dataset;geforce_dataset;tft_dataset;tft_dataset;teams_dataset;afreeca_dataset;zepeto_dataset;battleground_dataset;youtube_dataset;netflix_dataset;battleground_dataset;youtubeLive_dataset;amazon_dataset;zepeto_dataset;battleground_dataset;zepeto_dataset;netflix_dataset;afreeca_dataset;geforce_dataset;amazon_dataset;amazon_dataset;tft_dataset;meet_dataset;tft_dataset;navernow_dataset;zepeto_dataset;gamebox_dataset;amazon_dataset;gamebox_dataset;zepeto_dataset,HIGH,Blended Demand (lambda=0.25),0.25,0.75,94.91950034790953,12.9701288018916,13.706108838459555,0.7374766039839741,91.02750373692078,0.2699849538078354,99.99815486055074,45
100,synthetic_scalability_scenario_derived_from_real_traffic,15,85,afreeca_dataset;amazon_dataset;battleground_dataset;gamebox_dataset;geforce_dataset;meet_dataset;navernow_dataset;netflix_dataset;roblox_dataset;teams_dataset;tft_dataset;youtubeLive_dataset;youtube_dataset;zepeto_dataset;zoom_dataset;roblox_dataset;netflix_dataset;navernow_dataset;youtubeLive_dataset;meet_dataset;youtube_dataset;navernow_dataset;geforce_dataset;navernow_dataset;navernow_dataset;meet_dataset;youtube_dataset;zepeto_dataset;afreeca_dataset;roblox_dataset;battleground_dataset;geforce_dataset;youtube_dataset;battleground_dataset;gamebox_dataset;navernow_dataset;zepeto_dataset;youtubeLive_dataset;battleground_dataset;afreeca_dataset;meet_dataset;afreeca_dataset;geforce_dataset;zepeto_dataset;youtube_dataset;zepeto_dataset;youtubeLive_dataset;meet_dataset;zoom_dataset;zoom_dataset;tft_dataset;netflix_dataset;zoom_dataset;youtube_dataset;youtubeLive_dataset;teams_dataset;geforce_dataset;netflix_dataset;zepeto_dataset;tft_dataset;youtubeLive_dataset;meet_dataset;meet_dataset;netflix_dataset;netflix_dataset;navernow_dataset;meet_dataset;zoom_dataset;afreeca_dataset;battleground_dataset;afreeca_dataset;geforce_dataset;tft_dataset;tft_dataset;teams_dataset;afreeca_dataset;zepeto_dataset;battleground_dataset;youtube_dataset;netflix_dataset;battleground_dataset;youtubeLive_dataset;amazon_dataset;zepeto_dataset;battleground_dataset;zepeto_dataset;netflix_dataset;afreeca_dataset;geforce_dataset;amazon_dataset;amazon_dataset;tft_dataset;meet_dataset;tft_dataset;navernow_dataset;zepeto_dataset;gamebox_dataset;amazon_dataset;gamebox_dataset;zepeto_dataset,HIGH,Blended Demand (lambda=0.50),0.5,0.75,91.44060605746198,14.321759820957757,16.86827445116885,1.011034103285701,89.62630792227205,0.2818740186486756,100.0,45
100,synthetic_scalability_scenario_derived_from_real_traffic,15,85,afreeca_dataset;amazon_dataset;battleground_dataset;gamebox_dataset;geforce_dataset;meet_dataset;navernow_dataset;netflix_dataset;roblox_dataset;teams_dataset;tft_dataset;youtubeLive_dataset;youtube_dataset;zepeto_dataset;zoom_dataset;roblox_dataset;netflix_dataset;navernow_dataset;youtubeLive_dataset;meet_dataset;youtube_dataset;navernow_dataset;geforce_dataset;navernow_dataset;navernow_dataset;meet_dataset;youtube_dataset;zepeto_dataset;afreeca_dataset;roblox_dataset;battleground_dataset;geforce_dataset;youtube_dataset;battleground_dataset;gamebox_dataset;navernow_dataset;zepeto_dataset;youtubeLive_dataset;battleground_dataset;afreeca_dataset;meet_dataset;afreeca_dataset;geforce_dataset;zepeto_dataset;youtube_dataset;zepeto_dataset;youtubeLive_dataset;meet_dataset;zoom_dataset;zoom_dataset;tft_dataset;netflix_dataset;zoom_dataset;youtube_dataset;youtubeLive_dataset;teams_dataset;geforce_dataset;netflix_dataset;zepeto_dataset;tft_dataset;youtubeLive_dataset;meet_dataset;meet_dataset;netflix_dataset;netflix_dataset;navernow_dataset;meet_dataset;zoom_dataset;afreeca_dataset;battleground_dataset;afreeca_dataset;geforce_dataset;tft_dataset;tft_dataset;teams_dataset;afreeca_dataset;zepeto_dataset;battleground_dataset;youtube_dataset;netflix_dataset;battleground_dataset;youtubeLive_dataset;amazon_dataset;zepeto_dataset;battleground_dataset;zepeto_dataset;netflix_dataset;afreeca_dataset;geforce_dataset;amazon_dataset;amazon_dataset;tft_dataset;meet_dataset;tft_dataset;navernow_dataset;zepeto_dataset;gamebox_dataset;amazon_dataset;gamebox_dataset;zepeto_dataset,HIGH,Blended Demand (lambda=0.75),0.75,0.75,88.4248331007626,16.551139086958734,19.609773209655657,1.9914196552439898,87.65022421524664,0.2841970157001527,100.0,45
100,synthetic_scalability_scenario_derived_from_real_traffic,15,85,afreeca_dataset;amazon_dataset;battleground_dataset;gamebox_dataset;geforce_dataset;meet_dataset;navernow_dataset;netflix_dataset;roblox_dataset;teams_dataset;tft_dataset;youtubeLive_dataset;youtube_dataset;zepeto_dataset;zoom_dataset;roblox_dataset;netflix_dataset;navernow_dataset;youtubeLive_dataset;meet_dataset;youtube_dataset;navernow_dataset;geforce_dataset;navernow_dataset;navernow_dataset;meet_dataset;youtube_dataset;zepeto_dataset;afreeca_dataset;roblox_dataset;battleground_dataset;geforce_dataset;youtube_dataset;battleground_dataset;gamebox_dataset;navernow_dataset;zepeto_dataset;youtubeLive_dataset;battleground_dataset;afreeca_dataset;meet_dataset;afreeca_dataset;geforce_dataset;zepeto_dataset;youtube_dataset;zepeto_dataset;youtubeLive_dataset;meet_dataset;zoom_dataset;zoom_dataset;tft_dataset;netflix_dataset;zoom_dataset;youtube_dataset;youtubeLive_dataset;teams_dataset;geforce_dataset;netflix_dataset;zepeto_dataset;tft_dataset;youtubeLive_dataset;meet_dataset;meet_dataset;netflix_dataset;netflix_dataset;navernow_dataset;meet_dataset;zoom_dataset;afreeca_dataset;battleground_dataset;afreeca_dataset;geforce_dataset;tft_dataset;tft_dataset;teams_dataset;afreeca_dataset;zepeto_dataset;battleground_dataset;youtube_dataset;netflix_dataset;battleground_dataset;youtubeLive_dataset;amazon_dataset;zepeto_dataset;battleground_dataset;zepeto_dataset;netflix_dataset;afreeca_dataset;geforce_dataset;amazon_dataset;amazon_dataset;tft_dataset;meet_dataset;tft_dataset;navernow_dataset;zepeto_dataset;gamebox_dataset;amazon_dataset;gamebox_dataset;zepeto_dataset,HIGH,Prediction Only (lambda=1.00),1.0,0.75,85.2460240367853,27.68734099251558,22.499620985600636,8.258390209249121,87.42286995515695,0.2794278732181385,99.9999405624808,45
100,synthetic_scalability_scenario_derived_from_real_traffic,15,85,afreeca_dataset;amazon_dataset;battleground_dataset;gamebox_dataset;geforce_dataset;meet_dataset;navernow_dataset;netflix_dataset;roblox_dataset;teams_dataset;tft_dataset;youtubeLive_dataset;youtube_dataset;zepeto_dataset;zoom_dataset;roblox_dataset;netflix_dataset;navernow_dataset;youtubeLive_dataset;meet_dataset;youtube_dataset;navernow_dataset;geforce_dataset;navernow_dataset;navernow_dataset;meet_dataset;youtube_dataset;zepeto_dataset;afreeca_dataset;roblox_dataset;battleground_dataset;geforce_dataset;youtube_dataset;battleground_dataset;gamebox_dataset;navernow_dataset;zepeto_dataset;youtubeLive_dataset;battleground_dataset;afreeca_dataset;meet_dataset;afreeca_dataset;geforce_dataset;zepeto_dataset;youtube_dataset;zepeto_dataset;youtubeLive_dataset;meet_dataset;zoom_dataset;zoom_dataset;tft_dataset;netflix_dataset;zoom_dataset;youtube_dataset;youtubeLive_dataset;teams_dataset;geforce_dataset;netflix_dataset;zepeto_dataset;tft_dataset;youtubeLive_dataset;meet_dataset;meet_dataset;netflix_dataset;netflix_dataset;navernow_dataset;meet_dataset;zoom_dataset;afreeca_dataset;battleground_dataset;afreeca_dataset;geforce_dataset;tft_dataset;tft_dataset;teams_dataset;afreeca_dataset;zepeto_dataset;battleground_dataset;youtube_dataset;netflix_dataset;battleground_dataset;youtubeLive_dataset;amazon_dataset;zepeto_dataset;battleground_dataset;zepeto_dataset;netflix_dataset;afreeca_dataset;geforce_dataset;amazon_dataset;amazon_dataset;tft_dataset;meet_dataset;tft_dataset;navernow_dataset;zepeto_dataset;gamebox_dataset;amazon_dataset;gamebox_dataset;zepeto_dataset,HIGH,Current Demand Only (lambda=0.00),0.0,0.75,99.93340332752746,11.677340872069347,9.148624582531987,0.6777379352689777,93.42466367713004,0.24970689709132962,99.9334033275275,45
100,synthetic_scalability_scenario_derived_from_real_traffic,15,85,afreeca_dataset;amazon_dataset;battleground_dataset;gamebox_dataset;geforce_dataset;meet_dataset;navernow_dataset;netflix_dataset;roblox_dataset;teams_dataset;tft_dataset;youtubeLive_dataset;youtube_dataset;zepeto_dataset;zoom_dataset;teams_dataset;battleground_dataset;youtubeLive_dataset;zepeto_dataset;gamebox_dataset;geforce_dataset;zepeto_dataset;geforce_dataset;zoom_dataset;gamebox_dataset;meet_dataset;teams_dataset;afreeca_dataset;battleground_dataset;geforce_dataset;zoom_dataset;teams_dataset;tft_dataset;youtube_dataset;zoom_dataset;youtube_dataset;netflix_dataset;battleground_dataset;teams_dataset;tft_dataset;youtubeLive_dataset;meet_dataset;battleground_dataset;gamebox_dataset;battleground_dataset;navernow_dataset;meet_dataset;youtubeLive_dataset;geforce_dataset;netflix_dataset;zepeto_dataset;zoom_dataset;geforce_dataset;afreeca_dataset;zepeto_dataset;roblox_dataset;netflix_dataset;netflix_dataset;gamebox_dataset;meet_dataset;zepeto_dataset;gamebox_dataset;meet_dataset;zepeto_dataset;teams_dataset;zoom_dataset;teams_dataset;amazon_dataset;tft_dataset;geforce_dataset;teams_dataset;youtubeLive_dataset;youtube_dataset;meet_dataset;roblox_dataset;netflix_dataset;netflix_dataset;amazon_dataset;youtubeLive_dataset;amazon_dataset;tft_dataset;teams_dataset;geforce_dataset;battleground_dataset;meet_dataset;zoom_dataset;meet_dataset;gamebox_dataset;youtube_dataset;tft_dataset;roblox_dataset;tft_dataset;afreeca_dataset;zoom_dataset;netflix_dataset;meet_dataset;amazon_dataset;battleground_dataset;teams_dataset;navernow_dataset,HIGH,Equal Share,,0.75,33.01464575672401,31.385793462981074,69.98045428852514,1.2805207506425385,80.81793721973094,0.4227023089796695,33.014645756723986,46
100,synthetic_scalability_scenario_derived_from_real_traffic,15,85,afreeca_dataset;amazon_dataset;battleground_dataset;gamebox_dataset;geforce_dataset;meet_dataset;navernow_dataset;netflix_dataset;roblox_dataset;teams_dataset;tft_dataset;youtubeLive_dataset;youtube_dataset;zepeto_dataset;zoom_dataset;teams_dataset;battleground_dataset;youtubeLive_dataset;zepeto_dataset;gamebox_dataset;geforce_dataset;zepeto_dataset;geforce_dataset;zoom_dataset;gamebox_dataset;meet_dataset;teams_dataset;afreeca_dataset;battleground_dataset;geforce_dataset;zoom_dataset;teams_dataset;tft_dataset;youtube_dataset;zoom_dataset;youtube_dataset;netflix_dataset;battleground_dataset;teams_dataset;tft_dataset;youtubeLive_dataset;meet_dataset;battleground_dataset;gamebox_dataset;battleground_dataset;navernow_dataset;meet_dataset;youtubeLive_dataset;geforce_dataset;netflix_dataset;zepeto_dataset;zoom_dataset;geforce_dataset;afreeca_dataset;zepeto_dataset;roblox_dataset;netflix_dataset;netflix_dataset;gamebox_dataset;meet_dataset;zepeto_dataset;gamebox_dataset;meet_dataset;zepeto_dataset;teams_dataset;zoom_dataset;teams_dataset;amazon_dataset;tft_dataset;geforce_dataset;teams_dataset;youtubeLive_dataset;youtube_dataset;meet_dataset;roblox_dataset;netflix_dataset;netflix_dataset;amazon_dataset;youtubeLive_dataset;amazon_dataset;tft_dataset;teams_dataset;geforce_dataset;battleground_dataset;meet_dataset;zoom_dataset;meet_dataset;gamebox_dataset;youtube_dataset;tft_dataset;roblox_dataset;tft_dataset;afreeca_dataset;zoom_dataset;netflix_dataset;meet_dataset;amazon_dataset;battleground_dataset;teams_dataset;navernow_dataset,HIGH,Round Robin,,0.75,99.96653170412118,11.418469532863902,9.119197271173952,0.46217857013998825,93.89103139013453,0.24189227973464605,99.96653170412114,46
100,synthetic_scalability_scenario_derived_from_real_traffic,15,85,afreeca_dataset;amazon_dataset;battleground_dataset;gamebox_dataset;geforce_dataset;meet_dataset;navernow_dataset;netflix_dataset;roblox_dataset;teams_dataset;tft_dataset;youtubeLive_dataset;youtube_dataset;zepeto_dataset;zoom_dataset;teams_dataset;battleground_dataset;youtubeLive_dataset;zepeto_dataset;gamebox_dataset;geforce_dataset;zepeto_dataset;geforce_dataset;zoom_dataset;gamebox_dataset;meet_dataset;teams_dataset;afreeca_dataset;battleground_dataset;geforce_dataset;zoom_dataset;teams_dataset;tft_dataset;youtube_dataset;zoom_dataset;youtube_dataset;netflix_dataset;battleground_dataset;teams_dataset;tft_dataset;youtubeLive_dataset;meet_dataset;battleground_dataset;gamebox_dataset;battleground_dataset;navernow_dataset;meet_dataset;youtubeLive_dataset;geforce_dataset;netflix_dataset;zepeto_dataset;zoom_dataset;geforce_dataset;afreeca_dataset;zepeto_dataset;roblox_dataset;netflix_dataset;netflix_dataset;gamebox_dataset;meet_dataset;zepeto_dataset;gamebox_dataset;meet_dataset;zepeto_dataset;teams_dataset;zoom_dataset;teams_dataset;amazon_dataset;tft_dataset;geforce_dataset;teams_dataset;youtubeLive_dataset;youtube_dataset;meet_dataset;roblox_dataset;netflix_dataset;netflix_dataset;amazon_dataset;youtubeLive_dataset;amazon_dataset;tft_dataset;teams_dataset;geforce_dataset;battleground_dataset;meet_dataset;zoom_dataset;meet_dataset;gamebox_dataset;youtube_dataset;tft_dataset;roblox_dataset;tft_dataset;afreeca_dataset;zoom_dataset;netflix_dataset;meet_dataset;amazon_dataset;battleground_dataset;teams_dataset;navernow_dataset,HIGH,Proportional Fair,,0.75,99.96109966490828,11.347210289735173,9.124370599505937,0.4973646740054982,94.3303437967115,0.2462771316089259,99.96109966490825,46
100,synthetic_scalability_scenario_derived_from_real_traffic,15,85,afreeca_dataset;amazon_dataset;battleground_dataset;gamebox_dataset;geforce_dataset;meet_dataset;navernow_dataset;netflix_dataset;roblox_dataset;teams_dataset;tft_dataset;youtubeLive_dataset;youtube_dataset;zepeto_dataset;zoom_dataset;teams_dataset;battleground_dataset;youtubeLive_dataset;zepeto_dataset;gamebox_dataset;geforce_dataset;zepeto_dataset;geforce_dataset;zoom_dataset;gamebox_dataset;meet_dataset;teams_dataset;afreeca_dataset;battleground_dataset;geforce_dataset;zoom_dataset;teams_dataset;tft_dataset;youtube_dataset;zoom_dataset;youtube_dataset;netflix_dataset;battleground_dataset;teams_dataset;tft_dataset;youtubeLive_dataset;meet_dataset;battleground_dataset;gamebox_dataset;battleground_dataset;navernow_dataset;meet_dataset;youtubeLive_dataset;geforce_dataset;netflix_dataset;zepeto_dataset;zoom_dataset;geforce_dataset;afreeca_dataset;zepeto_dataset;roblox_dataset;netflix_dataset;netflix_dataset;gamebox_dataset;meet_dataset;zepeto_dataset;gamebox_dataset;meet_dataset;zepeto_dataset;teams_dataset;zoom_dataset;teams_dataset;amazon_dataset;tft_dataset;geforce_dataset;teams_dataset;youtubeLive_dataset;youtube_dataset;meet_dataset;roblox_dataset;netflix_dataset;netflix_dataset;amazon_dataset;youtubeLive_dataset;amazon_dataset;tft_dataset;teams_dataset;geforce_dataset;battleground_dataset;meet_dataset;zoom_dataset;meet_dataset;gamebox_dataset;youtube_dataset;tft_dataset;roblox_dataset;tft_dataset;afreeca_dataset;zoom_dataset;netflix_dataset;meet_dataset;amazon_dataset;battleground_dataset;teams_dataset;navernow_dataset,HIGH,Blended Demand (lambda=0.25),0.25,0.75,97.05192446679003,13.138476825165172,11.767423996102005,0.602721032335778,90.71136023916293,0.2561400284267735,99.99840115794069,46
100,synthetic_scalability_scenario_derived_from_real_traffic,15,85,afreeca_dataset;amazon_dataset;battleground_dataset;gamebox_dataset;geforce_dataset;meet_dataset;navernow_dataset;netflix_dataset;roblox_dataset;teams_dataset;tft_dataset;youtubeLive_dataset;youtube_dataset;zepeto_dataset;zoom_dataset;teams_dataset;battleground_dataset;youtubeLive_dataset;zepeto_dataset;gamebox_dataset;geforce_dataset;zepeto_dataset;geforce_dataset;zoom_dataset;gamebox_dataset;meet_dataset;teams_dataset;afreeca_dataset;battleground_dataset;geforce_dataset;zoom_dataset;teams_dataset;tft_dataset;youtube_dataset;zoom_dataset;youtube_dataset;netflix_dataset;battleground_dataset;teams_dataset;tft_dataset;youtubeLive_dataset;meet_dataset;battleground_dataset;gamebox_dataset;battleground_dataset;navernow_dataset;meet_dataset;youtubeLive_dataset;geforce_dataset;netflix_dataset;zepeto_dataset;zoom_dataset;geforce_dataset;afreeca_dataset;zepeto_dataset;roblox_dataset;netflix_dataset;netflix_dataset;gamebox_dataset;meet_dataset;zepeto_dataset;gamebox_dataset;meet_dataset;zepeto_dataset;teams_dataset;zoom_dataset;teams_dataset;amazon_dataset;tft_dataset;geforce_dataset;teams_dataset;youtubeLive_dataset;youtube_dataset;meet_dataset;roblox_dataset;netflix_dataset;netflix_dataset;amazon_dataset;youtubeLive_dataset;amazon_dataset;tft_dataset;teams_dataset;geforce_dataset;battleground_dataset;meet_dataset;zoom_dataset;meet_dataset;gamebox_dataset;youtube_dataset;tft_dataset;roblox_dataset;tft_dataset;afreeca_dataset;zoom_dataset;netflix_dataset;meet_dataset;amazon_dataset;battleground_dataset;teams_dataset;navernow_dataset,HIGH,Blended Demand (lambda=0.50),0.5,0.75,94.65257751391705,14.340714730870102,13.947981157665565,0.9195100690167018,89.21793721973094,0.2652845085388681,100.0,46
100,synthetic_scalability_scenario_derived_from_real_traffic,15,85,afreeca_dataset;amazon_dataset;battleground_dataset;gamebox_dataset;geforce_dataset;meet_dataset;navernow_dataset;netflix_dataset;roblox_dataset;teams_dataset;tft_dataset;youtubeLive_dataset;youtube_dataset;zepeto_dataset;zoom_dataset;teams_dataset;battleground_dataset;youtubeLive_dataset;zepeto_dataset;gamebox_dataset;geforce_dataset;zepeto_dataset;geforce_dataset;zoom_dataset;gamebox_dataset;meet_dataset;teams_dataset;afreeca_dataset;battleground_dataset;geforce_dataset;zoom_dataset;teams_dataset;tft_dataset;youtube_dataset;zoom_dataset;youtube_dataset;netflix_dataset;battleground_dataset;teams_dataset;tft_dataset;youtubeLive_dataset;meet_dataset;battleground_dataset;gamebox_dataset;battleground_dataset;navernow_dataset;meet_dataset;youtubeLive_dataset;geforce_dataset;netflix_dataset;zepeto_dataset;zoom_dataset;geforce_dataset;afreeca_dataset;zepeto_dataset;roblox_dataset;netflix_dataset;netflix_dataset;gamebox_dataset;meet_dataset;zepeto_dataset;gamebox_dataset;meet_dataset;zepeto_dataset;teams_dataset;zoom_dataset;teams_dataset;amazon_dataset;tft_dataset;geforce_dataset;teams_dataset;youtubeLive_dataset;youtube_dataset;meet_dataset;roblox_dataset;netflix_dataset;netflix_dataset;amazon_dataset;youtubeLive_dataset;amazon_dataset;tft_dataset;teams_dataset;geforce_dataset;battleground_dataset;meet_dataset;zoom_dataset;meet_dataset;gamebox_dataset;youtube_dataset;tft_dataset;roblox_dataset;tft_dataset;afreeca_dataset;zoom_dataset;netflix_dataset;meet_dataset;amazon_dataset;battleground_dataset;teams_dataset;navernow_dataset,HIGH,Blended Demand (lambda=0.75),0.75,0.75,92.63946550958714,16.271412961243158,15.777753209910765,1.9385539907383036,87.15396113602391,0.26968689262413725,100.0,46
100,synthetic_scalability_scenario_derived_from_real_traffic,15,85,afreeca_dataset;amazon_dataset;battleground_dataset;gamebox_dataset;geforce_dataset;meet_dataset;navernow_dataset;netflix_dataset;roblox_dataset;teams_dataset;tft_dataset;youtubeLive_dataset;youtube_dataset;zepeto_dataset;zoom_dataset;teams_dataset;battleground_dataset;youtubeLive_dataset;zepeto_dataset;gamebox_dataset;geforce_dataset;zepeto_dataset;geforce_dataset;zoom_dataset;gamebox_dataset;meet_dataset;teams_dataset;afreeca_dataset;battleground_dataset;geforce_dataset;zoom_dataset;teams_dataset;tft_dataset;youtube_dataset;zoom_dataset;youtube_dataset;netflix_dataset;battleground_dataset;teams_dataset;tft_dataset;youtubeLive_dataset;meet_dataset;battleground_dataset;gamebox_dataset;battleground_dataset;navernow_dataset;meet_dataset;youtubeLive_dataset;geforce_dataset;netflix_dataset;zepeto_dataset;zoom_dataset;geforce_dataset;afreeca_dataset;zepeto_dataset;roblox_dataset;netflix_dataset;netflix_dataset;gamebox_dataset;meet_dataset;zepeto_dataset;gamebox_dataset;meet_dataset;zepeto_dataset;teams_dataset;zoom_dataset;teams_dataset;amazon_dataset;tft_dataset;geforce_dataset;teams_dataset;youtubeLive_dataset;youtube_dataset;meet_dataset;roblox_dataset;netflix_dataset;netflix_dataset;amazon_dataset;youtubeLive_dataset;amazon_dataset;tft_dataset;teams_dataset;geforce_dataset;battleground_dataset;meet_dataset;zoom_dataset;meet_dataset;gamebox_dataset;youtube_dataset;tft_dataset;roblox_dataset;tft_dataset;afreeca_dataset;zoom_dataset;netflix_dataset;meet_dataset;amazon_dataset;battleground_dataset;teams_dataset;navernow_dataset,HIGH,Prediction Only (lambda=1.00),1.0,0.75,90.74195424454729,24.393755607080806,17.502621115228003,7.80611223160672,86.50702541106129,0.27094101514416785,100.0,46
100,synthetic_scalability_scenario_derived_from_real_traffic,15,85,afreeca_dataset;amazon_dataset;battleground_dataset;gamebox_dataset;geforce_dataset;meet_dataset;navernow_dataset;netflix_dataset;roblox_dataset;teams_dataset;tft_dataset;youtubeLive_dataset;youtube_dataset;zepeto_dataset;zoom_dataset;teams_dataset;battleground_dataset;youtubeLive_dataset;zepeto_dataset;gamebox_dataset;geforce_dataset;zepeto_dataset;geforce_dataset;zoom_dataset;gamebox_dataset;meet_dataset;teams_dataset;afreeca_dataset;battleground_dataset;geforce_dataset;zoom_dataset;teams_dataset;tft_dataset;youtube_dataset;zoom_dataset;youtube_dataset;netflix_dataset;battleground_dataset;teams_dataset;tft_dataset;youtubeLive_dataset;meet_dataset;battleground_dataset;gamebox_dataset;battleground_dataset;navernow_dataset;meet_dataset;youtubeLive_dataset;geforce_dataset;netflix_dataset;zepeto_dataset;zoom_dataset;geforce_dataset;afreeca_dataset;zepeto_dataset;roblox_dataset;netflix_dataset;netflix_dataset;gamebox_dataset;meet_dataset;zepeto_dataset;gamebox_dataset;meet_dataset;zepeto_dataset;teams_dataset;zoom_dataset;teams_dataset;amazon_dataset;tft_dataset;geforce_dataset;teams_dataset;youtubeLive_dataset;youtube_dataset;meet_dataset;roblox_dataset;netflix_dataset;netflix_dataset;amazon_dataset;youtubeLive_dataset;amazon_dataset;tft_dataset;teams_dataset;geforce_dataset;battleground_dataset;meet_dataset;zoom_dataset;meet_dataset;gamebox_dataset;youtube_dataset;tft_dataset;roblox_dataset;tft_dataset;afreeca_dataset;zoom_dataset;netflix_dataset;meet_dataset;amazon_dataset;battleground_dataset;teams_dataset;navernow_dataset,HIGH,Current Demand Only (lambda=0.00),0.0,0.75,99.97679100881456,12.054979613467333,9.109231208361189,0.5248886030865585,92.61150971599402,0.24334543117598414,99.97679100881459,46
100,synthetic_scalability_scenario_derived_from_real_traffic,15,85,afreeca_dataset;amazon_dataset;battleground_dataset;gamebox_dataset;geforce_dataset;meet_dataset;navernow_dataset;netflix_dataset;roblox_dataset;teams_dataset;tft_dataset;youtubeLive_dataset;youtube_dataset;zepeto_dataset;zoom_dataset;roblox_dataset;navernow_dataset;amazon_dataset;zepeto_dataset;youtube_dataset;geforce_dataset;battleground_dataset;tft_dataset;amazon_dataset;navernow_dataset;tft_dataset;youtubeLive_dataset;meet_dataset;netflix_dataset;roblox_dataset;youtubeLive_dataset;zepeto_dataset;meet_dataset;navernow_dataset;zepeto_dataset;amazon_dataset;youtubeLive_dataset;navernow_dataset;tft_dataset;geforce_dataset;roblox_dataset;zoom_dataset;battleground_dataset;teams_dataset;amazon_dataset;youtubeLive_dataset;navernow_dataset;youtube_dataset;zepeto_dataset;gamebox_dataset;teams_dataset;youtube_dataset;youtube_dataset;youtubeLive_dataset;youtubeLive_dataset;netflix_dataset;geforce_dataset;roblox_dataset;netflix_dataset;afreeca_dataset;gamebox_dataset;navernow_dataset;teams_dataset;youtube_dataset;amazon_dataset;roblox_dataset;roblox_dataset;amazon_dataset;youtubeLive_dataset;teams_dataset;meet_dataset;zoom_dataset;geforce_dataset;zoom_dataset;afreeca_dataset;youtube_dataset;youtube_dataset;zepeto_dataset;navernow_dataset;amazon_dataset;netflix_dataset;zoom_dataset;navernow_dataset;navernow_dataset;geforce_dataset;meet_dataset;amazon_dataset;youtubeLive_dataset;tft_dataset;tft_dataset;zepeto_dataset;zoom_dataset;netflix_dataset;netflix_dataset;battleground_dataset;gamebox_dataset;tft_dataset;teams_dataset;zoom_dataset;meet_dataset,SPIKE,Equal Share,,0.75,35.356691889131895,30.898917073507555,68.40926357079833,1.8127316921978107,83.10896860986547,0.46248547211570323,35.35669188913187,42
100,synthetic_scalability_scenario_derived_from_real_traffic,15,85,afreeca_dataset;amazon_dataset;battleground_dataset;gamebox_dataset;geforce_dataset;meet_dataset;navernow_dataset;netflix_dataset;roblox_dataset;teams_dataset;tft_dataset;youtubeLive_dataset;youtube_dataset;zepeto_dataset;zoom_dataset;roblox_dataset;navernow_dataset;amazon_dataset;zepeto_dataset;youtube_dataset;geforce_dataset;battleground_dataset;tft_dataset;amazon_dataset;navernow_dataset;tft_dataset;youtubeLive_dataset;meet_dataset;netflix_dataset;roblox_dataset;youtubeLive_dataset;zepeto_dataset;meet_dataset;navernow_dataset;zepeto_dataset;amazon_dataset;youtubeLive_dataset;navernow_dataset;tft_dataset;geforce_dataset;roblox_dataset;zoom_dataset;battleground_dataset;teams_dataset;amazon_dataset;youtubeLive_dataset;navernow_dataset;youtube_dataset;zepeto_dataset;gamebox_dataset;teams_dataset;youtube_dataset;youtube_dataset;youtubeLive_dataset;youtubeLive_dataset;netflix_dataset;geforce_dataset;roblox_dataset;netflix_dataset;afreeca_dataset;gamebox_dataset;navernow_dataset;teams_dataset;youtube_dataset;amazon_dataset;roblox_dataset;roblox_dataset;amazon_dataset;youtubeLive_dataset;teams_dataset;meet_dataset;zoom_dataset;geforce_dataset;zoom_dataset;afreeca_dataset;youtube_dataset;youtube_dataset;zepeto_dataset;navernow_dataset;amazon_dataset;netflix_dataset;zoom_dataset;navernow_dataset;navernow_dataset;geforce_dataset;meet_dataset;amazon_dataset;youtubeLive_dataset;tft_dataset;tft_dataset;zepeto_dataset;zoom_dataset;netflix_dataset;netflix_dataset;battleground_dataset;gamebox_dataset;tft_dataset;teams_dataset;zoom_dataset;meet_dataset,SPIKE,Round Robin,,0.75,90.02468629357413,11.288840886202733,19.577557687895137,0.378832969652508,93.896711509716,0.27032860537958614,90.0246862935742,42
100,synthetic_scalability_scenario_derived_from_real_traffic,15,85,afreeca_dataset;amazon_dataset;battleground_dataset;gamebox_dataset;geforce_dataset;meet_dataset;navernow_dataset;netflix_dataset;roblox_dataset;teams_dataset;tft_dataset;youtubeLive_dataset;youtube_dataset;zepeto_dataset;zoom_dataset;roblox_dataset;navernow_dataset;amazon_dataset;zepeto_dataset;youtube_dataset;geforce_dataset;battleground_dataset;tft_dataset;amazon_dataset;navernow_dataset;tft_dataset;youtubeLive_dataset;meet_dataset;netflix_dataset;roblox_dataset;youtubeLive_dataset;zepeto_dataset;meet_dataset;navernow_dataset;zepeto_dataset;amazon_dataset;youtubeLive_dataset;navernow_dataset;tft_dataset;geforce_dataset;roblox_dataset;zoom_dataset;battleground_dataset;teams_dataset;amazon_dataset;youtubeLive_dataset;navernow_dataset;youtube_dataset;zepeto_dataset;gamebox_dataset;teams_dataset;youtube_dataset;youtube_dataset;youtubeLive_dataset;youtubeLive_dataset;netflix_dataset;geforce_dataset;roblox_dataset;netflix_dataset;afreeca_dataset;gamebox_dataset;navernow_dataset;teams_dataset;youtube_dataset;amazon_dataset;roblox_dataset;roblox_dataset;amazon_dataset;youtubeLive_dataset;teams_dataset;meet_dataset;zoom_dataset;geforce_dataset;zoom_dataset;afreeca_dataset;youtube_dataset;youtube_dataset;zepeto_dataset;navernow_dataset;amazon_dataset;netflix_dataset;zoom_dataset;navernow_dataset;navernow_dataset;geforce_dataset;meet_dataset;amazon_dataset;youtubeLive_dataset;tft_dataset;tft_dataset;zepeto_dataset;zoom_dataset;netflix_dataset;netflix_dataset;battleground_dataset;gamebox_dataset;tft_dataset;teams_dataset;zoom_dataset;meet_dataset,SPIKE,Proportional Fair,,0.75,90.0359557969132,11.293890521462668,19.568543961357147,0.4504382253601553,94.4254110612855,0.2871739681726642,90.03595579691327,42
100,synthetic_scalability_scenario_derived_from_real_traffic,15,85,afreeca_dataset;amazon_dataset;battleground_dataset;gamebox_dataset;geforce_dataset;meet_dataset;navernow_dataset;netflix_dataset;roblox_dataset;teams_dataset;tft_dataset;youtubeLive_dataset;youtube_dataset;zepeto_dataset;zoom_dataset;roblox_dataset;navernow_dataset;amazon_dataset;zepeto_dataset;youtube_dataset;geforce_dataset;battleground_dataset;tft_dataset;amazon_dataset;navernow_dataset;tft_dataset;youtubeLive_dataset;meet_dataset;netflix_dataset;roblox_dataset;youtubeLive_dataset;zepeto_dataset;meet_dataset;navernow_dataset;zepeto_dataset;amazon_dataset;youtubeLive_dataset;navernow_dataset;tft_dataset;geforce_dataset;roblox_dataset;zoom_dataset;battleground_dataset;teams_dataset;amazon_dataset;youtubeLive_dataset;navernow_dataset;youtube_dataset;zepeto_dataset;gamebox_dataset;teams_dataset;youtube_dataset;youtube_dataset;youtubeLive_dataset;youtubeLive_dataset;netflix_dataset;geforce_dataset;roblox_dataset;netflix_dataset;afreeca_dataset;gamebox_dataset;navernow_dataset;teams_dataset;youtube_dataset;amazon_dataset;roblox_dataset;roblox_dataset;amazon_dataset;youtubeLive_dataset;teams_dataset;meet_dataset;zoom_dataset;geforce_dataset;zoom_dataset;afreeca_dataset;youtube_dataset;youtube_dataset;zepeto_dataset;navernow_dataset;amazon_dataset;netflix_dataset;zoom_dataset;navernow_dataset;navernow_dataset;geforce_dataset;meet_dataset;amazon_dataset;youtubeLive_dataset;tft_dataset;tft_dataset;zepeto_dataset;zoom_dataset;netflix_dataset;netflix_dataset;battleground_dataset;gamebox_dataset;tft_dataset;teams_dataset;zoom_dataset;meet_dataset,SPIKE,Blended Demand (lambda=0.25),0.25,0.75,86.58155836583681,12.805684451807608,22.65234857680092,0.6958501220873641,93.2542600896861,0.292205566798496,92.80706514175,42
100,synthetic_scalability_scenario_derived_from_real_traffic,15,85,afreeca_dataset;amazon_dataset;battleground_dataset;gamebox_dataset;geforce_dataset;meet_dataset;navernow_dataset;netflix_dataset;roblox_dataset;teams_dataset;tft_dataset;youtubeLive_dataset;youtube_dataset;zepeto_dataset;zoom_dataset;roblox_dataset;navernow_dataset;amazon_dataset;zepeto_dataset;youtube_dataset;geforce_dataset;battleground_dataset;tft_dataset;amazon_dataset;navernow_dataset;tft_dataset;youtubeLive_dataset;meet_dataset;netflix_dataset;roblox_dataset;youtubeLive_dataset;zepeto_dataset;meet_dataset;navernow_dataset;zepeto_dataset;amazon_dataset;youtubeLive_dataset;navernow_dataset;tft_dataset;geforce_dataset;roblox_dataset;zoom_dataset;battleground_dataset;teams_dataset;amazon_dataset;youtubeLive_dataset;navernow_dataset;youtube_dataset;zepeto_dataset;gamebox_dataset;teams_dataset;youtube_dataset;youtube_dataset;youtubeLive_dataset;youtubeLive_dataset;netflix_dataset;geforce_dataset;roblox_dataset;netflix_dataset;afreeca_dataset;gamebox_dataset;navernow_dataset;teams_dataset;youtube_dataset;amazon_dataset;roblox_dataset;roblox_dataset;amazon_dataset;youtubeLive_dataset;teams_dataset;meet_dataset;zoom_dataset;geforce_dataset;zoom_dataset;afreeca_dataset;youtube_dataset;youtube_dataset;zepeto_dataset;navernow_dataset;amazon_dataset;netflix_dataset;zoom_dataset;navernow_dataset;navernow_dataset;geforce_dataset;meet_dataset;amazon_dataset;youtubeLive_dataset;tft_dataset;tft_dataset;zepeto_dataset;zoom_dataset;netflix_dataset;netflix_dataset;battleground_dataset;gamebox_dataset;tft_dataset;teams_dataset;zoom_dataset;meet_dataset,SPIKE,Blended Demand (lambda=0.50),0.5,0.75,83.68213159790308,14.478059441638297,25.241935941141477,1.1854344330728106,92.0880418535127,0.3054494413115369,94.62714810777443,42
100,synthetic_scalability_scenario_derived_from_real_traffic,15,85,afreeca_dataset;amazon_dataset;battleground_dataset;gamebox_dataset;geforce_dataset;meet_dataset;navernow_dataset;netflix_dataset;roblox_dataset;teams_dataset;tft_dataset;youtubeLive_dataset;youtube_dataset;zepeto_dataset;zoom_dataset;roblox_dataset;navernow_dataset;amazon_dataset;zepeto_dataset;youtube_dataset;geforce_dataset;battleground_dataset;tft_dataset;amazon_dataset;navernow_dataset;tft_dataset;youtubeLive_dataset;meet_dataset;netflix_dataset;roblox_dataset;youtubeLive_dataset;zepeto_dataset;meet_dataset;navernow_dataset;zepeto_dataset;amazon_dataset;youtubeLive_dataset;navernow_dataset;tft_dataset;geforce_dataset;roblox_dataset;zoom_dataset;battleground_dataset;teams_dataset;amazon_dataset;youtubeLive_dataset;navernow_dataset;youtube_dataset;zepeto_dataset;gamebox_dataset;teams_dataset;youtube_dataset;youtube_dataset;youtubeLive_dataset;youtubeLive_dataset;netflix_dataset;geforce_dataset;roblox_dataset;netflix_dataset;afreeca_dataset;gamebox_dataset;navernow_dataset;teams_dataset;youtube_dataset;amazon_dataset;roblox_dataset;roblox_dataset;amazon_dataset;youtubeLive_dataset;teams_dataset;meet_dataset;zoom_dataset;geforce_dataset;zoom_dataset;afreeca_dataset;youtube_dataset;youtube_dataset;zepeto_dataset;navernow_dataset;amazon_dataset;netflix_dataset;zoom_dataset;navernow_dataset;navernow_dataset;geforce_dataset;meet_dataset;amazon_dataset;youtubeLive_dataset;tft_dataset;tft_dataset;zepeto_dataset;zoom_dataset;netflix_dataset;netflix_dataset;battleground_dataset;gamebox_dataset;tft_dataset;teams_dataset;zoom_dataset;meet_dataset,SPIKE,Blended Demand (lambda=0.75),0.75,0.75,80.21425505774462,17.478943809484026,28.339465600317702,2.4308161898381324,89.17548579970105,0.31208127375275646,95.57946431613429,42
100,synthetic_scalability_scenario_derived_from_real_traffic,15,85,afreeca_dataset;amazon_dataset;battleground_dataset;gamebox_dataset;geforce_dataset;meet_dataset;navernow_dataset;netflix_dataset;roblox_dataset;teams_dataset;tft_dataset;youtubeLive_dataset;youtube_dataset;zepeto_dataset;zoom_dataset;roblox_dataset;navernow_dataset;amazon_dataset;zepeto_dataset;youtube_dataset;geforce_dataset;battleground_dataset;tft_dataset;amazon_dataset;navernow_dataset;tft_dataset;youtubeLive_dataset;meet_dataset;netflix_dataset;roblox_dataset;youtubeLive_dataset;zepeto_dataset;meet_dataset;navernow_dataset;zepeto_dataset;amazon_dataset;youtubeLive_dataset;navernow_dataset;tft_dataset;geforce_dataset;roblox_dataset;zoom_dataset;battleground_dataset;teams_dataset;amazon_dataset;youtubeLive_dataset;navernow_dataset;youtube_dataset;zepeto_dataset;gamebox_dataset;teams_dataset;youtube_dataset;youtube_dataset;youtubeLive_dataset;youtubeLive_dataset;netflix_dataset;geforce_dataset;roblox_dataset;netflix_dataset;afreeca_dataset;gamebox_dataset;navernow_dataset;teams_dataset;youtube_dataset;amazon_dataset;roblox_dataset;roblox_dataset;amazon_dataset;youtubeLive_dataset;teams_dataset;meet_dataset;zoom_dataset;geforce_dataset;zoom_dataset;afreeca_dataset;youtube_dataset;youtube_dataset;zepeto_dataset;navernow_dataset;amazon_dataset;netflix_dataset;zoom_dataset;navernow_dataset;navernow_dataset;geforce_dataset;meet_dataset;amazon_dataset;youtubeLive_dataset;tft_dataset;tft_dataset;zepeto_dataset;zoom_dataset;netflix_dataset;netflix_dataset;battleground_dataset;gamebox_dataset;tft_dataset;teams_dataset;zoom_dataset;meet_dataset,SPIKE,Prediction Only (lambda=1.00),1.0,0.75,76.05024428330942,32.286074698815,32.05913211474222,9.77886076154539,87.71420029895366,0.30792630268392507,96.16718646404807,42
100,synthetic_scalability_scenario_derived_from_real_traffic,15,85,afreeca_dataset;amazon_dataset;battleground_dataset;gamebox_dataset;geforce_dataset;meet_dataset;navernow_dataset;netflix_dataset;roblox_dataset;teams_dataset;tft_dataset;youtubeLive_dataset;youtube_dataset;zepeto_dataset;zoom_dataset;roblox_dataset;navernow_dataset;amazon_dataset;zepeto_dataset;youtube_dataset;geforce_dataset;battleground_dataset;tft_dataset;amazon_dataset;navernow_dataset;tft_dataset;youtubeLive_dataset;meet_dataset;netflix_dataset;roblox_dataset;youtubeLive_dataset;zepeto_dataset;meet_dataset;navernow_dataset;zepeto_dataset;amazon_dataset;youtubeLive_dataset;navernow_dataset;tft_dataset;geforce_dataset;roblox_dataset;zoom_dataset;battleground_dataset;teams_dataset;amazon_dataset;youtubeLive_dataset;navernow_dataset;youtube_dataset;zepeto_dataset;gamebox_dataset;teams_dataset;youtube_dataset;youtube_dataset;youtubeLive_dataset;youtubeLive_dataset;netflix_dataset;geforce_dataset;roblox_dataset;netflix_dataset;afreeca_dataset;gamebox_dataset;navernow_dataset;teams_dataset;youtube_dataset;amazon_dataset;roblox_dataset;roblox_dataset;amazon_dataset;youtubeLive_dataset;teams_dataset;meet_dataset;zoom_dataset;geforce_dataset;zoom_dataset;afreeca_dataset;youtube_dataset;youtube_dataset;zepeto_dataset;navernow_dataset;amazon_dataset;netflix_dataset;zoom_dataset;navernow_dataset;navernow_dataset;geforce_dataset;meet_dataset;amazon_dataset;youtubeLive_dataset;tft_dataset;tft_dataset;zepeto_dataset;zoom_dataset;netflix_dataset;netflix_dataset;battleground_dataset;gamebox_dataset;tft_dataset;teams_dataset;zoom_dataset;meet_dataset,SPIKE,Current Demand Only (lambda=0.00),0.0,0.75,90.03162813047662,11.54562865307538,19.57104730246988,0.444074425002024,93.61629297458894,0.2701359628155225,90.03162813047668,42
100,synthetic_scalability_scenario_derived_from_real_traffic,15,85,afreeca_dataset;amazon_dataset;battleground_dataset;gamebox_dataset;geforce_dataset;meet_dataset;navernow_dataset;netflix_dataset;roblox_dataset;teams_dataset;tft_dataset;youtubeLive_dataset;youtube_dataset;zepeto_dataset;zoom_dataset;zepeto_dataset;navernow_dataset;navernow_dataset;roblox_dataset;afreeca_dataset;meet_dataset;netflix_dataset;youtube_dataset;zoom_dataset;tft_dataset;zepeto_dataset;afreeca_dataset;roblox_dataset;youtube_dataset;amazon_dataset;amazon_dataset;youtube_dataset;tft_dataset;teams_dataset;tft_dataset;battleground_dataset;teams_dataset;netflix_dataset;youtubeLive_dataset;afreeca_dataset;roblox_dataset;geforce_dataset;geforce_dataset;tft_dataset;netflix_dataset;tft_dataset;youtube_dataset;geforce_dataset;amazon_dataset;gamebox_dataset;meet_dataset;battleground_dataset;gamebox_dataset;teams_dataset;zepeto_dataset;teams_dataset;afreeca_dataset;meet_dataset;zepeto_dataset;tft_dataset;teams_dataset;amazon_dataset;navernow_dataset;battleground_dataset;battleground_dataset;geforce_dataset;zoom_dataset;youtubeLive_dataset;youtube_dataset;zepeto_dataset;tft_dataset;battleground_dataset;zoom_dataset;youtube_dataset;amazon_dataset;geforce_dataset;navernow_dataset;netflix_dataset;zoom_dataset;navernow_dataset;battleground_dataset;youtubeLive_dataset;zoom_dataset;zepeto_dataset;gamebox_dataset;zoom_dataset;netflix_dataset;youtubeLive_dataset;roblox_dataset;zoom_dataset;netflix_dataset;geforce_dataset;youtube_dataset;meet_dataset;teams_dataset;tft_dataset;zepeto_dataset;geforce_dataset;roblox_dataset;teams_dataset,SPIKE,Equal Share,,0.75,33.24765443817406,30.81144728830767,70.2933093159226,1.4848494796521516,82.04633781763826,0.4224813065416007,33.24765443817404,43
100,synthetic_scalability_scenario_derived_from_real_traffic,15,85,afreeca_dataset;amazon_dataset;battleground_dataset;gamebox_dataset;geforce_dataset;meet_dataset;navernow_dataset;netflix_dataset;roblox_dataset;teams_dataset;tft_dataset;youtubeLive_dataset;youtube_dataset;zepeto_dataset;zoom_dataset;zepeto_dataset;navernow_dataset;navernow_dataset;roblox_dataset;afreeca_dataset;meet_dataset;netflix_dataset;youtube_dataset;zoom_dataset;tft_dataset;zepeto_dataset;afreeca_dataset;roblox_dataset;youtube_dataset;amazon_dataset;amazon_dataset;youtube_dataset;tft_dataset;teams_dataset;tft_dataset;battleground_dataset;teams_dataset;netflix_dataset;youtubeLive_dataset;afreeca_dataset;roblox_dataset;geforce_dataset;geforce_dataset;tft_dataset;netflix_dataset;tft_dataset;youtube_dataset;geforce_dataset;amazon_dataset;gamebox_dataset;meet_dataset;battleground_dataset;gamebox_dataset;teams_dataset;zepeto_dataset;teams_dataset;afreeca_dataset;meet_dataset;zepeto_dataset;tft_dataset;teams_dataset;amazon_dataset;navernow_dataset;battleground_dataset;battleground_dataset;geforce_dataset;zoom_dataset;youtubeLive_dataset;youtube_dataset;zepeto_dataset;tft_dataset;battleground_dataset;zoom_dataset;youtube_dataset;amazon_dataset;geforce_dataset;navernow_dataset;netflix_dataset;zoom_dataset;navernow_dataset;battleground_dataset;youtubeLive_dataset;zoom_dataset;zepeto_dataset;gamebox_dataset;zoom_dataset;netflix_dataset;youtubeLive_dataset;roblox_dataset;zoom_dataset;netflix_dataset;geforce_dataset;youtube_dataset;meet_dataset;teams_dataset;tft_dataset;zepeto_dataset;geforce_dataset;roblox_dataset;teams_dataset,SPIKE,Round Robin,,0.75,90.04784656977267,11.335872167714394,19.555916409989155,0.31019784726338395,93.4727952167414,0.24877908858848996,90.0478465697726,43
100,synthetic_scalability_scenario_derived_from_real_traffic,15,85,afreeca_dataset;amazon_dataset;battleground_dataset;gamebox_dataset;geforce_dataset;meet_dataset;navernow_dataset;netflix_dataset;roblox_dataset;teams_dataset;tft_dataset;youtubeLive_dataset;youtube_dataset;zepeto_dataset;zoom_dataset;zepeto_dataset;navernow_dataset;navernow_dataset;roblox_dataset;afreeca_dataset;meet_dataset;netflix_dataset;youtube_dataset;zoom_dataset;tft_dataset;zepeto_dataset;afreeca_dataset;roblox_dataset;youtube_dataset;amazon_dataset;amazon_dataset;youtube_dataset;tft_dataset;teams_dataset;tft_dataset;battleground_dataset;teams_dataset;netflix_dataset;youtubeLive_dataset;afreeca_dataset;roblox_dataset;geforce_dataset;geforce_dataset;tft_dataset;netflix_dataset;tft_dataset;youtube_dataset;geforce_dataset;amazon_dataset;gamebox_dataset;meet_dataset;battleground_dataset;gamebox_dataset;teams_dataset;zepeto_dataset;teams_dataset;afreeca_dataset;meet_dataset;zepeto_dataset;tft_dataset;teams_dataset;amazon_dataset;navernow_dataset;battleground_dataset;battleground_dataset;geforce_dataset;zoom_dataset;youtubeLive_dataset;youtube_dataset;zepeto_dataset;tft_dataset;battleground_dataset;zoom_dataset;youtube_dataset;amazon_dataset;geforce_dataset;navernow_dataset;netflix_dataset;zoom_dataset;navernow_dataset;battleground_dataset;youtubeLive_dataset;zoom_dataset;zepeto_dataset;gamebox_dataset;zoom_dataset;netflix_dataset;youtubeLive_dataset;roblox_dataset;zoom_dataset;netflix_dataset;geforce_dataset;youtube_dataset;meet_dataset;teams_dataset;tft_dataset;zepeto_dataset;geforce_dataset;roblox_dataset;teams_dataset,SPIKE,Proportional Fair,,0.75,90.05461808732419,11.323744851133693,19.55057230710545,0.3632635642745916,93.95695067264575,0.25888792674790195,90.05461808732413,43
100,synthetic_scalability_scenario_derived_from_real_traffic,15,85,afreeca_dataset;amazon_dataset;battleground_dataset;gamebox_dataset;geforce_dataset;meet_dataset;navernow_dataset;netflix_dataset;roblox_dataset;teams_dataset;tft_dataset;youtubeLive_dataset;youtube_dataset;zepeto_dataset;zoom_dataset;zepeto_dataset;navernow_dataset;navernow_dataset;roblox_dataset;afreeca_dataset;meet_dataset;netflix_dataset;youtube_dataset;zoom_dataset;tft_dataset;zepeto_dataset;afreeca_dataset;roblox_dataset;youtube_dataset;amazon_dataset;amazon_dataset;youtube_dataset;tft_dataset;teams_dataset;tft_dataset;battleground_dataset;teams_dataset;netflix_dataset;youtubeLive_dataset;afreeca_dataset;roblox_dataset;geforce_dataset;geforce_dataset;tft_dataset;netflix_dataset;tft_dataset;youtube_dataset;geforce_dataset;amazon_dataset;gamebox_dataset;meet_dataset;battleground_dataset;gamebox_dataset;teams_dataset;zepeto_dataset;teams_dataset;afreeca_dataset;meet_dataset;zepeto_dataset;tft_dataset;teams_dataset;amazon_dataset;navernow_dataset;battleground_dataset;battleground_dataset;geforce_dataset;zoom_dataset;youtubeLive_dataset;youtube_dataset;zepeto_dataset;tft_dataset;battleground_dataset;zoom_dataset;youtube_dataset;amazon_dataset;geforce_dataset;navernow_dataset;netflix_dataset;zoom_dataset;navernow_dataset;battleground_dataset;youtubeLive_dataset;zoom_dataset;zepeto_dataset;gamebox_dataset;zoom_dataset;netflix_dataset;youtubeLive_dataset;roblox_dataset;zoom_dataset;netflix_dataset;geforce_dataset;youtube_dataset;meet_dataset;teams_dataset;tft_dataset;zepeto_dataset;geforce_dataset;roblox_dataset;teams_dataset,SPIKE,Blended Demand (lambda=0.25),0.25,0.75,87.8756566292346,12.418016651589635,21.49601963554649,0.5329592439618203,93.03348281016443,0.26225717529868187,91.91694333146025,43
100,synthetic_scalability_scenario_derived_from_real_traffic,15,85,afreeca_dataset;amazon_dataset;battleground_dataset;gamebox_dataset;geforce_dataset;meet_dataset;navernow_dataset;netflix_dataset;roblox_dataset;teams_dataset;tft_dataset;youtubeLive_dataset;youtube_dataset;zepeto_dataset;zoom_dataset;zepeto_dataset;navernow_dataset;navernow_dataset;roblox_dataset;afreeca_dataset;meet_dataset;netflix_dataset;youtube_dataset;zoom_dataset;tft_dataset;zepeto_dataset;afreeca_dataset;roblox_dataset;youtube_dataset;amazon_dataset;amazon_dataset;youtube_dataset;tft_dataset;teams_dataset;tft_dataset;battleground_dataset;teams_dataset;netflix_dataset;youtubeLive_dataset;afreeca_dataset;roblox_dataset;geforce_dataset;geforce_dataset;tft_dataset;netflix_dataset;tft_dataset;youtube_dataset;geforce_dataset;amazon_dataset;gamebox_dataset;meet_dataset;battleground_dataset;gamebox_dataset;teams_dataset;zepeto_dataset;teams_dataset;afreeca_dataset;meet_dataset;zepeto_dataset;tft_dataset;teams_dataset;amazon_dataset;navernow_dataset;battleground_dataset;battleground_dataset;geforce_dataset;zoom_dataset;youtubeLive_dataset;youtube_dataset;zepeto_dataset;tft_dataset;battleground_dataset;zoom_dataset;youtube_dataset;amazon_dataset;geforce_dataset;navernow_dataset;netflix_dataset;zoom_dataset;navernow_dataset;battleground_dataset;youtubeLive_dataset;zoom_dataset;zepeto_dataset;gamebox_dataset;zoom_dataset;netflix_dataset;youtubeLive_dataset;roblox_dataset;zoom_dataset;netflix_dataset;geforce_dataset;youtube_dataset;meet_dataset;teams_dataset;tft_dataset;zepeto_dataset;geforce_dataset;roblox_dataset;teams_dataset,SPIKE,Blended Demand (lambda=0.50),0.5,0.75,85.9568508062012,13.63630002254824,23.210044110511166,0.9420070008943969,92.29925261584454,0.2710720743744885,93.24022874641555,43
100,synthetic_scalability_scenario_derived_from_real_traffic,15,85,afreeca_dataset;amazon_dataset;battleground_dataset;gamebox_dataset;geforce_dataset;meet_dataset;navernow_dataset;netflix_dataset;roblox_dataset;teams_dataset;tft_dataset;youtubeLive_dataset;youtube_dataset;zepeto_dataset;zoom_dataset;zepeto_dataset;navernow_dataset;navernow_dataset;roblox_dataset;afreeca_dataset;meet_dataset;netflix_dataset;youtube_dataset;zoom_dataset;tft_dataset;zepeto_dataset;afreeca_dataset;roblox_dataset;youtube_dataset;amazon_dataset;amazon_dataset;youtube_dataset;tft_dataset;teams_dataset;tft_dataset;battleground_dataset;teams_dataset;netflix_dataset;youtubeLive_dataset;afreeca_dataset;roblox_dataset;geforce_dataset;geforce_dataset;tft_dataset;netflix_dataset;tft_dataset;youtube_dataset;geforce_dataset;amazon_dataset;gamebox_dataset;meet_dataset;battleground_dataset;gamebox_dataset;teams_dataset;zepeto_dataset;teams_dataset;afreeca_dataset;meet_dataset;zepeto_dataset;tft_dataset;teams_dataset;amazon_dataset;navernow_dataset;battleground_dataset;battleground_dataset;geforce_dataset;zoom_dataset;youtubeLive_dataset;youtube_dataset;zepeto_dataset;tft_dataset;battleground_dataset;zoom_dataset;youtube_dataset;amazon_dataset;geforce_dataset;navernow_dataset;netflix_dataset;zoom_dataset;navernow_dataset;battleground_dataset;youtubeLive_dataset;zoom_dataset;zepeto_dataset;gamebox_dataset;zoom_dataset;netflix_dataset;youtubeLive_dataset;roblox_dataset;zoom_dataset;netflix_dataset;geforce_dataset;youtube_dataset;meet_dataset;teams_dataset;tft_dataset;zepeto_dataset;geforce_dataset;roblox_dataset;teams_dataset,SPIKE,Blended Demand (lambda=0.75),0.75,0.75,83.6448560018501,15.795677135653971,25.275283598643988,1.9664202760128584,90.3219730941704,0.2755185830372887,94.02740762003599,43
100,synthetic_scalability_scenario_derived_from_real_traffic,15,85,afreeca_dataset;amazon_dataset;battleground_dataset;gamebox_dataset;geforce_dataset;meet_dataset;navernow_dataset;netflix_dataset;roblox_dataset;teams_dataset;tft_dataset;youtubeLive_dataset;youtube_dataset;zepeto_dataset;zoom_dataset;zepeto_dataset;navernow_dataset;navernow_dataset;roblox_dataset;afreeca_dataset;meet_dataset;netflix_dataset;youtube_dataset;zoom_dataset;tft_dataset;zepeto_dataset;afreeca_dataset;roblox_dataset;youtube_dataset;amazon_dataset;amazon_dataset;youtube_dataset;tft_dataset;teams_dataset;tft_dataset;battleground_dataset;teams_dataset;netflix_dataset;youtubeLive_dataset;afreeca_dataset;roblox_dataset;geforce_dataset;geforce_dataset;tft_dataset;netflix_dataset;tft_dataset;youtube_dataset;geforce_dataset;amazon_dataset;gamebox_dataset;meet_dataset;battleground_dataset;gamebox_dataset;teams_dataset;zepeto_dataset;teams_dataset;afreeca_dataset;meet_dataset;zepeto_dataset;tft_dataset;teams_dataset;amazon_dataset;navernow_dataset;battleground_dataset;battleground_dataset;geforce_dataset;zoom_dataset;youtubeLive_dataset;youtube_dataset;zepeto_dataset;tft_dataset;battleground_dataset;zoom_dataset;youtube_dataset;amazon_dataset;geforce_dataset;navernow_dataset;netflix_dataset;zoom_dataset;navernow_dataset;battleground_dataset;youtubeLive_dataset;zoom_dataset;zepeto_dataset;gamebox_dataset;zoom_dataset;netflix_dataset;youtubeLive_dataset;roblox_dataset;zoom_dataset;netflix_dataset;geforce_dataset;youtube_dataset;meet_dataset;teams_dataset;tft_dataset;zepeto_dataset;geforce_dataset;roblox_dataset;teams_dataset,SPIKE,Prediction Only (lambda=1.00),1.0,0.75,81.08128359736826,25.548953229722677,27.565286535888234,7.814242783897947,89.27100149476831,0.2736716316752647,94.64976624247322,43
100,synthetic_scalability_scenario_derived_from_real_traffic,15,85,afreeca_dataset;amazon_dataset;battleground_dataset;gamebox_dataset;geforce_dataset;meet_dataset;navernow_dataset;netflix_dataset;roblox_dataset;teams_dataset;tft_dataset;youtubeLive_dataset;youtube_dataset;zepeto_dataset;zoom_dataset;zepeto_dataset;navernow_dataset;navernow_dataset;roblox_dataset;afreeca_dataset;meet_dataset;netflix_dataset;youtube_dataset;zoom_dataset;tft_dataset;zepeto_dataset;afreeca_dataset;roblox_dataset;youtube_dataset;amazon_dataset;amazon_dataset;youtube_dataset;tft_dataset;teams_dataset;tft_dataset;battleground_dataset;teams_dataset;netflix_dataset;youtubeLive_dataset;afreeca_dataset;roblox_dataset;geforce_dataset;geforce_dataset;tft_dataset;netflix_dataset;tft_dataset;youtube_dataset;geforce_dataset;amazon_dataset;gamebox_dataset;meet_dataset;battleground_dataset;gamebox_dataset;teams_dataset;zepeto_dataset;teams_dataset;afreeca_dataset;meet_dataset;zepeto_dataset;tft_dataset;teams_dataset;amazon_dataset;navernow_dataset;battleground_dataset;battleground_dataset;geforce_dataset;zoom_dataset;youtubeLive_dataset;youtube_dataset;zepeto_dataset;tft_dataset;battleground_dataset;zoom_dataset;youtube_dataset;amazon_dataset;geforce_dataset;navernow_dataset;netflix_dataset;zoom_dataset;navernow_dataset;battleground_dataset;youtubeLive_dataset;zoom_dataset;zepeto_dataset;gamebox_dataset;zoom_dataset;netflix_dataset;youtubeLive_dataset;roblox_dataset;zoom_dataset;netflix_dataset;geforce_dataset;youtube_dataset;meet_dataset;teams_dataset;tft_dataset;zepeto_dataset;geforce_dataset;roblox_dataset;teams_dataset,SPIKE,Current Demand Only (lambda=0.00),0.0,0.75,90.05147103055886,11.518853423575234,19.552480350485887,0.329863795583024,93.24544095665172,0.24851583742580372,90.05147103055879,43
100,synthetic_scalability_scenario_derived_from_real_traffic,15,85,afreeca_dataset;amazon_dataset;battleground_dataset;gamebox_dataset;geforce_dataset;meet_dataset;navernow_dataset;netflix_dataset;roblox_dataset;teams_dataset;tft_dataset;youtubeLive_dataset;youtube_dataset;zepeto_dataset;zoom_dataset;roblox_dataset;navernow_dataset;roblox_dataset;amazon_dataset;roblox_dataset;youtube_dataset;zoom_dataset;youtubeLive_dataset;teams_dataset;tft_dataset;zoom_dataset;gamebox_dataset;youtube_dataset;zoom_dataset;tft_dataset;geforce_dataset;teams_dataset;meet_dataset;meet_dataset;roblox_dataset;youtube_dataset;battleground_dataset;navernow_dataset;roblox_dataset;youtube_dataset;roblox_dataset;geforce_dataset;youtubeLive_dataset;roblox_dataset;afreeca_dataset;geforce_dataset;zepeto_dataset;battleground_dataset;roblox_dataset;netflix_dataset;roblox_dataset;amazon_dataset;meet_dataset;zoom_dataset;amazon_dataset;youtube_dataset;zepeto_dataset;gamebox_dataset;netflix_dataset;tft_dataset;meet_dataset;gamebox_dataset;zoom_dataset;teams_dataset;teams_dataset;battleground_dataset;battleground_dataset;meet_dataset;battleground_dataset;zepeto_dataset;zepeto_dataset;youtube_dataset;meet_dataset;navernow_dataset;meet_dataset;netflix_dataset;gamebox_dataset;afreeca_dataset;geforce_dataset;zoom_dataset;battleground_dataset;battleground_dataset;amazon_dataset;meet_dataset;teams_dataset;battleground_dataset;youtube_dataset;youtube_dataset;battleground_dataset;youtubeLive_dataset;meet_dataset;youtubeLive_dataset;roblox_dataset;amazon_dataset;roblox_dataset;roblox_dataset;gamebox_dataset;geforce_dataset;tft_dataset;netflix_dataset,SPIKE,Equal Share,,0.75,29.301184312063462,28.838663067832407,73.74248725737827,1.3449119170551855,83.39461883408072,0.3702276765828548,29.301184312063477,44
100,synthetic_scalability_scenario_derived_from_real_traffic,15,85,afreeca_dataset;amazon_dataset;battleground_dataset;gamebox_dataset;geforce_dataset;meet_dataset;navernow_dataset;netflix_dataset;roblox_dataset;teams_dataset;tft_dataset;youtubeLive_dataset;youtube_dataset;zepeto_dataset;zoom_dataset;roblox_dataset;navernow_dataset;roblox_dataset;amazon_dataset;roblox_dataset;youtube_dataset;zoom_dataset;youtubeLive_dataset;teams_dataset;tft_dataset;zoom_dataset;gamebox_dataset;youtube_dataset;zoom_dataset;tft_dataset;geforce_dataset;teams_dataset;meet_dataset;meet_dataset;roblox_dataset;youtube_dataset;battleground_dataset;navernow_dataset;roblox_dataset;youtube_dataset;roblox_dataset;geforce_dataset;youtubeLive_dataset;roblox_dataset;afreeca_dataset;geforce_dataset;zepeto_dataset;battleground_dataset;roblox_dataset;netflix_dataset;roblox_dataset;amazon_dataset;meet_dataset;zoom_dataset;amazon_dataset;youtube_dataset;zepeto_dataset;gamebox_dataset;netflix_dataset;tft_dataset;meet_dataset;gamebox_dataset;zoom_dataset;teams_dataset;teams_dataset;battleground_dataset;battleground_dataset;meet_dataset;battleground_dataset;zepeto_dataset;zepeto_dataset;youtube_dataset;meet_dataset;navernow_dataset;meet_dataset;netflix_dataset;gamebox_dataset;afreeca_dataset;geforce_dataset;zoom_dataset;battleground_dataset;battleground_dataset;amazon_dataset;meet_dataset;teams_dataset;battleground_dataset;youtube_dataset;youtube_dataset;battleground_dataset;youtubeLive_dataset;meet_dataset;youtubeLive_dataset;roblox_dataset;amazon_dataset;roblox_dataset;roblox_dataset;gamebox_dataset;geforce_dataset;tft_dataset;netflix_dataset,SPIKE,Round Robin,,0.75,90.45538528226336,11.154424124146674,18.955343017834217,0.2444590539359747,93.82585949177877,0.21554338488570893,90.45538528226326,44
100,synthetic_scalability_scenario_derived_from_real_traffic,15,85,afreeca_dataset;amazon_dataset;battleground_dataset;gamebox_dataset;geforce_dataset;meet_dataset;navernow_dataset;netflix_dataset;roblox_dataset;teams_dataset;tft_dataset;youtubeLive_dataset;youtube_dataset;zepeto_dataset;zoom_dataset;roblox_dataset;navernow_dataset;roblox_dataset;amazon_dataset;roblox_dataset;youtube_dataset;zoom_dataset;youtubeLive_dataset;teams_dataset;tft_dataset;zoom_dataset;gamebox_dataset;youtube_dataset;zoom_dataset;tft_dataset;geforce_dataset;teams_dataset;meet_dataset;meet_dataset;roblox_dataset;youtube_dataset;battleground_dataset;navernow_dataset;roblox_dataset;youtube_dataset;roblox_dataset;geforce_dataset;youtubeLive_dataset;roblox_dataset;afreeca_dataset;geforce_dataset;zepeto_dataset;battleground_dataset;roblox_dataset;netflix_dataset;roblox_dataset;amazon_dataset;meet_dataset;zoom_dataset;amazon_dataset;youtube_dataset;zepeto_dataset;gamebox_dataset;netflix_dataset;tft_dataset;meet_dataset;gamebox_dataset;zoom_dataset;teams_dataset;teams_dataset;battleground_dataset;battleground_dataset;meet_dataset;battleground_dataset;zepeto_dataset;zepeto_dataset;youtube_dataset;meet_dataset;navernow_dataset;meet_dataset;netflix_dataset;gamebox_dataset;afreeca_dataset;geforce_dataset;zoom_dataset;battleground_dataset;battleground_dataset;amazon_dataset;meet_dataset;teams_dataset;battleground_dataset;youtube_dataset;youtube_dataset;battleground_dataset;youtubeLive_dataset;meet_dataset;youtubeLive_dataset;roblox_dataset;amazon_dataset;roblox_dataset;roblox_dataset;gamebox_dataset;geforce_dataset;tft_dataset;netflix_dataset,SPIKE,Proportional Fair,,0.75,90.46039564691934,11.155049259101562,18.95088338431987,0.28757799416834773,94.1050822122571,0.22306598807103428,90.46039564691924,44
100,synthetic_scalability_scenario_derived_from_real_traffic,15,85,afreeca_dataset;amazon_dataset;battleground_dataset;gamebox_dataset;geforce_dataset;meet_dataset;navernow_dataset;netflix_dataset;roblox_dataset;teams_dataset;tft_dataset;youtubeLive_dataset;youtube_dataset;zepeto_dataset;zoom_dataset;roblox_dataset;navernow_dataset;roblox_dataset;amazon_dataset;roblox_dataset;youtube_dataset;zoom_dataset;youtubeLive_dataset;teams_dataset;tft_dataset;zoom_dataset;gamebox_dataset;youtube_dataset;zoom_dataset;tft_dataset;geforce_dataset;teams_dataset;meet_dataset;meet_dataset;roblox_dataset;youtube_dataset;battleground_dataset;navernow_dataset;roblox_dataset;youtube_dataset;roblox_dataset;geforce_dataset;youtubeLive_dataset;roblox_dataset;afreeca_dataset;geforce_dataset;zepeto_dataset;battleground_dataset;roblox_dataset;netflix_dataset;roblox_dataset;amazon_dataset;meet_dataset;zoom_dataset;amazon_dataset;youtube_dataset;zepeto_dataset;gamebox_dataset;netflix_dataset;tft_dataset;meet_dataset;gamebox_dataset;zoom_dataset;teams_dataset;teams_dataset;battleground_dataset;battleground_dataset;meet_dataset;battleground_dataset;zepeto_dataset;zepeto_dataset;youtube_dataset;meet_dataset;navernow_dataset;meet_dataset;netflix_dataset;gamebox_dataset;afreeca_dataset;geforce_dataset;zoom_dataset;battleground_dataset;battleground_dataset;amazon_dataset;meet_dataset;teams_dataset;battleground_dataset;youtube_dataset;youtube_dataset;battleground_dataset;youtubeLive_dataset;meet_dataset;youtubeLive_dataset;roblox_dataset;amazon_dataset;roblox_dataset;roblox_dataset;gamebox_dataset;geforce_dataset;tft_dataset;netflix_dataset,SPIKE,Blended Demand (lambda=0.25),0.25,0.75,88.28668578305312,12.070000240694503,20.897582943283723,0.45637444184588893,93.35530642750373,0.2270704782699834,92.06116143497601,44
100,synthetic_scalability_scenario_derived_from_real_traffic,15,85,afreeca_dataset;amazon_dataset;battleground_dataset;gamebox_dataset;geforce_dataset;meet_dataset;navernow_dataset;netflix_dataset;roblox_dataset;teams_dataset;tft_dataset;youtubeLive_dataset;youtube_dataset;zepeto_dataset;zoom_dataset;roblox_dataset;navernow_dataset;roblox_dataset;amazon_dataset;roblox_dataset;youtube_dataset;zoom_dataset;youtubeLive_dataset;teams_dataset;tft_dataset;zoom_dataset;gamebox_dataset;youtube_dataset;zoom_dataset;tft_dataset;geforce_dataset;teams_dataset;meet_dataset;meet_dataset;roblox_dataset;youtube_dataset;battleground_dataset;navernow_dataset;roblox_dataset;youtube_dataset;roblox_dataset;geforce_dataset;youtubeLive_dataset;roblox_dataset;afreeca_dataset;geforce_dataset;zepeto_dataset;battleground_dataset;roblox_dataset;netflix_dataset;roblox_dataset;amazon_dataset;meet_dataset;zoom_dataset;amazon_dataset;youtube_dataset;zepeto_dataset;gamebox_dataset;netflix_dataset;tft_dataset;meet_dataset;gamebox_dataset;zoom_dataset;teams_dataset;teams_dataset;battleground_dataset;battleground_dataset;meet_dataset;battleground_dataset;zepeto_dataset;zepeto_dataset;youtube_dataset;meet_dataset;navernow_dataset;meet_dataset;netflix_dataset;gamebox_dataset;afreeca_dataset;geforce_dataset;zoom_dataset;battleground_dataset;battleground_dataset;amazon_dataset;meet_dataset;teams_dataset;battleground_dataset;youtube_dataset;youtube_dataset;battleground_dataset;youtubeLive_dataset;meet_dataset;youtubeLive_dataset;roblox_dataset;amazon_dataset;roblox_dataset;roblox_dataset;gamebox_dataset;geforce_dataset;tft_dataset;netflix_dataset,SPIKE,Blended Demand (lambda=0.50),0.5,0.75,86.35386762845408,13.185171409132888,22.628991966593123,0.8599703141061951,92.75485799701046,0.23493990556335986,93.18056255769032,44
100,synthetic_scalability_scenario_derived_from_real_traffic,15,85,afreeca_dataset;amazon_dataset;battleground_dataset;gamebox_dataset;geforce_dataset;meet_dataset;navernow_dataset;netflix_dataset;roblox_dataset;teams_dataset;tft_dataset;youtubeLive_dataset;youtube_dataset;zepeto_dataset;zoom_dataset;roblox_dataset;navernow_dataset;roblox_dataset;amazon_dataset;roblox_dataset;youtube_dataset;zoom_dataset;youtubeLive_dataset;teams_dataset;tft_dataset;zoom_dataset;gamebox_dataset;youtube_dataset;zoom_dataset;tft_dataset;geforce_dataset;teams_dataset;meet_dataset;meet_dataset;roblox_dataset;youtube_dataset;battleground_dataset;navernow_dataset;roblox_dataset;youtube_dataset;roblox_dataset;geforce_dataset;youtubeLive_dataset;roblox_dataset;afreeca_dataset;geforce_dataset;zepeto_dataset;battleground_dataset;roblox_dataset;netflix_dataset;roblox_dataset;amazon_dataset;meet_dataset;zoom_dataset;amazon_dataset;youtube_dataset;zepeto_dataset;gamebox_dataset;netflix_dataset;tft_dataset;meet_dataset;gamebox_dataset;zoom_dataset;teams_dataset;teams_dataset;battleground_dataset;battleground_dataset;meet_dataset;battleground_dataset;zepeto_dataset;zepeto_dataset;youtube_dataset;meet_dataset;navernow_dataset;meet_dataset;netflix_dataset;gamebox_dataset;afreeca_dataset;geforce_dataset;zoom_dataset;battleground_dataset;battleground_dataset;amazon_dataset;meet_dataset;teams_dataset;battleground_dataset;youtube_dataset;youtube_dataset;battleground_dataset;youtubeLive_dataset;meet_dataset;youtubeLive_dataset;roblox_dataset;amazon_dataset;roblox_dataset;roblox_dataset;gamebox_dataset;geforce_dataset;tft_dataset;netflix_dataset,SPIKE,Blended Demand (lambda=0.75),0.75,0.75,84.2806800012937,15.181331946815368,24.486230813150716,1.838953138693925,90.87189835575485,0.239034094610472,93.95105537961759,44
100,synthetic_scalability_scenario_derived_from_real_traffic,15,85,afreeca_dataset;amazon_dataset;battleground_dataset;gamebox_dataset;geforce_dataset;meet_dataset;navernow_dataset;netflix_dataset;roblox_dataset;teams_dataset;tft_dataset;youtubeLive_dataset;youtube_dataset;zepeto_dataset;zoom_dataset;roblox_dataset;navernow_dataset;roblox_dataset;amazon_dataset;roblox_dataset;youtube_dataset;zoom_dataset;youtubeLive_dataset;teams_dataset;tft_dataset;zoom_dataset;gamebox_dataset;youtube_dataset;zoom_dataset;tft_dataset;geforce_dataset;teams_dataset;meet_dataset;meet_dataset;roblox_dataset;youtube_dataset;battleground_dataset;navernow_dataset;roblox_dataset;youtube_dataset;roblox_dataset;geforce_dataset;youtubeLive_dataset;roblox_dataset;afreeca_dataset;geforce_dataset;zepeto_dataset;battleground_dataset;roblox_dataset;netflix_dataset;roblox_dataset;amazon_dataset;meet_dataset;zoom_dataset;amazon_dataset;youtube_dataset;zepeto_dataset;gamebox_dataset;netflix_dataset;tft_dataset;meet_dataset;gamebox_dataset;zoom_dataset;teams_dataset;teams_dataset;battleground_dataset;battleground_dataset;meet_dataset;battleground_dataset;zepeto_dataset;zepeto_dataset;youtube_dataset;meet_dataset;navernow_dataset;meet_dataset;netflix_dataset;gamebox_dataset;afreeca_dataset;geforce_dataset;zoom_dataset;battleground_dataset;battleground_dataset;amazon_dataset;meet_dataset;teams_dataset;battleground_dataset;youtube_dataset;youtube_dataset;battleground_dataset;youtubeLive_dataset;meet_dataset;youtubeLive_dataset;roblox_dataset;amazon_dataset;roblox_dataset;roblox_dataset;gamebox_dataset;geforce_dataset;tft_dataset;netflix_dataset,SPIKE,Prediction Only (lambda=1.00),1.0,0.75,82.05578611816392,23.652760767729003,26.47951878068728,6.904130448191414,89.92346786248132,0.23829360079898998,94.58477401652391,44
100,synthetic_scalability_scenario_derived_from_real_traffic,15,85,afreeca_dataset;amazon_dataset;battleground_dataset;gamebox_dataset;geforce_dataset;meet_dataset;navernow_dataset;netflix_dataset;roblox_dataset;teams_dataset;tft_dataset;youtubeLive_dataset;youtube_dataset;zepeto_dataset;zoom_dataset;roblox_dataset;navernow_dataset;roblox_dataset;amazon_dataset;roblox_dataset;youtube_dataset;zoom_dataset;youtubeLive_dataset;teams_dataset;tft_dataset;zoom_dataset;gamebox_dataset;youtube_dataset;zoom_dataset;tft_dataset;geforce_dataset;teams_dataset;meet_dataset;meet_dataset;roblox_dataset;youtube_dataset;battleground_dataset;navernow_dataset;roblox_dataset;youtube_dataset;roblox_dataset;geforce_dataset;youtubeLive_dataset;roblox_dataset;afreeca_dataset;geforce_dataset;zepeto_dataset;battleground_dataset;roblox_dataset;netflix_dataset;roblox_dataset;amazon_dataset;meet_dataset;zoom_dataset;amazon_dataset;youtube_dataset;zepeto_dataset;gamebox_dataset;netflix_dataset;tft_dataset;meet_dataset;gamebox_dataset;zoom_dataset;teams_dataset;teams_dataset;battleground_dataset;battleground_dataset;meet_dataset;battleground_dataset;zepeto_dataset;zepeto_dataset;youtube_dataset;meet_dataset;navernow_dataset;meet_dataset;netflix_dataset;gamebox_dataset;afreeca_dataset;geforce_dataset;zoom_dataset;battleground_dataset;battleground_dataset;amazon_dataset;meet_dataset;teams_dataset;battleground_dataset;youtube_dataset;youtube_dataset;battleground_dataset;youtubeLive_dataset;meet_dataset;youtubeLive_dataset;roblox_dataset;amazon_dataset;roblox_dataset;roblox_dataset;gamebox_dataset;geforce_dataset;tft_dataset;netflix_dataset,SPIKE,Current Demand Only (lambda=0.00),0.0,0.75,90.45726167266605,11.256462688861337,18.95321791781684,0.2547992020908264,93.55500747384156,0.21517462973932555,90.45726167266596,44
100,synthetic_scalability_scenario_derived_from_real_traffic,15,85,afreeca_dataset;amazon_dataset;battleground_dataset;gamebox_dataset;geforce_dataset;meet_dataset;navernow_dataset;netflix_dataset;roblox_dataset;teams_dataset;tft_dataset;youtubeLive_dataset;youtube_dataset;zepeto_dataset;zoom_dataset;roblox_dataset;netflix_dataset;navernow_dataset;youtubeLive_dataset;meet_dataset;youtube_dataset;navernow_dataset;geforce_dataset;navernow_dataset;navernow_dataset;meet_dataset;youtube_dataset;zepeto_dataset;afreeca_dataset;roblox_dataset;battleground_dataset;geforce_dataset;youtube_dataset;battleground_dataset;gamebox_dataset;navernow_dataset;zepeto_dataset;youtubeLive_dataset;battleground_dataset;afreeca_dataset;meet_dataset;afreeca_dataset;geforce_dataset;zepeto_dataset;youtube_dataset;zepeto_dataset;youtubeLive_dataset;meet_dataset;zoom_dataset;zoom_dataset;tft_dataset;netflix_dataset;zoom_dataset;youtube_dataset;youtubeLive_dataset;teams_dataset;geforce_dataset;netflix_dataset;zepeto_dataset;tft_dataset;youtubeLive_dataset;meet_dataset;meet_dataset;netflix_dataset;netflix_dataset;navernow_dataset;meet_dataset;zoom_dataset;afreeca_dataset;battleground_dataset;afreeca_dataset;geforce_dataset;tft_dataset;tft_dataset;teams_dataset;afreeca_dataset;zepeto_dataset;battleground_dataset;youtube_dataset;netflix_dataset;battleground_dataset;youtubeLive_dataset;amazon_dataset;zepeto_dataset;battleground_dataset;zepeto_dataset;netflix_dataset;afreeca_dataset;geforce_dataset;amazon_dataset;amazon_dataset;tft_dataset;meet_dataset;tft_dataset;navernow_dataset;zepeto_dataset;gamebox_dataset;amazon_dataset;gamebox_dataset;zepeto_dataset,SPIKE,Equal Share,,0.75,34.3906943165739,32.97787241126044,69.2677790421304,1.5694792121187993,80.64319880418535,0.4195793899369163,34.39069431657379,45
100,synthetic_scalability_scenario_derived_from_real_traffic,15,85,afreeca_dataset;amazon_dataset;battleground_dataset;gamebox_dataset;geforce_dataset;meet_dataset;navernow_dataset;netflix_dataset;roblox_dataset;teams_dataset;tft_dataset;youtubeLive_dataset;youtube_dataset;zepeto_dataset;zoom_dataset;roblox_dataset;netflix_dataset;navernow_dataset;youtubeLive_dataset;meet_dataset;youtube_dataset;navernow_dataset;geforce_dataset;navernow_dataset;navernow_dataset;meet_dataset;youtube_dataset;zepeto_dataset;afreeca_dataset;roblox_dataset;battleground_dataset;geforce_dataset;youtube_dataset;battleground_dataset;gamebox_dataset;navernow_dataset;zepeto_dataset;youtubeLive_dataset;battleground_dataset;afreeca_dataset;meet_dataset;afreeca_dataset;geforce_dataset;zepeto_dataset;youtube_dataset;zepeto_dataset;youtubeLive_dataset;meet_dataset;zoom_dataset;zoom_dataset;tft_dataset;netflix_dataset;zoom_dataset;youtube_dataset;youtubeLive_dataset;teams_dataset;geforce_dataset;netflix_dataset;zepeto_dataset;tft_dataset;youtubeLive_dataset;meet_dataset;meet_dataset;netflix_dataset;netflix_dataset;navernow_dataset;meet_dataset;zoom_dataset;afreeca_dataset;battleground_dataset;afreeca_dataset;geforce_dataset;tft_dataset;tft_dataset;teams_dataset;afreeca_dataset;zepeto_dataset;battleground_dataset;youtube_dataset;netflix_dataset;battleground_dataset;youtubeLive_dataset;amazon_dataset;zepeto_dataset;battleground_dataset;zepeto_dataset;netflix_dataset;afreeca_dataset;geforce_dataset;amazon_dataset;amazon_dataset;tft_dataset;meet_dataset;tft_dataset;navernow_dataset;zepeto_dataset;gamebox_dataset;amazon_dataset;gamebox_dataset;zepeto_dataset,SPIKE,Round Robin,,0.75,90.06603632337047,11.349821903047834,19.528851345963655,0.34270155837139904,93.57503736920778,0.26359786414417324,90.06603632337051,45
100,synthetic_scalability_scenario_derived_from_real_traffic,15,85,afreeca_dataset;amazon_dataset;battleground_dataset;gamebox_dataset;geforce_dataset;meet_dataset;navernow_dataset;netflix_dataset;roblox_dataset;teams_dataset;tft_dataset;youtubeLive_dataset;youtube_dataset;zepeto_dataset;zoom_dataset;roblox_dataset;netflix_dataset;navernow_dataset;youtubeLive_dataset;meet_dataset;youtube_dataset;navernow_dataset;geforce_dataset;navernow_dataset;navernow_dataset;meet_dataset;youtube_dataset;zepeto_dataset;afreeca_dataset;roblox_dataset;battleground_dataset;geforce_dataset;youtube_dataset;battleground_dataset;gamebox_dataset;navernow_dataset;zepeto_dataset;youtubeLive_dataset;battleground_dataset;afreeca_dataset;meet_dataset;afreeca_dataset;geforce_dataset;zepeto_dataset;youtube_dataset;zepeto_dataset;youtubeLive_dataset;meet_dataset;zoom_dataset;zoom_dataset;tft_dataset;netflix_dataset;zoom_dataset;youtube_dataset;youtubeLive_dataset;teams_dataset;geforce_dataset;netflix_dataset;zepeto_dataset;tft_dataset;youtubeLive_dataset;meet_dataset;meet_dataset;netflix_dataset;netflix_dataset;navernow_dataset;meet_dataset;zoom_dataset;afreeca_dataset;battleground_dataset;afreeca_dataset;geforce_dataset;tft_dataset;tft_dataset;teams_dataset;afreeca_dataset;zepeto_dataset;battleground_dataset;youtube_dataset;netflix_dataset;battleground_dataset;youtubeLive_dataset;amazon_dataset;zepeto_dataset;battleground_dataset;zepeto_dataset;netflix_dataset;afreeca_dataset;geforce_dataset;amazon_dataset;amazon_dataset;tft_dataset;meet_dataset;tft_dataset;navernow_dataset;zepeto_dataset;gamebox_dataset;amazon_dataset;gamebox_dataset;zepeto_dataset,SPIKE,Proportional Fair,,0.75,90.07387890015463,11.34561264907535,19.522796973823237,0.41096417882694375,94.12615844544095,0.2774185368776184,90.0738789001547,45
100,synthetic_scalability_scenario_derived_from_real_traffic,15,85,afreeca_dataset;amazon_dataset;battleground_dataset;gamebox_dataset;geforce_dataset;meet_dataset;navernow_dataset;netflix_dataset;roblox_dataset;teams_dataset;tft_dataset;youtubeLive_dataset;youtube_dataset;zepeto_dataset;zoom_dataset;roblox_dataset;netflix_dataset;navernow_dataset;youtubeLive_dataset;meet_dataset;youtube_dataset;navernow_dataset;geforce_dataset;navernow_dataset;navernow_dataset;meet_dataset;youtube_dataset;zepeto_dataset;afreeca_dataset;roblox_dataset;battleground_dataset;geforce_dataset;youtube_dataset;battleground_dataset;gamebox_dataset;navernow_dataset;zepeto_dataset;youtubeLive_dataset;battleground_dataset;afreeca_dataset;meet_dataset;afreeca_dataset;geforce_dataset;zepeto_dataset;youtube_dataset;zepeto_dataset;youtubeLive_dataset;meet_dataset;zoom_dataset;zoom_dataset;tft_dataset;netflix_dataset;zoom_dataset;youtube_dataset;youtubeLive_dataset;teams_dataset;geforce_dataset;netflix_dataset;zepeto_dataset;tft_dataset;youtubeLive_dataset;meet_dataset;meet_dataset;netflix_dataset;netflix_dataset;navernow_dataset;meet_dataset;zoom_dataset;afreeca_dataset;battleground_dataset;afreeca_dataset;geforce_dataset;tft_dataset;tft_dataset;teams_dataset;afreeca_dataset;zepeto_dataset;battleground_dataset;youtube_dataset;netflix_dataset;battleground_dataset;youtubeLive_dataset;amazon_dataset;zepeto_dataset;battleground_dataset;zepeto_dataset;netflix_dataset;afreeca_dataset;geforce_dataset;amazon_dataset;amazon_dataset;tft_dataset;meet_dataset;tft_dataset;navernow_dataset;zepeto_dataset;gamebox_dataset;amazon_dataset;gamebox_dataset;zepeto_dataset,SPIKE,Blended Demand (lambda=0.25),0.25,0.75,87.35053171548076,12.541697539800872,21.95463237915547,0.6002674298128772,93.149177877429,0.2813652124743198,92.25615353061778,45
100,synthetic_scalability_scenario_derived_from_real_traffic,15,85,afreeca_dataset;amazon_dataset;battleground_dataset;gamebox_dataset;geforce_dataset;meet_dataset;navernow_dataset;netflix_dataset;roblox_dataset;teams_dataset;tft_dataset;youtubeLive_dataset;youtube_dataset;zepeto_dataset;zoom_dataset;roblox_dataset;netflix_dataset;navernow_dataset;youtubeLive_dataset;meet_dataset;youtube_dataset;navernow_dataset;geforce_dataset;navernow_dataset;navernow_dataset;meet_dataset;youtube_dataset;zepeto_dataset;afreeca_dataset;roblox_dataset;battleground_dataset;geforce_dataset;youtube_dataset;battleground_dataset;gamebox_dataset;navernow_dataset;zepeto_dataset;youtubeLive_dataset;battleground_dataset;afreeca_dataset;meet_dataset;afreeca_dataset;geforce_dataset;zepeto_dataset;youtube_dataset;zepeto_dataset;youtubeLive_dataset;meet_dataset;zoom_dataset;zoom_dataset;tft_dataset;netflix_dataset;zoom_dataset;youtube_dataset;youtubeLive_dataset;teams_dataset;geforce_dataset;netflix_dataset;zepeto_dataset;tft_dataset;youtubeLive_dataset;meet_dataset;meet_dataset;netflix_dataset;netflix_dataset;navernow_dataset;meet_dataset;zoom_dataset;afreeca_dataset;battleground_dataset;afreeca_dataset;geforce_dataset;tft_dataset;tft_dataset;teams_dataset;afreeca_dataset;zepeto_dataset;battleground_dataset;youtube_dataset;netflix_dataset;battleground_dataset;youtubeLive_dataset;amazon_dataset;zepeto_dataset;battleground_dataset;zepeto_dataset;netflix_dataset;afreeca_dataset;geforce_dataset;amazon_dataset;amazon_dataset;tft_dataset;meet_dataset;tft_dataset;navernow_dataset;zepeto_dataset;gamebox_dataset;amazon_dataset;gamebox_dataset;zepeto_dataset,SPIKE,Blended Demand (lambda=0.50),0.5,0.75,85.01891858352512,13.840603076365797,24.03761154680697,1.0130120958413866,92.25112107623319,0.291778694641126,93.72983532703311,45
100,synthetic_scalability_scenario_derived_from_real_traffic,15,85,afreeca_dataset;amazon_dataset;battleground_dataset;gamebox_dataset;geforce_dataset;meet_dataset;navernow_dataset;netflix_dataset;roblox_dataset;teams_dataset;tft_dataset;youtubeLive_dataset;youtube_dataset;zepeto_dataset;zoom_dataset;roblox_dataset;netflix_dataset;navernow_dataset;youtubeLive_dataset;meet_dataset;youtube_dataset;navernow_dataset;geforce_dataset;navernow_dataset;navernow_dataset;meet_dataset;youtube_dataset;zepeto_dataset;afreeca_dataset;roblox_dataset;battleground_dataset;geforce_dataset;youtube_dataset;battleground_dataset;gamebox_dataset;navernow_dataset;zepeto_dataset;youtubeLive_dataset;battleground_dataset;afreeca_dataset;meet_dataset;afreeca_dataset;geforce_dataset;zepeto_dataset;youtube_dataset;zepeto_dataset;youtubeLive_dataset;meet_dataset;zoom_dataset;zoom_dataset;tft_dataset;netflix_dataset;zoom_dataset;youtube_dataset;youtubeLive_dataset;teams_dataset;geforce_dataset;netflix_dataset;zepeto_dataset;tft_dataset;youtubeLive_dataset;meet_dataset;meet_dataset;netflix_dataset;netflix_dataset;navernow_dataset;meet_dataset;zoom_dataset;afreeca_dataset;battleground_dataset;afreeca_dataset;geforce_dataset;tft_dataset;tft_dataset;teams_dataset;afreeca_dataset;zepeto_dataset;battleground_dataset;youtube_dataset;netflix_dataset;battleground_dataset;youtubeLive_dataset;amazon_dataset;zepeto_dataset;battleground_dataset;zepeto_dataset;netflix_dataset;afreeca_dataset;geforce_dataset;amazon_dataset;amazon_dataset;tft_dataset;meet_dataset;tft_dataset;navernow_dataset;zepeto_dataset;gamebox_dataset;amazon_dataset;gamebox_dataset;zepeto_dataset,SPIKE,Blended Demand (lambda=0.75),0.75,0.75,82.20411220588623,16.123307728798057,26.552335957725216,2.0433158172033474,90.11076233183857,0.29712249888983755,94.51515499311776,45
100,synthetic_scalability_scenario_derived_from_real_traffic,15,85,afreeca_dataset;amazon_dataset;battleground_dataset;gamebox_dataset;geforce_dataset;meet_dataset;navernow_dataset;netflix_dataset;roblox_dataset;teams_dataset;tft_dataset;youtubeLive_dataset;youtube_dataset;zepeto_dataset;zoom_dataset;roblox_dataset;netflix_dataset;navernow_dataset;youtubeLive_dataset;meet_dataset;youtube_dataset;navernow_dataset;geforce_dataset;navernow_dataset;navernow_dataset;meet_dataset;youtube_dataset;zepeto_dataset;afreeca_dataset;roblox_dataset;battleground_dataset;geforce_dataset;youtube_dataset;battleground_dataset;gamebox_dataset;navernow_dataset;zepeto_dataset;youtubeLive_dataset;battleground_dataset;afreeca_dataset;meet_dataset;afreeca_dataset;geforce_dataset;zepeto_dataset;youtube_dataset;zepeto_dataset;youtubeLive_dataset;meet_dataset;zoom_dataset;zoom_dataset;tft_dataset;netflix_dataset;zoom_dataset;youtube_dataset;youtubeLive_dataset;teams_dataset;geforce_dataset;netflix_dataset;zepeto_dataset;tft_dataset;youtubeLive_dataset;meet_dataset;meet_dataset;netflix_dataset;netflix_dataset;navernow_dataset;meet_dataset;zoom_dataset;afreeca_dataset;battleground_dataset;afreeca_dataset;geforce_dataset;tft_dataset;tft_dataset;teams_dataset;afreeca_dataset;zepeto_dataset;battleground_dataset;youtube_dataset;netflix_dataset;battleground_dataset;youtubeLive_dataset;amazon_dataset;zepeto_dataset;battleground_dataset;zepeto_dataset;netflix_dataset;afreeca_dataset;geforce_dataset;amazon_dataset;amazon_dataset;tft_dataset;meet_dataset;tft_dataset;navernow_dataset;zepeto_dataset;gamebox_dataset;amazon_dataset;gamebox_dataset;zepeto_dataset,SPIKE,Prediction Only (lambda=1.00),1.0,0.75,78.99146121880011,27.212218109384974,29.42250649102416,8.222033801951692,89.08355754857998,0.294541221162932,95.08253808083205,45
100,synthetic_scalability_scenario_derived_from_real_traffic,15,85,afreeca_dataset;amazon_dataset;battleground_dataset;gamebox_dataset;geforce_dataset;meet_dataset;navernow_dataset;netflix_dataset;roblox_dataset;teams_dataset;tft_dataset;youtubeLive_dataset;youtube_dataset;zepeto_dataset;zoom_dataset;roblox_dataset;netflix_dataset;navernow_dataset;youtubeLive_dataset;meet_dataset;youtube_dataset;navernow_dataset;geforce_dataset;navernow_dataset;navernow_dataset;meet_dataset;youtube_dataset;zepeto_dataset;afreeca_dataset;roblox_dataset;battleground_dataset;geforce_dataset;youtube_dataset;battleground_dataset;gamebox_dataset;navernow_dataset;zepeto_dataset;youtubeLive_dataset;battleground_dataset;afreeca_dataset;meet_dataset;afreeca_dataset;geforce_dataset;zepeto_dataset;youtube_dataset;zepeto_dataset;youtubeLive_dataset;meet_dataset;zoom_dataset;zoom_dataset;tft_dataset;netflix_dataset;zoom_dataset;youtube_dataset;youtubeLive_dataset;teams_dataset;geforce_dataset;netflix_dataset;zepeto_dataset;tft_dataset;youtubeLive_dataset;meet_dataset;meet_dataset;netflix_dataset;netflix_dataset;navernow_dataset;meet_dataset;zoom_dataset;afreeca_dataset;battleground_dataset;afreeca_dataset;geforce_dataset;tft_dataset;tft_dataset;teams_dataset;afreeca_dataset;zepeto_dataset;battleground_dataset;youtube_dataset;netflix_dataset;battleground_dataset;youtubeLive_dataset;amazon_dataset;zepeto_dataset;battleground_dataset;zepeto_dataset;netflix_dataset;afreeca_dataset;geforce_dataset;amazon_dataset;amazon_dataset;tft_dataset;meet_dataset;tft_dataset;navernow_dataset;zepeto_dataset;gamebox_dataset;amazon_dataset;gamebox_dataset;zepeto_dataset,SPIKE,Current Demand Only (lambda=0.00),0.0,0.75,90.06960646299376,11.54857997108077,19.5255601669777,0.38683009771248517,93.39372197309417,0.26430289483962516,90.06960646299382,45
100,synthetic_scalability_scenario_derived_from_real_traffic,15,85,afreeca_dataset;amazon_dataset;battleground_dataset;gamebox_dataset;geforce_dataset;meet_dataset;navernow_dataset;netflix_dataset;roblox_dataset;teams_dataset;tft_dataset;youtubeLive_dataset;youtube_dataset;zepeto_dataset;zoom_dataset;teams_dataset;battleground_dataset;youtubeLive_dataset;zepeto_dataset;gamebox_dataset;geforce_dataset;zepeto_dataset;geforce_dataset;zoom_dataset;gamebox_dataset;meet_dataset;teams_dataset;afreeca_dataset;battleground_dataset;geforce_dataset;zoom_dataset;teams_dataset;tft_dataset;youtube_dataset;zoom_dataset;youtube_dataset;netflix_dataset;battleground_dataset;teams_dataset;tft_dataset;youtubeLive_dataset;meet_dataset;battleground_dataset;gamebox_dataset;battleground_dataset;navernow_dataset;meet_dataset;youtubeLive_dataset;geforce_dataset;netflix_dataset;zepeto_dataset;zoom_dataset;geforce_dataset;afreeca_dataset;zepeto_dataset;roblox_dataset;netflix_dataset;netflix_dataset;gamebox_dataset;meet_dataset;zepeto_dataset;gamebox_dataset;meet_dataset;zepeto_dataset;teams_dataset;zoom_dataset;teams_dataset;amazon_dataset;tft_dataset;geforce_dataset;teams_dataset;youtubeLive_dataset;youtube_dataset;meet_dataset;roblox_dataset;netflix_dataset;netflix_dataset;amazon_dataset;youtubeLive_dataset;amazon_dataset;tft_dataset;teams_dataset;geforce_dataset;battleground_dataset;meet_dataset;zoom_dataset;meet_dataset;gamebox_dataset;youtube_dataset;tft_dataset;roblox_dataset;tft_dataset;afreeca_dataset;zoom_dataset;netflix_dataset;meet_dataset;amazon_dataset;battleground_dataset;teams_dataset;navernow_dataset,SPIKE,Equal Share,,0.75,32.910453210346176,31.005055141621444,70.60781100356635,1.301990729346865,81.15710014947683,0.42415086192162643,32.91045321034613,46
100,synthetic_scalability_scenario_derived_from_real_traffic,15,85,afreeca_dataset;amazon_dataset;battleground_dataset;gamebox_dataset;geforce_dataset;meet_dataset;navernow_dataset;netflix_dataset;roblox_dataset;teams_dataset;tft_dataset;youtubeLive_dataset;youtube_dataset;zepeto_dataset;zoom_dataset;teams_dataset;battleground_dataset;youtubeLive_dataset;zepeto_dataset;gamebox_dataset;geforce_dataset;zepeto_dataset;geforce_dataset;zoom_dataset;gamebox_dataset;meet_dataset;teams_dataset;afreeca_dataset;battleground_dataset;geforce_dataset;zoom_dataset;teams_dataset;tft_dataset;youtube_dataset;zoom_dataset;youtube_dataset;netflix_dataset;battleground_dataset;teams_dataset;tft_dataset;youtubeLive_dataset;meet_dataset;battleground_dataset;gamebox_dataset;battleground_dataset;navernow_dataset;meet_dataset;youtubeLive_dataset;geforce_dataset;netflix_dataset;zepeto_dataset;zoom_dataset;geforce_dataset;afreeca_dataset;zepeto_dataset;roblox_dataset;netflix_dataset;netflix_dataset;gamebox_dataset;meet_dataset;zepeto_dataset;gamebox_dataset;meet_dataset;zepeto_dataset;teams_dataset;zoom_dataset;teams_dataset;amazon_dataset;tft_dataset;geforce_dataset;teams_dataset;youtubeLive_dataset;youtube_dataset;meet_dataset;roblox_dataset;netflix_dataset;netflix_dataset;amazon_dataset;youtubeLive_dataset;amazon_dataset;tft_dataset;teams_dataset;geforce_dataset;battleground_dataset;meet_dataset;zoom_dataset;meet_dataset;gamebox_dataset;youtube_dataset;tft_dataset;roblox_dataset;tft_dataset;afreeca_dataset;zoom_dataset;netflix_dataset;meet_dataset;amazon_dataset;battleground_dataset;teams_dataset;navernow_dataset,SPIKE,Round Robin,,0.75,89.99257721214094,11.65558650387776,19.642573346441054,0.26360452147864155,92.42825112107623,0.2542664303158676,89.99257721214099,46
100,synthetic_scalability_scenario_derived_from_real_traffic,15,85,afreeca_dataset;amazon_dataset;battleground_dataset;gamebox_dataset;geforce_dataset;meet_dataset;navernow_dataset;netflix_dataset;roblox_dataset;teams_dataset;tft_dataset;youtubeLive_dataset;youtube_dataset;zepeto_dataset;zoom_dataset;teams_dataset;battleground_dataset;youtubeLive_dataset;zepeto_dataset;gamebox_dataset;geforce_dataset;zepeto_dataset;geforce_dataset;zoom_dataset;gamebox_dataset;meet_dataset;teams_dataset;afreeca_dataset;battleground_dataset;geforce_dataset;zoom_dataset;teams_dataset;tft_dataset;youtube_dataset;zoom_dataset;youtube_dataset;netflix_dataset;battleground_dataset;teams_dataset;tft_dataset;youtubeLive_dataset;meet_dataset;battleground_dataset;gamebox_dataset;battleground_dataset;navernow_dataset;meet_dataset;youtubeLive_dataset;geforce_dataset;netflix_dataset;zepeto_dataset;zoom_dataset;geforce_dataset;afreeca_dataset;zepeto_dataset;roblox_dataset;netflix_dataset;netflix_dataset;gamebox_dataset;meet_dataset;zepeto_dataset;gamebox_dataset;meet_dataset;zepeto_dataset;teams_dataset;zoom_dataset;teams_dataset;amazon_dataset;tft_dataset;geforce_dataset;teams_dataset;youtubeLive_dataset;youtube_dataset;meet_dataset;roblox_dataset;netflix_dataset;netflix_dataset;amazon_dataset;youtubeLive_dataset;amazon_dataset;tft_dataset;teams_dataset;geforce_dataset;battleground_dataset;meet_dataset;zoom_dataset;meet_dataset;gamebox_dataset;youtube_dataset;tft_dataset;roblox_dataset;tft_dataset;afreeca_dataset;zoom_dataset;netflix_dataset;meet_dataset;amazon_dataset;battleground_dataset;teams_dataset;navernow_dataset,SPIKE,Proportional Fair,,0.75,89.99489560134461,11.639190749997216,19.640581567155934,0.30110063807284526,92.74110612855007,0.25998561831166644,89.99489560134467,46
100,synthetic_scalability_scenario_derived_from_real_traffic,15,85,afreeca_dataset;amazon_dataset;battleground_dataset;gamebox_dataset;geforce_dataset;meet_dataset;navernow_dataset;netflix_dataset;roblox_dataset;teams_dataset;tft_dataset;youtubeLive_dataset;youtube_dataset;zepeto_dataset;zoom_dataset;teams_dataset;battleground_dataset;youtubeLive_dataset;zepeto_dataset;gamebox_dataset;geforce_dataset;zepeto_dataset;geforce_dataset;zoom_dataset;gamebox_dataset;meet_dataset;teams_dataset;afreeca_dataset;battleground_dataset;geforce_dataset;zoom_dataset;teams_dataset;tft_dataset;youtube_dataset;zoom_dataset;youtube_dataset;netflix_dataset;battleground_dataset;teams_dataset;tft_dataset;youtubeLive_dataset;meet_dataset;battleground_dataset;gamebox_dataset;battleground_dataset;navernow_dataset;meet_dataset;youtubeLive_dataset;geforce_dataset;netflix_dataset;zepeto_dataset;zoom_dataset;geforce_dataset;afreeca_dataset;zepeto_dataset;roblox_dataset;netflix_dataset;netflix_dataset;gamebox_dataset;meet_dataset;zepeto_dataset;gamebox_dataset;meet_dataset;zepeto_dataset;teams_dataset;zoom_dataset;teams_dataset;amazon_dataset;tft_dataset;geforce_dataset;teams_dataset;youtubeLive_dataset;youtube_dataset;meet_dataset;roblox_dataset;netflix_dataset;netflix_dataset;amazon_dataset;youtubeLive_dataset;amazon_dataset;tft_dataset;teams_dataset;geforce_dataset;battleground_dataset;meet_dataset;zoom_dataset;meet_dataset;gamebox_dataset;youtube_dataset;tft_dataset;roblox_dataset;tft_dataset;afreeca_dataset;zoom_dataset;netflix_dataset;meet_dataset;amazon_dataset;battleground_dataset;teams_dataset;navernow_dataset,SPIKE,Blended Demand (lambda=0.25),0.25,0.75,88.29522086507416,12.494610356062434,21.15758046611645,0.4760937405382176,92.12017937219731,0.26610671762222826,91.31678877774661,46
100,synthetic_scalability_scenario_derived_from_real_traffic,15,85,afreeca_dataset;amazon_dataset;battleground_dataset;gamebox_dataset;geforce_dataset;meet_dataset;navernow_dataset;netflix_dataset;roblox_dataset;teams_dataset;tft_dataset;youtubeLive_dataset;youtube_dataset;zepeto_dataset;zoom_dataset;teams_dataset;battleground_dataset;youtubeLive_dataset;zepeto_dataset;gamebox_dataset;geforce_dataset;zepeto_dataset;geforce_dataset;zoom_dataset;gamebox_dataset;meet_dataset;teams_dataset;afreeca_dataset;battleground_dataset;geforce_dataset;zoom_dataset;teams_dataset;tft_dataset;youtube_dataset;zoom_dataset;youtube_dataset;netflix_dataset;battleground_dataset;teams_dataset;tft_dataset;youtubeLive_dataset;meet_dataset;battleground_dataset;gamebox_dataset;battleground_dataset;navernow_dataset;meet_dataset;youtubeLive_dataset;geforce_dataset;netflix_dataset;zepeto_dataset;zoom_dataset;geforce_dataset;afreeca_dataset;zepeto_dataset;roblox_dataset;netflix_dataset;netflix_dataset;gamebox_dataset;meet_dataset;zepeto_dataset;gamebox_dataset;meet_dataset;zepeto_dataset;teams_dataset;zoom_dataset;teams_dataset;amazon_dataset;tft_dataset;geforce_dataset;teams_dataset;youtubeLive_dataset;youtube_dataset;meet_dataset;roblox_dataset;netflix_dataset;netflix_dataset;amazon_dataset;youtubeLive_dataset;amazon_dataset;tft_dataset;teams_dataset;geforce_dataset;battleground_dataset;meet_dataset;zoom_dataset;meet_dataset;gamebox_dataset;youtube_dataset;tft_dataset;roblox_dataset;tft_dataset;afreeca_dataset;zoom_dataset;netflix_dataset;meet_dataset;amazon_dataset;battleground_dataset;teams_dataset;navernow_dataset,SPIKE,Blended Demand (lambda=0.50),0.5,0.75,86.82875751898982,13.559304382055927,22.466533481560347,0.8944490955104082,91.70298953662183,0.2745292304294248,92.37024422465095,46
100,synthetic_scalability_scenario_derived_from_real_traffic,15,85,afreeca_dataset;amazon_dataset;battleground_dataset;gamebox_dataset;geforce_dataset;meet_dataset;navernow_dataset;netflix_dataset;roblox_dataset;teams_dataset;tft_dataset;youtubeLive_dataset;youtube_dataset;zepeto_dataset;zoom_dataset;teams_dataset;battleground_dataset;youtubeLive_dataset;zepeto_dataset;gamebox_dataset;geforce_dataset;zepeto_dataset;geforce_dataset;zoom_dataset;gamebox_dataset;meet_dataset;teams_dataset;afreeca_dataset;battleground_dataset;geforce_dataset;zoom_dataset;teams_dataset;tft_dataset;youtube_dataset;zoom_dataset;youtube_dataset;netflix_dataset;battleground_dataset;teams_dataset;tft_dataset;youtubeLive_dataset;meet_dataset;battleground_dataset;gamebox_dataset;battleground_dataset;navernow_dataset;meet_dataset;youtubeLive_dataset;geforce_dataset;netflix_dataset;zepeto_dataset;zoom_dataset;geforce_dataset;afreeca_dataset;zepeto_dataset;roblox_dataset;netflix_dataset;netflix_dataset;gamebox_dataset;meet_dataset;zepeto_dataset;gamebox_dataset;meet_dataset;zepeto_dataset;teams_dataset;zoom_dataset;teams_dataset;amazon_dataset;tft_dataset;geforce_dataset;teams_dataset;youtubeLive_dataset;youtube_dataset;meet_dataset;roblox_dataset;netflix_dataset;netflix_dataset;amazon_dataset;youtubeLive_dataset;amazon_dataset;tft_dataset;teams_dataset;geforce_dataset;battleground_dataset;meet_dataset;zoom_dataset;meet_dataset;gamebox_dataset;youtube_dataset;tft_dataset;roblox_dataset;tft_dataset;afreeca_dataset;zoom_dataset;netflix_dataset;meet_dataset;amazon_dataset;battleground_dataset;teams_dataset;navernow_dataset,SPIKE,Blended Demand (lambda=0.75),0.75,0.75,85.24300566898008,15.464128866285389,23.881995369170387,1.9599626762884916,89.90941704035875,0.2794373568804446,93.11012912822723,46
100,synthetic_scalability_scenario_derived_from_real_traffic,15,85,afreeca_dataset;amazon_dataset;battleground_dataset;gamebox_dataset;geforce_dataset;meet_dataset;navernow_dataset;netflix_dataset;roblox_dataset;teams_dataset;tft_dataset;youtubeLive_dataset;youtube_dataset;zepeto_dataset;zoom_dataset;teams_dataset;battleground_dataset;youtubeLive_dataset;zepeto_dataset;gamebox_dataset;geforce_dataset;zepeto_dataset;geforce_dataset;zoom_dataset;gamebox_dataset;meet_dataset;teams_dataset;afreeca_dataset;battleground_dataset;geforce_dataset;zoom_dataset;teams_dataset;tft_dataset;youtube_dataset;zoom_dataset;youtube_dataset;netflix_dataset;battleground_dataset;teams_dataset;tft_dataset;youtubeLive_dataset;meet_dataset;battleground_dataset;gamebox_dataset;battleground_dataset;navernow_dataset;meet_dataset;youtubeLive_dataset;geforce_dataset;netflix_dataset;zepeto_dataset;zoom_dataset;geforce_dataset;afreeca_dataset;zepeto_dataset;roblox_dataset;netflix_dataset;netflix_dataset;gamebox_dataset;meet_dataset;zepeto_dataset;gamebox_dataset;meet_dataset;zepeto_dataset;teams_dataset;zoom_dataset;teams_dataset;amazon_dataset;tft_dataset;geforce_dataset;teams_dataset;youtubeLive_dataset;youtube_dataset;meet_dataset;roblox_dataset;netflix_dataset;netflix_dataset;amazon_dataset;youtubeLive_dataset;amazon_dataset;tft_dataset;teams_dataset;geforce_dataset;battleground_dataset;meet_dataset;zoom_dataset;meet_dataset;gamebox_dataset;youtube_dataset;tft_dataset;roblox_dataset;tft_dataset;afreeca_dataset;zoom_dataset;netflix_dataset;meet_dataset;amazon_dataset;battleground_dataset;teams_dataset;navernow_dataset,SPIKE,Prediction Only (lambda=1.00),1.0,0.75,83.60363621742853,23.501365681659916,25.34548912580144,7.77161273934902,88.99730941704036,0.2804170438286497,93.74685383390117,46
100,synthetic_scalability_scenario_derived_from_real_traffic,15,85,afreeca_dataset;amazon_dataset;battleground_dataset;gamebox_dataset;geforce_dataset;meet_dataset;navernow_dataset;netflix_dataset;roblox_dataset;teams_dataset;tft_dataset;youtubeLive_dataset;youtube_dataset;zepeto_dataset;zoom_dataset;teams_dataset;battleground_dataset;youtubeLive_dataset;zepeto_dataset;gamebox_dataset;geforce_dataset;zepeto_dataset;geforce_dataset;zoom_dataset;gamebox_dataset;meet_dataset;teams_dataset;afreeca_dataset;battleground_dataset;geforce_dataset;zoom_dataset;teams_dataset;tft_dataset;youtube_dataset;zoom_dataset;youtube_dataset;netflix_dataset;battleground_dataset;teams_dataset;tft_dataset;youtubeLive_dataset;meet_dataset;battleground_dataset;gamebox_dataset;battleground_dataset;navernow_dataset;meet_dataset;youtubeLive_dataset;geforce_dataset;netflix_dataset;zepeto_dataset;zoom_dataset;geforce_dataset;afreeca_dataset;zepeto_dataset;roblox_dataset;netflix_dataset;netflix_dataset;gamebox_dataset;meet_dataset;zepeto_dataset;gamebox_dataset;meet_dataset;zepeto_dataset;teams_dataset;zoom_dataset;teams_dataset;amazon_dataset;tft_dataset;geforce_dataset;teams_dataset;youtubeLive_dataset;youtube_dataset;meet_dataset;roblox_dataset;netflix_dataset;netflix_dataset;amazon_dataset;youtubeLive_dataset;amazon_dataset;tft_dataset;teams_dataset;geforce_dataset;battleground_dataset;meet_dataset;zoom_dataset;meet_dataset;gamebox_dataset;youtube_dataset;tft_dataset;roblox_dataset;tft_dataset;afreeca_dataset;zoom_dataset;netflix_dataset;meet_dataset;amazon_dataset;battleground_dataset;teams_dataset;navernow_dataset,SPIKE,Current Demand Only (lambda=0.00),0.0,0.75,89.99316788535191,11.72858161236459,19.64200063772553,0.2727345420794858,92.25635276532138,0.2545094727630646,89.99316788535194,46
