streams,stream_scenario,traffic_condition,seed,stream_id,source_stream_id,synthetic,circular_offset
10,real_application_traces,LOW,42,afreeca_dataset,afreeca_dataset,False,0
10,real_application_traces,LOW,42,amazon_dataset,amazon_dataset,False,0
10,real_application_traces,LOW,42,battleground_dataset,battleground_dataset,False,0
10,real_application_traces,LOW,42,gamebox_dataset,gamebox_dataset,False,0
10,real_application_traces,LOW,42,geforce_dataset,geforce_dataset,False,0
10,real_application_traces,LOW,42,meet_dataset,meet_dataset,False,0
10,real_application_traces,LOW,42,netflix_dataset,netflix_dataset,False,0
10,real_application_traces,LOW,42,teams_dataset,teams_dataset,False,0
10,real_application_traces,LOW,42,youtube_dataset,youtube_dataset,False,0
10,real_application_traces,LOW,42,zoom_dataset,zoom_dataset,False,0
10,real_application_traces,LOW,43,afreeca_dataset,afreeca_dataset,False,0
10,real_application_traces,LOW,43,gamebox_dataset,gamebox_dataset,False,0
10,real_application_traces,LOW,43,geforce_dataset,geforce_dataset,False,0
10,real_application_traces,LOW,43,meet_dataset,meet_dataset,False,0
10,real_application_traces,LOW,43,navernow_dataset,navernow_dataset,False,0
10,real_application_traces,LOW,43,netflix_dataset,netflix_dataset,False,0
10,real_application_traces,LOW,43,roblox_dataset,roblox_dataset,False,0
10,real_application_traces,LOW,43,tft_dataset,tft_dataset,False,0
10,real_application_traces,LOW,43,youtubeLive_dataset,youtubeLive_dataset,False,0
10,real_application_traces,LOW,43,youtube_dataset,youtube_dataset,False,0
10,real_application_traces,LOW,44,afreeca_dataset,afreeca_dataset,False,0
10,real_application_traces,LOW,44,amazon_dataset,amazon_dataset,False,0
10,real_application_traces,LOW,44,battleground_dataset,battleground_dataset,False,0
10,real_application_traces,LOW,44,geforce_dataset,geforce_dataset,False,0
10,real_application_traces,LOW,44,navernow_dataset,navernow_dataset,False,0
10,real_application_traces,LOW,44,netflix_dataset,netflix_dataset,False,0
10,real_application_traces,LOW,44,teams_dataset,teams_dataset,False,0
10,real_application_traces,LOW,44,tft_dataset,tft_dataset,False,0
10,real_application_traces,LOW,44,youtube_dataset,youtube_dataset,False,0
10,real_application_traces,LOW,44,zoom_dataset,zoom_dataset,False,0
10,real_application_traces,LOW,45,geforce_dataset,geforce_dataset,False,0
10,real_application_traces,LOW,45,meet_dataset,meet_dataset,False,0
10,real_application_traces,LOW,45,netflix_dataset,netflix_dataset,False,0
10,real_application_traces,LOW,45,roblox_dataset,roblox_dataset,False,0
10,real_application_traces,LOW,45,teams_dataset,teams_dataset,False,0
10,real_application_traces,LOW,45,tft_dataset,tft_dataset,False,0
10,real_application_traces,LOW,45,youtubeLive_dataset,youtubeLive_dataset,False,0
10,real_application_traces,LOW,45,youtube_dataset,youtube_dataset,False,0
10,real_application_traces,LOW,45,zepeto_dataset,zepeto_dataset,False,0
10,real_application_traces,LOW,45,zoom_dataset,zoom_dataset,False,0
10,real_application_traces,LOW,46,afreeca_dataset,afreeca_dataset,False,0
10,real_application_traces,LOW,46,amazon_dataset,amazon_dataset,False,0
10,real_application_traces,LOW,46,battleground_dataset,battleground_dataset,False,0
10,real_application_traces,LOW,46,gamebox_dataset,gamebox_dataset,False,0
10,real_application_traces,LOW,46,meet_dataset,meet_dataset,False,0
10,real_application_traces,LOW,46,navernow_dataset,navernow_dataset,False,0
10,real_application_traces,LOW,46,roblox_dataset,roblox_dataset,False,0
10,real_application_traces,LOW,46,youtubeLive_dataset,youtubeLive_dataset,False,0
10,real_application_traces,LOW,46,zepeto_dataset,zepeto_dataset,False,0
10,real_application_traces,LOW,46,zoom_dataset,zoom_dataset,False,0
10,real_application_traces,MEDIUM,42,afreeca_dataset,afreeca_dataset,False,0
10,real_application_traces,MEDIUM,42,amazon_dataset,amazon_dataset,False,0
10,real_application_traces,MEDIUM,42,battleground_dataset,battleground_dataset,False,0
10,real_application_traces,MEDIUM,42,gamebox_dataset,gamebox_dataset,False,0
10,real_application_traces,MEDIUM,42,geforce_dataset,geforce_dataset,False,0
10,real_application_traces,MEDIUM,42,meet_dataset,meet_dataset,False,0
10,real_application_traces,MEDIUM,42,netflix_dataset,netflix_dataset,False,0
10,real_application_traces,MEDIUM,42,teams_dataset,teams_dataset,False,0
10,real_application_traces,MEDIUM,42,youtube_dataset,youtube_dataset,False,0
10,real_application_traces,MEDIUM,42,zoom_dataset,zoom_dataset,False,0
10,real_application_traces,MEDIUM,43,afreeca_dataset,afreeca_dataset,False,0
10,real_application_traces,MEDIUM,43,gamebox_dataset,gamebox_dataset,False,0
10,real_application_traces,MEDIUM,43,geforce_dataset,geforce_dataset,False,0
10,real_application_traces,MEDIUM,43,meet_dataset,meet_dataset,False,0
10,real_application_traces,MEDIUM,43,navernow_dataset,navernow_dataset,False,0
10,real_application_traces,MEDIUM,43,netflix_dataset,netflix_dataset,False,0
10,real_application_traces,MEDIUM,43,roblox_dataset,roblox_dataset,False,0
10,real_application_traces,MEDIUM,43,tft_dataset,tft_dataset,False,0
10,real_application_traces,MEDIUM,43,youtubeLive_dataset,youtubeLive_dataset,False,0
10,real_application_traces,MEDIUM,43,youtube_dataset,youtube_dataset,False,0
10,real_application_traces,MEDIUM,44,afreeca_dataset,afreeca_dataset,False,0
10,real_application_traces,MEDIUM,44,amazon_dataset,amazon_dataset,False,0
10,real_application_traces,MEDIUM,44,battleground_dataset,battleground_dataset,False,0
10,real_application_traces,MEDIUM,44,geforce_dataset,geforce_dataset,False,0
10,real_application_traces,MEDIUM,44,navernow_dataset,navernow_dataset,False,0
10,real_application_traces,MEDIUM,44,netflix_dataset,netflix_dataset,False,0
10,real_application_traces,MEDIUM,44,teams_dataset,teams_dataset,False,0
10,real_application_traces,MEDIUM,44,tft_dataset,tft_dataset,False,0
10,real_application_traces,MEDIUM,44,youtube_dataset,youtube_dataset,False,0
10,real_application_traces,MEDIUM,44,zoom_dataset,zoom_dataset,False,0
10,real_application_traces,MEDIUM,45,geforce_dataset,geforce_dataset,False,0
10,real_application_traces,MEDIUM,45,meet_dataset,meet_dataset,False,0
10,real_application_traces,MEDIUM,45,netflix_dataset,netflix_dataset,False,0
10,real_application_traces,MEDIUM,45,roblox_dataset,roblox_dataset,False,0
10,real_application_traces,MEDIUM,45,teams_dataset,teams_dataset,False,0
10,real_application_traces,MEDIUM,45,tft_dataset,tft_dataset,False,0
10,real_application_traces,MEDIUM,45,youtubeLive_dataset,youtubeLive_dataset,False,0
10,real_application_traces,MEDIUM,45,youtube_dataset,youtube_dataset,False,0
10,real_application_traces,MEDIUM,45,zepeto_dataset,zepeto_dataset,False,0
10,real_application_traces,MEDIUM,45,zoom_dataset,zoom_dataset,False,0
10,real_application_traces,MEDIUM,46,afreeca_dataset,afreeca_dataset,False,0
10,real_application_traces,MEDIUM,46,amazon_dataset,amazon_dataset,False,0
10,real_application_traces,MEDIUM,46,battleground_dataset,battleground_dataset,False,0
10,real_application_traces,MEDIUM,46,gamebox_dataset,gamebox_dataset,False,0
10,real_application_traces,MEDIUM,46,meet_dataset,meet_dataset,False,0
10,real_application_traces,MEDIUM,46,navernow_dataset,navernow_dataset,False,0
10,real_application_traces,MEDIUM,46,roblox_dataset,roblox_dataset,False,0
10,real_application_traces,MEDIUM,46,youtubeLive_dataset,youtubeLive_dataset,False,0
10,real_application_traces,MEDIUM,46,zepeto_dataset,zepeto_dataset,False,0
10,real_application_traces,MEDIUM,46,zoom_dataset,zoom_dataset,False,0
10,real_application_traces,HIGH,42,afreeca_dataset,afreeca_dataset,False,0
10,real_application_traces,HIGH,42,amazon_dataset,amazon_dataset,False,0
10,real_application_traces,HIGH,42,battleground_dataset,battleground_dataset,False,0
10,real_application_traces,HIGH,42,gamebox_dataset,gamebox_dataset,False,0
10,real_application_traces,HIGH,42,geforce_dataset,geforce_dataset,False,0
10,real_application_traces,HIGH,42,meet_dataset,meet_dataset,False,0
10,real_application_traces,HIGH,42,netflix_dataset,netflix_dataset,False,0
10,real_application_traces,HIGH,42,teams_dataset,teams_dataset,False,0
10,real_application_traces,HIGH,42,youtube_dataset,youtube_dataset,False,0
10,real_application_traces,HIGH,42,zoom_dataset,zoom_dataset,False,0
10,real_application_traces,HIGH,43,afreeca_dataset,afreeca_dataset,False,0
10,real_application_traces,HIGH,43,gamebox_dataset,gamebox_dataset,False,0
10,real_application_traces,HIGH,43,geforce_dataset,geforce_dataset,False,0
10,real_application_traces,HIGH,43,meet_dataset,meet_dataset,False,0
10,real_application_traces,HIGH,43,navernow_dataset,navernow_dataset,False,0
10,real_application_traces,HIGH,43,netflix_dataset,netflix_dataset,False,0
10,real_application_traces,HIGH,43,roblox_dataset,roblox_dataset,False,0
10,real_application_traces,HIGH,43,tft_dataset,tft_dataset,False,0
10,real_application_traces,HIGH,43,youtubeLive_dataset,youtubeLive_dataset,False,0
10,real_application_traces,HIGH,43,youtube_dataset,youtube_dataset,False,0
10,real_application_traces,HIGH,44,afreeca_dataset,afreeca_dataset,False,0
10,real_application_traces,HIGH,44,amazon_dataset,amazon_dataset,False,0
10,real_application_traces,HIGH,44,battleground_dataset,battleground_dataset,False,0
10,real_application_traces,HIGH,44,geforce_dataset,geforce_dataset,False,0
10,real_application_traces,HIGH,44,navernow_dataset,navernow_dataset,False,0
10,real_application_traces,HIGH,44,netflix_dataset,netflix_dataset,False,0
10,real_application_traces,HIGH,44,teams_dataset,teams_dataset,False,0
10,real_application_traces,HIGH,44,tft_dataset,tft_dataset,False,0
10,real_application_traces,HIGH,44,youtube_dataset,youtube_dataset,False,0
10,real_application_traces,HIGH,44,zoom_dataset,zoom_dataset,False,0
10,real_application_traces,HIGH,45,geforce_dataset,geforce_dataset,False,0
10,real_application_traces,HIGH,45,meet_dataset,meet_dataset,False,0
10,real_application_traces,HIGH,45,netflix_dataset,netflix_dataset,False,0
10,real_application_traces,HIGH,45,roblox_dataset,roblox_dataset,False,0
10,real_application_traces,HIGH,45,teams_dataset,teams_dataset,False,0
10,real_application_traces,HIGH,45,tft_dataset,tft_dataset,False,0
10,real_application_traces,HIGH,45,youtubeLive_dataset,youtubeLive_dataset,False,0
10,real_application_traces,HIGH,45,youtube_dataset,youtube_dataset,False,0
10,real_application_traces,HIGH,45,zepeto_dataset,zepeto_dataset,False,0
10,real_application_traces,HIGH,45,zoom_dataset,zoom_dataset,False,0
10,real_application_traces,HIGH,46,afreeca_dataset,afreeca_dataset,False,0
10,real_application_traces,HIGH,46,amazon_dataset,amazon_dataset,False,0
10,real_application_traces,HIGH,46,battleground_dataset,battleground_dataset,False,0
10,real_application_traces,HIGH,46,gamebox_dataset,gamebox_dataset,False,0
10,real_application_traces,HIGH,46,meet_dataset,meet_dataset,False,0
10,real_application_traces,HIGH,46,navernow_dataset,navernow_dataset,False,0
10,real_application_traces,HIGH,46,roblox_dataset,roblox_dataset,False,0
10,real_application_traces,HIGH,46,youtubeLive_dataset,youtubeLive_dataset,False,0
10,real_application_traces,HIGH,46,zepeto_dataset,zepeto_dataset,False,0
10,real_application_traces,HIGH,46,zoom_dataset,zoom_dataset,False,0
10,real_application_traces,SPIKE,42,afreeca_dataset,afreeca_dataset,False,0
10,real_application_traces,SPIKE,42,amazon_dataset,amazon_dataset,False,0
10,real_application_traces,SPIKE,42,battleground_dataset,battleground_dataset,False,0
10,real_application_traces,SPIKE,42,gamebox_dataset,gamebox_dataset,False,0
10,real_application_traces,SPIKE,42,geforce_dataset,geforce_dataset,False,0
10,real_application_traces,SPIKE,42,meet_dataset,meet_dataset,False,0
10,real_application_traces,SPIKE,42,netflix_dataset,netflix_dataset,False,0
10,real_application_traces,SPIKE,42,teams_dataset,teams_dataset,False,0
10,real_application_traces,SPIKE,42,youtube_dataset,youtube_dataset,False,0
10,real_application_traces,SPIKE,42,zoom_dataset,zoom_dataset,False,0
10,real_application_traces,SPIKE,43,afreeca_dataset,afreeca_dataset,False,0
10,real_application_traces,SPIKE,43,gamebox_dataset,gamebox_dataset,False,0
10,real_application_traces,SPIKE,43,geforce_dataset,geforce_dataset,False,0
10,real_application_traces,SPIKE,43,meet_dataset,meet_dataset,False,0
10,real_application_traces,SPIKE,43,navernow_dataset,navernow_dataset,False,0
10,real_application_traces,SPIKE,43,netflix_dataset,netflix_dataset,False,0
10,real_application_traces,SPIKE,43,roblox_dataset,roblox_dataset,False,0
10,real_application_traces,SPIKE,43,tft_dataset,tft_dataset,False,0
10,real_application_traces,SPIKE,43,youtubeLive_dataset,youtubeLive_dataset,False,0
10,real_application_traces,SPIKE,43,youtube_dataset,youtube_dataset,False,0
10,real_application_traces,SPIKE,44,afreeca_dataset,afreeca_dataset,False,0
10,real_application_traces,SPIKE,44,amazon_dataset,amazon_dataset,False,0
10,real_application_traces,SPIKE,44,battleground_dataset,battleground_dataset,False,0
10,real_application_traces,SPIKE,44,geforce_dataset,geforce_dataset,False,0
10,real_application_traces,SPIKE,44,navernow_dataset,navernow_dataset,False,0
10,real_application_traces,SPIKE,44,netflix_dataset,netflix_dataset,False,0
10,real_application_traces,SPIKE,44,teams_dataset,teams_dataset,False,0
10,real_application_traces,SPIKE,44,tft_dataset,tft_dataset,False,0
10,real_application_traces,SPIKE,44,youtube_dataset,youtube_dataset,False,0
10,real_application_traces,SPIKE,44,zoom_dataset,zoom_dataset,False,0
10,real_application_traces,SPIKE,45,geforce_dataset,geforce_dataset,False,0
10,real_application_traces,SPIKE,45,meet_dataset,meet_dataset,False,0
10,real_application_traces,SPIKE,45,netflix_dataset,netflix_dataset,False,0
10,real_application_traces,SPIKE,45,roblox_dataset,roblox_dataset,False,0
10,real_application_traces,SPIKE,45,teams_dataset,teams_dataset,False,0
10,real_application_traces,SPIKE,45,tft_dataset,tft_dataset,False,0
10,real_application_traces,SPIKE,45,youtubeLive_dataset,youtubeLive_dataset,False,0
10,real_application_traces,SPIKE,45,youtube_dataset,youtube_dataset,False,0
10,real_application_traces,SPIKE,45,zepeto_dataset,zepeto_dataset,False,0
10,real_application_traces,SPIKE,45,zoom_dataset,zoom_dataset,False,0
10,real_application_traces,SPIKE,46,afreeca_dataset,afreeca_dataset,False,0
10,real_application_traces,SPIKE,46,amazon_dataset,amazon_dataset,False,0
10,real_application_traces,SPIKE,46,battleground_dataset,battleground_dataset,False,0
10,real_application_traces,SPIKE,46,gamebox_dataset,gamebox_dataset,False,0
10,real_application_traces,SPIKE,46,meet_dataset,meet_dataset,False,0
10,real_application_traces,SPIKE,46,navernow_dataset,navernow_dataset,False,0
10,real_application_traces,SPIKE,46,roblox_dataset,roblox_dataset,False,0
10,real_application_traces,SPIKE,46,youtubeLive_dataset,youtubeLive_dataset,False,0
10,real_application_traces,SPIKE,46,zepeto_dataset,zepeto_dataset,False,0
10,real_application_traces,SPIKE,46,zoom_dataset,zoom_dataset,False,0
25,synthetic_scalability_scenario_derived_from_real_traffic,LOW,42,afreeca_dataset,afreeca_dataset,False,0
25,synthetic_scalability_scenario_derived_from_real_traffic,LOW,42,amazon_dataset,amazon_dataset,False,0
25,synthetic_scalability_scenario_derived_from_real_traffic,LOW,42,battleground_dataset,battleground_dataset,False,0
25,synthetic_scalability_scenario_derived_from_real_traffic,LOW,42,gamebox_dataset,gamebox_dataset,False,0
25,synthetic_scalability_scenario_derived_from_real_traffic,LOW,42,geforce_dataset,geforce_dataset,False,0
25,synthetic_scalability_scenario_derived_from_real_traffic,LOW,42,meet_dataset,meet_dataset,False,0
25,synthetic_scalability_scenario_derived_from_real_traffic,LOW,42,navernow_dataset,navernow_dataset,False,0
25,synthetic_scalability_scenario_derived_from_real_traffic,LOW,42,netflix_dataset,netflix_dataset,False,0
25,synthetic_scalability_scenario_derived_from_real_traffic,LOW,42,roblox_dataset,roblox_dataset,False,0
25,synthetic_scalability_scenario_derived_from_real_traffic,LOW,42,teams_dataset,teams_dataset,False,0
25,synthetic_scalability_scenario_derived_from_real_traffic,LOW,42,tft_dataset,tft_dataset,False,0
25,synthetic_scalability_scenario_derived_from_real_traffic,LOW,42,youtubeLive_dataset,youtubeLive_dataset,False,0
25,synthetic_scalability_scenario_derived_from_real_traffic,LOW,42,youtube_dataset,youtube_dataset,False,0
25,synthetic_scalability_scenario_derived_from_real_traffic,LOW,42,zepeto_dataset,zepeto_dataset,False,0
25,synthetic_scalability_scenario_derived_from_real_traffic,LOW,42,zoom_dataset,zoom_dataset,False,0
25,synthetic_scalability_scenario_derived_from_real_traffic,LOW,42,synthetic_001,roblox_dataset,True,2966
25,synthetic_scalability_scenario_derived_from_real_traffic,LOW,42,synthetic_002,navernow_dataset,True,1520
25,synthetic_scalability_scenario_derived_from_real_traffic,LOW,42,synthetic_003,amazon_dataset,True,3710
25,synthetic_scalability_scenario_derived_from_real_traffic,LOW,42,synthetic_004,zepeto_dataset,True,426
25,synthetic_scalability_scenario_derived_from_real_traffic,LOW,42,synthetic_005,youtube_dataset,True,5536
25,synthetic_scalability_scenario_derived_from_real_traffic,LOW,42,synthetic_006,geforce_dataset,True,4225
25,synthetic_scalability_scenario_derived_from_real_traffic,LOW,42,synthetic_007,battleground_dataset,True,5071
25,synthetic_scalability_scenario_derived_from_real_traffic,LOW,42,synthetic_008,tft_dataset,True,2371
25,synthetic_scalability_scenario_derived_from_real_traffic,LOW,42,synthetic_009,amazon_dataset,True,6493
25,synthetic_scalability_scenario_derived_from_real_traffic,LOW,42,synthetic_010,navernow_dataset,True,5974
25,synthetic_scalability_scenario_derived_from_real_traffic,LOW,43,afreeca_dataset,afreeca_dataset,False,0
25,synthetic_scalability_scenario_derived_from_real_traffic,LOW,43,amazon_dataset,amazon_dataset,False,0
25,synthetic_scalability_scenario_derived_from_real_traffic,LOW,43,battleground_dataset,battleground_dataset,False,0
25,synthetic_scalability_scenario_derived_from_real_traffic,LOW,43,gamebox_dataset,gamebox_dataset,False,0
25,synthetic_scalability_scenario_derived_from_real_traffic,LOW,43,geforce_dataset,geforce_dataset,False,0
25,synthetic_scalability_scenario_derived_from_real_traffic,LOW,43,meet_dataset,meet_dataset,False,0
25,synthetic_scalability_scenario_derived_from_real_traffic,LOW,43,navernow_dataset,navernow_dataset,False,0
25,synthetic_scalability_scenario_derived_from_real_traffic,LOW,43,netflix_dataset,netflix_dataset,False,0
25,synthetic_scalability_scenario_derived_from_real_traffic,LOW,43,roblox_dataset,roblox_dataset,False,0
25,synthetic_scalability_scenario_derived_from_real_traffic,LOW,43,teams_dataset,teams_dataset,False,0
25,synthetic_scalability_scenario_derived_from_real_traffic,LOW,43,tft_dataset,tft_dataset,False,0
25,synthetic_scalability_scenario_derived_from_real_traffic,LOW,43,youtubeLive_dataset,youtubeLive_dataset,False,0
25,synthetic_scalability_scenario_derived_from_real_traffic,LOW,43,youtube_dataset,youtube_dataset,False,0
25,synthetic_scalability_scenario_derived_from_real_traffic,LOW,43,zepeto_dataset,zepeto_dataset,False,0
25,synthetic_scalability_scenario_derived_from_real_traffic,LOW,43,zoom_dataset,zoom_dataset,False,0
25,synthetic_scalability_scenario_derived_from_real_traffic,LOW,43,synthetic_001,zepeto_dataset,True,2823
25,synthetic_scalability_scenario_derived_from_real_traffic,LOW,43,synthetic_002,navernow_dataset,True,27
25,synthetic_scalability_scenario_derived_from_real_traffic,LOW,43,synthetic_003,navernow_dataset,True,2066
25,synthetic_scalability_scenario_derived_from_real_traffic,LOW,43,synthetic_004,roblox_dataset,True,6367
25,synthetic_scalability_scenario_derived_from_real_traffic,LOW,43,synthetic_005,afreeca_dataset,True,5607
25,synthetic_scalability_scenario_derived_from_real_traffic,LOW,43,synthetic_006,meet_dataset,True,3580
25,synthetic_scalability_scenario_derived_from_real_traffic,LOW,43,synthetic_007,netflix_dataset,True,3247
25,synthetic_scalability_scenario_derived_from_real_traffic,LOW,43,synthetic_008,youtube_dataset,True,6322
25,synthetic_scalability_scenario_derived_from_real_traffic,LOW,43,synthetic_009,zoom_dataset,True,3968
25,synthetic_scalability_scenario_derived_from_real_traffic,LOW,43,synthetic_010,tft_dataset,True,6307
25,synthetic_scalability_scenario_derived_from_real_traffic,LOW,44,afreeca_dataset,afreeca_dataset,False,0
25,synthetic_scalability_scenario_derived_from_real_traffic,LOW,44,amazon_dataset,amazon_dataset,False,0
25,synthetic_scalability_scenario_derived_from_real_traffic,LOW,44,battleground_dataset,battleground_dataset,False,0
25,synthetic_scalability_scenario_derived_from_real_traffic,LOW,44,gamebox_dataset,gamebox_dataset,False,0
25,synthetic_scalability_scenario_derived_from_real_traffic,LOW,44,geforce_dataset,geforce_dataset,False,0
25,synthetic_scalability_scenario_derived_from_real_traffic,LOW,44,meet_dataset,meet_dataset,False,0
25,synthetic_scalability_scenario_derived_from_real_traffic,LOW,44,navernow_dataset,navernow_dataset,False,0
25,synthetic_scalability_scenario_derived_from_real_traffic,LOW,44,netflix_dataset,netflix_dataset,False,0
25,synthetic_scalability_scenario_derived_from_real_traffic,LOW,44,roblox_dataset,roblox_dataset,False,0
25,synthetic_scalability_scenario_derived_from_real_traffic,LOW,44,teams_dataset,teams_dataset,False,0
25,synthetic_scalability_scenario_derived_from_real_traffic,LOW,44,tft_dataset,tft_dataset,False,0
25,synthetic_scalability_scenario_derived_from_real_traffic,LOW,44,youtubeLive_dataset,youtubeLive_dataset,False,0
25,synthetic_scalability_scenario_derived_from_real_traffic,LOW,44,youtube_dataset,youtube_dataset,False,0
25,synthetic_scalability_scenario_derived_from_real_traffic,LOW,44,zepeto_dataset,zepeto_dataset,False,0
25,synthetic_scalability_scenario_derived_from_real_traffic,LOW,44,zoom_dataset,zoom_dataset,False,0
25,synthetic_scalability_scenario_derived_from_real_traffic,LOW,44,synthetic_001,roblox_dataset,True,4787
25,synthetic_scalability_scenario_derived_from_real_traffic,LOW,44,synthetic_002,navernow_dataset,True,130
25,synthetic_scalability_scenario_derived_from_real_traffic,LOW,44,synthetic_003,roblox_dataset,True,5334
25,synthetic_scalability_scenario_derived_from_real_traffic,LOW,44,synthetic_004,amazon_dataset,True,6026
25,synthetic_scalability_scenario_derived_from_real_traffic,LOW,44,synthetic_005,roblox_dataset,True,3504
25,synthetic_scalability_scenario_derived_from_real_traffic,LOW,44,synthetic_006,youtube_dataset,True,1319
25,synthetic_scalability_scenario_derived_from_real_traffic,LOW,44,synthetic_007,zoom_dataset,True,1209
25,synthetic_scalability_scenario_derived_from_real_traffic,LOW,44,synthetic_008,youtubeLive_dataset,True,5655
25,synthetic_scalability_scenario_derived_from_real_traffic,LOW,44,synthetic_009,teams_dataset,True,583
25,synthetic_scalability_scenario_derived_from_real_traffic,LOW,44,synthetic_010,tft_dataset,True,3654
25,synthetic_scalability_scenario_derived_from_real_traffic,LOW,45,afreeca_dataset,afreeca_dataset,False,0
25,synthetic_scalability_scenario_derived_from_real_traffic,LOW,45,amazon_dataset,amazon_dataset,False,0
25,synthetic_scalability_scenario_derived_from_real_traffic,LOW,45,battleground_dataset,battleground_dataset,False,0
25,synthetic_scalability_scenario_derived_from_real_traffic,LOW,45,gamebox_dataset,gamebox_dataset,False,0
25,synthetic_scalability_scenario_derived_from_real_traffic,LOW,45,geforce_dataset,geforce_dataset,False,0
25,synthetic_scalability_scenario_derived_from_real_traffic,LOW,45,meet_dataset,meet_dataset,False,0
25,synthetic_scalability_scenario_derived_from_real_traffic,LOW,45,navernow_dataset,navernow_dataset,False,0
25,synthetic_scalability_scenario_derived_from_real_traffic,LOW,45,netflix_dataset,netflix_dataset,False,0
25,synthetic_scalability_scenario_derived_from_real_traffic,LOW,45,roblox_dataset,roblox_dataset,False,0
25,synthetic_scalability_scenario_derived_from_real_traffic,LOW,45,teams_dataset,teams_dataset,False,0
25,synthetic_scalability_scenario_derived_from_real_traffic,LOW,45,tft_dataset,tft_dataset,False,0
25,synthetic_scalability_scenario_derived_from_real_traffic,LOW,45,youtubeLive_dataset,youtubeLive_dataset,False,0
25,synthetic_scalability_scenario_derived_from_real_traffic,LOW,45,youtube_dataset,youtube_dataset,False,0
25,synthetic_scalability_scenario_derived_from_real_traffic,LOW,45,zepeto_dataset,zepeto_dataset,False,0
25,synthetic_scalability_scenario_derived_from_real_traffic,LOW,45,zoom_dataset,zoom_dataset,False,0
25,synthetic_scalability_scenario_derived_from_real_traffic,LOW,45,synthetic_001,roblox_dataset,True,6449
25,synthetic_scalability_scenario_derived_from_real_traffic,LOW,45,synthetic_002,netflix_dataset,True,3135
25,synthetic_scalability_scenario_derived_from_real_traffic,LOW,45,synthetic_003,navernow_dataset,True,5426
25,synthetic_scalability_scenario_derived_from_real_traffic,LOW,45,synthetic_004,youtubeLive_dataset,True,5788
25,synthetic_scalability_scenario_derived_from_real_traffic,LOW,45,synthetic_005,meet_dataset,True,4213
25,synthetic_scalability_scenario_derived_from_real_traffic,LOW,45,synthetic_006,youtube_dataset,True,313
25,synthetic_scalability_scenario_derived_from_real_traffic,LOW,45,synthetic_007,navernow_dataset,True,367
25,synthetic_scalability_scenario_derived_from_real_traffic,LOW,45,synthetic_008,geforce_dataset,True,801
25,synthetic_scalability_scenario_derived_from_real_traffic,LOW,45,synthetic_009,navernow_dataset,True,4698
25,synthetic_scalability_scenario_derived_from_real_traffic,LOW,45,synthetic_010,navernow_dataset,True,294
25,synthetic_scalability_scenario_derived_from_real_traffic,LOW,46,afreeca_dataset,afreeca_dataset,False,0
25,synthetic_scalability_scenario_derived_from_real_traffic,LOW,46,amazon_dataset,amazon_dataset,False,0
25,synthetic_scalability_scenario_derived_from_real_traffic,LOW,46,battleground_dataset,battleground_dataset,False,0
25,synthetic_scalability_scenario_derived_from_real_traffic,LOW,46,gamebox_dataset,gamebox_dataset,False,0
25,synthetic_scalability_scenario_derived_from_real_traffic,LOW,46,geforce_dataset,geforce_dataset,False,0
25,synthetic_scalability_scenario_derived_from_real_traffic,LOW,46,meet_dataset,meet_dataset,False,0
25,synthetic_scalability_scenario_derived_from_real_traffic,LOW,46,navernow_dataset,navernow_dataset,False,0
25,synthetic_scalability_scenario_derived_from_real_traffic,LOW,46,netflix_dataset,netflix_dataset,False,0
25,synthetic_scalability_scenario_derived_from_real_traffic,LOW,46,roblox_dataset,roblox_dataset,False,0
25,synthetic_scalability_scenario_derived_from_real_traffic,LOW,46,teams_dataset,teams_dataset,False,0
25,synthetic_scalability_scenario_derived_from_real_traffic,LOW,46,tft_dataset,tft_dataset,False,0
25,synthetic_scalability_scenario_derived_from_real_traffic,LOW,46,youtubeLive_dataset,youtubeLive_dataset,False,0
25,synthetic_scalability_scenario_derived_from_real_traffic,LOW,46,youtube_dataset,youtube_dataset,False,0
25,synthetic_scalability_scenario_derived_from_real_traffic,LOW,46,zepeto_dataset,zepeto_dataset,False,0
25,synthetic_scalability_scenario_derived_from_real_traffic,LOW,46,zoom_dataset,zoom_dataset,False,0
25,synthetic_scalability_scenario_derived_from_real_traffic,LOW,46,synthetic_001,teams_dataset,True,4886
25,synthetic_scalability_scenario_derived_from_real_traffic,LOW,46,synthetic_002,battleground_dataset,True,5170
25,synthetic_scalability_scenario_derived_from_real_traffic,LOW,46,synthetic_003,youtubeLive_dataset,True,444
25,synthetic_scalability_scenario_derived_from_real_traffic,LOW,46,synthetic_004,zepeto_dataset,True,702
25,synthetic_scalability_scenario_derived_from_real_traffic,LOW,46,synthetic_005,gamebox_dataset,True,2609
25,synthetic_scalability_scenario_derived_from_real_traffic,LOW,46,synthetic_006,geforce_dataset,True,2181
25,synthetic_scalability_scenario_derived_from_real_traffic,LOW,46,synthetic_007,zepeto_dataset,True,1683
25,synthetic_scalability_scenario_derived_from_real_traffic,LOW,46,synthetic_008,geforce_dataset,True,5639
25,synthetic_scalability_scenario_derived_from_real_traffic,LOW,46,synthetic_009,zoom_dataset,True,47
25,synthetic_scalability_scenario_derived_from_real_traffic,LOW,46,synthetic_010,gamebox_dataset,True,1211
25,synthetic_scalability_scenario_derived_from_real_traffic,MEDIUM,42,afreeca_dataset,afreeca_dataset,False,0
25,synthetic_scalability_scenario_derived_from_real_traffic,MEDIUM,42,amazon_dataset,amazon_dataset,False,0
25,synthetic_scalability_scenario_derived_from_real_traffic,MEDIUM,42,battleground_dataset,battleground_dataset,False,0
25,synthetic_scalability_scenario_derived_from_real_traffic,MEDIUM,42,gamebox_dataset,gamebox_dataset,False,0
25,synthetic_scalability_scenario_derived_from_real_traffic,MEDIUM,42,geforce_dataset,geforce_dataset,False,0
25,synthetic_scalability_scenario_derived_from_real_traffic,MEDIUM,42,meet_dataset,meet_dataset,False,0
25,synthetic_scalability_scenario_derived_from_real_traffic,MEDIUM,42,navernow_dataset,navernow_dataset,False,0
25,synthetic_scalability_scenario_derived_from_real_traffic,MEDIUM,42,netflix_dataset,netflix_dataset,False,0
25,synthetic_scalability_scenario_derived_from_real_traffic,MEDIUM,42,roblox_dataset,roblox_dataset,False,0
25,synthetic_scalability_scenario_derived_from_real_traffic,MEDIUM,42,teams_dataset,teams_dataset,False,0
25,synthetic_scalability_scenario_derived_from_real_traffic,MEDIUM,42,tft_dataset,tft_dataset,False,0
25,synthetic_scalability_scenario_derived_from_real_traffic,MEDIUM,42,youtubeLive_dataset,youtubeLive_dataset,False,0
25,synthetic_scalability_scenario_derived_from_real_traffic,MEDIUM,42,youtube_dataset,youtube_dataset,False,0
25,synthetic_scalability_scenario_derived_from_real_traffic,MEDIUM,42,zepeto_dataset,zepeto_dataset,False,0
25,synthetic_scalability_scenario_derived_from_real_traffic,MEDIUM,42,zoom_dataset,zoom_dataset,False,0
25,synthetic_scalability_scenario_derived_from_real_traffic,MEDIUM,42,synthetic_001,roblox_dataset,True,2966
25,synthetic_scalability_scenario_derived_from_real_traffic,MEDIUM,42,synthetic_002,navernow_dataset,True,1520
25,synthetic_scalability_scenario_derived_from_real_traffic,MEDIUM,42,synthetic_003,amazon_dataset,True,3710
25,synthetic_scalability_scenario_derived_from_real_traffic,MEDIUM,42,synthetic_004,zepeto_dataset,True,426
25,synthetic_scalability_scenario_derived_from_real_traffic,MEDIUM,42,synthetic_005,youtube_dataset,True,5536
25,synthetic_scalability_scenario_derived_from_real_traffic,MEDIUM,42,synthetic_006,geforce_dataset,True,4225
25,synthetic_scalability_scenario_derived_from_real_traffic,MEDIUM,42,synthetic_007,battleground_dataset,True,5071
25,synthetic_scalability_scenario_derived_from_real_traffic,MEDIUM,42,synthetic_008,tft_dataset,True,2371
25,synthetic_scalability_scenario_derived_from_real_traffic,MEDIUM,42,synthetic_009,amazon_dataset,True,6493
25,synthetic_scalability_scenario_derived_from_real_traffic,MEDIUM,42,synthetic_010,navernow_dataset,True,5974
25,synthetic_scalability_scenario_derived_from_real_traffic,MEDIUM,43,afreeca_dataset,afreeca_dataset,False,0
25,synthetic_scalability_scenario_derived_from_real_traffic,MEDIUM,43,amazon_dataset,amazon_dataset,False,0
25,synthetic_scalability_scenario_derived_from_real_traffic,MEDIUM,43,battleground_dataset,battleground_dataset,False,0
25,synthetic_scalability_scenario_derived_from_real_traffic,MEDIUM,43,gamebox_dataset,gamebox_dataset,False,0
25,synthetic_scalability_scenario_derived_from_real_traffic,MEDIUM,43,geforce_dataset,geforce_dataset,False,0
25,synthetic_scalability_scenario_derived_from_real_traffic,MEDIUM,43,meet_dataset,meet_dataset,False,0
25,synthetic_scalability_scenario_derived_from_real_traffic,MEDIUM,43,navernow_dataset,navernow_dataset,False,0
25,synthetic_scalability_scenario_derived_from_real_traffic,MEDIUM,43,netflix_dataset,netflix_dataset,False,0
25,synthetic_scalability_scenario_derived_from_real_traffic,MEDIUM,43,roblox_dataset,roblox_dataset,False,0
25,synthetic_scalability_scenario_derived_from_real_traffic,MEDIUM,43,teams_dataset,teams_dataset,False,0
25,synthetic_scalability_scenario_derived_from_real_traffic,MEDIUM,43,tft_dataset,tft_dataset,False,0
25,synthetic_scalability_scenario_derived_from_real_traffic,MEDIUM,43,youtubeLive_dataset,youtubeLive_dataset,False,0
25,synthetic_scalability_scenario_derived_from_real_traffic,MEDIUM,43,youtube_dataset,youtube_dataset,False,0
25,synthetic_scalability_scenario_derived_from_real_traffic,MEDIUM,43,zepeto_dataset,zepeto_dataset,False,0
25,synthetic_scalability_scenario_derived_from_real_traffic,MEDIUM,43,zoom_dataset,zoom_dataset,False,0
25,synthetic_scalability_scenario_derived_from_real_traffic,MEDIUM,43,synthetic_001,zepeto_dataset,True,2823
25,synthetic_scalability_scenario_derived_from_real_traffic,MEDIUM,43,synthetic_002,navernow_dataset,True,27
25,synthetic_scalability_scenario_derived_from_real_traffic,MEDIUM,43,synthetic_003,navernow_dataset,True,2066
25,synthetic_scalability_scenario_derived_from_real_traffic,MEDIUM,43,synthetic_004,roblox_dataset,True,6367
25,synthetic_scalability_scenario_derived_from_real_traffic,MEDIUM,43,synthetic_005,afreeca_dataset,True,5607
25,synthetic_scalability_scenario_derived_from_real_traffic,MEDIUM,43,synthetic_006,meet_dataset,True,3580
25,synthetic_scalability_scenario_derived_from_real_traffic,MEDIUM,43,synthetic_007,netflix_dataset,True,3247
25,synthetic_scalability_scenario_derived_from_real_traffic,MEDIUM,43,synthetic_008,youtube_dataset,True,6322
25,synthetic_scalability_scenario_derived_from_real_traffic,MEDIUM,43,synthetic_009,zoom_dataset,True,3968
25,synthetic_scalability_scenario_derived_from_real_traffic,MEDIUM,43,synthetic_010,tft_dataset,True,6307
25,synthetic_scalability_scenario_derived_from_real_traffic,MEDIUM,44,afreeca_dataset,afreeca_dataset,False,0
25,synthetic_scalability_scenario_derived_from_real_traffic,MEDIUM,44,amazon_dataset,amazon_dataset,False,0
25,synthetic_scalability_scenario_derived_from_real_traffic,MEDIUM,44,battleground_dataset,battleground_dataset,False,0
25,synthetic_scalability_scenario_derived_from_real_traffic,MEDIUM,44,gamebox_dataset,gamebox_dataset,False,0
25,synthetic_scalability_scenario_derived_from_real_traffic,MEDIUM,44,geforce_dataset,geforce_dataset,False,0
25,synthetic_scalability_scenario_derived_from_real_traffic,MEDIUM,44,meet_dataset,meet_dataset,False,0
25,synthetic_scalability_scenario_derived_from_real_traffic,MEDIUM,44,navernow_dataset,navernow_dataset,False,0
25,synthetic_scalability_scenario_derived_from_real_traffic,MEDIUM,44,netflix_dataset,netflix_dataset,False,0
25,synthetic_scalability_scenario_derived_from_real_traffic,MEDIUM,44,roblox_dataset,roblox_dataset,False,0
25,synthetic_scalability_scenario_derived_from_real_traffic,MEDIUM,44,teams_dataset,teams_dataset,False,0
25,synthetic_scalability_scenario_derived_from_real_traffic,MEDIUM,44,tft_dataset,tft_dataset,False,0
25,synthetic_scalability_scenario_derived_from_real_traffic,MEDIUM,44,youtubeLive_dataset,youtubeLive_dataset,False,0
25,synthetic_scalability_scenario_derived_from_real_traffic,MEDIUM,44,youtube_dataset,youtube_dataset,False,0
25,synthetic_scalability_scenario_derived_from_real_traffic,MEDIUM,44,zepeto_dataset,zepeto_dataset,False,0
25,synthetic_scalability_scenario_derived_from_real_traffic,MEDIUM,44,zoom_dataset,zoom_dataset,False,0
25,synthetic_scalability_scenario_derived_from_real_traffic,MEDIUM,44,synthetic_001,roblox_dataset,True,4787
25,synthetic_scalability_scenario_derived_from_real_traffic,MEDIUM,44,synthetic_002,navernow_dataset,True,130
25,synthetic_scalability_scenario_derived_from_real_traffic,MEDIUM,44,synthetic_003,roblox_dataset,True,5334
25,synthetic_scalability_scenario_derived_from_real_traffic,MEDIUM,44,synthetic_004,amazon_dataset,True,6026
25,synthetic_scalability_scenario_derived_from_real_traffic,MEDIUM,44,synthetic_005,roblox_dataset,True,3504
25,synthetic_scalability_scenario_derived_from_real_traffic,MEDIUM,44,synthetic_006,youtube_dataset,True,1319
25,synthetic_scalability_scenario_derived_from_real_traffic,MEDIUM,44,synthetic_007,zoom_dataset,True,1209
25,synthetic_scalability_scenario_derived_from_real_traffic,MEDIUM,44,synthetic_008,youtubeLive_dataset,True,5655
25,synthetic_scalability_scenario_derived_from_real_traffic,MEDIUM,44,synthetic_009,teams_dataset,True,583
25,synthetic_scalability_scenario_derived_from_real_traffic,MEDIUM,44,synthetic_010,tft_dataset,True,3654
25,synthetic_scalability_scenario_derived_from_real_traffic,MEDIUM,45,afreeca_dataset,afreeca_dataset,False,0
25,synthetic_scalability_scenario_derived_from_real_traffic,MEDIUM,45,amazon_dataset,amazon_dataset,False,0
25,synthetic_scalability_scenario_derived_from_real_traffic,MEDIUM,45,battleground_dataset,battleground_dataset,False,0
25,synthetic_scalability_scenario_derived_from_real_traffic,MEDIUM,45,gamebox_dataset,gamebox_dataset,False,0
25,synthetic_scalability_scenario_derived_from_real_traffic,MEDIUM,45,geforce_dataset,geforce_dataset,False,0
25,synthetic_scalability_scenario_derived_from_real_traffic,MEDIUM,45,meet_dataset,meet_dataset,False,0
25,synthetic_scalability_scenario_derived_from_real_traffic,MEDIUM,45,navernow_dataset,navernow_dataset,False,0
25,synthetic_scalability_scenario_derived_from_real_traffic,MEDIUM,45,netflix_dataset,netflix_dataset,False,0
25,synthetic_scalability_scenario_derived_from_real_traffic,MEDIUM,45,roblox_dataset,roblox_dataset,False,0
25,synthetic_scalability_scenario_derived_from_real_traffic,MEDIUM,45,teams_dataset,teams_dataset,False,0
25,synthetic_scalability_scenario_derived_from_real_traffic,MEDIUM,45,tft_dataset,tft_dataset,False,0
25,synthetic_scalability_scenario_derived_from_real_traffic,MEDIUM,45,youtubeLive_dataset,youtubeLive_dataset,False,0
25,synthetic_scalability_scenario_derived_from_real_traffic,MEDIUM,45,youtube_dataset,youtube_dataset,False,0
25,synthetic_scalability_scenario_derived_from_real_traffic,MEDIUM,45,zepeto_dataset,zepeto_dataset,False,0
25,synthetic_scalability_scenario_derived_from_real_traffic,MEDIUM,45,zoom_dataset,zoom_dataset,False,0
25,synthetic_scalability_scenario_derived_from_real_traffic,MEDIUM,45,synthetic_001,roblox_dataset,True,6449
25,synthetic_scalability_scenario_derived_from_real_traffic,MEDIUM,45,synthetic_002,netflix_dataset,True,3135
25,synthetic_scalability_scenario_derived_from_real_traffic,MEDIUM,45,synthetic_003,navernow_dataset,True,5426
25,synthetic_scalability_scenario_derived_from_real_traffic,MEDIUM,45,synthetic_004,youtubeLive_dataset,True,5788
25,synthetic_scalability_scenario_derived_from_real_traffic,MEDIUM,45,synthetic_005,meet_dataset,True,4213
25,synthetic_scalability_scenario_derived_from_real_traffic,MEDIUM,45,synthetic_006,youtube_dataset,True,313
25,synthetic_scalability_scenario_derived_from_real_traffic,MEDIUM,45,synthetic_007,navernow_dataset,True,367
25,synthetic_scalability_scenario_derived_from_real_traffic,MEDIUM,45,synthetic_008,geforce_dataset,True,801
25,synthetic_scalability_scenario_derived_from_real_traffic,MEDIUM,45,synthetic_009,navernow_dataset,True,4698
25,synthetic_scalability_scenario_derived_from_real_traffic,MEDIUM,45,synthetic_010,navernow_dataset,True,294
25,synthetic_scalability_scenario_derived_from_real_traffic,MEDIUM,46,afreeca_dataset,afreeca_dataset,False,0
25,synthetic_scalability_scenario_derived_from_real_traffic,MEDIUM,46,amazon_dataset,amazon_dataset,False,0
25,synthetic_scalability_scenario_derived_from_real_traffic,MEDIUM,46,battleground_dataset,battleground_dataset,False,0
25,synthetic_scalability_scenario_derived_from_real_traffic,MEDIUM,46,gamebox_dataset,gamebox_dataset,False,0
25,synthetic_scalability_scenario_derived_from_real_traffic,MEDIUM,46,geforce_dataset,geforce_dataset,False,0
25,synthetic_scalability_scenario_derived_from_real_traffic,MEDIUM,46,meet_dataset,meet_dataset,False,0
25,synthetic_scalability_scenario_derived_from_real_traffic,MEDIUM,46,navernow_dataset,navernow_dataset,False,0
25,synthetic_scalability_scenario_derived_from_real_traffic,MEDIUM,46,netflix_dataset,netflix_dataset,False,0
25,synthetic_scalability_scenario_derived_from_real_traffic,MEDIUM,46,roblox_dataset,roblox_dataset,False,0
25,synthetic_scalability_scenario_derived_from_real_traffic,MEDIUM,46,teams_dataset,teams_dataset,False,0
25,synthetic_scalability_scenario_derived_from_real_traffic,MEDIUM,46,tft_dataset,tft_dataset,False,0
25,synthetic_scalability_scenario_derived_from_real_traffic,MEDIUM,46,youtubeLive_dataset,youtubeLive_dataset,False,0
25,synthetic_scalability_scenario_derived_from_real_traffic,MEDIUM,46,youtube_dataset,youtube_dataset,False,0
25,synthetic_scalability_scenario_derived_from_real_traffic,MEDIUM,46,zepeto_dataset,zepeto_dataset,False,0
25,synthetic_scalability_scenario_derived_from_real_traffic,MEDIUM,46,zoom_dataset,zoom_dataset,False,0
25,synthetic_scalability_scenario_derived_from_real_traffic,MEDIUM,46,synthetic_001,teams_dataset,True,4886
25,synthetic_scalability_scenario_derived_from_real_traffic,MEDIUM,46,synthetic_002,battleground_dataset,True,5170
25,synthetic_scalability_scenario_derived_from_real_traffic,MEDIUM,46,synthetic_003,youtubeLive_dataset,True,444
25,synthetic_scalability_scenario_derived_from_real_traffic,MEDIUM,46,synthetic_004,zepeto_dataset,True,702
25,synthetic_scalability_scenario_derived_from_real_traffic,MEDIUM,46,synthetic_005,gamebox_dataset,True,2609
25,synthetic_scalability_scenario_derived_from_real_traffic,MEDIUM,46,synthetic_006,geforce_dataset,True,2181
25,synthetic_scalability_scenario_derived_from_real_traffic,MEDIUM,46,synthetic_007,zepeto_dataset,True,1683
25,synthetic_scalability_scenario_derived_from_real_traffic,MEDIUM,46,synthetic_008,geforce_dataset,True,5639
25,synthetic_scalability_scenario_derived_from_real_traffic,MEDIUM,46,synthetic_009,zoom_dataset,True,47
25,synthetic_scalability_scenario_derived_from_real_traffic,MEDIUM,46,synthetic_010,gamebox_dataset,True,1211
25,synthetic_scalability_scenario_derived_from_real_traffic,HIGH,42,afreeca_dataset,afreeca_dataset,False,0
25,synthetic_scalability_scenario_derived_from_real_traffic,HIGH,42,amazon_dataset,amazon_dataset,False,0
25,synthetic_scalability_scenario_derived_from_real_traffic,HIGH,42,battleground_dataset,battleground_dataset,False,0
25,synthetic_scalability_scenario_derived_from_real_traffic,HIGH,42,gamebox_dataset,gamebox_dataset,False,0
25,synthetic_scalability_scenario_derived_from_real_traffic,HIGH,42,geforce_dataset,geforce_dataset,False,0
25,synthetic_scalability_scenario_derived_from_real_traffic,HIGH,42,meet_dataset,meet_dataset,False,0
25,synthetic_scalability_scenario_derived_from_real_traffic,HIGH,42,navernow_dataset,navernow_dataset,False,0
25,synthetic_scalability_scenario_derived_from_real_traffic,HIGH,42,netflix_dataset,netflix_dataset,False,0
25,synthetic_scalability_scenario_derived_from_real_traffic,HIGH,42,roblox_dataset,roblox_dataset,False,0
25,synthetic_scalability_scenario_derived_from_real_traffic,HIGH,42,teams_dataset,teams_dataset,False,0
25,synthetic_scalability_scenario_derived_from_real_traffic,HIGH,42,tft_dataset,tft_dataset,False,0
25,synthetic_scalability_scenario_derived_from_real_traffic,HIGH,42,youtubeLive_dataset,youtubeLive_dataset,False,0
25,synthetic_scalability_scenario_derived_from_real_traffic,HIGH,42,youtube_dataset,youtube_dataset,False,0
25,synthetic_scalability_scenario_derived_from_real_traffic,HIGH,42,zepeto_dataset,zepeto_dataset,False,0
25,synthetic_scalability_scenario_derived_from_real_traffic,HIGH,42,zoom_dataset,zoom_dataset,False,0
25,synthetic_scalability_scenario_derived_from_real_traffic,HIGH,42,synthetic_001,roblox_dataset,True,2966
25,synthetic_scalability_scenario_derived_from_real_traffic,HIGH,42,synthetic_002,navernow_dataset,True,1520
25,synthetic_scalability_scenario_derived_from_real_traffic,HIGH,42,synthetic_003,amazon_dataset,True,3710
25,synthetic_scalability_scenario_derived_from_real_traffic,HIGH,42,synthetic_004,zepeto_dataset,True,426
25,synthetic_scalability_scenario_derived_from_real_traffic,HIGH,42,synthetic_005,youtube_dataset,True,5536
25,synthetic_scalability_scenario_derived_from_real_traffic,HIGH,42,synthetic_006,geforce_dataset,True,4225
25,synthetic_scalability_scenario_derived_from_real_traffic,HIGH,42,synthetic_007,battleground_dataset,True,5071
25,synthetic_scalability_scenario_derived_from_real_traffic,HIGH,42,synthetic_008,tft_dataset,True,2371
25,synthetic_scalability_scenario_derived_from_real_traffic,HIGH,42,synthetic_009,amazon_dataset,True,6493
25,synthetic_scalability_scenario_derived_from_real_traffic,HIGH,42,synthetic_010,navernow_dataset,True,5974
25,synthetic_scalability_scenario_derived_from_real_traffic,HIGH,43,afreeca_dataset,afreeca_dataset,False,0
25,synthetic_scalability_scenario_derived_from_real_traffic,HIGH,43,amazon_dataset,amazon_dataset,False,0
25,synthetic_scalability_scenario_derived_from_real_traffic,HIGH,43,battleground_dataset,battleground_dataset,False,0
25,synthetic_scalability_scenario_derived_from_real_traffic,HIGH,43,gamebox_dataset,gamebox_dataset,False,0
25,synthetic_scalability_scenario_derived_from_real_traffic,HIGH,43,geforce_dataset,geforce_dataset,False,0
25,synthetic_scalability_scenario_derived_from_real_traffic,HIGH,43,meet_dataset,meet_dataset,False,0
25,synthetic_scalability_scenario_derived_from_real_traffic,HIGH,43,navernow_dataset,navernow_dataset,False,0
25,synthetic_scalability_scenario_derived_from_real_traffic,HIGH,43,netflix_dataset,netflix_dataset,False,0
25,synthetic_scalability_scenario_derived_from_real_traffic,HIGH,43,roblox_dataset,roblox_dataset,False,0
25,synthetic_scalability_scenario_derived_from_real_traffic,HIGH,43,teams_dataset,teams_dataset,False,0
25,synthetic_scalability_scenario_derived_from_real_traffic,HIGH,43,tft_dataset,tft_dataset,False,0
25,synthetic_scalability_scenario_derived_from_real_traffic,HIGH,43,youtubeLive_dataset,youtubeLive_dataset,False,0
25,synthetic_scalability_scenario_derived_from_real_traffic,HIGH,43,youtube_dataset,youtube_dataset,False,0
25,synthetic_scalability_scenario_derived_from_real_traffic,HIGH,43,zepeto_dataset,zepeto_dataset,False,0
25,synthetic_scalability_scenario_derived_from_real_traffic,HIGH,43,zoom_dataset,zoom_dataset,False,0
25,synthetic_scalability_scenario_derived_from_real_traffic,HIGH,43,synthetic_001,zepeto_dataset,True,2823
25,synthetic_scalability_scenario_derived_from_real_traffic,HIGH,43,synthetic_002,navernow_dataset,True,27
25,synthetic_scalability_scenario_derived_from_real_traffic,HIGH,43,synthetic_003,navernow_dataset,True,2066
25,synthetic_scalability_scenario_derived_from_real_traffic,HIGH,43,synthetic_004,roblox_dataset,True,6367
25,synthetic_scalability_scenario_derived_from_real_traffic,HIGH,43,synthetic_005,afreeca_dataset,True,5607
25,synthetic_scalability_scenario_derived_from_real_traffic,HIGH,43,synthetic_006,meet_dataset,True,3580
25,synthetic_scalability_scenario_derived_from_real_traffic,HIGH,43,synthetic_007,netflix_dataset,True,3247
25,synthetic_scalability_scenario_derived_from_real_traffic,HIGH,43,synthetic_008,youtube_dataset,True,6322
25,synthetic_scalability_scenario_derived_from_real_traffic,HIGH,43,synthetic_009,zoom_dataset,True,3968
25,synthetic_scalability_scenario_derived_from_real_traffic,HIGH,43,synthetic_010,tft_dataset,True,6307
25,synthetic_scalability_scenario_derived_from_real_traffic,HIGH,44,afreeca_dataset,afreeca_dataset,False,0
25,synthetic_scalability_scenario_derived_from_real_traffic,HIGH,44,amazon_dataset,amazon_dataset,False,0
25,synthetic_scalability_scenario_derived_from_real_traffic,HIGH,44,battleground_dataset,battleground_dataset,False,0
25,synthetic_scalability_scenario_derived_from_real_traffic,HIGH,44,gamebox_dataset,gamebox_dataset,False,0
25,synthetic_scalability_scenario_derived_from_real_traffic,HIGH,44,geforce_dataset,geforce_dataset,False,0
25,synthetic_scalability_scenario_derived_from_real_traffic,HIGH,44,meet_dataset,meet_dataset,False,0
25,synthetic_scalability_scenario_derived_from_real_traffic,HIGH,44,navernow_dataset,navernow_dataset,False,0
25,synthetic_scalability_scenario_derived_from_real_traffic,HIGH,44,netflix_dataset,netflix_dataset,False,0
25,synthetic_scalability_scenario_derived_from_real_traffic,HIGH,44,roblox_dataset,roblox_dataset,False,0
25,synthetic_scalability_scenario_derived_from_real_traffic,HIGH,44,teams_dataset,teams_dataset,False,0
25,synthetic_scalability_scenario_derived_from_real_traffic,HIGH,44,tft_dataset,tft_dataset,False,0
25,synthetic_scalability_scenario_derived_from_real_traffic,HIGH,44,youtubeLive_dataset,youtubeLive_dataset,False,0
25,synthetic_scalability_scenario_derived_from_real_traffic,HIGH,44,youtube_dataset,youtube_dataset,False,0
25,synthetic_scalability_scenario_derived_from_real_traffic,HIGH,44,zepeto_dataset,zepeto_dataset,False,0
25,synthetic_scalability_scenario_derived_from_real_traffic,HIGH,44,zoom_dataset,zoom_dataset,False,0
25,synthetic_scalability_scenario_derived_from_real_traffic,HIGH,44,synthetic_001,roblox_dataset,True,4787
25,synthetic_scalability_scenario_derived_from_real_traffic,HIGH,44,synthetic_002,navernow_dataset,True,130
25,synthetic_scalability_scenario_derived_from_real_traffic,HIGH,44,synthetic_003,roblox_dataset,True,5334
25,synthetic_scalability_scenario_derived_from_real_traffic,HIGH,44,synthetic_004,amazon_dataset,True,6026
25,synthetic_scalability_scenario_derived_from_real_traffic,HIGH,44,synthetic_005,roblox_dataset,True,3504
25,synthetic_scalability_scenario_derived_from_real_traffic,HIGH,44,synthetic_006,youtube_dataset,True,1319
25,synthetic_scalability_scenario_derived_from_real_traffic,HIGH,44,synthetic_007,zoom_dataset,True,1209
25,synthetic_scalability_scenario_derived_from_real_traffic,HIGH,44,synthetic_008,youtubeLive_dataset,True,5655
25,synthetic_scalability_scenario_derived_from_real_traffic,HIGH,44,synthetic_009,teams_dataset,True,583
25,synthetic_scalability_scenario_derived_from_real_traffic,HIGH,44,synthetic_010,tft_dataset,True,3654
25,synthetic_scalability_scenario_derived_from_real_traffic,HIGH,45,afreeca_dataset,afreeca_dataset,False,0
25,synthetic_scalability_scenario_derived_from_real_traffic,HIGH,45,amazon_dataset,amazon_dataset,False,0
25,synthetic_scalability_scenario_derived_from_real_traffic,HIGH,45,battleground_dataset,battleground_dataset,False,0
25,synthetic_scalability_scenario_derived_from_real_traffic,HIGH,45,gamebox_dataset,gamebox_dataset,False,0
25,synthetic_scalability_scenario_derived_from_real_traffic,HIGH,45,geforce_dataset,geforce_dataset,False,0
25,synthetic_scalability_scenario_derived_from_real_traffic,HIGH,45,meet_dataset,meet_dataset,False,0
25,synthetic_scalability_scenario_derived_from_real_traffic,HIGH,45,navernow_dataset,navernow_dataset,False,0
25,synthetic_scalability_scenario_derived_from_real_traffic,HIGH,45,netflix_dataset,netflix_dataset,False,0
25,synthetic_scalability_scenario_derived_from_real_traffic,HIGH,45,roblox_dataset,roblox_dataset,False,0
25,synthetic_scalability_scenario_derived_from_real_traffic,HIGH,45,teams_dataset,teams_dataset,False,0
25,synthetic_scalability_scenario_derived_from_real_traffic,HIGH,45,tft_dataset,tft_dataset,False,0
25,synthetic_scalability_scenario_derived_from_real_traffic,HIGH,45,youtubeLive_dataset,youtubeLive_dataset,False,0
25,synthetic_scalability_scenario_derived_from_real_traffic,HIGH,45,youtube_dataset,youtube_dataset,False,0
25,synthetic_scalability_scenario_derived_from_real_traffic,HIGH,45,zepeto_dataset,zepeto_dataset,False,0
25,synthetic_scalability_scenario_derived_from_real_traffic,HIGH,45,zoom_dataset,zoom_dataset,False,0
25,synthetic_scalability_scenario_derived_from_real_traffic,HIGH,45,synthetic_001,roblox_dataset,True,6449
25,synthetic_scalability_scenario_derived_from_real_traffic,HIGH,45,synthetic_002,netflix_dataset,True,3135
25,synthetic_scalability_scenario_derived_from_real_traffic,HIGH,45,synthetic_003,navernow_dataset,True,5426
25,synthetic_scalability_scenario_derived_from_real_traffic,HIGH,45,synthetic_004,youtubeLive_dataset,True,5788
25,synthetic_scalability_scenario_derived_from_real_traffic,HIGH,45,synthetic_005,meet_dataset,True,4213
25,synthetic_scalability_scenario_derived_from_real_traffic,HIGH,45,synthetic_006,youtube_dataset,True,313
25,synthetic_scalability_scenario_derived_from_real_traffic,HIGH,45,synthetic_007,navernow_dataset,True,367
25,synthetic_scalability_scenario_derived_from_real_traffic,HIGH,45,synthetic_008,geforce_dataset,True,801
25,synthetic_scalability_scenario_derived_from_real_traffic,HIGH,45,synthetic_009,navernow_dataset,True,4698
25,synthetic_scalability_scenario_derived_from_real_traffic,HIGH,45,synthetic_010,navernow_dataset,True,294
25,synthetic_scalability_scenario_derived_from_real_traffic,HIGH,46,afreeca_dataset,afreeca_dataset,False,0
25,synthetic_scalability_scenario_derived_from_real_traffic,HIGH,46,amazon_dataset,amazon_dataset,False,0
25,synthetic_scalability_scenario_derived_from_real_traffic,HIGH,46,battleground_dataset,battleground_dataset,False,0
25,synthetic_scalability_scenario_derived_from_real_traffic,HIGH,46,gamebox_dataset,gamebox_dataset,False,0
25,synthetic_scalability_scenario_derived_from_real_traffic,HIGH,46,geforce_dataset,geforce_dataset,False,0
25,synthetic_scalability_scenario_derived_from_real_traffic,HIGH,46,meet_dataset,meet_dataset,False,0
25,synthetic_scalability_scenario_derived_from_real_traffic,HIGH,46,navernow_dataset,navernow_dataset,False,0
25,synthetic_scalability_scenario_derived_from_real_traffic,HIGH,46,netflix_dataset,netflix_dataset,False,0
25,synthetic_scalability_scenario_derived_from_real_traffic,HIGH,46,roblox_dataset,roblox_dataset,False,0
25,synthetic_scalability_scenario_derived_from_real_traffic,HIGH,46,teams_dataset,teams_dataset,False,0
25,synthetic_scalability_scenario_derived_from_real_traffic,HIGH,46,tft_dataset,tft_dataset,False,0
25,synthetic_scalability_scenario_derived_from_real_traffic,HIGH,46,youtubeLive_dataset,youtubeLive_dataset,False,0
25,synthetic_scalability_scenario_derived_from_real_traffic,HIGH,46,youtube_dataset,youtube_dataset,False,0
25,synthetic_scalability_scenario_derived_from_real_traffic,HIGH,46,zepeto_dataset,zepeto_dataset,False,0
25,synthetic_scalability_scenario_derived_from_real_traffic,HIGH,46,zoom_dataset,zoom_dataset,False,0
25,synthetic_scalability_scenario_derived_from_real_traffic,HIGH,46,synthetic_001,teams_dataset,True,4886
25,synthetic_scalability_scenario_derived_from_real_traffic,HIGH,46,synthetic_002,battleground_dataset,True,5170
25,synthetic_scalability_scenario_derived_from_real_traffic,HIGH,46,synthetic_003,youtubeLive_dataset,True,444
25,synthetic_scalability_scenario_derived_from_real_traffic,HIGH,46,synthetic_004,zepeto_dataset,True,702
25,synthetic_scalability_scenario_derived_from_real_traffic,HIGH,46,synthetic_005,gamebox_dataset,True,2609
25,synthetic_scalability_scenario_derived_from_real_traffic,HIGH,46,synthetic_006,geforce_dataset,True,2181
25,synthetic_scalability_scenario_derived_from_real_traffic,HIGH,46,synthetic_007,zepeto_dataset,True,1683
25,synthetic_scalability_scenario_derived_from_real_traffic,HIGH,46,synthetic_008,geforce_dataset,True,5639
25,synthetic_scalability_scenario_derived_from_real_traffic,HIGH,46,synthetic_009,zoom_dataset,True,47
25,synthetic_scalability_scenario_derived_from_real_traffic,HIGH,46,synthetic_010,gamebox_dataset,True,1211
25,synthetic_scalability_scenario_derived_from_real_traffic,SPIKE,42,afreeca_dataset,afreeca_dataset,False,0
25,synthetic_scalability_scenario_derived_from_real_traffic,SPIKE,42,amazon_dataset,amazon_dataset,False,0
25,synthetic_scalability_scenario_derived_from_real_traffic,SPIKE,42,battleground_dataset,battleground_dataset,False,0
25,synthetic_scalability_scenario_derived_from_real_traffic,SPIKE,42,gamebox_dataset,gamebox_dataset,False,0
25,synthetic_scalability_scenario_derived_from_real_traffic,SPIKE,42,geforce_dataset,geforce_dataset,False,0
25,synthetic_scalability_scenario_derived_from_real_traffic,SPIKE,42,meet_dataset,meet_dataset,False,0
25,synthetic_scalability_scenario_derived_from_real_traffic,SPIKE,42,navernow_dataset,navernow_dataset,False,0
25,synthetic_scalability_scenario_derived_from_real_traffic,SPIKE,42,netflix_dataset,netflix_dataset,False,0
25,synthetic_scalability_scenario_derived_from_real_traffic,SPIKE,42,roblox_dataset,roblox_dataset,False,0
25,synthetic_scalability_scenario_derived_from_real_traffic,SPIKE,42,teams_dataset,teams_dataset,False,0
25,synthetic_scalability_scenario_derived_from_real_traffic,SPIKE,42,tft_dataset,tft_dataset,False,0
25,synthetic_scalability_scenario_derived_from_real_traffic,SPIKE,42,youtubeLive_dataset,youtubeLive_dataset,False,0
25,synthetic_scalability_scenario_derived_from_real_traffic,SPIKE,42,youtube_dataset,youtube_dataset,False,0
25,synthetic_scalability_scenario_derived_from_real_traffic,SPIKE,42,zepeto_dataset,zepeto_dataset,False,0
25,synthetic_scalability_scenario_derived_from_real_traffic,SPIKE,42,zoom_dataset,zoom_dataset,False,0
25,synthetic_scalability_scenario_derived_from_real_traffic,SPIKE,42,synthetic_001,roblox_dataset,True,2966
25,synthetic_scalability_scenario_derived_from_real_traffic,SPIKE,42,synthetic_002,navernow_dataset,True,1520
25,synthetic_scalability_scenario_derived_from_real_traffic,SPIKE,42,synthetic_003,amazon_dataset,True,3710
25,synthetic_scalability_scenario_derived_from_real_traffic,SPIKE,42,synthetic_004,zepeto_dataset,True,426
25,synthetic_scalability_scenario_derived_from_real_traffic,SPIKE,42,synthetic_005,youtube_dataset,True,5536
25,synthetic_scalability_scenario_derived_from_real_traffic,SPIKE,42,synthetic_006,geforce_dataset,True,4225
25,synthetic_scalability_scenario_derived_from_real_traffic,SPIKE,42,synthetic_007,battleground_dataset,True,5071
25,synthetic_scalability_scenario_derived_from_real_traffic,SPIKE,42,synthetic_008,tft_dataset,True,2371
25,synthetic_scalability_scenario_derived_from_real_traffic,SPIKE,42,synthetic_009,amazon_dataset,True,6493
25,synthetic_scalability_scenario_derived_from_real_traffic,SPIKE,42,synthetic_010,navernow_dataset,True,5974
25,synthetic_scalability_scenario_derived_from_real_traffic,SPIKE,43,afreeca_dataset,afreeca_dataset,False,0
25,synthetic_scalability_scenario_derived_from_real_traffic,SPIKE,43,amazon_dataset,amazon_dataset,False,0
25,synthetic_scalability_scenario_derived_from_real_traffic,SPIKE,43,battleground_dataset,battleground_dataset,False,0
25,synthetic_scalability_scenario_derived_from_real_traffic,SPIKE,43,gamebox_dataset,gamebox_dataset,False,0
25,synthetic_scalability_scenario_derived_from_real_traffic,SPIKE,43,geforce_dataset,geforce_dataset,False,0
25,synthetic_scalability_scenario_derived_from_real_traffic,SPIKE,43,meet_dataset,meet_dataset,False,0
25,synthetic_scalability_scenario_derived_from_real_traffic,SPIKE,43,navernow_dataset,navernow_dataset,False,0
25,synthetic_scalability_scenario_derived_from_real_traffic,SPIKE,43,netflix_dataset,netflix_dataset,False,0
25,synthetic_scalability_scenario_derived_from_real_traffic,SPIKE,43,roblox_dataset,roblox_dataset,False,0
25,synthetic_scalability_scenario_derived_from_real_traffic,SPIKE,43,teams_dataset,teams_dataset,False,0
25,synthetic_scalability_scenario_derived_from_real_traffic,SPIKE,43,tft_dataset,tft_dataset,False,0
25,synthetic_scalability_scenario_derived_from_real_traffic,SPIKE,43,youtubeLive_dataset,youtubeLive_dataset,False,0
25,synthetic_scalability_scenario_derived_from_real_traffic,SPIKE,43,youtube_dataset,youtube_dataset,False,0
25,synthetic_scalability_scenario_derived_from_real_traffic,SPIKE,43,zepeto_dataset,zepeto_dataset,False,0
25,synthetic_scalability_scenario_derived_from_real_traffic,SPIKE,43,zoom_dataset,zoom_dataset,False,0
25,synthetic_scalability_scenario_derived_from_real_traffic,SPIKE,43,synthetic_001,zepeto_dataset,True,2823
25,synthetic_scalability_scenario_derived_from_real_traffic,SPIKE,43,synthetic_002,navernow_dataset,True,27
25,synthetic_scalability_scenario_derived_from_real_traffic,SPIKE,43,synthetic_003,navernow_dataset,True,2066
25,synthetic_scalability_scenario_derived_from_real_traffic,SPIKE,43,synthetic_004,roblox_dataset,True,6367
25,synthetic_scalability_scenario_derived_from_real_traffic,SPIKE,43,synthetic_005,afreeca_dataset,True,5607
25,synthetic_scalability_scenario_derived_from_real_traffic,SPIKE,43,synthetic_006,meet_dataset,True,3580
25,synthetic_scalability_scenario_derived_from_real_traffic,SPIKE,43,synthetic_007,netflix_dataset,True,3247
25,synthetic_scalability_scenario_derived_from_real_traffic,SPIKE,43,synthetic_008,youtube_dataset,True,6322
25,synthetic_scalability_scenario_derived_from_real_traffic,SPIKE,43,synthetic_009,zoom_dataset,True,3968
25,synthetic_scalability_scenario_derived_from_real_traffic,SPIKE,43,synthetic_010,tft_dataset,True,6307
25,synthetic_scalability_scenario_derived_from_real_traffic,SPIKE,44,afreeca_dataset,afreeca_dataset,False,0
25,synthetic_scalability_scenario_derived_from_real_traffic,SPIKE,44,amazon_dataset,amazon_dataset,False,0
25,synthetic_scalability_scenario_derived_from_real_traffic,SPIKE,44,battleground_dataset,battleground_dataset,False,0
25,synthetic_scalability_scenario_derived_from_real_traffic,SPIKE,44,gamebox_dataset,gamebox_dataset,False,0
25,synthetic_scalability_scenario_derived_from_real_traffic,SPIKE,44,geforce_dataset,geforce_dataset,False,0
25,synthetic_scalability_scenario_derived_from_real_traffic,SPIKE,44,meet_dataset,meet_dataset,False,0
25,synthetic_scalability_scenario_derived_from_real_traffic,SPIKE,44,navernow_dataset,navernow_dataset,False,0
25,synthetic_scalability_scenario_derived_from_real_traffic,SPIKE,44,netflix_dataset,netflix_dataset,False,0
25,synthetic_scalability_scenario_derived_from_real_traffic,SPIKE,44,roblox_dataset,roblox_dataset,False,0
25,synthetic_scalability_scenario_derived_from_real_traffic,SPIKE,44,teams_dataset,teams_dataset,False,0
25,synthetic_scalability_scenario_derived_from_real_traffic,SPIKE,44,tft_dataset,tft_dataset,False,0
25,synthetic_scalability_scenario_derived_from_real_traffic,SPIKE,44,youtubeLive_dataset,youtubeLive_dataset,False,0
25,synthetic_scalability_scenario_derived_from_real_traffic,SPIKE,44,youtube_dataset,youtube_dataset,False,0
25,synthetic_scalability_scenario_derived_from_real_traffic,SPIKE,44,zepeto_dataset,zepeto_dataset,False,0
25,synthetic_scalability_scenario_derived_from_real_traffic,SPIKE,44,zoom_dataset,zoom_dataset,False,0
25,synthetic_scalability_scenario_derived_from_real_traffic,SPIKE,44,synthetic_001,roblox_dataset,True,4787
25,synthetic_scalability_scenario_derived_from_real_traffic,SPIKE,44,synthetic_002,navernow_dataset,True,130
25,synthetic_scalability_scenario_derived_from_real_traffic,SPIKE,44,synthetic_003,roblox_dataset,True,5334
25,synthetic_scalability_scenario_derived_from_real_traffic,SPIKE,44,synthetic_004,amazon_dataset,True,6026
25,synthetic_scalability_scenario_derived_from_real_traffic,SPIKE,44,synthetic_005,roblox_dataset,True,3504
25,synthetic_scalability_scenario_derived_from_real_traffic,SPIKE,44,synthetic_006,youtube_dataset,True,1319
25,synthetic_scalability_scenario_derived_from_real_traffic,SPIKE,44,synthetic_007,zoom_dataset,True,1209
25,synthetic_scalability_scenario_derived_from_real_traffic,SPIKE,44,synthetic_008,youtubeLive_dataset,True,5655
25,synthetic_scalability_scenario_derived_from_real_traffic,SPIKE,44,synthetic_009,teams_dataset,True,583
25,synthetic_scalability_scenario_derived_from_real_traffic,SPIKE,44,synthetic_010,tft_dataset,True,3654
25,synthetic_scalability_scenario_derived_from_real_traffic,SPIKE,45,afreeca_dataset,afreeca_dataset,False,0
25,synthetic_scalability_scenario_derived_from_real_traffic,SPIKE,45,amazon_dataset,amazon_dataset,False,0
25,synthetic_scalability_scenario_derived_from_real_traffic,SPIKE,45,battleground_dataset,battleground_dataset,False,0
25,synthetic_scalability_scenario_derived_from_real_traffic,SPIKE,45,gamebox_dataset,gamebox_dataset,False,0
25,synthetic_scalability_scenario_derived_from_real_traffic,SPIKE,45,geforce_dataset,geforce_dataset,False,0
25,synthetic_scalability_scenario_derived_from_real_traffic,SPIKE,45,meet_dataset,meet_dataset,False,0
25,synthetic_scalability_scenario_derived_from_real_traffic,SPIKE,45,navernow_dataset,navernow_dataset,False,0
25,synthetic_scalability_scenario_derived_from_real_traffic,SPIKE,45,netflix_dataset,netflix_dataset,False,0
25,synthetic_scalability_scenario_derived_from_real_traffic,SPIKE,45,roblox_dataset,roblox_dataset,False,0
25,synthetic_scalability_scenario_derived_from_real_traffic,SPIKE,45,teams_dataset,teams_dataset,False,0
25,synthetic_scalability_scenario_derived_from_real_traffic,SPIKE,45,tft_dataset,tft_dataset,False,0
25,synthetic_scalability_scenario_derived_from_real_traffic,SPIKE,45,youtubeLive_dataset,youtubeLive_dataset,False,0
25,synthetic_scalability_scenario_derived_from_real_traffic,SPIKE,45,youtube_dataset,youtube_dataset,False,0
25,synthetic_scalability_scenario_derived_from_real_traffic,SPIKE,45,zepeto_dataset,zepeto_dataset,False,0
25,synthetic_scalability_scenario_derived_from_real_traffic,SPIKE,45,zoom_dataset,zoom_dataset,False,0
25,synthetic_scalability_scenario_derived_from_real_traffic,SPIKE,45,synthetic_001,roblox_dataset,True,6449
25,synthetic_scalability_scenario_derived_from_real_traffic,SPIKE,45,synthetic_002,netflix_dataset,True,3135
25,synthetic_scalability_scenario_derived_from_real_traffic,SPIKE,45,synthetic_003,navernow_dataset,True,5426
25,synthetic_scalability_scenario_derived_from_real_traffic,SPIKE,45,synthetic_004,youtubeLive_dataset,True,5788
25,synthetic_scalability_scenario_derived_from_real_traffic,SPIKE,45,synthetic_005,meet_dataset,True,4213
25,synthetic_scalability_scenario_derived_from_real_traffic,SPIKE,45,synthetic_006,youtube_dataset,True,313
25,synthetic_scalability_scenario_derived_from_real_traffic,SPIKE,45,synthetic_007,navernow_dataset,True,367
25,synthetic_scalability_scenario_derived_from_real_traffic,SPIKE,45,synthetic_008,geforce_dataset,True,801
25,synthetic_scalability_scenario_derived_from_real_traffic,SPIKE,45,synthetic_009,navernow_dataset,True,4698
25,synthetic_scalability_scenario_derived_from_real_traffic,SPIKE,45,synthetic_010,navernow_dataset,True,294
25,synthetic_scalability_scenario_derived_from_real_traffic,SPIKE,46,afreeca_dataset,afreeca_dataset,False,0
25,synthetic_scalability_scenario_derived_from_real_traffic,SPIKE,46,amazon_dataset,amazon_dataset,False,0
25,synthetic_scalability_scenario_derived_from_real_traffic,SPIKE,46,battleground_dataset,battleground_dataset,False,0
25,synthetic_scalability_scenario_derived_from_real_traffic,SPIKE,46,gamebox_dataset,gamebox_dataset,False,0
25,synthetic_scalability_scenario_derived_from_real_traffic,SPIKE,46,geforce_dataset,geforce_dataset,False,0
25,synthetic_scalability_scenario_derived_from_real_traffic,SPIKE,46,meet_dataset,meet_dataset,False,0
25,synthetic_scalability_scenario_derived_from_real_traffic,SPIKE,46,navernow_dataset,navernow_dataset,False,0
25,synthetic_scalability_scenario_derived_from_real_traffic,SPIKE,46,netflix_dataset,netflix_dataset,False,0
25,synthetic_scalability_scenario_derived_from_real_traffic,SPIKE,46,roblox_dataset,roblox_dataset,False,0
25,synthetic_scalability_scenario_derived_from_real_traffic,SPIKE,46,teams_dataset,teams_dataset,False,0
25,synthetic_scalability_scenario_derived_from_real_traffic,SPIKE,46,tft_dataset,tft_dataset,False,0
25,synthetic_scalability_scenario_derived_from_real_traffic,SPIKE,46,youtubeLive_dataset,youtubeLive_dataset,False,0
25,synthetic_scalability_scenario_derived_from_real_traffic,SPIKE,46,youtube_dataset,youtube_dataset,False,0
25,synthetic_scalability_scenario_derived_from_real_traffic,SPIKE,46,zepeto_dataset,zepeto_dataset,False,0
25,synthetic_scalability_scenario_derived_from_real_traffic,SPIKE,46,zoom_dataset,zoom_dataset,False,0
25,synthetic_scalability_scenario_derived_from_real_traffic,SPIKE,46,synthetic_001,teams_dataset,True,4886
25,synthetic_scalability_scenario_derived_from_real_traffic,SPIKE,46,synthetic_002,battleground_dataset,True,5170
25,synthetic_scalability_scenario_derived_from_real_traffic,SPIKE,46,synthetic_003,youtubeLive_dataset,True,444
25,synthetic_scalability_scenario_derived_from_real_traffic,SPIKE,46,synthetic_004,zepeto_dataset,True,702
25,synthetic_scalability_scenario_derived_from_real_traffic,SPIKE,46,synthetic_005,gamebox_dataset,True,2609
25,synthetic_scalability_scenario_derived_from_real_traffic,SPIKE,46,synthetic_006,geforce_dataset,True,2181
25,synthetic_scalability_scenario_derived_from_real_traffic,SPIKE,46,synthetic_007,zepeto_dataset,True,1683
25,synthetic_scalability_scenario_derived_from_real_traffic,SPIKE,46,synthetic_008,geforce_dataset,True,5639
25,synthetic_scalability_scenario_derived_from_real_traffic,SPIKE,46,synthetic_009,zoom_dataset,True,47
25,synthetic_scalability_scenario_derived_from_real_traffic,SPIKE,46,synthetic_010,gamebox_dataset,True,1211
50,synthetic_scalability_scenario_derived_from_real_traffic,LOW,42,afreeca_dataset,afreeca_dataset,False,0
50,synthetic_scalability_scenario_derived_from_real_traffic,LOW,42,amazon_dataset,amazon_dataset,False,0
50,synthetic_scalability_scenario_derived_from_real_traffic,LOW,42,battleground_dataset,battleground_dataset,False,0
50,synthetic_scalability_scenario_derived_from_real_traffic,LOW,42,gamebox_dataset,gamebox_dataset,False,0
50,synthetic_scalability_scenario_derived_from_real_traffic,LOW,42,geforce_dataset,geforce_dataset,False,0
50,synthetic_scalability_scenario_derived_from_real_traffic,LOW,42,meet_dataset,meet_dataset,False,0
50,synthetic_scalability_scenario_derived_from_real_traffic,LOW,42,navernow_dataset,navernow_dataset,False,0
50,synthetic_scalability_scenario_derived_from_real_traffic,LOW,42,netflix_dataset,netflix_dataset,False,0
50,synthetic_scalability_scenario_derived_from_real_traffic,LOW,42,roblox_dataset,roblox_dataset,False,0
50,synthetic_scalability_scenario_derived_from_real_traffic,LOW,42,teams_dataset,teams_dataset,False,0
50,synthetic_scalability_scenario_derived_from_real_traffic,LOW,42,tft_dataset,tft_dataset,False,0
50,synthetic_scalability_scenario_derived_from_real_traffic,LOW,42,youtubeLive_dataset,youtubeLive_dataset,False,0
50,synthetic_scalability_scenario_derived_from_real_traffic,LOW,42,youtube_dataset,youtube_dataset,False,0
50,synthetic_scalability_scenario_derived_from_real_traffic,LOW,42,zepeto_dataset,zepeto_dataset,False,0
50,synthetic_scalability_scenario_derived_from_real_traffic,LOW,42,zoom_dataset,zoom_dataset,False,0
50,synthetic_scalability_scenario_derived_from_real_traffic,LOW,42,synthetic_001,roblox_dataset,True,2966
50,synthetic_scalability_scenario_derived_from_real_traffic,LOW,42,synthetic_002,navernow_dataset,True,1520
50,synthetic_scalability_scenario_derived_from_real_traffic,LOW,42,synthetic_003,amazon_dataset,True,3710
50,synthetic_scalability_scenario_derived_from_real_traffic,LOW,42,synthetic_004,zepeto_dataset,True,426
50,synthetic_scalability_scenario_derived_from_real_traffic,LOW,42,synthetic_005,youtube_dataset,True,5536
50,synthetic_scalability_scenario_derived_from_real_traffic,LOW,42,synthetic_006,geforce_dataset,True,4225
50,synthetic_scalability_scenario_derived_from_real_traffic,LOW,42,synthetic_007,battleground_dataset,True,5071
50,synthetic_scalability_scenario_derived_from_real_traffic,LOW,42,synthetic_008,tft_dataset,True,2371
50,synthetic_scalability_scenario_derived_from_real_traffic,LOW,42,synthetic_009,amazon_dataset,True,6493
50,synthetic_scalability_scenario_derived_from_real_traffic,LOW,42,synthetic_010,navernow_dataset,True,5974
50,synthetic_scalability_scenario_derived_from_real_traffic,LOW,42,synthetic_011,tft_dataset,True,5207
50,synthetic_scalability_scenario_derived_from_real_traffic,LOW,42,synthetic_012,youtubeLive_dataset,True,1302
50,synthetic_scalability_scenario_derived_from_real_traffic,LOW,42,synthetic_013,meet_dataset,True,3122
50,synthetic_scalability_scenario_derived_from_real_traffic,LOW,42,synthetic_014,netflix_dataset,True,293
50,synthetic_scalability_scenario_derived_from_real_traffic,LOW,42,synthetic_015,roblox_dataset,True,1032
50,synthetic_scalability_scenario_derived_from_real_traffic,LOW,42,synthetic_016,youtubeLive_dataset,True,4569
50,synthetic_scalability_scenario_derived_from_real_traffic,LOW,42,synthetic_017,zepeto_dataset,True,4982
50,synthetic_scalability_scenario_derived_from_real_traffic,LOW,42,synthetic_018,meet_dataset,True,6472
50,synthetic_scalability_scenario_derived_from_real_traffic,LOW,42,synthetic_019,navernow_dataset,True,2179
50,synthetic_scalability_scenario_derived_from_real_traffic,LOW,42,synthetic_020,zepeto_dataset,True,2478
50,synthetic_scalability_scenario_derived_from_real_traffic,LOW,42,synthetic_021,amazon_dataset,True,3141
50,synthetic_scalability_scenario_derived_from_real_traffic,LOW,42,synthetic_022,youtubeLive_dataset,True,1267
50,synthetic_scalability_scenario_derived_from_real_traffic,LOW,42,synthetic_023,navernow_dataset,True,869
50,synthetic_scalability_scenario_derived_from_real_traffic,LOW,42,synthetic_024,tft_dataset,True,3182
50,synthetic_scalability_scenario_derived_from_real_traffic,LOW,42,synthetic_025,geforce_dataset,True,1518
50,synthetic_scalability_scenario_derived_from_real_traffic,LOW,42,synthetic_026,roblox_dataset,True,4481
50,synthetic_scalability_scenario_derived_from_real_traffic,LOW,42,synthetic_027,zoom_dataset,True,2924
50,synthetic_scalability_scenario_derived_from_real_traffic,LOW,42,synthetic_028,battleground_dataset,True,5570
50,synthetic_scalability_scenario_derived_from_real_traffic,LOW,42,synthetic_029,teams_dataset,True,4684
50,synthetic_scalability_scenario_derived_from_real_traffic,LOW,42,synthetic_030,amazon_dataset,True,2089
50,synthetic_scalability_scenario_derived_from_real_traffic,LOW,42,synthetic_031,youtubeLive_dataset,True,5567
50,synthetic_scalability_scenario_derived_from_real_traffic,LOW,42,synthetic_032,navernow_dataset,True,5383
50,synthetic_scalability_scenario_derived_from_real_traffic,LOW,42,synthetic_033,youtube_dataset,True,2592
50,synthetic_scalability_scenario_derived_from_real_traffic,LOW,42,synthetic_034,zepeto_dataset,True,1928
50,synthetic_scalability_scenario_derived_from_real_traffic,LOW,42,synthetic_035,gamebox_dataset,True,4565
50,synthetic_scalability_scenario_derived_from_real_traffic,LOW,43,afreeca_dataset,afreeca_dataset,False,0
50,synthetic_scalability_scenario_derived_from_real_traffic,LOW,43,amazon_dataset,amazon_dataset,False,0
50,synthetic_scalability_scenario_derived_from_real_traffic,LOW,43,battleground_dataset,battleground_dataset,False,0
50,synthetic_scalability_scenario_derived_from_real_traffic,LOW,43,gamebox_dataset,gamebox_dataset,False,0
50,synthetic_scalability_scenario_derived_from_real_traffic,LOW,43,geforce_dataset,geforce_dataset,False,0
50,synthetic_scalability_scenario_derived_from_real_traffic,LOW,43,meet_dataset,meet_dataset,False,0
50,synthetic_scalability_scenario_derived_from_real_traffic,LOW,43,navernow_dataset,navernow_dataset,False,0
50,synthetic_scalability_scenario_derived_from_real_traffic,LOW,43,netflix_dataset,netflix_dataset,False,0
50,synthetic_scalability_scenario_derived_from_real_traffic,LOW,43,roblox_dataset,roblox_dataset,False,0
50,synthetic_scalability_scenario_derived_from_real_traffic,LOW,43,teams_dataset,teams_dataset,False,0
50,synthetic_scalability_scenario_derived_from_real_traffic,LOW,43,tft_dataset,tft_dataset,False,0
50,synthetic_scalability_scenario_derived_from_real_traffic,LOW,43,youtubeLive_dataset,youtubeLive_dataset,False,0
50,synthetic_scalability_scenario_derived_from_real_traffic,LOW,43,youtube_dataset,youtube_dataset,False,0
50,synthetic_scalability_scenario_derived_from_real_traffic,LOW,43,zepeto_dataset,zepeto_dataset,False,0
50,synthetic_scalability_scenario_derived_from_real_traffic,LOW,43,zoom_dataset,zoom_dataset,False,0
50,synthetic_scalability_scenario_derived_from_real_traffic,LOW,43,synthetic_001,zepeto_dataset,True,2823
50,synthetic_scalability_scenario_derived_from_real_traffic,LOW,43,synthetic_002,navernow_dataset,True,27
50,synthetic_scalability_scenario_derived_from_real_traffic,LOW,43,synthetic_003,navernow_dataset,True,2066
50,synthetic_scalability_scenario_derived_from_real_traffic,LOW,43,synthetic_004,roblox_dataset,True,6367
50,synthetic_scalability_scenario_derived_from_real_traffic,LOW,43,synthetic_005,afreeca_dataset,True,5607
50,synthetic_scalability_scenario_derived_from_real_traffic,LOW,43,synthetic_006,meet_dataset,True,3580
50,synthetic_scalability_scenario_derived_from_real_traffic,LOW,43,synthetic_007,netflix_dataset,True,3247
50,synthetic_scalability_scenario_derived_from_real_traffic,LOW,43,synthetic_008,youtube_dataset,True,6322
50,synthetic_scalability_scenario_derived_from_real_traffic,LOW,43,synthetic_009,zoom_dataset,True,3968
50,synthetic_scalability_scenario_derived_from_real_traffic,LOW,43,synthetic_010,tft_dataset,True,6307
50,synthetic_scalability_scenario_derived_from_real_traffic,LOW,43,synthetic_011,zepeto_dataset,True,6675
50,synthetic_scalability_scenario_derived_from_real_traffic,LOW,43,synthetic_012,afreeca_dataset,True,225
50,synthetic_scalability_scenario_derived_from_real_traffic,LOW,43,synthetic_013,roblox_dataset,True,793
50,synthetic_scalability_scenario_derived_from_real_traffic,LOW,43,synthetic_014,youtube_dataset,True,5092
50,synthetic_scalability_scenario_derived_from_real_traffic,LOW,43,synthetic_015,amazon_dataset,True,843
50,synthetic_scalability_scenario_derived_from_real_traffic,LOW,43,synthetic_016,amazon_dataset,True,2286
50,synthetic_scalability_scenario_derived_from_real_traffic,LOW,43,synthetic_017,youtube_dataset,True,2007
50,synthetic_scalability_scenario_derived_from_real_traffic,LOW,43,synthetic_018,tft_dataset,True,3686
50,synthetic_scalability_scenario_derived_from_real_traffic,LOW,43,synthetic_019,teams_dataset,True,338
50,synthetic_scalability_scenario_derived_from_real_traffic,LOW,43,synthetic_020,tft_dataset,True,3016
50,synthetic_scalability_scenario_derived_from_real_traffic,LOW,43,synthetic_021,battleground_dataset,True,3715
50,synthetic_scalability_scenario_derived_from_real_traffic,LOW,43,synthetic_022,teams_dataset,True,797
50,synthetic_scalability_scenario_derived_from_real_traffic,LOW,43,synthetic_023,netflix_dataset,True,2284
50,synthetic_scalability_scenario_derived_from_real_traffic,LOW,43,synthetic_024,youtubeLive_dataset,True,3375
50,synthetic_scalability_scenario_derived_from_real_traffic,LOW,43,synthetic_025,afreeca_dataset,True,2033
50,synthetic_scalability_scenario_derived_from_real_traffic,LOW,43,synthetic_026,roblox_dataset,True,2795
50,synthetic_scalability_scenario_derived_from_real_traffic,LOW,43,synthetic_027,geforce_dataset,True,2773
50,synthetic_scalability_scenario_derived_from_real_traffic,LOW,43,synthetic_028,geforce_dataset,True,624
50,synthetic_scalability_scenario_derived_from_real_traffic,LOW,43,synthetic_029,tft_dataset,True,3933
50,synthetic_scalability_scenario_derived_from_real_traffic,LOW,43,synthetic_030,netflix_dataset,True,495
50,synthetic_scalability_scenario_derived_from_real_traffic,LOW,43,synthetic_031,tft_dataset,True,3883
50,synthetic_scalability_scenario_derived_from_real_traffic,LOW,43,synthetic_032,youtube_dataset,True,554
50,synthetic_scalability_scenario_derived_from_real_traffic,LOW,43,synthetic_033,geforce_dataset,True,3606
50,synthetic_scalability_scenario_derived_from_real_traffic,LOW,43,synthetic_034,amazon_dataset,True,5691
50,synthetic_scalability_scenario_derived_from_real_traffic,LOW,43,synthetic_035,gamebox_dataset,True,1932
50,synthetic_scalability_scenario_derived_from_real_traffic,LOW,44,afreeca_dataset,afreeca_dataset,False,0
50,synthetic_scalability_scenario_derived_from_real_traffic,LOW,44,amazon_dataset,amazon_dataset,False,0
50,synthetic_scalability_scenario_derived_from_real_traffic,LOW,44,battleground_dataset,battleground_dataset,False,0
50,synthetic_scalability_scenario_derived_from_real_traffic,LOW,44,gamebox_dataset,gamebox_dataset,False,0
50,synthetic_scalability_scenario_derived_from_real_traffic,LOW,44,geforce_dataset,geforce_dataset,False,0
50,synthetic_scalability_scenario_derived_from_real_traffic,LOW,44,meet_dataset,meet_dataset,False,0
50,synthetic_scalability_scenario_derived_from_real_traffic,LOW,44,navernow_dataset,navernow_dataset,False,0
50,synthetic_scalability_scenario_derived_from_real_traffic,LOW,44,netflix_dataset,netflix_dataset,False,0
50,synthetic_scalability_scenario_derived_from_real_traffic,LOW,44,roblox_dataset,roblox_dataset,False,0
50,synthetic_scalability_scenario_derived_from_real_traffic,LOW,44,teams_dataset,teams_dataset,False,0
50,synthetic_scalability_scenario_derived_from_real_traffic,LOW,44,tft_dataset,tft_dataset,False,0
50,synthetic_scalability_scenario_derived_from_real_traffic,LOW,44,youtubeLive_dataset,youtubeLive_dataset,False,0
50,synthetic_scalability_scenario_derived_from_real_traffic,LOW,44,youtube_dataset,youtube_dataset,False,0
50,synthetic_scalability_scenario_derived_from_real_traffic,LOW,44,zepeto_dataset,zepeto_dataset,False,0
50,synthetic_scalability_scenario_derived_from_real_traffic,LOW,44,zoom_dataset,zoom_dataset,False,0
50,synthetic_scalability_scenario_derived_from_real_traffic,LOW,44,synthetic_001,roblox_dataset,True,4787
50,synthetic_scalability_scenario_derived_from_real_traffic,LOW,44,synthetic_002,navernow_dataset,True,130
50,synthetic_scalability_scenario_derived_from_real_traffic,LOW,44,synthetic_003,roblox_dataset,True,5334
50,synthetic_scalability_scenario_derived_from_real_traffic,LOW,44,synthetic_004,amazon_dataset,True,6026
50,synthetic_scalability_scenario_derived_from_real_traffic,LOW,44,synthetic_005,roblox_dataset,True,3504
50,synthetic_scalability_scenario_derived_from_real_traffic,LOW,44,synthetic_006,youtube_dataset,True,1319
50,synthetic_scalability_scenario_derived_from_real_traffic,LOW,44,synthetic_007,zoom_dataset,True,1209
50,synthetic_scalability_scenario_derived_from_real_traffic,LOW,44,synthetic_008,youtubeLive_dataset,True,5655
50,synthetic_scalability_scenario_derived_from_real_traffic,LOW,44,synthetic_009,teams_dataset,True,583
50,synthetic_scalability_scenario_derived_from_real_traffic,LOW,44,synthetic_010,tft_dataset,True,3654
50,synthetic_scalability_scenario_derived_from_real_traffic,LOW,44,synthetic_011,zoom_dataset,True,1360
50,synthetic_scalability_scenario_derived_from_real_traffic,LOW,44,synthetic_012,gamebox_dataset,True,2015
50,synthetic_scalability_scenario_derived_from_real_traffic,LOW,44,synthetic_013,youtube_dataset,True,6537
50,synthetic_scalability_scenario_derived_from_real_traffic,LOW,44,synthetic_014,zoom_dataset,True,1850
50,synthetic_scalability_scenario_derived_from_real_traffic,LOW,44,synthetic_015,tft_dataset,True,4572
50,synthetic_scalability_scenario_derived_from_real_traffic,LOW,44,synthetic_016,geforce_dataset,True,5133
50,synthetic_scalability_scenario_derived_from_real_traffic,LOW,44,synthetic_017,teams_dataset,True,1928
50,synthetic_scalability_scenario_derived_from_real_traffic,LOW,44,synthetic_018,meet_dataset,True,980
50,synthetic_scalability_scenario_derived_from_real_traffic,LOW,44,synthetic_019,meet_dataset,True,5165
50,synthetic_scalability_scenario_derived_from_real_traffic,LOW,44,synthetic_020,roblox_dataset,True,3034
50,synthetic_scalability_scenario_derived_from_real_traffic,LOW,44,synthetic_021,youtube_dataset,True,1925
50,synthetic_scalability_scenario_derived_from_real_traffic,LOW,44,synthetic_022,battleground_dataset,True,1415
50,synthetic_scalability_scenario_derived_from_real_traffic,LOW,44,synthetic_023,navernow_dataset,True,6580
50,synthetic_scalability_scenario_derived_from_real_traffic,LOW,44,synthetic_024,roblox_dataset,True,4323
50,synthetic_scalability_scenario_derived_from_real_traffic,LOW,44,synthetic_025,youtube_dataset,True,3499
50,synthetic_scalability_scenario_derived_from_real_traffic,LOW,44,synthetic_026,roblox_dataset,True,763
50,synthetic_scalability_scenario_derived_from_real_traffic,LOW,44,synthetic_027,geforce_dataset,True,6104
50,synthetic_scalability_scenario_derived_from_real_traffic,LOW,44,synthetic_028,youtubeLive_dataset,True,2226
50,synthetic_scalability_scenario_derived_from_real_traffic,LOW,44,synthetic_029,roblox_dataset,True,5290
50,synthetic_scalability_scenario_derived_from_real_traffic,LOW,44,synthetic_030,afreeca_dataset,True,6056
50,synthetic_scalability_scenario_derived_from_real_traffic,LOW,44,synthetic_031,geforce_dataset,True,1377
50,synthetic_scalability_scenario_derived_from_real_traffic,LOW,44,synthetic_032,zepeto_dataset,True,6542
50,synthetic_scalability_scenario_derived_from_real_traffic,LOW,44,synthetic_033,battleground_dataset,True,5982
50,synthetic_scalability_scenario_derived_from_real_traffic,LOW,44,synthetic_034,roblox_dataset,True,3787
50,synthetic_scalability_scenario_derived_from_real_traffic,LOW,44,synthetic_035,netflix_dataset,True,4845
50,synthetic_scalability_scenario_derived_from_real_traffic,LOW,45,afreeca_dataset,afreeca_dataset,False,0
50,synthetic_scalability_scenario_derived_from_real_traffic,LOW,45,amazon_dataset,amazon_dataset,False,0
50,synthetic_scalability_scenario_derived_from_real_traffic,LOW,45,battleground_dataset,battleground_dataset,False,0
50,synthetic_scalability_scenario_derived_from_real_traffic,LOW,45,gamebox_dataset,gamebox_dataset,False,0
50,synthetic_scalability_scenario_derived_from_real_traffic,LOW,45,geforce_dataset,geforce_dataset,False,0
50,synthetic_scalability_scenario_derived_from_real_traffic,LOW,45,meet_dataset,meet_dataset,False,0
50,synthetic_scalability_scenario_derived_from_real_traffic,LOW,45,navernow_dataset,navernow_dataset,False,0
50,synthetic_scalability_scenario_derived_from_real_traffic,LOW,45,netflix_dataset,netflix_dataset,False,0
50,synthetic_scalability_scenario_derived_from_real_traffic,LOW,45,roblox_dataset,roblox_dataset,False,0
50,synthetic_scalability_scenario_derived_from_real_traffic,LOW,45,teams_dataset,teams_dataset,False,0
50,synthetic_scalability_scenario_derived_from_real_traffic,LOW,45,tft_dataset,tft_dataset,False,0
50,synthetic_scalability_scenario_derived_from_real_traffic,LOW,45,youtubeLive_dataset,youtubeLive_dataset,False,0
50,synthetic_scalability_scenario_derived_from_real_traffic,LOW,45,youtube_dataset,youtube_dataset,False,0
50,synthetic_scalability_scenario_derived_from_real_traffic,LOW,45,zepeto_dataset,zepeto_dataset,False,0
50,synthetic_scalability_scenario_derived_from_real_traffic,LOW,45,zoom_dataset,zoom_dataset,False,0
50,synthetic_scalability_scenario_derived_from_real_traffic,LOW,45,synthetic_001,roblox_dataset,True,6449
50,synthetic_scalability_scenario_derived_from_real_traffic,LOW,45,synthetic_002,netflix_dataset,True,3135
50,synthetic_scalability_scenario_derived_from_real_traffic,LOW,45,synthetic_003,navernow_dataset,True,5426
50,synthetic_scalability_scenario_derived_from_real_traffic,LOW,45,synthetic_004,youtubeLive_dataset,True,5788
50,synthetic_scalability_scenario_derived_from_real_traffic,LOW,45,synthetic_005,meet_dataset,True,4213
50,synthetic_scalability_scenario_derived_from_real_traffic,LOW,45,synthetic_006,youtube_dataset,True,313
50,synthetic_scalability_scenario_derived_from_real_traffic,LOW,45,synthetic_007,navernow_dataset,True,367
50,synthetic_scalability_scenario_derived_from_real_traffic,LOW,45,synthetic_008,geforce_dataset,True,801
50,synthetic_scalability_scenario_derived_from_real_traffic,LOW,45,synthetic_009,navernow_dataset,True,4698
50,synthetic_scalability_scenario_derived_from_real_traffic,LOW,45,synthetic_010,navernow_dataset,True,294
50,synthetic_scalability_scenario_derived_from_real_traffic,LOW,45,synthetic_011,meet_dataset,True,4684
50,synthetic_scalability_scenario_derived_from_real_traffic,LOW,45,synthetic_012,youtube_dataset,True,2808
50,synthetic_scalability_scenario_derived_from_real_traffic,LOW,45,synthetic_013,zepeto_dataset,True,2471
50,synthetic_scalability_scenario_derived_from_real_traffic,LOW,45,synthetic_014,afreeca_dataset,True,1029
50,synthetic_scalability_scenario_derived_from_real_traffic,LOW,45,synthetic_015,roblox_dataset,True,711
50,synthetic_scalability_scenario_derived_from_real_traffic,LOW,45,synthetic_016,battleground_dataset,True,838
50,synthetic_scalability_scenario_derived_from_real_traffic,LOW,45,synthetic_017,geforce_dataset,True,5203
50,synthetic_scalability_scenario_derived_from_real_traffic,LOW,45,synthetic_018,youtube_dataset,True,1167
50,synthetic_scalability_scenario_derived_from_real_traffic,LOW,45,synthetic_019,battleground_dataset,True,4748
50,synthetic_scalability_scenario_derived_from_real_traffic,LOW,45,synthetic_020,gamebox_dataset,True,4695
50,synthetic_scalability_scenario_derived_from_real_traffic,LOW,45,synthetic_021,navernow_dataset,True,3498
50,synthetic_scalability_scenario_derived_from_real_traffic,LOW,45,synthetic_022,zepeto_dataset,True,6425
50,synthetic_scalability_scenario_derived_from_real_traffic,LOW,45,synthetic_023,youtubeLive_dataset,True,2497
50,synthetic_scalability_scenario_derived_from_real_traffic,LOW,45,synthetic_024,battleground_dataset,True,237
50,synthetic_scalability_scenario_derived_from_real_traffic,LOW,45,synthetic_025,afreeca_dataset,True,3314
50,synthetic_scalability_scenario_derived_from_real_traffic,LOW,45,synthetic_026,meet_dataset,True,1354
50,synthetic_scalability_scenario_derived_from_real_traffic,LOW,45,synthetic_027,afreeca_dataset,True,831
50,synthetic_scalability_scenario_derived_from_real_traffic,LOW,45,synthetic_028,geforce_dataset,True,6639
50,synthetic_scalability_scenario_derived_from_real_traffic,LOW,45,synthetic_029,zepeto_dataset,True,2397
50,synthetic_scalability_scenario_derived_from_real_traffic,LOW,45,synthetic_030,youtube_dataset,True,4630
50,synthetic_scalability_scenario_derived_from_real_traffic,LOW,45,synthetic_031,zepeto_dataset,True,1407
50,synthetic_scalability_scenario_derived_from_real_traffic,LOW,45,synthetic_032,youtubeLive_dataset,True,90
50,synthetic_scalability_scenario_derived_from_real_traffic,LOW,45,synthetic_033,meet_dataset,True,6521
50,synthetic_scalability_scenario_derived_from_real_traffic,LOW,45,synthetic_034,zoom_dataset,True,4838
50,synthetic_scalability_scenario_derived_from_real_traffic,LOW,45,synthetic_035,zoom_dataset,True,4730
50,synthetic_scalability_scenario_derived_from_real_traffic,LOW,46,afreeca_dataset,afreeca_dataset,False,0
50,synthetic_scalability_scenario_derived_from_real_traffic,LOW,46,amazon_dataset,amazon_dataset,False,0
50,synthetic_scalability_scenario_derived_from_real_traffic,LOW,46,battleground_dataset,battleground_dataset,False,0
50,synthetic_scalability_scenario_derived_from_real_traffic,LOW,46,gamebox_dataset,gamebox_dataset,False,0
50,synthetic_scalability_scenario_derived_from_real_traffic,LOW,46,geforce_dataset,geforce_dataset,False,0
50,synthetic_scalability_scenario_derived_from_real_traffic,LOW,46,meet_dataset,meet_dataset,False,0
50,synthetic_scalability_scenario_derived_from_real_traffic,LOW,46,navernow_dataset,navernow_dataset,False,0
50,synthetic_scalability_scenario_derived_from_real_traffic,LOW,46,netflix_dataset,netflix_dataset,False,0
50,synthetic_scalability_scenario_derived_from_real_traffic,LOW,46,roblox_dataset,roblox_dataset,False,0
50,synthetic_scalability_scenario_derived_from_real_traffic,LOW,46,teams_dataset,teams_dataset,False,0
50,synthetic_scalability_scenario_derived_from_real_traffic,LOW,46,tft_dataset,tft_dataset,False,0
50,synthetic_scalability_scenario_derived_from_real_traffic,LOW,46,youtubeLive_dataset,youtubeLive_dataset,False,0
50,synthetic_scalability_scenario_derived_from_real_traffic,LOW,46,youtube_dataset,youtube_dataset,False,0
50,synthetic_scalability_scenario_derived_from_real_traffic,LOW,46,zepeto_dataset,zepeto_dataset,False,0
50,synthetic_scalability_scenario_derived_from_real_traffic,LOW,46,zoom_dataset,zoom_dataset,False,0
50,synthetic_scalability_scenario_derived_from_real_traffic,LOW,46,synthetic_001,teams_dataset,True,4886
50,synthetic_scalability_scenario_derived_from_real_traffic,LOW,46,synthetic_002,battleground_dataset,True,5170
50,synthetic_scalability_scenario_derived_from_real_traffic,LOW,46,synthetic_003,youtubeLive_dataset,True,444
50,synthetic_scalability_scenario_derived_from_real_traffic,LOW,46,synthetic_004,zepeto_dataset,True,702
50,synthetic_scalability_scenario_derived_from_real_traffic,LOW,46,synthetic_005,gamebox_dataset,True,2609
50,synthetic_scalability_scenario_derived_from_real_traffic,LOW,46,synthetic_006,geforce_dataset,True,2181
50,synthetic_scalability_scenario_derived_from_real_traffic,LOW,46,synthetic_007,zepeto_dataset,True,1683
50,synthetic_scalability_scenario_derived_from_real_traffic,LOW,46,synthetic_008,geforce_dataset,True,5639
50,synthetic_scalability_scenario_derived_from_real_traffic,LOW,46,synthetic_009,zoom_dataset,True,47
50,synthetic_scalability_scenario_derived_from_real_traffic,LOW,46,synthetic_010,gamebox_dataset,True,1211
50,synthetic_scalability_scenario_derived_from_real_traffic,LOW,46,synthetic_011,meet_dataset,True,4270
50,synthetic_scalability_scenario_derived_from_real_traffic,LOW,46,synthetic_012,teams_dataset,True,3202
50,synthetic_scalability_scenario_derived_from_real_traffic,LOW,46,synthetic_013,afreeca_dataset,True,3352
50,synthetic_scalability_scenario_derived_from_real_traffic,LOW,46,synthetic_014,battleground_dataset,True,4555
50,synthetic_scalability_scenario_derived_from_real_traffic,LOW,46,synthetic_015,geforce_dataset,True,371
50,synthetic_scalability_scenario_derived_from_real_traffic,LOW,46,synthetic_016,zoom_dataset,True,4909
50,synthetic_scalability_scenario_derived_from_real_traffic,LOW,46,synthetic_017,teams_dataset,True,4370
50,synthetic_scalability_scenario_derived_from_real_traffic,LOW,46,synthetic_018,tft_dataset,True,6021
50,synthetic_scalability_scenario_derived_from_real_traffic,LOW,46,synthetic_019,youtube_dataset,True,4160
50,synthetic_scalability_scenario_derived_from_real_traffic,LOW,46,synthetic_020,zoom_dataset,True,6633
50,synthetic_scalability_scenario_derived_from_real_traffic,LOW,46,synthetic_021,youtube_dataset,True,3326
50,synthetic_scalability_scenario_derived_from_real_traffic,LOW,46,synthetic_022,netflix_dataset,True,4820
50,synthetic_scalability_scenario_derived_from_real_traffic,LOW,46,synthetic_023,battleground_dataset,True,288
50,synthetic_scalability_scenario_derived_from_real_traffic,LOW,46,synthetic_024,teams_dataset,True,1735
50,synthetic_scalability_scenario_derived_from_real_traffic,LOW,46,synthetic_025,tft_dataset,True,1157
50,synthetic_scalability_scenario_derived_from_real_traffic,LOW,46,synthetic_026,youtubeLive_dataset,True,3647
50,synthetic_scalability_scenario_derived_from_real_traffic,LOW,46,synthetic_027,meet_dataset,True,2998
50,synthetic_scalability_scenario_derived_from_real_traffic,LOW,46,synthetic_028,battleground_dataset,True,1289
50,synthetic_scalability_scenario_derived_from_real_traffic,LOW,46,synthetic_029,gamebox_dataset,True,3101
50,synthetic_scalability_scenario_derived_from_real_traffic,LOW,46,synthetic_030,battleground_dataset,True,882
50,synthetic_scalability_scenario_derived_from_real_traffic,LOW,46,synthetic_031,navernow_dataset,True,3018
50,synthetic_scalability_scenario_derived_from_real_traffic,LOW,46,synthetic_032,meet_dataset,True,6400
50,synthetic_scalability_scenario_derived_from_real_traffic,LOW,46,synthetic_033,youtubeLive_dataset,True,3417
50,synthetic_scalability_scenario_derived_from_real_traffic,LOW,46,synthetic_034,geforce_dataset,True,3006
50,synthetic_scalability_scenario_derived_from_real_traffic,LOW,46,synthetic_035,netflix_dataset,True,3238
50,synthetic_scalability_scenario_derived_from_real_traffic,MEDIUM,42,afreeca_dataset,afreeca_dataset,False,0
50,synthetic_scalability_scenario_derived_from_real_traffic,MEDIUM,42,amazon_dataset,amazon_dataset,False,0
50,synthetic_scalability_scenario_derived_from_real_traffic,MEDIUM,42,battleground_dataset,battleground_dataset,False,0
50,synthetic_scalability_scenario_derived_from_real_traffic,MEDIUM,42,gamebox_dataset,gamebox_dataset,False,0
50,synthetic_scalability_scenario_derived_from_real_traffic,MEDIUM,42,geforce_dataset,geforce_dataset,False,0
50,synthetic_scalability_scenario_derived_from_real_traffic,MEDIUM,42,meet_dataset,meet_dataset,False,0
50,synthetic_scalability_scenario_derived_from_real_traffic,MEDIUM,42,navernow_dataset,navernow_dataset,False,0
50,synthetic_scalability_scenario_derived_from_real_traffic,MEDIUM,42,netflix_dataset,netflix_dataset,False,0
50,synthetic_scalability_scenario_derived_from_real_traffic,MEDIUM,42,roblox_dataset,roblox_dataset,False,0
50,synthetic_scalability_scenario_derived_from_real_traffic,MEDIUM,42,teams_dataset,teams_dataset,False,0
50,synthetic_scalability_scenario_derived_from_real_traffic,MEDIUM,42,tft_dataset,tft_dataset,False,0
50,synthetic_scalability_scenario_derived_from_real_traffic,MEDIUM,42,youtubeLive_dataset,youtubeLive_dataset,False,0
50,synthetic_scalability_scenario_derived_from_real_traffic,MEDIUM,42,youtube_dataset,youtube_dataset,False,0
50,synthetic_scalability_scenario_derived_from_real_traffic,MEDIUM,42,zepeto_dataset,zepeto_dataset,False,0
50,synthetic_scalability_scenario_derived_from_real_traffic,MEDIUM,42,zoom_dataset,zoom_dataset,False,0
50,synthetic_scalability_scenario_derived_from_real_traffic,MEDIUM,42,synthetic_001,roblox_dataset,True,2966
50,synthetic_scalability_scenario_derived_from_real_traffic,MEDIUM,42,synthetic_002,navernow_dataset,True,1520
50,synthetic_scalability_scenario_derived_from_real_traffic,MEDIUM,42,synthetic_003,amazon_dataset,True,3710
50,synthetic_scalability_scenario_derived_from_real_traffic,MEDIUM,42,synthetic_004,zepeto_dataset,True,426
50,synthetic_scalability_scenario_derived_from_real_traffic,MEDIUM,42,synthetic_005,youtube_dataset,True,5536
50,synthetic_scalability_scenario_derived_from_real_traffic,MEDIUM,42,synthetic_006,geforce_dataset,True,4225
50,synthetic_scalability_scenario_derived_from_real_traffic,MEDIUM,42,synthetic_007,battleground_dataset,True,5071
50,synthetic_scalability_scenario_derived_from_real_traffic,MEDIUM,42,synthetic_008,tft_dataset,True,2371
50,synthetic_scalability_scenario_derived_from_real_traffic,MEDIUM,42,synthetic_009,amazon_dataset,True,6493
50,synthetic_scalability_scenario_derived_from_real_traffic,MEDIUM,42,synthetic_010,navernow_dataset,True,5974
50,synthetic_scalability_scenario_derived_from_real_traffic,MEDIUM,42,synthetic_011,tft_dataset,True,5207
50,synthetic_scalability_scenario_derived_from_real_traffic,MEDIUM,42,synthetic_012,youtubeLive_dataset,True,1302
50,synthetic_scalability_scenario_derived_from_real_traffic,MEDIUM,42,synthetic_013,meet_dataset,True,3122
50,synthetic_scalability_scenario_derived_from_real_traffic,MEDIUM,42,synthetic_014,netflix_dataset,True,293
50,synthetic_scalability_scenario_derived_from_real_traffic,MEDIUM,42,synthetic_015,roblox_dataset,True,1032
50,synthetic_scalability_scenario_derived_from_real_traffic,MEDIUM,42,synthetic_016,youtubeLive_dataset,True,4569
50,synthetic_scalability_scenario_derived_from_real_traffic,MEDIUM,42,synthetic_017,zepeto_dataset,True,4982
50,synthetic_scalability_scenario_derived_from_real_traffic,MEDIUM,42,synthetic_018,meet_dataset,True,6472
50,synthetic_scalability_scenario_derived_from_real_traffic,MEDIUM,42,synthetic_019,navernow_dataset,True,2179
50,synthetic_scalability_scenario_derived_from_real_traffic,MEDIUM,42,synthetic_020,zepeto_dataset,True,2478
50,synthetic_scalability_scenario_derived_from_real_traffic,MEDIUM,42,synthetic_021,amazon_dataset,True,3141
50,synthetic_scalability_scenario_derived_from_real_traffic,MEDIUM,42,synthetic_022,youtubeLive_dataset,True,1267
50,synthetic_scalability_scenario_derived_from_real_traffic,MEDIUM,42,synthetic_023,navernow_dataset,True,869
50,synthetic_scalability_scenario_derived_from_real_traffic,MEDIUM,42,synthetic_024,tft_dataset,True,3182
50,synthetic_scalability_scenario_derived_from_real_traffic,MEDIUM,42,synthetic_025,geforce_dataset,True,1518
50,synthetic_scalability_scenario_derived_from_real_traffic,MEDIUM,42,synthetic_026,roblox_dataset,True,4481
50,synthetic_scalability_scenario_derived_from_real_traffic,MEDIUM,42,synthetic_027,zoom_dataset,True,2924
50,synthetic_scalability_scenario_derived_from_real_traffic,MEDIUM,42,synthetic_028,battleground_dataset,True,5570
50,synthetic_scalability_scenario_derived_from_real_traffic,MEDIUM,42,synthetic_029,teams_dataset,True,4684
50,synthetic_scalability_scenario_derived_from_real_traffic,MEDIUM,42,synthetic_030,amazon_dataset,True,2089
50,synthetic_scalability_scenario_derived_from_real_traffic,MEDIUM,42,synthetic_031,youtubeLive_dataset,True,5567
50,synthetic_scalability_scenario_derived_from_real_traffic,MEDIUM,42,synthetic_032,navernow_dataset,True,5383
50,synthetic_scalability_scenario_derived_from_real_traffic,MEDIUM,42,synthetic_033,youtube_dataset,True,2592
50,synthetic_scalability_scenario_derived_from_real_traffic,MEDIUM,42,synthetic_034,zepeto_dataset,True,1928
50,synthetic_scalability_scenario_derived_from_real_traffic,MEDIUM,42,synthetic_035,gamebox_dataset,True,4565
50,synthetic_scalability_scenario_derived_from_real_traffic,MEDIUM,43,afreeca_dataset,afreeca_dataset,False,0
50,synthetic_scalability_scenario_derived_from_real_traffic,MEDIUM,43,amazon_dataset,amazon_dataset,False,0
50,synthetic_scalability_scenario_derived_from_real_traffic,MEDIUM,43,battleground_dataset,battleground_dataset,False,0
50,synthetic_scalability_scenario_derived_from_real_traffic,MEDIUM,43,gamebox_dataset,gamebox_dataset,False,0
50,synthetic_scalability_scenario_derived_from_real_traffic,MEDIUM,43,geforce_dataset,geforce_dataset,False,0
50,synthetic_scalability_scenario_derived_from_real_traffic,MEDIUM,43,meet_dataset,meet_dataset,False,0
50,synthetic_scalability_scenario_derived_from_real_traffic,MEDIUM,43,navernow_dataset,navernow_dataset,False,0
50,synthetic_scalability_scenario_derived_from_real_traffic,MEDIUM,43,netflix_dataset,netflix_dataset,False,0
50,synthetic_scalability_scenario_derived_from_real_traffic,MEDIUM,43,roblox_dataset,roblox_dataset,False,0
50,synthetic_scalability_scenario_derived_from_real_traffic,MEDIUM,43,teams_dataset,teams_dataset,False,0
50,synthetic_scalability_scenario_derived_from_real_traffic,MEDIUM,43,tft_dataset,tft_dataset,False,0
50,synthetic_scalability_scenario_derived_from_real_traffic,MEDIUM,43,youtubeLive_dataset,youtubeLive_dataset,False,0
50,synthetic_scalability_scenario_derived_from_real_traffic,MEDIUM,43,youtube_dataset,youtube_dataset,False,0
50,synthetic_scalability_scenario_derived_from_real_traffic,MEDIUM,43,zepeto_dataset,zepeto_dataset,False,0
50,synthetic_scalability_scenario_derived_from_real_traffic,MEDIUM,43,zoom_dataset,zoom_dataset,False,0
50,synthetic_scalability_scenario_derived_from_real_traffic,MEDIUM,43,synthetic_001,zepeto_dataset,True,2823
50,synthetic_scalability_scenario_derived_from_real_traffic,MEDIUM,43,synthetic_002,navernow_dataset,True,27
50,synthetic_scalability_scenario_derived_from_real_traffic,MEDIUM,43,synthetic_003,navernow_dataset,True,2066
50,synthetic_scalability_scenario_derived_from_real_traffic,MEDIUM,43,synthetic_004,roblox_dataset,True,6367
50,synthetic_scalability_scenario_derived_from_real_traffic,MEDIUM,43,synthetic_005,afreeca_dataset,True,5607
50,synthetic_scalability_scenario_derived_from_real_traffic,MEDIUM,43,synthetic_006,meet_dataset,True,3580
50,synthetic_scalability_scenario_derived_from_real_traffic,MEDIUM,43,synthetic_007,netflix_dataset,True,3247
50,synthetic_scalability_scenario_derived_from_real_traffic,MEDIUM,43,synthetic_008,youtube_dataset,True,6322
50,synthetic_scalability_scenario_derived_from_real_traffic,MEDIUM,43,synthetic_009,zoom_dataset,True,3968
50,synthetic_scalability_scenario_derived_from_real_traffic,MEDIUM,43,synthetic_010,tft_dataset,True,6307
50,synthetic_scalability_scenario_derived_from_real_traffic,MEDIUM,43,synthetic_011,zepeto_dataset,True,6675
50,synthetic_scalability_scenario_derived_from_real_traffic,MEDIUM,43,synthetic_012,afreeca_dataset,True,225
50,synthetic_scalability_scenario_derived_from_real_traffic,MEDIUM,43,synthetic_013,roblox_dataset,True,793
50,synthetic_scalability_scenario_derived_from_real_traffic,MEDIUM,43,synthetic_014,youtube_dataset,True,5092
50,synthetic_scalability_scenario_derived_from_real_traffic,MEDIUM,43,synthetic_015,amazon_dataset,True,843
50,synthetic_scalability_scenario_derived_from_real_traffic,MEDIUM,43,synthetic_016,amazon_dataset,True,2286
50,synthetic_scalability_scenario_derived_from_real_traffic,MEDIUM,43,synthetic_017,youtube_dataset,True,2007
50,synthetic_scalability_scenario_derived_from_real_traffic,MEDIUM,43,synthetic_018,tft_dataset,True,3686
50,synthetic_scalability_scenario_derived_from_real_traffic,MEDIUM,43,synthetic_019,teams_dataset,True,338
50,synthetic_scalability_scenario_derived_from_real_traffic,MEDIUM,43,synthetic_020,tft_dataset,True,3016
50,synthetic_scalability_scenario_derived_from_real_traffic,MEDIUM,43,synthetic_021,battleground_dataset,True,3715
50,synthetic_scalability_scenario_derived_from_real_traffic,MEDIUM,43,synthetic_022,teams_dataset,True,797
50,synthetic_scalability_scenario_derived_from_real_traffic,MEDIUM,43,synthetic_023,netflix_dataset,True,2284
50,synthetic_scalability_scenario_derived_from_real_traffic,MEDIUM,43,synthetic_024,youtubeLive_dataset,True,3375
50,synthetic_scalability_scenario_derived_from_real_traffic,MEDIUM,43,synthetic_025,afreeca_dataset,True,2033
50,synthetic_scalability_scenario_derived_from_real_traffic,MEDIUM,43,synthetic_026,roblox_dataset,True,2795
50,synthetic_scalability_scenario_derived_from_real_traffic,MEDIUM,43,synthetic_027,geforce_dataset,True,2773
50,synthetic_scalability_scenario_derived_from_real_traffic,MEDIUM,43,synthetic_028,geforce_dataset,True,624
50,synthetic_scalability_scenario_derived_from_real_traffic,MEDIUM,43,synthetic_029,tft_dataset,True,3933
50,synthetic_scalability_scenario_derived_from_real_traffic,MEDIUM,43,synthetic_030,netflix_dataset,True,495
50,synthetic_scalability_scenario_derived_from_real_traffic,MEDIUM,43,synthetic_031,tft_dataset,True,3883
50,synthetic_scalability_scenario_derived_from_real_traffic,MEDIUM,43,synthetic_032,youtube_dataset,True,554
50,synthetic_scalability_scenario_derived_from_real_traffic,MEDIUM,43,synthetic_033,geforce_dataset,True,3606
50,synthetic_scalability_scenario_derived_from_real_traffic,MEDIUM,43,synthetic_034,amazon_dataset,True,5691
50,synthetic_scalability_scenario_derived_from_real_traffic,MEDIUM,43,synthetic_035,gamebox_dataset,True,1932
50,synthetic_scalability_scenario_derived_from_real_traffic,MEDIUM,44,afreeca_dataset,afreeca_dataset,False,0
50,synthetic_scalability_scenario_derived_from_real_traffic,MEDIUM,44,amazon_dataset,amazon_dataset,False,0
50,synthetic_scalability_scenario_derived_from_real_traffic,MEDIUM,44,battleground_dataset,battleground_dataset,False,0
50,synthetic_scalability_scenario_derived_from_real_traffic,MEDIUM,44,gamebox_dataset,gamebox_dataset,False,0
50,synthetic_scalability_scenario_derived_from_real_traffic,MEDIUM,44,geforce_dataset,geforce_dataset,False,0
50,synthetic_scalability_scenario_derived_from_real_traffic,MEDIUM,44,meet_dataset,meet_dataset,False,0
50,synthetic_scalability_scenario_derived_from_real_traffic,MEDIUM,44,navernow_dataset,navernow_dataset,False,0
50,synthetic_scalability_scenario_derived_from_real_traffic,MEDIUM,44,netflix_dataset,netflix_dataset,False,0
50,synthetic_scalability_scenario_derived_from_real_traffic,MEDIUM,44,roblox_dataset,roblox_dataset,False,0
50,synthetic_scalability_scenario_derived_from_real_traffic,MEDIUM,44,teams_dataset,teams_dataset,False,0
50,synthetic_scalability_scenario_derived_from_real_traffic,MEDIUM,44,tft_dataset,tft_dataset,False,0
50,synthetic_scalability_scenario_derived_from_real_traffic,MEDIUM,44,youtubeLive_dataset,youtubeLive_dataset,False,0
50,synthetic_scalability_scenario_derived_from_real_traffic,MEDIUM,44,youtube_dataset,youtube_dataset,False,0
50,synthetic_scalability_scenario_derived_from_real_traffic,MEDIUM,44,zepeto_dataset,zepeto_dataset,False,0
50,synthetic_scalability_scenario_derived_from_real_traffic,MEDIUM,44,zoom_dataset,zoom_dataset,False,0
50,synthetic_scalability_scenario_derived_from_real_traffic,MEDIUM,44,synthetic_001,roblox_dataset,True,4787
50,synthetic_scalability_scenario_derived_from_real_traffic,MEDIUM,44,synthetic_002,navernow_dataset,True,130
50,synthetic_scalability_scenario_derived_from_real_traffic,MEDIUM,44,synthetic_003,roblox_dataset,True,5334
50,synthetic_scalability_scenario_derived_from_real_traffic,MEDIUM,44,synthetic_004,amazon_dataset,True,6026
50,synthetic_scalability_scenario_derived_from_real_traffic,MEDIUM,44,synthetic_005,roblox_dataset,True,3504
50,synthetic_scalability_scenario_derived_from_real_traffic,MEDIUM,44,synthetic_006,youtube_dataset,True,1319
50,synthetic_scalability_scenario_derived_from_real_traffic,MEDIUM,44,synthetic_007,zoom_dataset,True,1209
50,synthetic_scalability_scenario_derived_from_real_traffic,MEDIUM,44,synthetic_008,youtubeLive_dataset,True,5655
50,synthetic_scalability_scenario_derived_from_real_traffic,MEDIUM,44,synthetic_009,teams_dataset,True,583
50,synthetic_scalability_scenario_derived_from_real_traffic,MEDIUM,44,synthetic_010,tft_dataset,True,3654
50,synthetic_scalability_scenario_derived_from_real_traffic,MEDIUM,44,synthetic_011,zoom_dataset,True,1360
50,synthetic_scalability_scenario_derived_from_real_traffic,MEDIUM,44,synthetic_012,gamebox_dataset,True,2015
50,synthetic_scalability_scenario_derived_from_real_traffic,MEDIUM,44,synthetic_013,youtube_dataset,True,6537
50,synthetic_scalability_scenario_derived_from_real_traffic,MEDIUM,44,synthetic_014,zoom_dataset,True,1850
50,synthetic_scalability_scenario_derived_from_real_traffic,MEDIUM,44,synthetic_015,tft_dataset,True,4572
50,synthetic_scalability_scenario_derived_from_real_traffic,MEDIUM,44,synthetic_016,geforce_dataset,True,5133
50,synthetic_scalability_scenario_derived_from_real_traffic,MEDIUM,44,synthetic_017,teams_dataset,True,1928
50,synthetic_scalability_scenario_derived_from_real_traffic,MEDIUM,44,synthetic_018,meet_dataset,True,980
50,synthetic_scalability_scenario_derived_from_real_traffic,MEDIUM,44,synthetic_019,meet_dataset,True,5165
50,synthetic_scalability_scenario_derived_from_real_traffic,MEDIUM,44,synthetic_020,roblox_dataset,True,3034
50,synthetic_scalability_scenario_derived_from_real_traffic,MEDIUM,44,synthetic_021,youtube_dataset,True,1925
50,synthetic_scalability_scenario_derived_from_real_traffic,MEDIUM,44,synthetic_022,battleground_dataset,True,1415
50,synthetic_scalability_scenario_derived_from_real_traffic,MEDIUM,44,synthetic_023,navernow_dataset,True,6580
50,synthetic_scalability_scenario_derived_from_real_traffic,MEDIUM,44,synthetic_024,roblox_dataset,True,4323
50,synthetic_scalability_scenario_derived_from_real_traffic,MEDIUM,44,synthetic_025,youtube_dataset,True,3499
50,synthetic_scalability_scenario_derived_from_real_traffic,MEDIUM,44,synthetic_026,roblox_dataset,True,763
50,synthetic_scalability_scenario_derived_from_real_traffic,MEDIUM,44,synthetic_027,geforce_dataset,True,6104
50,synthetic_scalability_scenario_derived_from_real_traffic,MEDIUM,44,synthetic_028,youtubeLive_dataset,True,2226
50,synthetic_scalability_scenario_derived_from_real_traffic,MEDIUM,44,synthetic_029,roblox_dataset,True,5290
50,synthetic_scalability_scenario_derived_from_real_traffic,MEDIUM,44,synthetic_030,afreeca_dataset,True,6056
50,synthetic_scalability_scenario_derived_from_real_traffic,MEDIUM,44,synthetic_031,geforce_dataset,True,1377
50,synthetic_scalability_scenario_derived_from_real_traffic,MEDIUM,44,synthetic_032,zepeto_dataset,True,6542
50,synthetic_scalability_scenario_derived_from_real_traffic,MEDIUM,44,synthetic_033,battleground_dataset,True,5982
50,synthetic_scalability_scenario_derived_from_real_traffic,MEDIUM,44,synthetic_034,roblox_dataset,True,3787
50,synthetic_scalability_scenario_derived_from_real_traffic,MEDIUM,44,synthetic_035,netflix_dataset,True,4845
50,synthetic_scalability_scenario_derived_from_real_traffic,MEDIUM,45,afreeca_dataset,afreeca_dataset,False,0
50,synthetic_scalability_scenario_derived_from_real_traffic,MEDIUM,45,amazon_dataset,amazon_dataset,False,0
50,synthetic_scalability_scenario_derived_from_real_traffic,MEDIUM,45,battleground_dataset,battleground_dataset,False,0
50,synthetic_scalability_scenario_derived_from_real_traffic,MEDIUM,45,gamebox_dataset,gamebox_dataset,False,0
50,synthetic_scalability_scenario_derived_from_real_traffic,MEDIUM,45,geforce_dataset,geforce_dataset,False,0
50,synthetic_scalability_scenario_derived_from_real_traffic,MEDIUM,45,meet_dataset,meet_dataset,False,0
50,synthetic_scalability_scenario_derived_from_real_traffic,MEDIUM,45,navernow_dataset,navernow_dataset,False,0
50,synthetic_scalability_scenario_derived_from_real_traffic,MEDIUM,45,netflix_dataset,netflix_dataset,False,0
50,synthetic_scalability_scenario_derived_from_real_traffic,MEDIUM,45,roblox_dataset,roblox_dataset,False,0
50,synthetic_scalability_scenario_derived_from_real_traffic,MEDIUM,45,teams_dataset,teams_dataset,False,0
50,synthetic_scalability_scenario_derived_from_real_traffic,MEDIUM,45,tft_dataset,tft_dataset,False,0
50,synthetic_scalability_scenario_derived_from_real_traffic,MEDIUM,45,youtubeLive_dataset,youtubeLive_dataset,False,0
50,synthetic_scalability_scenario_derived_from_real_traffic,MEDIUM,45,youtube_dataset,youtube_dataset,False,0
50,synthetic_scalability_scenario_derived_from_real_traffic,MEDIUM,45,zepeto_dataset,zepeto_dataset,False,0
50,synthetic_scalability_scenario_derived_from_real_traffic,MEDIUM,45,zoom_dataset,zoom_dataset,False,0
50,synthetic_scalability_scenario_derived_from_real_traffic,MEDIUM,45,synthetic_001,roblox_dataset,True,6449
50,synthetic_scalability_scenario_derived_from_real_traffic,MEDIUM,45,synthetic_002,netflix_dataset,True,3135
50,synthetic_scalability_scenario_derived_from_real_traffic,MEDIUM,45,synthetic_003,navernow_dataset,True,5426
50,synthetic_scalability_scenario_derived_from_real_traffic,MEDIUM,45,synthetic_004,youtubeLive_dataset,True,5788
50,synthetic_scalability_scenario_derived_from_real_traffic,MEDIUM,45,synthetic_005,meet_dataset,True,4213
50,synthetic_scalability_scenario_derived_from_real_traffic,MEDIUM,45,synthetic_006,youtube_dataset,True,313
50,synthetic_scalability_scenario_derived_from_real_traffic,MEDIUM,45,synthetic_007,navernow_dataset,True,367
50,synthetic_scalability_scenario_derived_from_real_traffic,MEDIUM,45,synthetic_008,geforce_dataset,True,801
50,synthetic_scalability_scenario_derived_from_real_traffic,MEDIUM,45,synthetic_009,navernow_dataset,True,4698
50,synthetic_scalability_scenario_derived_from_real_traffic,MEDIUM,45,synthetic_010,navernow_dataset,True,294
50,synthetic_scalability_scenario_derived_from_real_traffic,MEDIUM,45,synthetic_011,meet_dataset,True,4684
50,synthetic_scalability_scenario_derived_from_real_traffic,MEDIUM,45,synthetic_012,youtube_dataset,True,2808
50,synthetic_scalability_scenario_derived_from_real_traffic,MEDIUM,45,synthetic_013,zepeto_dataset,True,2471
50,synthetic_scalability_scenario_derived_from_real_traffic,MEDIUM,45,synthetic_014,afreeca_dataset,True,1029
50,synthetic_scalability_scenario_derived_from_real_traffic,MEDIUM,45,synthetic_015,roblox_dataset,True,711
50,synthetic_scalability_scenario_derived_from_real_traffic,MEDIUM,45,synthetic_016,battleground_dataset,True,838
50,synthetic_scalability_scenario_derived_from_real_traffic,MEDIUM,45,synthetic_017,geforce_dataset,True,5203
50,synthetic_scalability_scenario_derived_from_real_traffic,MEDIUM,45,synthetic_018,youtube_dataset,True,1167
50,synthetic_scalability_scenario_derived_from_real_traffic,MEDIUM,45,synthetic_019,battleground_dataset,True,4748
50,synthetic_scalability_scenario_derived_from_real_traffic,MEDIUM,45,synthetic_020,gamebox_dataset,True,4695
50,synthetic_scalability_scenario_derived_from_real_traffic,MEDIUM,45,synthetic_021,navernow_dataset,True,3498
50,synthetic_scalability_scenario_derived_from_real_traffic,MEDIUM,45,synthetic_022,zepeto_dataset,True,6425
50,synthetic_scalability_scenario_derived_from_real_traffic,MEDIUM,45,synthetic_023,youtubeLive_dataset,True,2497
50,synthetic_scalability_scenario_derived_from_real_traffic,MEDIUM,45,synthetic_024,battleground_dataset,True,237
50,synthetic_scalability_scenario_derived_from_real_traffic,MEDIUM,45,synthetic_025,afreeca_dataset,True,3314
50,synthetic_scalability_scenario_derived_from_real_traffic,MEDIUM,45,synthetic_026,meet_dataset,True,1354
50,synthetic_scalability_scenario_derived_from_real_traffic,MEDIUM,45,synthetic_027,afreeca_dataset,True,831
50,synthetic_scalability_scenario_derived_from_real_traffic,MEDIUM,45,synthetic_028,geforce_dataset,True,6639
50,synthetic_scalability_scenario_derived_from_real_traffic,MEDIUM,45,synthetic_029,zepeto_dataset,True,2397
50,synthetic_scalability_scenario_derived_from_real_traffic,MEDIUM,45,synthetic_030,youtube_dataset,True,4630
50,synthetic_scalability_scenario_derived_from_real_traffic,MEDIUM,45,synthetic_031,zepeto_dataset,True,1407
50,synthetic_scalability_scenario_derived_from_real_traffic,MEDIUM,45,synthetic_032,youtubeLive_dataset,True,90
50,synthetic_scalability_scenario_derived_from_real_traffic,MEDIUM,45,synthetic_033,meet_dataset,True,6521
50,synthetic_scalability_scenario_derived_from_real_traffic,MEDIUM,45,synthetic_034,zoom_dataset,True,4838
50,synthetic_scalability_scenario_derived_from_real_traffic,MEDIUM,45,synthetic_035,zoom_dataset,True,4730
50,synthetic_scalability_scenario_derived_from_real_traffic,MEDIUM,46,afreeca_dataset,afreeca_dataset,False,0
50,synthetic_scalability_scenario_derived_from_real_traffic,MEDIUM,46,amazon_dataset,amazon_dataset,False,0
50,synthetic_scalability_scenario_derived_from_real_traffic,MEDIUM,46,battleground_dataset,battleground_dataset,False,0
50,synthetic_scalability_scenario_derived_from_real_traffic,MEDIUM,46,gamebox_dataset,gamebox_dataset,False,0
50,synthetic_scalability_scenario_derived_from_real_traffic,MEDIUM,46,geforce_dataset,geforce_dataset,False,0
50,synthetic_scalability_scenario_derived_from_real_traffic,MEDIUM,46,meet_dataset,meet_dataset,False,0
50,synthetic_scalability_scenario_derived_from_real_traffic,MEDIUM,46,navernow_dataset,navernow_dataset,False,0
50,synthetic_scalability_scenario_derived_from_real_traffic,MEDIUM,46,netflix_dataset,netflix_dataset,False,0
50,synthetic_scalability_scenario_derived_from_real_traffic,MEDIUM,46,roblox_dataset,roblox_dataset,False,0
50,synthetic_scalability_scenario_derived_from_real_traffic,MEDIUM,46,teams_dataset,teams_dataset,False,0
50,synthetic_scalability_scenario_derived_from_real_traffic,MEDIUM,46,tft_dataset,tft_dataset,False,0
50,synthetic_scalability_scenario_derived_from_real_traffic,MEDIUM,46,youtubeLive_dataset,youtubeLive_dataset,False,0
50,synthetic_scalability_scenario_derived_from_real_traffic,MEDIUM,46,youtube_dataset,youtube_dataset,False,0
50,synthetic_scalability_scenario_derived_from_real_traffic,MEDIUM,46,zepeto_dataset,zepeto_dataset,False,0
50,synthetic_scalability_scenario_derived_from_real_traffic,MEDIUM,46,zoom_dataset,zoom_dataset,False,0
50,synthetic_scalability_scenario_derived_from_real_traffic,MEDIUM,46,synthetic_001,teams_dataset,True,4886
50,synthetic_scalability_scenario_derived_from_real_traffic,MEDIUM,46,synthetic_002,battleground_dataset,True,5170
50,synthetic_scalability_scenario_derived_from_real_traffic,MEDIUM,46,synthetic_003,youtubeLive_dataset,True,444
50,synthetic_scalability_scenario_derived_from_real_traffic,MEDIUM,46,synthetic_004,zepeto_dataset,True,702
50,synthetic_scalability_scenario_derived_from_real_traffic,MEDIUM,46,synthetic_005,gamebox_dataset,True,2609
50,synthetic_scalability_scenario_derived_from_real_traffic,MEDIUM,46,synthetic_006,geforce_dataset,True,2181
50,synthetic_scalability_scenario_derived_from_real_traffic,MEDIUM,46,synthetic_007,zepeto_dataset,True,1683
50,synthetic_scalability_scenario_derived_from_real_traffic,MEDIUM,46,synthetic_008,geforce_dataset,True,5639
50,synthetic_scalability_scenario_derived_from_real_traffic,MEDIUM,46,synthetic_009,zoom_dataset,True,47
50,synthetic_scalability_scenario_derived_from_real_traffic,MEDIUM,46,synthetic_010,gamebox_dataset,True,1211
50,synthetic_scalability_scenario_derived_from_real_traffic,MEDIUM,46,synthetic_011,meet_dataset,True,4270
50,synthetic_scalability_scenario_derived_from_real_traffic,MEDIUM,46,synthetic_012,teams_dataset,True,3202
50,synthetic_scalability_scenario_derived_from_real_traffic,MEDIUM,46,synthetic_013,afreeca_dataset,True,3352
50,synthetic_scalability_scenario_derived_from_real_traffic,MEDIUM,46,synthetic_014,battleground_dataset,True,4555
50,synthetic_scalability_scenario_derived_from_real_traffic,MEDIUM,46,synthetic_015,geforce_dataset,True,371
50,synthetic_scalability_scenario_derived_from_real_traffic,MEDIUM,46,synthetic_016,zoom_dataset,True,4909
50,synthetic_scalability_scenario_derived_from_real_traffic,MEDIUM,46,synthetic_017,teams_dataset,True,4370
50,synthetic_scalability_scenario_derived_from_real_traffic,MEDIUM,46,synthetic_018,tft_dataset,True,6021
50,synthetic_scalability_scenario_derived_from_real_traffic,MEDIUM,46,synthetic_019,youtube_dataset,True,4160
50,synthetic_scalability_scenario_derived_from_real_traffic,MEDIUM,46,synthetic_020,zoom_dataset,True,6633
50,synthetic_scalability_scenario_derived_from_real_traffic,MEDIUM,46,synthetic_021,youtube_dataset,True,3326
50,synthetic_scalability_scenario_derived_from_real_traffic,MEDIUM,46,synthetic_022,netflix_dataset,True,4820
50,synthetic_scalability_scenario_derived_from_real_traffic,MEDIUM,46,synthetic_023,battleground_dataset,True,288
50,synthetic_scalability_scenario_derived_from_real_traffic,MEDIUM,46,synthetic_024,teams_dataset,True,1735
50,synthetic_scalability_scenario_derived_from_real_traffic,MEDIUM,46,synthetic_025,tft_dataset,True,1157
50,synthetic_scalability_scenario_derived_from_real_traffic,MEDIUM,46,synthetic_026,youtubeLive_dataset,True,3647
50,synthetic_scalability_scenario_derived_from_real_traffic,MEDIUM,46,synthetic_027,meet_dataset,True,2998
50,synthetic_scalability_scenario_derived_from_real_traffic,MEDIUM,46,synthetic_028,battleground_dataset,True,1289
50,synthetic_scalability_scenario_derived_from_real_traffic,MEDIUM,46,synthetic_029,gamebox_dataset,True,3101
50,synthetic_scalability_scenario_derived_from_real_traffic,MEDIUM,46,synthetic_030,battleground_dataset,True,882
50,synthetic_scalability_scenario_derived_from_real_traffic,MEDIUM,46,synthetic_031,navernow_dataset,True,3018
50,synthetic_scalability_scenario_derived_from_real_traffic,MEDIUM,46,synthetic_032,meet_dataset,True,6400
50,synthetic_scalability_scenario_derived_from_real_traffic,MEDIUM,46,synthetic_033,youtubeLive_dataset,True,3417
50,synthetic_scalability_scenario_derived_from_real_traffic,MEDIUM,46,synthetic_034,geforce_dataset,True,3006
50,synthetic_scalability_scenario_derived_from_real_traffic,MEDIUM,46,synthetic_035,netflix_dataset,True,3238
50,synthetic_scalability_scenario_derived_from_real_traffic,HIGH,42,afreeca_dataset,afreeca_dataset,False,0
50,synthetic_scalability_scenario_derived_from_real_traffic,HIGH,42,amazon_dataset,amazon_dataset,False,0
50,synthetic_scalability_scenario_derived_from_real_traffic,HIGH,42,battleground_dataset,battleground_dataset,False,0
50,synthetic_scalability_scenario_derived_from_real_traffic,HIGH,42,gamebox_dataset,gamebox_dataset,False,0
50,synthetic_scalability_scenario_derived_from_real_traffic,HIGH,42,geforce_dataset,geforce_dataset,False,0
50,synthetic_scalability_scenario_derived_from_real_traffic,HIGH,42,meet_dataset,meet_dataset,False,0
50,synthetic_scalability_scenario_derived_from_real_traffic,HIGH,42,navernow_dataset,navernow_dataset,False,0
50,synthetic_scalability_scenario_derived_from_real_traffic,HIGH,42,netflix_dataset,netflix_dataset,False,0
50,synthetic_scalability_scenario_derived_from_real_traffic,HIGH,42,roblox_dataset,roblox_dataset,False,0
50,synthetic_scalability_scenario_derived_from_real_traffic,HIGH,42,teams_dataset,teams_dataset,False,0
50,synthetic_scalability_scenario_derived_from_real_traffic,HIGH,42,tft_dataset,tft_dataset,False,0
50,synthetic_scalability_scenario_derived_from_real_traffic,HIGH,42,youtubeLive_dataset,youtubeLive_dataset,False,0
50,synthetic_scalability_scenario_derived_from_real_traffic,HIGH,42,youtube_dataset,youtube_dataset,False,0
50,synthetic_scalability_scenario_derived_from_real_traffic,HIGH,42,zepeto_dataset,zepeto_dataset,False,0
50,synthetic_scalability_scenario_derived_from_real_traffic,HIGH,42,zoom_dataset,zoom_dataset,False,0
50,synthetic_scalability_scenario_derived_from_real_traffic,HIGH,42,synthetic_001,roblox_dataset,True,2966
50,synthetic_scalability_scenario_derived_from_real_traffic,HIGH,42,synthetic_002,navernow_dataset,True,1520
50,synthetic_scalability_scenario_derived_from_real_traffic,HIGH,42,synthetic_003,amazon_dataset,True,3710
50,synthetic_scalability_scenario_derived_from_real_traffic,HIGH,42,synthetic_004,zepeto_dataset,True,426
50,synthetic_scalability_scenario_derived_from_real_traffic,HIGH,42,synthetic_005,youtube_dataset,True,5536
50,synthetic_scalability_scenario_derived_from_real_traffic,HIGH,42,synthetic_006,geforce_dataset,True,4225
50,synthetic_scalability_scenario_derived_from_real_traffic,HIGH,42,synthetic_007,battleground_dataset,True,5071
50,synthetic_scalability_scenario_derived_from_real_traffic,HIGH,42,synthetic_008,tft_dataset,True,2371
50,synthetic_scalability_scenario_derived_from_real_traffic,HIGH,42,synthetic_009,amazon_dataset,True,6493
50,synthetic_scalability_scenario_derived_from_real_traffic,HIGH,42,synthetic_010,navernow_dataset,True,5974
50,synthetic_scalability_scenario_derived_from_real_traffic,HIGH,42,synthetic_011,tft_dataset,True,5207
50,synthetic_scalability_scenario_derived_from_real_traffic,HIGH,42,synthetic_012,youtubeLive_dataset,True,1302
50,synthetic_scalability_scenario_derived_from_real_traffic,HIGH,42,synthetic_013,meet_dataset,True,3122
50,synthetic_scalability_scenario_derived_from_real_traffic,HIGH,42,synthetic_014,netflix_dataset,True,293
50,synthetic_scalability_scenario_derived_from_real_traffic,HIGH,42,synthetic_015,roblox_dataset,True,1032
50,synthetic_scalability_scenario_derived_from_real_traffic,HIGH,42,synthetic_016,youtubeLive_dataset,True,4569
50,synthetic_scalability_scenario_derived_from_real_traffic,HIGH,42,synthetic_017,zepeto_dataset,True,4982
50,synthetic_scalability_scenario_derived_from_real_traffic,HIGH,42,synthetic_018,meet_dataset,True,6472
50,synthetic_scalability_scenario_derived_from_real_traffic,HIGH,42,synthetic_019,navernow_dataset,True,2179
50,synthetic_scalability_scenario_derived_from_real_traffic,HIGH,42,synthetic_020,zepeto_dataset,True,2478
50,synthetic_scalability_scenario_derived_from_real_traffic,HIGH,42,synthetic_021,amazon_dataset,True,3141
50,synthetic_scalability_scenario_derived_from_real_traffic,HIGH,42,synthetic_022,youtubeLive_dataset,True,1267
50,synthetic_scalability_scenario_derived_from_real_traffic,HIGH,42,synthetic_023,navernow_dataset,True,869
50,synthetic_scalability_scenario_derived_from_real_traffic,HIGH,42,synthetic_024,tft_dataset,True,3182
50,synthetic_scalability_scenario_derived_from_real_traffic,HIGH,42,synthetic_025,geforce_dataset,True,1518
50,synthetic_scalability_scenario_derived_from_real_traffic,HIGH,42,synthetic_026,roblox_dataset,True,4481
50,synthetic_scalability_scenario_derived_from_real_traffic,HIGH,42,synthetic_027,zoom_dataset,True,2924
50,synthetic_scalability_scenario_derived_from_real_traffic,HIGH,42,synthetic_028,battleground_dataset,True,5570
50,synthetic_scalability_scenario_derived_from_real_traffic,HIGH,42,synthetic_029,teams_dataset,True,4684
50,synthetic_scalability_scenario_derived_from_real_traffic,HIGH,42,synthetic_030,amazon_dataset,True,2089
50,synthetic_scalability_scenario_derived_from_real_traffic,HIGH,42,synthetic_031,youtubeLive_dataset,True,5567
50,synthetic_scalability_scenario_derived_from_real_traffic,HIGH,42,synthetic_032,navernow_dataset,True,5383
50,synthetic_scalability_scenario_derived_from_real_traffic,HIGH,42,synthetic_033,youtube_dataset,True,2592
50,synthetic_scalability_scenario_derived_from_real_traffic,HIGH,42,synthetic_034,zepeto_dataset,True,1928
50,synthetic_scalability_scenario_derived_from_real_traffic,HIGH,42,synthetic_035,gamebox_dataset,True,4565
50,synthetic_scalability_scenario_derived_from_real_traffic,HIGH,43,afreeca_dataset,afreeca_dataset,False,0
50,synthetic_scalability_scenario_derived_from_real_traffic,HIGH,43,amazon_dataset,amazon_dataset,False,0
50,synthetic_scalability_scenario_derived_from_real_traffic,HIGH,43,battleground_dataset,battleground_dataset,False,0
50,synthetic_scalability_scenario_derived_from_real_traffic,HIGH,43,gamebox_dataset,gamebox_dataset,False,0
50,synthetic_scalability_scenario_derived_from_real_traffic,HIGH,43,geforce_dataset,geforce_dataset,False,0
50,synthetic_scalability_scenario_derived_from_real_traffic,HIGH,43,meet_dataset,meet_dataset,False,0
50,synthetic_scalability_scenario_derived_from_real_traffic,HIGH,43,navernow_dataset,navernow_dataset,False,0
50,synthetic_scalability_scenario_derived_from_real_traffic,HIGH,43,netflix_dataset,netflix_dataset,False,0
50,synthetic_scalability_scenario_derived_from_real_traffic,HIGH,43,roblox_dataset,roblox_dataset,False,0
50,synthetic_scalability_scenario_derived_from_real_traffic,HIGH,43,teams_dataset,teams_dataset,False,0
50,synthetic_scalability_scenario_derived_from_real_traffic,HIGH,43,tft_dataset,tft_dataset,False,0
50,synthetic_scalability_scenario_derived_from_real_traffic,HIGH,43,youtubeLive_dataset,youtubeLive_dataset,False,0
50,synthetic_scalability_scenario_derived_from_real_traffic,HIGH,43,youtube_dataset,youtube_dataset,False,0
50,synthetic_scalability_scenario_derived_from_real_traffic,HIGH,43,zepeto_dataset,zepeto_dataset,False,0
50,synthetic_scalability_scenario_derived_from_real_traffic,HIGH,43,zoom_dataset,zoom_dataset,False,0
50,synthetic_scalability_scenario_derived_from_real_traffic,HIGH,43,synthetic_001,zepeto_dataset,True,2823
50,synthetic_scalability_scenario_derived_from_real_traffic,HIGH,43,synthetic_002,navernow_dataset,True,27
50,synthetic_scalability_scenario_derived_from_real_traffic,HIGH,43,synthetic_003,navernow_dataset,True,2066
50,synthetic_scalability_scenario_derived_from_real_traffic,HIGH,43,synthetic_004,roblox_dataset,True,6367
50,synthetic_scalability_scenario_derived_from_real_traffic,HIGH,43,synthetic_005,afreeca_dataset,True,5607
50,synthetic_scalability_scenario_derived_from_real_traffic,HIGH,43,synthetic_006,meet_dataset,True,3580
50,synthetic_scalability_scenario_derived_from_real_traffic,HIGH,43,synthetic_007,netflix_dataset,True,3247
50,synthetic_scalability_scenario_derived_from_real_traffic,HIGH,43,synthetic_008,youtube_dataset,True,6322
50,synthetic_scalability_scenario_derived_from_real_traffic,HIGH,43,synthetic_009,zoom_dataset,True,3968
50,synthetic_scalability_scenario_derived_from_real_traffic,HIGH,43,synthetic_010,tft_dataset,True,6307
50,synthetic_scalability_scenario_derived_from_real_traffic,HIGH,43,synthetic_011,zepeto_dataset,True,6675
50,synthetic_scalability_scenario_derived_from_real_traffic,HIGH,43,synthetic_012,afreeca_dataset,True,225
50,synthetic_scalability_scenario_derived_from_real_traffic,HIGH,43,synthetic_013,roblox_dataset,True,793
50,synthetic_scalability_scenario_derived_from_real_traffic,HIGH,43,synthetic_014,youtube_dataset,True,5092
50,synthetic_scalability_scenario_derived_from_real_traffic,HIGH,43,synthetic_015,amazon_dataset,True,843
50,synthetic_scalability_scenario_derived_from_real_traffic,HIGH,43,synthetic_016,amazon_dataset,True,2286
50,synthetic_scalability_scenario_derived_from_real_traffic,HIGH,43,synthetic_017,youtube_dataset,True,2007
50,synthetic_scalability_scenario_derived_from_real_traffic,HIGH,43,synthetic_018,tft_dataset,True,3686
50,synthetic_scalability_scenario_derived_from_real_traffic,HIGH,43,synthetic_019,teams_dataset,True,338
50,synthetic_scalability_scenario_derived_from_real_traffic,HIGH,43,synthetic_020,tft_dataset,True,3016
50,synthetic_scalability_scenario_derived_from_real_traffic,HIGH,43,synthetic_021,battleground_dataset,True,3715
50,synthetic_scalability_scenario_derived_from_real_traffic,HIGH,43,synthetic_022,teams_dataset,True,797
50,synthetic_scalability_scenario_derived_from_real_traffic,HIGH,43,synthetic_023,netflix_dataset,True,2284
50,synthetic_scalability_scenario_derived_from_real_traffic,HIGH,43,synthetic_024,youtubeLive_dataset,True,3375
50,synthetic_scalability_scenario_derived_from_real_traffic,HIGH,43,synthetic_025,afreeca_dataset,True,2033
50,synthetic_scalability_scenario_derived_from_real_traffic,HIGH,43,synthetic_026,roblox_dataset,True,2795
50,synthetic_scalability_scenario_derived_from_real_traffic,HIGH,43,synthetic_027,geforce_dataset,True,2773
50,synthetic_scalability_scenario_derived_from_real_traffic,HIGH,43,synthetic_028,geforce_dataset,True,624
50,synthetic_scalability_scenario_derived_from_real_traffic,HIGH,43,synthetic_029,tft_dataset,True,3933
50,synthetic_scalability_scenario_derived_from_real_traffic,HIGH,43,synthetic_030,netflix_dataset,True,495
50,synthetic_scalability_scenario_derived_from_real_traffic,HIGH,43,synthetic_031,tft_dataset,True,3883
50,synthetic_scalability_scenario_derived_from_real_traffic,HIGH,43,synthetic_032,youtube_dataset,True,554
50,synthetic_scalability_scenario_derived_from_real_traffic,HIGH,43,synthetic_033,geforce_dataset,True,3606
50,synthetic_scalability_scenario_derived_from_real_traffic,HIGH,43,synthetic_034,amazon_dataset,True,5691
50,synthetic_scalability_scenario_derived_from_real_traffic,HIGH,43,synthetic_035,gamebox_dataset,True,1932
50,synthetic_scalability_scenario_derived_from_real_traffic,HIGH,44,afreeca_dataset,afreeca_dataset,False,0
50,synthetic_scalability_scenario_derived_from_real_traffic,HIGH,44,amazon_dataset,amazon_dataset,False,0
50,synthetic_scalability_scenario_derived_from_real_traffic,HIGH,44,battleground_dataset,battleground_dataset,False,0
50,synthetic_scalability_scenario_derived_from_real_traffic,HIGH,44,gamebox_dataset,gamebox_dataset,False,0
50,synthetic_scalability_scenario_derived_from_real_traffic,HIGH,44,geforce_dataset,geforce_dataset,False,0
50,synthetic_scalability_scenario_derived_from_real_traffic,HIGH,44,meet_dataset,meet_dataset,False,0
50,synthetic_scalability_scenario_derived_from_real_traffic,HIGH,44,navernow_dataset,navernow_dataset,False,0
50,synthetic_scalability_scenario_derived_from_real_traffic,HIGH,44,netflix_dataset,netflix_dataset,False,0
50,synthetic_scalability_scenario_derived_from_real_traffic,HIGH,44,roblox_dataset,roblox_dataset,False,0
50,synthetic_scalability_scenario_derived_from_real_traffic,HIGH,44,teams_dataset,teams_dataset,False,0
50,synthetic_scalability_scenario_derived_from_real_traffic,HIGH,44,tft_dataset,tft_dataset,False,0
50,synthetic_scalability_scenario_derived_from_real_traffic,HIGH,44,youtubeLive_dataset,youtubeLive_dataset,False,0
50,synthetic_scalability_scenario_derived_from_real_traffic,HIGH,44,youtube_dataset,youtube_dataset,False,0
50,synthetic_scalability_scenario_derived_from_real_traffic,HIGH,44,zepeto_dataset,zepeto_dataset,False,0
50,synthetic_scalability_scenario_derived_from_real_traffic,HIGH,44,zoom_dataset,zoom_dataset,False,0
50,synthetic_scalability_scenario_derived_from_real_traffic,HIGH,44,synthetic_001,roblox_dataset,True,4787
50,synthetic_scalability_scenario_derived_from_real_traffic,HIGH,44,synthetic_002,navernow_dataset,True,130
50,synthetic_scalability_scenario_derived_from_real_traffic,HIGH,44,synthetic_003,roblox_dataset,True,5334
50,synthetic_scalability_scenario_derived_from_real_traffic,HIGH,44,synthetic_004,amazon_dataset,True,6026
50,synthetic_scalability_scenario_derived_from_real_traffic,HIGH,44,synthetic_005,roblox_dataset,True,3504
50,synthetic_scalability_scenario_derived_from_real_traffic,HIGH,44,synthetic_006,youtube_dataset,True,1319
50,synthetic_scalability_scenario_derived_from_real_traffic,HIGH,44,synthetic_007,zoom_dataset,True,1209
50,synthetic_scalability_scenario_derived_from_real_traffic,HIGH,44,synthetic_008,youtubeLive_dataset,True,5655
50,synthetic_scalability_scenario_derived_from_real_traffic,HIGH,44,synthetic_009,teams_dataset,True,583
50,synthetic_scalability_scenario_derived_from_real_traffic,HIGH,44,synthetic_010,tft_dataset,True,3654
50,synthetic_scalability_scenario_derived_from_real_traffic,HIGH,44,synthetic_011,zoom_dataset,True,1360
50,synthetic_scalability_scenario_derived_from_real_traffic,HIGH,44,synthetic_012,gamebox_dataset,True,2015
50,synthetic_scalability_scenario_derived_from_real_traffic,HIGH,44,synthetic_013,youtube_dataset,True,6537
50,synthetic_scalability_scenario_derived_from_real_traffic,HIGH,44,synthetic_014,zoom_dataset,True,1850
50,synthetic_scalability_scenario_derived_from_real_traffic,HIGH,44,synthetic_015,tft_dataset,True,4572
50,synthetic_scalability_scenario_derived_from_real_traffic,HIGH,44,synthetic_016,geforce_dataset,True,5133
50,synthetic_scalability_scenario_derived_from_real_traffic,HIGH,44,synthetic_017,teams_dataset,True,1928
50,synthetic_scalability_scenario_derived_from_real_traffic,HIGH,44,synthetic_018,meet_dataset,True,980
50,synthetic_scalability_scenario_derived_from_real_traffic,HIGH,44,synthetic_019,meet_dataset,True,5165
50,synthetic_scalability_scenario_derived_from_real_traffic,HIGH,44,synthetic_020,roblox_dataset,True,3034
50,synthetic_scalability_scenario_derived_from_real_traffic,HIGH,44,synthetic_021,youtube_dataset,True,1925
50,synthetic_scalability_scenario_derived_from_real_traffic,HIGH,44,synthetic_022,battleground_dataset,True,1415
50,synthetic_scalability_scenario_derived_from_real_traffic,HIGH,44,synthetic_023,navernow_dataset,True,6580
50,synthetic_scalability_scenario_derived_from_real_traffic,HIGH,44,synthetic_024,roblox_dataset,True,4323
50,synthetic_scalability_scenario_derived_from_real_traffic,HIGH,44,synthetic_025,youtube_dataset,True,3499
50,synthetic_scalability_scenario_derived_from_real_traffic,HIGH,44,synthetic_026,roblox_dataset,True,763
50,synthetic_scalability_scenario_derived_from_real_traffic,HIGH,44,synthetic_027,geforce_dataset,True,6104
50,synthetic_scalability_scenario_derived_from_real_traffic,HIGH,44,synthetic_028,youtubeLive_dataset,True,2226
50,synthetic_scalability_scenario_derived_from_real_traffic,HIGH,44,synthetic_029,roblox_dataset,True,5290
50,synthetic_scalability_scenario_derived_from_real_traffic,HIGH,44,synthetic_030,afreeca_dataset,True,6056
50,synthetic_scalability_scenario_derived_from_real_traffic,HIGH,44,synthetic_031,geforce_dataset,True,1377
50,synthetic_scalability_scenario_derived_from_real_traffic,HIGH,44,synthetic_032,zepeto_dataset,True,6542
50,synthetic_scalability_scenario_derived_from_real_traffic,HIGH,44,synthetic_033,battleground_dataset,True,5982
50,synthetic_scalability_scenario_derived_from_real_traffic,HIGH,44,synthetic_034,roblox_dataset,True,3787
50,synthetic_scalability_scenario_derived_from_real_traffic,HIGH,44,synthetic_035,netflix_dataset,True,4845
50,synthetic_scalability_scenario_derived_from_real_traffic,HIGH,45,afreeca_dataset,afreeca_dataset,False,0
50,synthetic_scalability_scenario_derived_from_real_traffic,HIGH,45,amazon_dataset,amazon_dataset,False,0
50,synthetic_scalability_scenario_derived_from_real_traffic,HIGH,45,battleground_dataset,battleground_dataset,False,0
50,synthetic_scalability_scenario_derived_from_real_traffic,HIGH,45,gamebox_dataset,gamebox_dataset,False,0
50,synthetic_scalability_scenario_derived_from_real_traffic,HIGH,45,geforce_dataset,geforce_dataset,False,0
50,synthetic_scalability_scenario_derived_from_real_traffic,HIGH,45,meet_dataset,meet_dataset,False,0
50,synthetic_scalability_scenario_derived_from_real_traffic,HIGH,45,navernow_dataset,navernow_dataset,False,0
50,synthetic_scalability_scenario_derived_from_real_traffic,HIGH,45,netflix_dataset,netflix_dataset,False,0
50,synthetic_scalability_scenario_derived_from_real_traffic,HIGH,45,roblox_dataset,roblox_dataset,False,0
50,synthetic_scalability_scenario_derived_from_real_traffic,HIGH,45,teams_dataset,teams_dataset,False,0
50,synthetic_scalability_scenario_derived_from_real_traffic,HIGH,45,tft_dataset,tft_dataset,False,0
50,synthetic_scalability_scenario_derived_from_real_traffic,HIGH,45,youtubeLive_dataset,youtubeLive_dataset,False,0
50,synthetic_scalability_scenario_derived_from_real_traffic,HIGH,45,youtube_dataset,youtube_dataset,False,0
50,synthetic_scalability_scenario_derived_from_real_traffic,HIGH,45,zepeto_dataset,zepeto_dataset,False,0
50,synthetic_scalability_scenario_derived_from_real_traffic,HIGH,45,zoom_dataset,zoom_dataset,False,0
50,synthetic_scalability_scenario_derived_from_real_traffic,HIGH,45,synthetic_001,roblox_dataset,True,6449
50,synthetic_scalability_scenario_derived_from_real_traffic,HIGH,45,synthetic_002,netflix_dataset,True,3135
50,synthetic_scalability_scenario_derived_from_real_traffic,HIGH,45,synthetic_003,navernow_dataset,True,5426
50,synthetic_scalability_scenario_derived_from_real_traffic,HIGH,45,synthetic_004,youtubeLive_dataset,True,5788
50,synthetic_scalability_scenario_derived_from_real_traffic,HIGH,45,synthetic_005,meet_dataset,True,4213
50,synthetic_scalability_scenario_derived_from_real_traffic,HIGH,45,synthetic_006,youtube_dataset,True,313
50,synthetic_scalability_scenario_derived_from_real_traffic,HIGH,45,synthetic_007,navernow_dataset,True,367
50,synthetic_scalability_scenario_derived_from_real_traffic,HIGH,45,synthetic_008,geforce_dataset,True,801
50,synthetic_scalability_scenario_derived_from_real_traffic,HIGH,45,synthetic_009,navernow_dataset,True,4698
50,synthetic_scalability_scenario_derived_from_real_traffic,HIGH,45,synthetic_010,navernow_dataset,True,294
50,synthetic_scalability_scenario_derived_from_real_traffic,HIGH,45,synthetic_011,meet_dataset,True,4684
50,synthetic_scalability_scenario_derived_from_real_traffic,HIGH,45,synthetic_012,youtube_dataset,True,2808
50,synthetic_scalability_scenario_derived_from_real_traffic,HIGH,45,synthetic_013,zepeto_dataset,True,2471
50,synthetic_scalability_scenario_derived_from_real_traffic,HIGH,45,synthetic_014,afreeca_dataset,True,1029
50,synthetic_scalability_scenario_derived_from_real_traffic,HIGH,45,synthetic_015,roblox_dataset,True,711
50,synthetic_scalability_scenario_derived_from_real_traffic,HIGH,45,synthetic_016,battleground_dataset,True,838
50,synthetic_scalability_scenario_derived_from_real_traffic,HIGH,45,synthetic_017,geforce_dataset,True,5203
50,synthetic_scalability_scenario_derived_from_real_traffic,HIGH,45,synthetic_018,youtube_dataset,True,1167
50,synthetic_scalability_scenario_derived_from_real_traffic,HIGH,45,synthetic_019,battleground_dataset,True,4748
50,synthetic_scalability_scenario_derived_from_real_traffic,HIGH,45,synthetic_020,gamebox_dataset,True,4695
50,synthetic_scalability_scenario_derived_from_real_traffic,HIGH,45,synthetic_021,navernow_dataset,True,3498
50,synthetic_scalability_scenario_derived_from_real_traffic,HIGH,45,synthetic_022,zepeto_dataset,True,6425
50,synthetic_scalability_scenario_derived_from_real_traffic,HIGH,45,synthetic_023,youtubeLive_dataset,True,2497
50,synthetic_scalability_scenario_derived_from_real_traffic,HIGH,45,synthetic_024,battleground_dataset,True,237
50,synthetic_scalability_scenario_derived_from_real_traffic,HIGH,45,synthetic_025,afreeca_dataset,True,3314
50,synthetic_scalability_scenario_derived_from_real_traffic,HIGH,45,synthetic_026,meet_dataset,True,1354
50,synthetic_scalability_scenario_derived_from_real_traffic,HIGH,45,synthetic_027,afreeca_dataset,True,831
50,synthetic_scalability_scenario_derived_from_real_traffic,HIGH,45,synthetic_028,geforce_dataset,True,6639
50,synthetic_scalability_scenario_derived_from_real_traffic,HIGH,45,synthetic_029,zepeto_dataset,True,2397
50,synthetic_scalability_scenario_derived_from_real_traffic,HIGH,45,synthetic_030,youtube_dataset,True,4630
50,synthetic_scalability_scenario_derived_from_real_traffic,HIGH,45,synthetic_031,zepeto_dataset,True,1407
50,synthetic_scalability_scenario_derived_from_real_traffic,HIGH,45,synthetic_032,youtubeLive_dataset,True,90
50,synthetic_scalability_scenario_derived_from_real_traffic,HIGH,45,synthetic_033,meet_dataset,True,6521
50,synthetic_scalability_scenario_derived_from_real_traffic,HIGH,45,synthetic_034,zoom_dataset,True,4838
50,synthetic_scalability_scenario_derived_from_real_traffic,HIGH,45,synthetic_035,zoom_dataset,True,4730
50,synthetic_scalability_scenario_derived_from_real_traffic,HIGH,46,afreeca_dataset,afreeca_dataset,False,0
50,synthetic_scalability_scenario_derived_from_real_traffic,HIGH,46,amazon_dataset,amazon_dataset,False,0
50,synthetic_scalability_scenario_derived_from_real_traffic,HIGH,46,battleground_dataset,battleground_dataset,False,0
50,synthetic_scalability_scenario_derived_from_real_traffic,HIGH,46,gamebox_dataset,gamebox_dataset,False,0
50,synthetic_scalability_scenario_derived_from_real_traffic,HIGH,46,geforce_dataset,geforce_dataset,False,0
50,synthetic_scalability_scenario_derived_from_real_traffic,HIGH,46,meet_dataset,meet_dataset,False,0
50,synthetic_scalability_scenario_derived_from_real_traffic,HIGH,46,navernow_dataset,navernow_dataset,False,0
50,synthetic_scalability_scenario_derived_from_real_traffic,HIGH,46,netflix_dataset,netflix_dataset,False,0
50,synthetic_scalability_scenario_derived_from_real_traffic,HIGH,46,roblox_dataset,roblox_dataset,False,0
50,synthetic_scalability_scenario_derived_from_real_traffic,HIGH,46,teams_dataset,teams_dataset,False,0
50,synthetic_scalability_scenario_derived_from_real_traffic,HIGH,46,tft_dataset,tft_dataset,False,0
50,synthetic_scalability_scenario_derived_from_real_traffic,HIGH,46,youtubeLive_dataset,youtubeLive_dataset,False,0
50,synthetic_scalability_scenario_derived_from_real_traffic,HIGH,46,youtube_dataset,youtube_dataset,False,0
50,synthetic_scalability_scenario_derived_from_real_traffic,HIGH,46,zepeto_dataset,zepeto_dataset,False,0
50,synthetic_scalability_scenario_derived_from_real_traffic,HIGH,46,zoom_dataset,zoom_dataset,False,0
50,synthetic_scalability_scenario_derived_from_real_traffic,HIGH,46,synthetic_001,teams_dataset,True,4886
50,synthetic_scalability_scenario_derived_from_real_traffic,HIGH,46,synthetic_002,battleground_dataset,True,5170
50,synthetic_scalability_scenario_derived_from_real_traffic,HIGH,46,synthetic_003,youtubeLive_dataset,True,444
50,synthetic_scalability_scenario_derived_from_real_traffic,HIGH,46,synthetic_004,zepeto_dataset,True,702
50,synthetic_scalability_scenario_derived_from_real_traffic,HIGH,46,synthetic_005,gamebox_dataset,True,2609
50,synthetic_scalability_scenario_derived_from_real_traffic,HIGH,46,synthetic_006,geforce_dataset,True,2181
50,synthetic_scalability_scenario_derived_from_real_traffic,HIGH,46,synthetic_007,zepeto_dataset,True,1683
50,synthetic_scalability_scenario_derived_from_real_traffic,HIGH,46,synthetic_008,geforce_dataset,True,5639
50,synthetic_scalability_scenario_derived_from_real_traffic,HIGH,46,synthetic_009,zoom_dataset,True,47
50,synthetic_scalability_scenario_derived_from_real_traffic,HIGH,46,synthetic_010,gamebox_dataset,True,1211
50,synthetic_scalability_scenario_derived_from_real_traffic,HIGH,46,synthetic_011,meet_dataset,True,4270
50,synthetic_scalability_scenario_derived_from_real_traffic,HIGH,46,synthetic_012,teams_dataset,True,3202
50,synthetic_scalability_scenario_derived_from_real_traffic,HIGH,46,synthetic_013,afreeca_dataset,True,3352
50,synthetic_scalability_scenario_derived_from_real_traffic,HIGH,46,synthetic_014,battleground_dataset,True,4555
50,synthetic_scalability_scenario_derived_from_real_traffic,HIGH,46,synthetic_015,geforce_dataset,True,371
50,synthetic_scalability_scenario_derived_from_real_traffic,HIGH,46,synthetic_016,zoom_dataset,True,4909
50,synthetic_scalability_scenario_derived_from_real_traffic,HIGH,46,synthetic_017,teams_dataset,True,4370
50,synthetic_scalability_scenario_derived_from_real_traffic,HIGH,46,synthetic_018,tft_dataset,True,6021
50,synthetic_scalability_scenario_derived_from_real_traffic,HIGH,46,synthetic_019,youtube_dataset,True,4160
50,synthetic_scalability_scenario_derived_from_real_traffic,HIGH,46,synthetic_020,zoom_dataset,True,6633
50,synthetic_scalability_scenario_derived_from_real_traffic,HIGH,46,synthetic_021,youtube_dataset,True,3326
50,synthetic_scalability_scenario_derived_from_real_traffic,HIGH,46,synthetic_022,netflix_dataset,True,4820
50,synthetic_scalability_scenario_derived_from_real_traffic,HIGH,46,synthetic_023,battleground_dataset,True,288
50,synthetic_scalability_scenario_derived_from_real_traffic,HIGH,46,synthetic_024,teams_dataset,True,1735
50,synthetic_scalability_scenario_derived_from_real_traffic,HIGH,46,synthetic_025,tft_dataset,True,1157
50,synthetic_scalability_scenario_derived_from_real_traffic,HIGH,46,synthetic_026,youtubeLive_dataset,True,3647
50,synthetic_scalability_scenario_derived_from_real_traffic,HIGH,46,synthetic_027,meet_dataset,True,2998
50,synthetic_scalability_scenario_derived_from_real_traffic,HIGH,46,synthetic_028,battleground_dataset,True,1289
50,synthetic_scalability_scenario_derived_from_real_traffic,HIGH,46,synthetic_029,gamebox_dataset,True,3101
50,synthetic_scalability_scenario_derived_from_real_traffic,HIGH,46,synthetic_030,battleground_dataset,True,882
50,synthetic_scalability_scenario_derived_from_real_traffic,HIGH,46,synthetic_031,navernow_dataset,True,3018
50,synthetic_scalability_scenario_derived_from_real_traffic,HIGH,46,synthetic_032,meet_dataset,True,6400
50,synthetic_scalability_scenario_derived_from_real_traffic,HIGH,46,synthetic_033,youtubeLive_dataset,True,3417
50,synthetic_scalability_scenario_derived_from_real_traffic,HIGH,46,synthetic_034,geforce_dataset,True,3006
50,synthetic_scalability_scenario_derived_from_real_traffic,HIGH,46,synthetic_035,netflix_dataset,True,3238
50,synthetic_scalability_scenario_derived_from_real_traffic,SPIKE,42,afreeca_dataset,afreeca_dataset,False,0
50,synthetic_scalability_scenario_derived_from_real_traffic,SPIKE,42,amazon_dataset,amazon_dataset,False,0
50,synthetic_scalability_scenario_derived_from_real_traffic,SPIKE,42,battleground_dataset,battleground_dataset,False,0
50,synthetic_scalability_scenario_derived_from_real_traffic,SPIKE,42,gamebox_dataset,gamebox_dataset,False,0
50,synthetic_scalability_scenario_derived_from_real_traffic,SPIKE,42,geforce_dataset,geforce_dataset,False,0
50,synthetic_scalability_scenario_derived_from_real_traffic,SPIKE,42,meet_dataset,meet_dataset,False,0
50,synthetic_scalability_scenario_derived_from_real_traffic,SPIKE,42,navernow_dataset,navernow_dataset,False,0
50,synthetic_scalability_scenario_derived_from_real_traffic,SPIKE,42,netflix_dataset,netflix_dataset,False,0
50,synthetic_scalability_scenario_derived_from_real_traffic,SPIKE,42,roblox_dataset,roblox_dataset,False,0
50,synthetic_scalability_scenario_derived_from_real_traffic,SPIKE,42,teams_dataset,teams_dataset,False,0
50,synthetic_scalability_scenario_derived_from_real_traffic,SPIKE,42,tft_dataset,tft_dataset,False,0
50,synthetic_scalability_scenario_derived_from_real_traffic,SPIKE,42,youtubeLive_dataset,youtubeLive_dataset,False,0
50,synthetic_scalability_scenario_derived_from_real_traffic,SPIKE,42,youtube_dataset,youtube_dataset,False,0
50,synthetic_scalability_scenario_derived_from_real_traffic,SPIKE,42,zepeto_dataset,zepeto_dataset,False,0
50,synthetic_scalability_scenario_derived_from_real_traffic,SPIKE,42,zoom_dataset,zoom_dataset,False,0
50,synthetic_scalability_scenario_derived_from_real_traffic,SPIKE,42,synthetic_001,roblox_dataset,True,2966
50,synthetic_scalability_scenario_derived_from_real_traffic,SPIKE,42,synthetic_002,navernow_dataset,True,1520
50,synthetic_scalability_scenario_derived_from_real_traffic,SPIKE,42,synthetic_003,amazon_dataset,True,3710
50,synthetic_scalability_scenario_derived_from_real_traffic,SPIKE,42,synthetic_004,zepeto_dataset,True,426
50,synthetic_scalability_scenario_derived_from_real_traffic,SPIKE,42,synthetic_005,youtube_dataset,True,5536
50,synthetic_scalability_scenario_derived_from_real_traffic,SPIKE,42,synthetic_006,geforce_dataset,True,4225
50,synthetic_scalability_scenario_derived_from_real_traffic,SPIKE,42,synthetic_007,battleground_dataset,True,5071
50,synthetic_scalability_scenario_derived_from_real_traffic,SPIKE,42,synthetic_008,tft_dataset,True,2371
50,synthetic_scalability_scenario_derived_from_real_traffic,SPIKE,42,synthetic_009,amazon_dataset,True,6493
50,synthetic_scalability_scenario_derived_from_real_traffic,SPIKE,42,synthetic_010,navernow_dataset,True,5974
50,synthetic_scalability_scenario_derived_from_real_traffic,SPIKE,42,synthetic_011,tft_dataset,True,5207
50,synthetic_scalability_scenario_derived_from_real_traffic,SPIKE,42,synthetic_012,youtubeLive_dataset,True,1302
50,synthetic_scalability_scenario_derived_from_real_traffic,SPIKE,42,synthetic_013,meet_dataset,True,3122
50,synthetic_scalability_scenario_derived_from_real_traffic,SPIKE,42,synthetic_014,netflix_dataset,True,293
50,synthetic_scalability_scenario_derived_from_real_traffic,SPIKE,42,synthetic_015,roblox_dataset,True,1032
50,synthetic_scalability_scenario_derived_from_real_traffic,SPIKE,42,synthetic_016,youtubeLive_dataset,True,4569
50,synthetic_scalability_scenario_derived_from_real_traffic,SPIKE,42,synthetic_017,zepeto_dataset,True,4982
50,synthetic_scalability_scenario_derived_from_real_traffic,SPIKE,42,synthetic_018,meet_dataset,True,6472
50,synthetic_scalability_scenario_derived_from_real_traffic,SPIKE,42,synthetic_019,navernow_dataset,True,2179
50,synthetic_scalability_scenario_derived_from_real_traffic,SPIKE,42,synthetic_020,zepeto_dataset,True,2478
50,synthetic_scalability_scenario_derived_from_real_traffic,SPIKE,42,synthetic_021,amazon_dataset,True,3141
50,synthetic_scalability_scenario_derived_from_real_traffic,SPIKE,42,synthetic_022,youtubeLive_dataset,True,1267
50,synthetic_scalability_scenario_derived_from_real_traffic,SPIKE,42,synthetic_023,navernow_dataset,True,869
50,synthetic_scalability_scenario_derived_from_real_traffic,SPIKE,42,synthetic_024,tft_dataset,True,3182
50,synthetic_scalability_scenario_derived_from_real_traffic,SPIKE,42,synthetic_025,geforce_dataset,True,1518
50,synthetic_scalability_scenario_derived_from_real_traffic,SPIKE,42,synthetic_026,roblox_dataset,True,4481
50,synthetic_scalability_scenario_derived_from_real_traffic,SPIKE,42,synthetic_027,zoom_dataset,True,2924
50,synthetic_scalability_scenario_derived_from_real_traffic,SPIKE,42,synthetic_028,battleground_dataset,True,5570
50,synthetic_scalability_scenario_derived_from_real_traffic,SPIKE,42,synthetic_029,teams_dataset,True,4684
50,synthetic_scalability_scenario_derived_from_real_traffic,SPIKE,42,synthetic_030,amazon_dataset,True,2089
50,synthetic_scalability_scenario_derived_from_real_traffic,SPIKE,42,synthetic_031,youtubeLive_dataset,True,5567
50,synthetic_scalability_scenario_derived_from_real_traffic,SPIKE,42,synthetic_032,navernow_dataset,True,5383
50,synthetic_scalability_scenario_derived_from_real_traffic,SPIKE,42,synthetic_033,youtube_dataset,True,2592
50,synthetic_scalability_scenario_derived_from_real_traffic,SPIKE,42,synthetic_034,zepeto_dataset,True,1928
50,synthetic_scalability_scenario_derived_from_real_traffic,SPIKE,42,synthetic_035,gamebox_dataset,True,4565
50,synthetic_scalability_scenario_derived_from_real_traffic,SPIKE,43,afreeca_dataset,afreeca_dataset,False,0
50,synthetic_scalability_scenario_derived_from_real_traffic,SPIKE,43,amazon_dataset,amazon_dataset,False,0
50,synthetic_scalability_scenario_derived_from_real_traffic,SPIKE,43,battleground_dataset,battleground_dataset,False,0
50,synthetic_scalability_scenario_derived_from_real_traffic,SPIKE,43,gamebox_dataset,gamebox_dataset,False,0
50,synthetic_scalability_scenario_derived_from_real_traffic,SPIKE,43,geforce_dataset,geforce_dataset,False,0
50,synthetic_scalability_scenario_derived_from_real_traffic,SPIKE,43,meet_dataset,meet_dataset,False,0
50,synthetic_scalability_scenario_derived_from_real_traffic,SPIKE,43,navernow_dataset,navernow_dataset,False,0
50,synthetic_scalability_scenario_derived_from_real_traffic,SPIKE,43,netflix_dataset,netflix_dataset,False,0
50,synthetic_scalability_scenario_derived_from_real_traffic,SPIKE,43,roblox_dataset,roblox_dataset,False,0
50,synthetic_scalability_scenario_derived_from_real_traffic,SPIKE,43,teams_dataset,teams_dataset,False,0
50,synthetic_scalability_scenario_derived_from_real_traffic,SPIKE,43,tft_dataset,tft_dataset,False,0
50,synthetic_scalability_scenario_derived_from_real_traffic,SPIKE,43,youtubeLive_dataset,youtubeLive_dataset,False,0
50,synthetic_scalability_scenario_derived_from_real_traffic,SPIKE,43,youtube_dataset,youtube_dataset,False,0
50,synthetic_scalability_scenario_derived_from_real_traffic,SPIKE,43,zepeto_dataset,zepeto_dataset,False,0
50,synthetic_scalability_scenario_derived_from_real_traffic,SPIKE,43,zoom_dataset,zoom_dataset,False,0
50,synthetic_scalability_scenario_derived_from_real_traffic,SPIKE,43,synthetic_001,zepeto_dataset,True,2823
50,synthetic_scalability_scenario_derived_from_real_traffic,SPIKE,43,synthetic_002,navernow_dataset,True,27
50,synthetic_scalability_scenario_derived_from_real_traffic,SPIKE,43,synthetic_003,navernow_dataset,True,2066
50,synthetic_scalability_scenario_derived_from_real_traffic,SPIKE,43,synthetic_004,roblox_dataset,True,6367
50,synthetic_scalability_scenario_derived_from_real_traffic,SPIKE,43,synthetic_005,afreeca_dataset,True,5607
50,synthetic_scalability_scenario_derived_from_real_traffic,SPIKE,43,synthetic_006,meet_dataset,True,3580
50,synthetic_scalability_scenario_derived_from_real_traffic,SPIKE,43,synthetic_007,netflix_dataset,True,3247
50,synthetic_scalability_scenario_derived_from_real_traffic,SPIKE,43,synthetic_008,youtube_dataset,True,6322
50,synthetic_scalability_scenario_derived_from_real_traffic,SPIKE,43,synthetic_009,zoom_dataset,True,3968
50,synthetic_scalability_scenario_derived_from_real_traffic,SPIKE,43,synthetic_010,tft_dataset,True,6307
50,synthetic_scalability_scenario_derived_from_real_traffic,SPIKE,43,synthetic_011,zepeto_dataset,True,6675
50,synthetic_scalability_scenario_derived_from_real_traffic,SPIKE,43,synthetic_012,afreeca_dataset,True,225
50,synthetic_scalability_scenario_derived_from_real_traffic,SPIKE,43,synthetic_013,roblox_dataset,True,793
50,synthetic_scalability_scenario_derived_from_real_traffic,SPIKE,43,synthetic_014,youtube_dataset,True,5092
50,synthetic_scalability_scenario_derived_from_real_traffic,SPIKE,43,synthetic_015,amazon_dataset,True,843
50,synthetic_scalability_scenario_derived_from_real_traffic,SPIKE,43,synthetic_016,amazon_dataset,True,2286
50,synthetic_scalability_scenario_derived_from_real_traffic,SPIKE,43,synthetic_017,youtube_dataset,True,2007
50,synthetic_scalability_scenario_derived_from_real_traffic,SPIKE,43,synthetic_018,tft_dataset,True,3686
50,synthetic_scalability_scenario_derived_from_real_traffic,SPIKE,43,synthetic_019,teams_dataset,True,338
50,synthetic_scalability_scenario_derived_from_real_traffic,SPIKE,43,synthetic_020,tft_dataset,True,3016
50,synthetic_scalability_scenario_derived_from_real_traffic,SPIKE,43,synthetic_021,battleground_dataset,True,3715
50,synthetic_scalability_scenario_derived_from_real_traffic,SPIKE,43,synthetic_022,teams_dataset,True,797
50,synthetic_scalability_scenario_derived_from_real_traffic,SPIKE,43,synthetic_023,netflix_dataset,True,2284
50,synthetic_scalability_scenario_derived_from_real_traffic,SPIKE,43,synthetic_024,youtubeLive_dataset,True,3375
50,synthetic_scalability_scenario_derived_from_real_traffic,SPIKE,43,synthetic_025,afreeca_dataset,True,2033
50,synthetic_scalability_scenario_derived_from_real_traffic,SPIKE,43,synthetic_026,roblox_dataset,True,2795
50,synthetic_scalability_scenario_derived_from_real_traffic,SPIKE,43,synthetic_027,geforce_dataset,True,2773
50,synthetic_scalability_scenario_derived_from_real_traffic,SPIKE,43,synthetic_028,geforce_dataset,True,624
50,synthetic_scalability_scenario_derived_from_real_traffic,SPIKE,43,synthetic_029,tft_dataset,True,3933
50,synthetic_scalability_scenario_derived_from_real_traffic,SPIKE,43,synthetic_030,netflix_dataset,True,495
50,synthetic_scalability_scenario_derived_from_real_traffic,SPIKE,43,synthetic_031,tft_dataset,True,3883
50,synthetic_scalability_scenario_derived_from_real_traffic,SPIKE,43,synthetic_032,youtube_dataset,True,554
50,synthetic_scalability_scenario_derived_from_real_traffic,SPIKE,43,synthetic_033,geforce_dataset,True,3606
50,synthetic_scalability_scenario_derived_from_real_traffic,SPIKE,43,synthetic_034,amazon_dataset,True,5691
50,synthetic_scalability_scenario_derived_from_real_traffic,SPIKE,43,synthetic_035,gamebox_dataset,True,1932
50,synthetic_scalability_scenario_derived_from_real_traffic,SPIKE,44,afreeca_dataset,afreeca_dataset,False,0
50,synthetic_scalability_scenario_derived_from_real_traffic,SPIKE,44,amazon_dataset,amazon_dataset,False,0
50,synthetic_scalability_scenario_derived_from_real_traffic,SPIKE,44,battleground_dataset,battleground_dataset,False,0
50,synthetic_scalability_scenario_derived_from_real_traffic,SPIKE,44,gamebox_dataset,gamebox_dataset,False,0
50,synthetic_scalability_scenario_derived_from_real_traffic,SPIKE,44,geforce_dataset,geforce_dataset,False,0
50,synthetic_scalability_scenario_derived_from_real_traffic,SPIKE,44,meet_dataset,meet_dataset,False,0
50,synthetic_scalability_scenario_derived_from_real_traffic,SPIKE,44,navernow_dataset,navernow_dataset,False,0
50,synthetic_scalability_scenario_derived_from_real_traffic,SPIKE,44,netflix_dataset,netflix_dataset,False,0
50,synthetic_scalability_scenario_derived_from_real_traffic,SPIKE,44,roblox_dataset,roblox_dataset,False,0
50,synthetic_scalability_scenario_derived_from_real_traffic,SPIKE,44,teams_dataset,teams_dataset,False,0
50,synthetic_scalability_scenario_derived_from_real_traffic,SPIKE,44,tft_dataset,tft_dataset,False,0
50,synthetic_scalability_scenario_derived_from_real_traffic,SPIKE,44,youtubeLive_dataset,youtubeLive_dataset,False,0
50,synthetic_scalability_scenario_derived_from_real_traffic,SPIKE,44,youtube_dataset,youtube_dataset,False,0
50,synthetic_scalability_scenario_derived_from_real_traffic,SPIKE,44,zepeto_dataset,zepeto_dataset,False,0
50,synthetic_scalability_scenario_derived_from_real_traffic,SPIKE,44,zoom_dataset,zoom_dataset,False,0
50,synthetic_scalability_scenario_derived_from_real_traffic,SPIKE,44,synthetic_001,roblox_dataset,True,4787
50,synthetic_scalability_scenario_derived_from_real_traffic,SPIKE,44,synthetic_002,navernow_dataset,True,130
50,synthetic_scalability_scenario_derived_from_real_traffic,SPIKE,44,synthetic_003,roblox_dataset,True,5334
50,synthetic_scalability_scenario_derived_from_real_traffic,SPIKE,44,synthetic_004,amazon_dataset,True,6026
50,synthetic_scalability_scenario_derived_from_real_traffic,SPIKE,44,synthetic_005,roblox_dataset,True,3504
50,synthetic_scalability_scenario_derived_from_real_traffic,SPIKE,44,synthetic_006,youtube_dataset,True,1319
50,synthetic_scalability_scenario_derived_from_real_traffic,SPIKE,44,synthetic_007,zoom_dataset,True,1209
50,synthetic_scalability_scenario_derived_from_real_traffic,SPIKE,44,synthetic_008,youtubeLive_dataset,True,5655
50,synthetic_scalability_scenario_derived_from_real_traffic,SPIKE,44,synthetic_009,teams_dataset,True,583
50,synthetic_scalability_scenario_derived_from_real_traffic,SPIKE,44,synthetic_010,tft_dataset,True,3654
50,synthetic_scalability_scenario_derived_from_real_traffic,SPIKE,44,synthetic_011,zoom_dataset,True,1360
50,synthetic_scalability_scenario_derived_from_real_traffic,SPIKE,44,synthetic_012,gamebox_dataset,True,2015
50,synthetic_scalability_scenario_derived_from_real_traffic,SPIKE,44,synthetic_013,youtube_dataset,True,6537
50,synthetic_scalability_scenario_derived_from_real_traffic,SPIKE,44,synthetic_014,zoom_dataset,True,1850
50,synthetic_scalability_scenario_derived_from_real_traffic,SPIKE,44,synthetic_015,tft_dataset,True,4572
50,synthetic_scalability_scenario_derived_from_real_traffic,SPIKE,44,synthetic_016,geforce_dataset,True,5133
50,synthetic_scalability_scenario_derived_from_real_traffic,SPIKE,44,synthetic_017,teams_dataset,True,1928
50,synthetic_scalability_scenario_derived_from_real_traffic,SPIKE,44,synthetic_018,meet_dataset,True,980
50,synthetic_scalability_scenario_derived_from_real_traffic,SPIKE,44,synthetic_019,meet_dataset,True,5165
50,synthetic_scalability_scenario_derived_from_real_traffic,SPIKE,44,synthetic_020,roblox_dataset,True,3034
50,synthetic_scalability_scenario_derived_from_real_traffic,SPIKE,44,synthetic_021,youtube_dataset,True,1925
50,synthetic_scalability_scenario_derived_from_real_traffic,SPIKE,44,synthetic_022,battleground_dataset,True,1415
50,synthetic_scalability_scenario_derived_from_real_traffic,SPIKE,44,synthetic_023,navernow_dataset,True,6580
50,synthetic_scalability_scenario_derived_from_real_traffic,SPIKE,44,synthetic_024,roblox_dataset,True,4323
50,synthetic_scalability_scenario_derived_from_real_traffic,SPIKE,44,synthetic_025,youtube_dataset,True,3499
50,synthetic_scalability_scenario_derived_from_real_traffic,SPIKE,44,synthetic_026,roblox_dataset,True,763
50,synthetic_scalability_scenario_derived_from_real_traffic,SPIKE,44,synthetic_027,geforce_dataset,True,6104
50,synthetic_scalability_scenario_derived_from_real_traffic,SPIKE,44,synthetic_028,youtubeLive_dataset,True,2226
50,synthetic_scalability_scenario_derived_from_real_traffic,SPIKE,44,synthetic_029,roblox_dataset,True,5290
50,synthetic_scalability_scenario_derived_from_real_traffic,SPIKE,44,synthetic_030,afreeca_dataset,True,6056
50,synthetic_scalability_scenario_derived_from_real_traffic,SPIKE,44,synthetic_031,geforce_dataset,True,1377
50,synthetic_scalability_scenario_derived_from_real_traffic,SPIKE,44,synthetic_032,zepeto_dataset,True,6542
50,synthetic_scalability_scenario_derived_from_real_traffic,SPIKE,44,synthetic_033,battleground_dataset,True,5982
50,synthetic_scalability_scenario_derived_from_real_traffic,SPIKE,44,synthetic_034,roblox_dataset,True,3787
50,synthetic_scalability_scenario_derived_from_real_traffic,SPIKE,44,synthetic_035,netflix_dataset,True,4845
50,synthetic_scalability_scenario_derived_from_real_traffic,SPIKE,45,afreeca_dataset,afreeca_dataset,False,0
50,synthetic_scalability_scenario_derived_from_real_traffic,SPIKE,45,amazon_dataset,amazon_dataset,False,0
50,synthetic_scalability_scenario_derived_from_real_traffic,SPIKE,45,battleground_dataset,battleground_dataset,False,0
50,synthetic_scalability_scenario_derived_from_real_traffic,SPIKE,45,gamebox_dataset,gamebox_dataset,False,0
50,synthetic_scalability_scenario_derived_from_real_traffic,SPIKE,45,geforce_dataset,geforce_dataset,False,0
50,synthetic_scalability_scenario_derived_from_real_traffic,SPIKE,45,meet_dataset,meet_dataset,False,0
50,synthetic_scalability_scenario_derived_from_real_traffic,SPIKE,45,navernow_dataset,navernow_dataset,False,0
50,synthetic_scalability_scenario_derived_from_real_traffic,SPIKE,45,netflix_dataset,netflix_dataset,False,0
50,synthetic_scalability_scenario_derived_from_real_traffic,SPIKE,45,roblox_dataset,roblox_dataset,False,0
50,synthetic_scalability_scenario_derived_from_real_traffic,SPIKE,45,teams_dataset,teams_dataset,False,0
50,synthetic_scalability_scenario_derived_from_real_traffic,SPIKE,45,tft_dataset,tft_dataset,False,0
50,synthetic_scalability_scenario_derived_from_real_traffic,SPIKE,45,youtubeLive_dataset,youtubeLive_dataset,False,0
50,synthetic_scalability_scenario_derived_from_real_traffic,SPIKE,45,youtube_dataset,youtube_dataset,False,0
50,synthetic_scalability_scenario_derived_from_real_traffic,SPIKE,45,zepeto_dataset,zepeto_dataset,False,0
50,synthetic_scalability_scenario_derived_from_real_traffic,SPIKE,45,zoom_dataset,zoom_dataset,False,0
50,synthetic_scalability_scenario_derived_from_real_traffic,SPIKE,45,synthetic_001,roblox_dataset,True,6449
50,synthetic_scalability_scenario_derived_from_real_traffic,SPIKE,45,synthetic_002,netflix_dataset,True,3135
50,synthetic_scalability_scenario_derived_from_real_traffic,SPIKE,45,synthetic_003,navernow_dataset,True,5426
50,synthetic_scalability_scenario_derived_from_real_traffic,SPIKE,45,synthetic_004,youtubeLive_dataset,True,5788
50,synthetic_scalability_scenario_derived_from_real_traffic,SPIKE,45,synthetic_005,meet_dataset,True,4213
50,synthetic_scalability_scenario_derived_from_real_traffic,SPIKE,45,synthetic_006,youtube_dataset,True,313
50,synthetic_scalability_scenario_derived_from_real_traffic,SPIKE,45,synthetic_007,navernow_dataset,True,367
50,synthetic_scalability_scenario_derived_from_real_traffic,SPIKE,45,synthetic_008,geforce_dataset,True,801
50,synthetic_scalability_scenario_derived_from_real_traffic,SPIKE,45,synthetic_009,navernow_dataset,True,4698
50,synthetic_scalability_scenario_derived_from_real_traffic,SPIKE,45,synthetic_010,navernow_dataset,True,294
50,synthetic_scalability_scenario_derived_from_real_traffic,SPIKE,45,synthetic_011,meet_dataset,True,4684
50,synthetic_scalability_scenario_derived_from_real_traffic,SPIKE,45,synthetic_012,youtube_dataset,True,2808
50,synthetic_scalability_scenario_derived_from_real_traffic,SPIKE,45,synthetic_013,zepeto_dataset,True,2471
50,synthetic_scalability_scenario_derived_from_real_traffic,SPIKE,45,synthetic_014,afreeca_dataset,True,1029
50,synthetic_scalability_scenario_derived_from_real_traffic,SPIKE,45,synthetic_015,roblox_dataset,True,711
50,synthetic_scalability_scenario_derived_from_real_traffic,SPIKE,45,synthetic_016,battleground_dataset,True,838
50,synthetic_scalability_scenario_derived_from_real_traffic,SPIKE,45,synthetic_017,geforce_dataset,True,5203
50,synthetic_scalability_scenario_derived_from_real_traffic,SPIKE,45,synthetic_018,youtube_dataset,True,1167
50,synthetic_scalability_scenario_derived_from_real_traffic,SPIKE,45,synthetic_019,battleground_dataset,True,4748
50,synthetic_scalability_scenario_derived_from_real_traffic,SPIKE,45,synthetic_020,gamebox_dataset,True,4695
50,synthetic_scalability_scenario_derived_from_real_traffic,SPIKE,45,synthetic_021,navernow_dataset,True,3498
50,synthetic_scalability_scenario_derived_from_real_traffic,SPIKE,45,synthetic_022,zepeto_dataset,True,6425
50,synthetic_scalability_scenario_derived_from_real_traffic,SPIKE,45,synthetic_023,youtubeLive_dataset,True,2497
50,synthetic_scalability_scenario_derived_from_real_traffic,SPIKE,45,synthetic_024,battleground_dataset,True,237
50,synthetic_scalability_scenario_derived_from_real_traffic,SPIKE,45,synthetic_025,afreeca_dataset,True,3314
50,synthetic_scalability_scenario_derived_from_real_traffic,SPIKE,45,synthetic_026,meet_dataset,True,1354
50,synthetic_scalability_scenario_derived_from_real_traffic,SPIKE,45,synthetic_027,afreeca_dataset,True,831
50,synthetic_scalability_scenario_derived_from_real_traffic,SPIKE,45,synthetic_028,geforce_dataset,True,6639
50,synthetic_scalability_scenario_derived_from_real_traffic,SPIKE,45,synthetic_029,zepeto_dataset,True,2397
50,synthetic_scalability_scenario_derived_from_real_traffic,SPIKE,45,synthetic_030,youtube_dataset,True,4630
50,synthetic_scalability_scenario_derived_from_real_traffic,SPIKE,45,synthetic_031,zepeto_dataset,True,1407
50,synthetic_scalability_scenario_derived_from_real_traffic,SPIKE,45,synthetic_032,youtubeLive_dataset,True,90
50,synthetic_scalability_scenario_derived_from_real_traffic,SPIKE,45,synthetic_033,meet_dataset,True,6521
50,synthetic_scalability_scenario_derived_from_real_traffic,SPIKE,45,synthetic_034,zoom_dataset,True,4838
50,synthetic_scalability_scenario_derived_from_real_traffic,SPIKE,45,synthetic_035,zoom_dataset,True,4730
50,synthetic_scalability_scenario_derived_from_real_traffic,SPIKE,46,afreeca_dataset,afreeca_dataset,False,0
50,synthetic_scalability_scenario_derived_from_real_traffic,SPIKE,46,amazon_dataset,amazon_dataset,False,0
50,synthetic_scalability_scenario_derived_from_real_traffic,SPIKE,46,battleground_dataset,battleground_dataset,False,0
50,synthetic_scalability_scenario_derived_from_real_traffic,SPIKE,46,gamebox_dataset,gamebox_dataset,False,0
50,synthetic_scalability_scenario_derived_from_real_traffic,SPIKE,46,geforce_dataset,geforce_dataset,False,0
50,synthetic_scalability_scenario_derived_from_real_traffic,SPIKE,46,meet_dataset,meet_dataset,False,0
50,synthetic_scalability_scenario_derived_from_real_traffic,SPIKE,46,navernow_dataset,navernow_dataset,False,0
50,synthetic_scalability_scenario_derived_from_real_traffic,SPIKE,46,netflix_dataset,netflix_dataset,False,0
50,synthetic_scalability_scenario_derived_from_real_traffic,SPIKE,46,roblox_dataset,roblox_dataset,False,0
50,synthetic_scalability_scenario_derived_from_real_traffic,SPIKE,46,teams_dataset,teams_dataset,False,0
50,synthetic_scalability_scenario_derived_from_real_traffic,SPIKE,46,tft_dataset,tft_dataset,False,0
50,synthetic_scalability_scenario_derived_from_real_traffic,SPIKE,46,youtubeLive_dataset,youtubeLive_dataset,False,0
50,synthetic_scalability_scenario_derived_from_real_traffic,SPIKE,46,youtube_dataset,youtube_dataset,False,0
50,synthetic_scalability_scenario_derived_from_real_traffic,SPIKE,46,zepeto_dataset,zepeto_dataset,False,0
50,synthetic_scalability_scenario_derived_from_real_traffic,SPIKE,46,zoom_dataset,zoom_dataset,False,0
50,synthetic_scalability_scenario_derived_from_real_traffic,SPIKE,46,synthetic_001,teams_dataset,True,4886
50,synthetic_scalability_scenario_derived_from_real_traffic,SPIKE,46,synthetic_002,battleground_dataset,True,5170
50,synthetic_scalability_scenario_derived_from_real_traffic,SPIKE,46,synthetic_003,youtubeLive_dataset,True,444
50,synthetic_scalability_scenario_derived_from_real_traffic,SPIKE,46,synthetic_004,zepeto_dataset,True,702
50,synthetic_scalability_scenario_derived_from_real_traffic,SPIKE,46,synthetic_005,gamebox_dataset,True,2609
50,synthetic_scalability_scenario_derived_from_real_traffic,SPIKE,46,synthetic_006,geforce_dataset,True,2181
50,synthetic_scalability_scenario_derived_from_real_traffic,SPIKE,46,synthetic_007,zepeto_dataset,True,1683
50,synthetic_scalability_scenario_derived_from_real_traffic,SPIKE,46,synthetic_008,geforce_dataset,True,5639
50,synthetic_scalability_scenario_derived_from_real_traffic,SPIKE,46,synthetic_009,zoom_dataset,True,47
50,synthetic_scalability_scenario_derived_from_real_traffic,SPIKE,46,synthetic_010,gamebox_dataset,True,1211
50,synthetic_scalability_scenario_derived_from_real_traffic,SPIKE,46,synthetic_011,meet_dataset,True,4270
50,synthetic_scalability_scenario_derived_from_real_traffic,SPIKE,46,synthetic_012,teams_dataset,True,3202
50,synthetic_scalability_scenario_derived_from_real_traffic,SPIKE,46,synthetic_013,afreeca_dataset,True,3352
50,synthetic_scalability_scenario_derived_from_real_traffic,SPIKE,46,synthetic_014,battleground_dataset,True,4555
50,synthetic_scalability_scenario_derived_from_real_traffic,SPIKE,46,synthetic_015,geforce_dataset,True,371
50,synthetic_scalability_scenario_derived_from_real_traffic,SPIKE,46,synthetic_016,zoom_dataset,True,4909
50,synthetic_scalability_scenario_derived_from_real_traffic,SPIKE,46,synthetic_017,teams_dataset,True,4370
50,synthetic_scalability_scenario_derived_from_real_traffic,SPIKE,46,synthetic_018,tft_dataset,True,6021
50,synthetic_scalability_scenario_derived_from_real_traffic,SPIKE,46,synthetic_019,youtube_dataset,True,4160
50,synthetic_scalability_scenario_derived_from_real_traffic,SPIKE,46,synthetic_020,zoom_dataset,True,6633
50,synthetic_scalability_scenario_derived_from_real_traffic,SPIKE,46,synthetic_021,youtube_dataset,True,3326
50,synthetic_scalability_scenario_derived_from_real_traffic,SPIKE,46,synthetic_022,netflix_dataset,True,4820
50,synthetic_scalability_scenario_derived_from_real_traffic,SPIKE,46,synthetic_023,battleground_dataset,True,288
50,synthetic_scalability_scenario_derived_from_real_traffic,SPIKE,46,synthetic_024,teams_dataset,True,1735
50,synthetic_scalability_scenario_derived_from_real_traffic,SPIKE,46,synthetic_025,tft_dataset,True,1157
50,synthetic_scalability_scenario_derived_from_real_traffic,SPIKE,46,synthetic_026,youtubeLive_dataset,True,3647
50,synthetic_scalability_scenario_derived_from_real_traffic,SPIKE,46,synthetic_027,meet_dataset,True,2998
50,synthetic_scalability_scenario_derived_from_real_traffic,SPIKE,46,synthetic_028,battleground_dataset,True,1289
50,synthetic_scalability_scenario_derived_from_real_traffic,SPIKE,46,synthetic_029,gamebox_dataset,True,3101
50,synthetic_scalability_scenario_derived_from_real_traffic,SPIKE,46,synthetic_030,battleground_dataset,True,882
50,synthetic_scalability_scenario_derived_from_real_traffic,SPIKE,46,synthetic_031,navernow_dataset,True,3018
50,synthetic_scalability_scenario_derived_from_real_traffic,SPIKE,46,synthetic_032,meet_dataset,True,6400
50,synthetic_scalability_scenario_derived_from_real_traffic,SPIKE,46,synthetic_033,youtubeLive_dataset,True,3417
50,synthetic_scalability_scenario_derived_from_real_traffic,SPIKE,46,synthetic_034,geforce_dataset,True,3006
50,synthetic_scalability_scenario_derived_from_real_traffic,SPIKE,46,synthetic_035,netflix_dataset,True,3238
100,synthetic_scalability_scenario_derived_from_real_traffic,LOW,42,afreeca_dataset,afreeca_dataset,False,0
100,synthetic_scalability_scenario_derived_from_real_traffic,LOW,42,amazon_dataset,amazon_dataset,False,0
100,synthetic_scalability_scenario_derived_from_real_traffic,LOW,42,battleground_dataset,battleground_dataset,False,0
100,synthetic_scalability_scenario_derived_from_real_traffic,LOW,42,gamebox_dataset,gamebox_dataset,False,0
100,synthetic_scalability_scenario_derived_from_real_traffic,LOW,42,geforce_dataset,geforce_dataset,False,0
100,synthetic_scalability_scenario_derived_from_real_traffic,LOW,42,meet_dataset,meet_dataset,False,0
100,synthetic_scalability_scenario_derived_from_real_traffic,LOW,42,navernow_dataset,navernow_dataset,False,0
100,synthetic_scalability_scenario_derived_from_real_traffic,LOW,42,netflix_dataset,netflix_dataset,False,0
100,synthetic_scalability_scenario_derived_from_real_traffic,LOW,42,roblox_dataset,roblox_dataset,False,0
100,synthetic_scalability_scenario_derived_from_real_traffic,LOW,42,teams_dataset,teams_dataset,False,0
100,synthetic_scalability_scenario_derived_from_real_traffic,LOW,42,tft_dataset,tft_dataset,False,0
100,synthetic_scalability_scenario_derived_from_real_traffic,LOW,42,youtubeLive_dataset,youtubeLive_dataset,False,0
100,synthetic_scalability_scenario_derived_from_real_traffic,LOW,42,youtube_dataset,youtube_dataset,False,0
100,synthetic_scalability_scenario_derived_from_real_traffic,LOW,42,zepeto_dataset,zepeto_dataset,False,0
100,synthetic_scalability_scenario_derived_from_real_traffic,LOW,42,zoom_dataset,zoom_dataset,False,0
100,synthetic_scalability_scenario_derived_from_real_traffic,LOW,42,synthetic_001,roblox_dataset,True,2966
100,synthetic_scalability_scenario_derived_from_real_traffic,LOW,42,synthetic_002,navernow_dataset,True,1520
100,synthetic_scalability_scenario_derived_from_real_traffic,LOW,42,synthetic_003,amazon_dataset,True,3710
100,synthetic_scalability_scenario_derived_from_real_traffic,LOW,42,synthetic_004,zepeto_dataset,True,426
100,synthetic_scalability_scenario_derived_from_real_traffic,LOW,42,synthetic_005,youtube_dataset,True,5536
100,synthetic_scalability_scenario_derived_from_real_traffic,LOW,42,synthetic_006,geforce_dataset,True,4225
100,synthetic_scalability_scenario_derived_from_real_traffic,LOW,42,synthetic_007,battleground_dataset,True,5071
100,synthetic_scalability_scenario_derived_from_real_traffic,LOW,42,synthetic_008,tft_dataset,True,2371
100,synthetic_scalability_scenario_derived_from_real_traffic,LOW,42,synthetic_009,amazon_dataset,True,6493
100,synthetic_scalability_scenario_derived_from_real_traffic,LOW,42,synthetic_010,navernow_dataset,True,5974
100,synthetic_scalability_scenario_derived_from_real_traffic,LOW,42,synthetic_011,tft_dataset,True,5207
100,synthetic_scalability_scenario_derived_from_real_traffic,LOW,42,synthetic_012,youtubeLive_dataset,True,1302
100,synthetic_scalability_scenario_derived_from_real_traffic,LOW,42,synthetic_013,meet_dataset,True,3122
100,synthetic_scalability_scenario_derived_from_real_traffic,LOW,42,synthetic_014,netflix_dataset,True,293
100,synthetic_scalability_scenario_derived_from_real_traffic,LOW,42,synthetic_015,roblox_dataset,True,1032
100,synthetic_scalability_scenario_derived_from_real_traffic,LOW,42,synthetic_016,youtubeLive_dataset,True,4569
100,synthetic_scalability_scenario_derived_from_real_traffic,LOW,42,synthetic_017,zepeto_dataset,True,4982
100,synthetic_scalability_scenario_derived_from_real_traffic,LOW,42,synthetic_018,meet_dataset,True,6472
100,synthetic_scalability_scenario_derived_from_real_traffic,LOW,42,synthetic_019,navernow_dataset,True,2179
100,synthetic_scalability_scenario_derived_from_real_traffic,LOW,42,synthetic_020,zepeto_dataset,True,2478
100,synthetic_scalability_scenario_derived_from_real_traffic,LOW,42,synthetic_021,amazon_dataset,True,3141
100,synthetic_scalability_scenario_derived_from_real_traffic,LOW,42,synthetic_022,youtubeLive_dataset,True,1267
100,synthetic_scalability_scenario_derived_from_real_traffic,LOW,42,synthetic_023,navernow_dataset,True,869
100,synthetic_scalability_scenario_derived_from_real_traffic,LOW,42,synthetic_024,tft_dataset,True,3182
100,synthetic_scalability_scenario_derived_from_real_traffic,LOW,42,synthetic_025,geforce_dataset,True,1518
100,synthetic_scalability_scenario_derived_from_real_traffic,LOW,42,synthetic_026,roblox_dataset,True,4481
100,synthetic_scalability_scenario_derived_from_real_traffic,LOW,42,synthetic_027,zoom_dataset,True,2924
100,synthetic_scalability_scenario_derived_from_real_traffic,LOW,42,synthetic_028,battleground_dataset,True,5570
100,synthetic_scalability_scenario_derived_from_real_traffic,LOW,42,synthetic_029,teams_dataset,True,4684
100,synthetic_scalability_scenario_derived_from_real_traffic,LOW,42,synthetic_030,amazon_dataset,True,2089
100,synthetic_scalability_scenario_derived_from_real_traffic,LOW,42,synthetic_031,youtubeLive_dataset,True,5567
100,synthetic_scalability_scenario_derived_from_real_traffic,LOW,42,synthetic_032,navernow_dataset,True,5383
100,synthetic_scalability_scenario_derived_from_real_traffic,LOW,42,synthetic_033,youtube_dataset,True,2592
100,synthetic_scalability_scenario_derived_from_real_traffic,LOW,42,synthetic_034,zepeto_dataset,True,1928
100,synthetic_scalability_scenario_derived_from_real_traffic,LOW,42,synthetic_035,gamebox_dataset,True,4565
100,synthetic_scalability_scenario_derived_from_real_traffic,LOW,42,synthetic_036,teams_dataset,True,934
100,synthetic_scalability_scenario_derived_from_real_traffic,LOW,42,synthetic_037,youtube_dataset,True,1337
100,synthetic_scalability_scenario_derived_from_real_traffic,LOW,42,synthetic_038,youtube_dataset,True,49
100,synthetic_scalability_scenario_derived_from_real_traffic,LOW,42,synthetic_039,youtubeLive_dataset,True,5264
100,synthetic_scalability_scenario_derived_from_real_traffic,LOW,42,synthetic_040,youtubeLive_dataset,True,4447
100,synthetic_scalability_scenario_derived_from_real_traffic,LOW,42,synthetic_041,netflix_dataset,True,4717
100,synthetic_scalability_scenario_derived_from_real_traffic,LOW,42,synthetic_042,geforce_dataset,True,5223
100,synthetic_scalability_scenario_derived_from_real_traffic,LOW,42,synthetic_043,roblox_dataset,True,3070
100,synthetic_scalability_scenario_derived_from_real_traffic,LOW,42,synthetic_044,netflix_dataset,True,3804
100,synthetic_scalability_scenario_derived_from_real_traffic,LOW,42,synthetic_045,afreeca_dataset,True,935
100,synthetic_scalability_scenario_derived_from_real_traffic,LOW,42,synthetic_046,gamebox_dataset,True,766
100,synthetic_scalability_scenario_derived_from_real_traffic,LOW,42,synthetic_047,navernow_dataset,True,4471
100,synthetic_scalability_scenario_derived_from_real_traffic,LOW,42,synthetic_048,teams_dataset,True,3151
100,synthetic_scalability_scenario_derived_from_real_traffic,LOW,42,synthetic_049,youtube_dataset,True,3781
100,synthetic_scalability_scenario_derived_from_real_traffic,LOW,42,synthetic_050,amazon_dataset,True,5117
100,synthetic_scalability_scenario_derived_from_real_traffic,LOW,42,synthetic_051,roblox_dataset,True,4246
100,synthetic_scalability_scenario_derived_from_real_traffic,LOW,42,synthetic_052,roblox_dataset,True,3703
100,synthetic_scalability_scenario_derived_from_real_traffic,LOW,42,synthetic_053,amazon_dataset,True,3741
100,synthetic_scalability_scenario_derived_from_real_traffic,LOW,42,synthetic_054,youtubeLive_dataset,True,2033
100,synthetic_scalability_scenario_derived_from_real_traffic,LOW,42,synthetic_055,teams_dataset,True,206
100,synthetic_scalability_scenario_derived_from_real_traffic,LOW,42,synthetic_056,meet_dataset,True,2921
100,synthetic_scalability_scenario_derived_from_real_traffic,LOW,42,synthetic_057,zoom_dataset,True,1435
100,synthetic_scalability_scenario_derived_from_real_traffic,LOW,42,synthetic_058,geforce_dataset,True,2733
100,synthetic_scalability_scenario_derived_from_real_traffic,LOW,42,synthetic_059,zoom_dataset,True,5709
100,synthetic_scalability_scenario_derived_from_real_traffic,LOW,42,synthetic_060,afreeca_dataset,True,1565
100,synthetic_scalability_scenario_derived_from_real_traffic,LOW,42,synthetic_061,youtube_dataset,True,390
100,synthetic_scalability_scenario_derived_from_real_traffic,LOW,42,synthetic_062,youtube_dataset,True,1882
100,synthetic_scalability_scenario_derived_from_real_traffic,LOW,42,synthetic_063,zepeto_dataset,True,1964
100,synthetic_scalability_scenario_derived_from_real_traffic,LOW,42,synthetic_064,navernow_dataset,True,4428
100,synthetic_scalability_scenario_derived_from_real_traffic,LOW,42,synthetic_065,amazon_dataset,True,3726
100,synthetic_scalability_scenario_derived_from_real_traffic,LOW,42,synthetic_066,netflix_dataset,True,5244
100,synthetic_scalability_scenario_derived_from_real_traffic,LOW,42,synthetic_067,zoom_dataset,True,4444
100,synthetic_scalability_scenario_derived_from_real_traffic,LOW,42,synthetic_068,navernow_dataset,True,2718
100,synthetic_scalability_scenario_derived_from_real_traffic,LOW,42,synthetic_069,navernow_dataset,True,5445
100,synthetic_scalability_scenario_derived_from_real_traffic,LOW,42,synthetic_070,geforce_dataset,True,1117
100,synthetic_scalability_scenario_derived_from_real_traffic,LOW,42,synthetic_071,meet_dataset,True,151
100,synthetic_scalability_scenario_derived_from_real_traffic,LOW,42,synthetic_072,amazon_dataset,True,602
100,synthetic_scalability_scenario_derived_from_real_traffic,LOW,42,synthetic_073,youtubeLive_dataset,True,4832
100,synthetic_scalability_scenario_derived_from_real_traffic,LOW,42,synthetic_074,tft_dataset,True,3089
100,synthetic_scalability_scenario_derived_from_real_traffic,LOW,42,synthetic_075,tft_dataset,True,1078
100,synthetic_scalability_scenario_derived_from_real_traffic,LOW,42,synthetic_076,zepeto_dataset,True,3351
100,synthetic_scalability_scenario_derived_from_real_traffic,LOW,42,synthetic_077,zoom_dataset,True,1018
100,synthetic_scalability_scenario_derived_from_real_traffic,LOW,42,synthetic_078,netflix_dataset,True,4658
100,synthetic_scalability_scenario_derived_from_real_traffic,LOW,42,synthetic_079,netflix_dataset,True,2984
100,synthetic_scalability_scenario_derived_from_real_traffic,LOW,42,synthetic_080,battleground_dataset,True,2549
100,synthetic_scalability_scenario_derived_from_real_traffic,LOW,42,synthetic_081,gamebox_dataset,True,2017
100,synthetic_scalability_scenario_derived_from_real_traffic,LOW,42,synthetic_082,tft_dataset,True,4216
100,synthetic_scalability_scenario_derived_from_real_traffic,LOW,42,synthetic_083,teams_dataset,True,2420
100,synthetic_scalability_scenario_derived_from_real_traffic,LOW,42,synthetic_084,zoom_dataset,True,586
100,synthetic_scalability_scenario_derived_from_real_traffic,LOW,42,synthetic_085,meet_dataset,True,789
100,synthetic_scalability_scenario_derived_from_real_traffic,LOW,43,afreeca_dataset,afreeca_dataset,False,0
100,synthetic_scalability_scenario_derived_from_real_traffic,LOW,43,amazon_dataset,amazon_dataset,False,0
100,synthetic_scalability_scenario_derived_from_real_traffic,LOW,43,battleground_dataset,battleground_dataset,False,0
100,synthetic_scalability_scenario_derived_from_real_traffic,LOW,43,gamebox_dataset,gamebox_dataset,False,0
100,synthetic_scalability_scenario_derived_from_real_traffic,LOW,43,geforce_dataset,geforce_dataset,False,0
100,synthetic_scalability_scenario_derived_from_real_traffic,LOW,43,meet_dataset,meet_dataset,False,0
100,synthetic_scalability_scenario_derived_from_real_traffic,LOW,43,navernow_dataset,navernow_dataset,False,0
100,synthetic_scalability_scenario_derived_from_real_traffic,LOW,43,netflix_dataset,netflix_dataset,False,0
100,synthetic_scalability_scenario_derived_from_real_traffic,LOW,43,roblox_dataset,roblox_dataset,False,0
100,synthetic_scalability_scenario_derived_from_real_traffic,LOW,43,teams_dataset,teams_dataset,False,0
100,synthetic_scalability_scenario_derived_from_real_traffic,LOW,43,tft_dataset,tft_dataset,False,0
100,synthetic_scalability_scenario_derived_from_real_traffic,LOW,43,youtubeLive_dataset,youtubeLive_dataset,False,0
100,synthetic_scalability_scenario_derived_from_real_traffic,LOW,43,youtube_dataset,youtube_dataset,False,0
100,synthetic_scalability_scenario_derived_from_real_traffic,LOW,43,zepeto_dataset,zepeto_dataset,False,0
100,synthetic_scalability_scenario_derived_from_real_traffic,LOW,43,zoom_dataset,zoom_dataset,False,0
100,synthetic_scalability_scenario_derived_from_real_traffic,LOW,43,synthetic_001,zepeto_dataset,True,2823
100,synthetic_scalability_scenario_derived_from_real_traffic,LOW,43,synthetic_002,navernow_dataset,True,27
100,synthetic_scalability_scenario_derived_from_real_traffic,LOW,43,synthetic_003,navernow_dataset,True,2066
100,synthetic_scalability_scenario_derived_from_real_traffic,LOW,43,synthetic_004,roblox_dataset,True,6367
100,synthetic_scalability_scenario_derived_from_real_traffic,LOW,43,synthetic_005,afreeca_dataset,True,5607
100,synthetic_scalability_scenario_derived_from_real_traffic,LOW,43,synthetic_006,meet_dataset,True,3580
100,synthetic_scalability_scenario_derived_from_real_traffic,LOW,43,synthetic_007,netflix_dataset,True,3247
100,synthetic_scalability_scenario_derived_from_real_traffic,LOW,43,synthetic_008,youtube_dataset,True,6322
100,synthetic_scalability_scenario_derived_from_real_traffic,LOW,43,synthetic_009,zoom_dataset,True,3968
100,synthetic_scalability_scenario_derived_from_real_traffic,LOW,43,synthetic_010,tft_dataset,True,6307
100,synthetic_scalability_scenario_derived_from_real_traffic,LOW,43,synthetic_011,zepeto_dataset,True,6675
100,synthetic_scalability_scenario_derived_from_real_traffic,LOW,43,synthetic_012,afreeca_dataset,True,225
100,synthetic_scalability_scenario_derived_from_real_traffic,LOW,43,synthetic_013,roblox_dataset,True,793
100,synthetic_scalability_scenario_derived_from_real_traffic,LOW,43,synthetic_014,youtube_dataset,True,5092
100,synthetic_scalability_scenario_derived_from_real_traffic,LOW,43,synthetic_015,amazon_dataset,True,843
100,synthetic_scalability_scenario_derived_from_real_traffic,LOW,43,synthetic_016,amazon_dataset,True,2286
100,synthetic_scalability_scenario_derived_from_real_traffic,LOW,43,synthetic_017,youtube_dataset,True,2007
100,synthetic_scalability_scenario_derived_from_real_traffic,LOW,43,synthetic_018,tft_dataset,True,3686
100,synthetic_scalability_scenario_derived_from_real_traffic,LOW,43,synthetic_019,teams_dataset,True,338
100,synthetic_scalability_scenario_derived_from_real_traffic,LOW,43,synthetic_020,tft_dataset,True,3016
100,synthetic_scalability_scenario_derived_from_real_traffic,LOW,43,synthetic_021,battleground_dataset,True,3715
100,synthetic_scalability_scenario_derived_from_real_traffic,LOW,43,synthetic_022,teams_dataset,True,797
100,synthetic_scalability_scenario_derived_from_real_traffic,LOW,43,synthetic_023,netflix_dataset,True,2284
100,synthetic_scalability_scenario_derived_from_real_traffic,LOW,43,synthetic_024,youtubeLive_dataset,True,3375
100,synthetic_scalability_scenario_derived_from_real_traffic,LOW,43,synthetic_025,afreeca_dataset,True,2033
100,synthetic_scalability_scenario_derived_from_real_traffic,LOW,43,synthetic_026,roblox_dataset,True,2795
100,synthetic_scalability_scenario_derived_from_real_traffic,LOW,43,synthetic_027,geforce_dataset,True,2773
100,synthetic_scalability_scenario_derived_from_real_traffic,LOW,43,synthetic_028,geforce_dataset,True,624
100,synthetic_scalability_scenario_derived_from_real_traffic,LOW,43,synthetic_029,tft_dataset,True,3933
100,synthetic_scalability_scenario_derived_from_real_traffic,LOW,43,synthetic_030,netflix_dataset,True,495
100,synthetic_scalability_scenario_derived_from_real_traffic,LOW,43,synthetic_031,tft_dataset,True,3883
100,synthetic_scalability_scenario_derived_from_real_traffic,LOW,43,synthetic_032,youtube_dataset,True,554
100,synthetic_scalability_scenario_derived_from_real_traffic,LOW,43,synthetic_033,geforce_dataset,True,3606
100,synthetic_scalability_scenario_derived_from_real_traffic,LOW,43,synthetic_034,amazon_dataset,True,5691
100,synthetic_scalability_scenario_derived_from_real_traffic,LOW,43,synthetic_035,gamebox_dataset,True,1932
100,synthetic_scalability_scenario_derived_from_real_traffic,LOW,43,synthetic_036,meet_dataset,True,553
100,synthetic_scalability_scenario_derived_from_real_traffic,LOW,43,synthetic_037,battleground_dataset,True,2144
100,synthetic_scalability_scenario_derived_from_real_traffic,LOW,43,synthetic_038,gamebox_dataset,True,2839
100,synthetic_scalability_scenario_derived_from_real_traffic,LOW,43,synthetic_039,teams_dataset,True,4095
100,synthetic_scalability_scenario_derived_from_real_traffic,LOW,43,synthetic_040,zepeto_dataset,True,1013
100,synthetic_scalability_scenario_derived_from_real_traffic,LOW,43,synthetic_041,teams_dataset,True,26
100,synthetic_scalability_scenario_derived_from_real_traffic,LOW,43,synthetic_042,afreeca_dataset,True,5640
100,synthetic_scalability_scenario_derived_from_real_traffic,LOW,43,synthetic_043,meet_dataset,True,3044
100,synthetic_scalability_scenario_derived_from_real_traffic,LOW,43,synthetic_044,zepeto_dataset,True,3837
100,synthetic_scalability_scenario_derived_from_real_traffic,LOW,43,synthetic_045,tft_dataset,True,5360
100,synthetic_scalability_scenario_derived_from_real_traffic,LOW,43,synthetic_046,teams_dataset,True,5106
100,synthetic_scalability_scenario_derived_from_real_traffic,LOW,43,synthetic_047,amazon_dataset,True,5766
100,synthetic_scalability_scenario_derived_from_real_traffic,LOW,43,synthetic_048,navernow_dataset,True,2153
100,synthetic_scalability_scenario_derived_from_real_traffic,LOW,43,synthetic_049,battleground_dataset,True,1296
100,synthetic_scalability_scenario_derived_from_real_traffic,LOW,43,synthetic_050,battleground_dataset,True,84
100,synthetic_scalability_scenario_derived_from_real_traffic,LOW,43,synthetic_051,geforce_dataset,True,2649
100,synthetic_scalability_scenario_derived_from_real_traffic,LOW,43,synthetic_052,zoom_dataset,True,4057
100,synthetic_scalability_scenario_derived_from_real_traffic,LOW,43,synthetic_053,youtubeLive_dataset,True,3790
100,synthetic_scalability_scenario_derived_from_real_traffic,LOW,43,synthetic_054,youtube_dataset,True,5879
100,synthetic_scalability_scenario_derived_from_real_traffic,LOW,43,synthetic_055,zepeto_dataset,True,5537
100,synthetic_scalability_scenario_derived_from_real_traffic,LOW,43,synthetic_056,tft_dataset,True,3321
100,synthetic_scalability_scenario_derived_from_real_traffic,LOW,43,synthetic_057,battleground_dataset,True,820
100,synthetic_scalability_scenario_derived_from_real_traffic,LOW,43,synthetic_058,zoom_dataset,True,3348
100,synthetic_scalability_scenario_derived_from_real_traffic,LOW,43,synthetic_059,youtube_dataset,True,6151
100,synthetic_scalability_scenario_derived_from_real_traffic,LOW,43,synthetic_060,amazon_dataset,True,5892
100,synthetic_scalability_scenario_derived_from_real_traffic,LOW,43,synthetic_061,geforce_dataset,True,4509
100,synthetic_scalability_scenario_derived_from_real_traffic,LOW,43,synthetic_062,navernow_dataset,True,4408
100,synthetic_scalability_scenario_derived_from_real_traffic,LOW,43,synthetic_063,netflix_dataset,True,5546
100,synthetic_scalability_scenario_derived_from_real_traffic,LOW,43,synthetic_064,zoom_dataset,True,4596
100,synthetic_scalability_scenario_derived_from_real_traffic,LOW,43,synthetic_065,navernow_dataset,True,4175
100,synthetic_scalability_scenario_derived_from_real_traffic,LOW,43,synthetic_066,battleground_dataset,True,2687
100,synthetic_scalability_scenario_derived_from_real_traffic,LOW,43,synthetic_067,youtubeLive_dataset,True,2672
100,synthetic_scalability_scenario_derived_from_real_traffic,LOW,43,synthetic_068,zoom_dataset,True,3253
100,synthetic_scalability_scenario_derived_from_real_traffic,LOW,43,synthetic_069,zepeto_dataset,True,5898
100,synthetic_scalability_scenario_derived_from_real_traffic,LOW,43,synthetic_070,gamebox_dataset,True,4291
100,synthetic_scalability_scenario_derived_from_real_traffic,LOW,43,synthetic_071,zoom_dataset,True,5522
100,synthetic_scalability_scenario_derived_from_real_traffic,LOW,43,synthetic_072,netflix_dataset,True,3362
100,synthetic_scalability_scenario_derived_from_real_traffic,LOW,43,synthetic_073,youtubeLive_dataset,True,3588
100,synthetic_scalability_scenario_derived_from_real_traffic,LOW,43,synthetic_074,roblox_dataset,True,4674
100,synthetic_scalability_scenario_derived_from_real_traffic,LOW,43,synthetic_075,zoom_dataset,True,4646
100,synthetic_scalability_scenario_derived_from_real_traffic,LOW,43,synthetic_076,netflix_dataset,True,1468
100,synthetic_scalability_scenario_derived_from_real_traffic,LOW,43,synthetic_077,geforce_dataset,True,6201
100,synthetic_scalability_scenario_derived_from_real_traffic,LOW,43,synthetic_078,youtube_dataset,True,1503
100,synthetic_scalability_scenario_derived_from_real_traffic,LOW,43,synthetic_079,meet_dataset,True,4403
100,synthetic_scalability_scenario_derived_from_real_traffic,LOW,43,synthetic_080,teams_dataset,True,2424
100,synthetic_scalability_scenario_derived_from_real_traffic,LOW,43,synthetic_081,tft_dataset,True,1883
100,synthetic_scalability_scenario_derived_from_real_traffic,LOW,43,synthetic_082,zepeto_dataset,True,6644
100,synthetic_scalability_scenario_derived_from_real_traffic,LOW,43,synthetic_083,geforce_dataset,True,4546
100,synthetic_scalability_scenario_derived_from_real_traffic,LOW,43,synthetic_084,roblox_dataset,True,1895
100,synthetic_scalability_scenario_derived_from_real_traffic,LOW,43,synthetic_085,teams_dataset,True,4864
100,synthetic_scalability_scenario_derived_from_real_traffic,LOW,44,afreeca_dataset,afreeca_dataset,False,0
100,synthetic_scalability_scenario_derived_from_real_traffic,LOW,44,amazon_dataset,amazon_dataset,False,0
100,synthetic_scalability_scenario_derived_from_real_traffic,LOW,44,battleground_dataset,battleground_dataset,False,0
100,synthetic_scalability_scenario_derived_from_real_traffic,LOW,44,gamebox_dataset,gamebox_dataset,False,0
100,synthetic_scalability_scenario_derived_from_real_traffic,LOW,44,geforce_dataset,geforce_dataset,False,0
100,synthetic_scalability_scenario_derived_from_real_traffic,LOW,44,meet_dataset,meet_dataset,False,0
100,synthetic_scalability_scenario_derived_from_real_traffic,LOW,44,navernow_dataset,navernow_dataset,False,0
100,synthetic_scalability_scenario_derived_from_real_traffic,LOW,44,netflix_dataset,netflix_dataset,False,0
100,synthetic_scalability_scenario_derived_from_real_traffic,LOW,44,roblox_dataset,roblox_dataset,False,0
100,synthetic_scalability_scenario_derived_from_real_traffic,LOW,44,teams_dataset,teams_dataset,False,0
100,synthetic_scalability_scenario_derived_from_real_traffic,LOW,44,tft_dataset,tft_dataset,False,0
100,synthetic_scalability_scenario_derived_from_real_traffic,LOW,44,youtubeLive_dataset,youtubeLive_dataset,False,0
100,synthetic_scalability_scenario_derived_from_real_traffic,LOW,44,youtube_dataset,youtube_dataset,False,0
100,synthetic_scalability_scenario_derived_from_real_traffic,LOW,44,zepeto_dataset,zepeto_dataset,False,0
100,synthetic_scalability_scenario_derived_from_real_traffic,LOW,44,zoom_dataset,zoom_dataset,False,0
100,synthetic_scalability_scenario_derived_from_real_traffic,LOW,44,synthetic_001,roblox_dataset,True,4787
100,synthetic_scalability_scenario_derived_from_real_traffic,LOW,44,synthetic_002,navernow_dataset,True,130
100,synthetic_scalability_scenario_derived_from_real_traffic,LOW,44,synthetic_003,roblox_dataset,True,5334
100,synthetic_scalability_scenario_derived_from_real_traffic,LOW,44,synthetic_004,amazon_dataset,True,6026
100,synthetic_scalability_scenario_derived_from_real_traffic,LOW,44,synthetic_005,roblox_dataset,True,3504
100,synthetic_scalability_scenario_derived_from_real_traffic,LOW,44,synthetic_006,youtube_dataset,True,1319
100,synthetic_scalability_scenario_derived_from_real_traffic,LOW,44,synthetic_007,zoom_dataset,True,1209
100,synthetic_scalability_scenario_derived_from_real_traffic,LOW,44,synthetic_008,youtubeLive_dataset,True,5655
100,synthetic_scalability_scenario_derived_from_real_traffic,LOW,44,synthetic_009,teams_dataset,True,583
100,synthetic_scalability_scenario_derived_from_real_traffic,LOW,44,synthetic_010,tft_dataset,True,3654
100,synthetic_scalability_scenario_derived_from_real_traffic,LOW,44,synthetic_011,zoom_dataset,True,1360
100,synthetic_scalability_scenario_derived_from_real_traffic,LOW,44,synthetic_012,gamebox_dataset,True,2015
100,synthetic_scalability_scenario_derived_from_real_traffic,LOW,44,synthetic_013,youtube_dataset,True,6537
100,synthetic_scalability_scenario_derived_from_real_traffic,LOW,44,synthetic_014,zoom_dataset,True,1850
100,synthetic_scalability_scenario_derived_from_real_traffic,LOW,44,synthetic_015,tft_dataset,True,4572
100,synthetic_scalability_scenario_derived_from_real_traffic,LOW,44,synthetic_016,geforce_dataset,True,5133
100,synthetic_scalability_scenario_derived_from_real_traffic,LOW,44,synthetic_017,teams_dataset,True,1928
100,synthetic_scalability_scenario_derived_from_real_traffic,LOW,44,synthetic_018,meet_dataset,True,980
100,synthetic_scalability_scenario_derived_from_real_traffic,LOW,44,synthetic_019,meet_dataset,True,5165
100,synthetic_scalability_scenario_derived_from_real_traffic,LOW,44,synthetic_020,roblox_dataset,True,3034
100,synthetic_scalability_scenario_derived_from_real_traffic,LOW,44,synthetic_021,youtube_dataset,True,1925
100,synthetic_scalability_scenario_derived_from_real_traffic,LOW,44,synthetic_022,battleground_dataset,True,1415
100,synthetic_scalability_scenario_derived_from_real_traffic,LOW,44,synthetic_023,navernow_dataset,True,6580
100,synthetic_scalability_scenario_derived_from_real_traffic,LOW,44,synthetic_024,roblox_dataset,True,4323
100,synthetic_scalability_scenario_derived_from_real_traffic,LOW,44,synthetic_025,youtube_dataset,True,3499
100,synthetic_scalability_scenario_derived_from_real_traffic,LOW,44,synthetic_026,roblox_dataset,True,763
100,synthetic_scalability_scenario_derived_from_real_traffic,LOW,44,synthetic_027,geforce_dataset,True,6104
100,synthetic_scalability_scenario_derived_from_real_traffic,LOW,44,synthetic_028,youtubeLive_dataset,True,2226
100,synthetic_scalability_scenario_derived_from_real_traffic,LOW,44,synthetic_029,roblox_dataset,True,5290
100,synthetic_scalability_scenario_derived_from_real_traffic,LOW,44,synthetic_030,afreeca_dataset,True,6056
100,synthetic_scalability_scenario_derived_from_real_traffic,LOW,44,synthetic_031,geforce_dataset,True,1377
100,synthetic_scalability_scenario_derived_from_real_traffic,LOW,44,synthetic_032,zepeto_dataset,True,6542
100,synthetic_scalability_scenario_derived_from_real_traffic,LOW,44,synthetic_033,battleground_dataset,True,5982
100,synthetic_scalability_scenario_derived_from_real_traffic,LOW,44,synthetic_034,roblox_dataset,True,3787
100,synthetic_scalability_scenario_derived_from_real_traffic,LOW,44,synthetic_035,netflix_dataset,True,4845
100,synthetic_scalability_scenario_derived_from_real_traffic,LOW,44,synthetic_036,roblox_dataset,True,1855
100,synthetic_scalability_scenario_derived_from_real_traffic,LOW,44,synthetic_037,amazon_dataset,True,4841
100,synthetic_scalability_scenario_derived_from_real_traffic,LOW,44,synthetic_038,meet_dataset,True,2884
100,synthetic_scalability_scenario_derived_from_real_traffic,LOW,44,synthetic_039,zoom_dataset,True,2177
100,synthetic_scalability_scenario_derived_from_real_traffic,LOW,44,synthetic_040,amazon_dataset,True,4662
100,synthetic_scalability_scenario_derived_from_real_traffic,LOW,44,synthetic_041,youtube_dataset,True,2563
100,synthetic_scalability_scenario_derived_from_real_traffic,LOW,44,synthetic_042,zepeto_dataset,True,4713
100,synthetic_scalability_scenario_derived_from_real_traffic,LOW,44,synthetic_043,gamebox_dataset,True,5696
100,synthetic_scalability_scenario_derived_from_real_traffic,LOW,44,synthetic_044,netflix_dataset,True,1811
100,synthetic_scalability_scenario_derived_from_real_traffic,LOW,44,synthetic_045,tft_dataset,True,1381
100,synthetic_scalability_scenario_derived_from_real_traffic,LOW,44,synthetic_046,meet_dataset,True,2143
100,synthetic_scalability_scenario_derived_from_real_traffic,LOW,44,synthetic_047,gamebox_dataset,True,2834
100,synthetic_scalability_scenario_derived_from_real_traffic,LOW,44,synthetic_048,zoom_dataset,True,4873
100,synthetic_scalability_scenario_derived_from_real_traffic,LOW,44,synthetic_049,teams_dataset,True,2926
100,synthetic_scalability_scenario_derived_from_real_traffic,LOW,44,synthetic_050,teams_dataset,True,4639
100,synthetic_scalability_scenario_derived_from_real_traffic,LOW,44,synthetic_051,battleground_dataset,True,6659
100,synthetic_scalability_scenario_derived_from_real_traffic,LOW,44,synthetic_052,battleground_dataset,True,1563
100,synthetic_scalability_scenario_derived_from_real_traffic,LOW,44,synthetic_053,meet_dataset,True,5073
100,synthetic_scalability_scenario_derived_from_real_traffic,LOW,44,synthetic_054,battleground_dataset,True,3189
100,synthetic_scalability_scenario_derived_from_real_traffic,LOW,44,synthetic_055,zepeto_dataset,True,2797
100,synthetic_scalability_scenario_derived_from_real_traffic,LOW,44,synthetic_056,zepeto_dataset,True,4025
100,synthetic_scalability_scenario_derived_from_real_traffic,LOW,44,synthetic_057,youtube_dataset,True,790
100,synthetic_scalability_scenario_derived_from_real_traffic,LOW,44,synthetic_058,meet_dataset,True,2109
100,synthetic_scalability_scenario_derived_from_real_traffic,LOW,44,synthetic_059,navernow_dataset,True,1832
100,synthetic_scalability_scenario_derived_from_real_traffic,LOW,44,synthetic_060,meet_dataset,True,4083
100,synthetic_scalability_scenario_derived_from_real_traffic,LOW,44,synthetic_061,netflix_dataset,True,1505
100,synthetic_scalability_scenario_derived_from_real_traffic,LOW,44,synthetic_062,gamebox_dataset,True,317
100,synthetic_scalability_scenario_derived_from_real_traffic,LOW,44,synthetic_063,afreeca_dataset,True,271
100,synthetic_scalability_scenario_derived_from_real_traffic,LOW,44,synthetic_064,geforce_dataset,True,5181
100,synthetic_scalability_scenario_derived_from_real_traffic,LOW,44,synthetic_065,zoom_dataset,True,4574
100,synthetic_scalability_scenario_derived_from_real_traffic,LOW,44,synthetic_066,battleground_dataset,True,5683
100,synthetic_scalability_scenario_derived_from_real_traffic,LOW,44,synthetic_067,battleground_dataset,True,4530
100,synthetic_scalability_scenario_derived_from_real_traffic,LOW,44,synthetic_068,amazon_dataset,True,349
100,synthetic_scalability_scenario_derived_from_real_traffic,LOW,44,synthetic_069,meet_dataset,True,4690
100,synthetic_scalability_scenario_derived_from_real_traffic,LOW,44,synthetic_070,teams_dataset,True,3659
100,synthetic_scalability_scenario_derived_from_real_traffic,LOW,44,synthetic_071,battleground_dataset,True,6434
100,synthetic_scalability_scenario_derived_from_real_traffic,LOW,44,synthetic_072,youtube_dataset,True,1537
100,synthetic_scalability_scenario_derived_from_real_traffic,LOW,44,synthetic_073,youtube_dataset,True,520
100,synthetic_scalability_scenario_derived_from_real_traffic,LOW,44,synthetic_074,battleground_dataset,True,5572
100,synthetic_scalability_scenario_derived_from_real_traffic,LOW,44,synthetic_075,youtubeLive_dataset,True,2827
100,synthetic_scalability_scenario_derived_from_real_traffic,LOW,44,synthetic_076,meet_dataset,True,3144
100,synthetic_scalability_scenario_derived_from_real_traffic,LOW,44,synthetic_077,youtubeLive_dataset,True,4796
100,synthetic_scalability_scenario_derived_from_real_traffic,LOW,44,synthetic_078,roblox_dataset,True,1223
100,synthetic_scalability_scenario_derived_from_real_traffic,LOW,44,synthetic_079,amazon_dataset,True,3017
100,synthetic_scalability_scenario_derived_from_real_traffic,LOW,44,synthetic_080,roblox_dataset,True,5367
100,synthetic_scalability_scenario_derived_from_real_traffic,LOW,44,synthetic_081,roblox_dataset,True,3974
100,synthetic_scalability_scenario_derived_from_real_traffic,LOW,44,synthetic_082,gamebox_dataset,True,6042
100,synthetic_scalability_scenario_derived_from_real_traffic,LOW,44,synthetic_083,geforce_dataset,True,5789
100,synthetic_scalability_scenario_derived_from_real_traffic,LOW,44,synthetic_084,tft_dataset,True,1829
100,synthetic_scalability_scenario_derived_from_real_traffic,LOW,44,synthetic_085,netflix_dataset,True,5323
100,synthetic_scalability_scenario_derived_from_real_traffic,LOW,45,afreeca_dataset,afreeca_dataset,False,0
100,synthetic_scalability_scenario_derived_from_real_traffic,LOW,45,amazon_dataset,amazon_dataset,False,0
100,synthetic_scalability_scenario_derived_from_real_traffic,LOW,45,battleground_dataset,battleground_dataset,False,0
100,synthetic_scalability_scenario_derived_from_real_traffic,LOW,45,gamebox_dataset,gamebox_dataset,False,0
100,synthetic_scalability_scenario_derived_from_real_traffic,LOW,45,geforce_dataset,geforce_dataset,False,0
100,synthetic_scalability_scenario_derived_from_real_traffic,LOW,45,meet_dataset,meet_dataset,False,0
100,synthetic_scalability_scenario_derived_from_real_traffic,LOW,45,navernow_dataset,navernow_dataset,False,0
100,synthetic_scalability_scenario_derived_from_real_traffic,LOW,45,netflix_dataset,netflix_dataset,False,0
100,synthetic_scalability_scenario_derived_from_real_traffic,LOW,45,roblox_dataset,roblox_dataset,False,0
100,synthetic_scalability_scenario_derived_from_real_traffic,LOW,45,teams_dataset,teams_dataset,False,0
100,synthetic_scalability_scenario_derived_from_real_traffic,LOW,45,tft_dataset,tft_dataset,False,0
100,synthetic_scalability_scenario_derived_from_real_traffic,LOW,45,youtubeLive_dataset,youtubeLive_dataset,False,0
100,synthetic_scalability_scenario_derived_from_real_traffic,LOW,45,youtube_dataset,youtube_dataset,False,0
100,synthetic_scalability_scenario_derived_from_real_traffic,LOW,45,zepeto_dataset,zepeto_dataset,False,0
100,synthetic_scalability_scenario_derived_from_real_traffic,LOW,45,zoom_dataset,zoom_dataset,False,0
100,synthetic_scalability_scenario_derived_from_real_traffic,LOW,45,synthetic_001,roblox_dataset,True,6449
100,synthetic_scalability_scenario_derived_from_real_traffic,LOW,45,synthetic_002,netflix_dataset,True,3135
100,synthetic_scalability_scenario_derived_from_real_traffic,LOW,45,synthetic_003,navernow_dataset,True,5426
100,synthetic_scalability_scenario_derived_from_real_traffic,LOW,45,synthetic_004,youtubeLive_dataset,True,5788
100,synthetic_scalability_scenario_derived_from_real_traffic,LOW,45,synthetic_005,meet_dataset,True,4213
100,synthetic_scalability_scenario_derived_from_real_traffic,LOW,45,synthetic_006,youtube_dataset,True,313
100,synthetic_scalability_scenario_derived_from_real_traffic,LOW,45,synthetic_007,navernow_dataset,True,367
100,synthetic_scalability_scenario_derived_from_real_traffic,LOW,45,synthetic_008,geforce_dataset,True,801
100,synthetic_scalability_scenario_derived_from_real_traffic,LOW,45,synthetic_009,navernow_dataset,True,4698
100,synthetic_scalability_scenario_derived_from_real_traffic,LOW,45,synthetic_010,navernow_dataset,True,294
100,synthetic_scalability_scenario_derived_from_real_traffic,LOW,45,synthetic_011,meet_dataset,True,4684
100,synthetic_scalability_scenario_derived_from_real_traffic,LOW,45,synthetic_012,youtube_dataset,True,2808
100,synthetic_scalability_scenario_derived_from_real_traffic,LOW,45,synthetic_013,zepeto_dataset,True,2471
100,synthetic_scalability_scenario_derived_from_real_traffic,LOW,45,synthetic_014,afreeca_dataset,True,1029
100,synthetic_scalability_scenario_derived_from_real_traffic,LOW,45,synthetic_015,roblox_dataset,True,711
100,synthetic_scalability_scenario_derived_from_real_traffic,LOW,45,synthetic_016,battleground_dataset,True,838
100,synthetic_scalability_scenario_derived_from_real_traffic,LOW,45,synthetic_017,geforce_dataset,True,5203
100,synthetic_scalability_scenario_derived_from_real_traffic,LOW,45,synthetic_018,youtube_dataset,True,1167
100,synthetic_scalability_scenario_derived_from_real_traffic,LOW,45,synthetic_019,battleground_dataset,True,4748
100,synthetic_scalability_scenario_derived_from_real_traffic,LOW,45,synthetic_020,gamebox_dataset,True,4695
100,synthetic_scalability_scenario_derived_from_real_traffic,LOW,45,synthetic_021,navernow_dataset,True,3498
100,synthetic_scalability_scenario_derived_from_real_traffic,LOW,45,synthetic_022,zepeto_dataset,True,6425
100,synthetic_scalability_scenario_derived_from_real_traffic,LOW,45,synthetic_023,youtubeLive_dataset,True,2497
100,synthetic_scalability_scenario_derived_from_real_traffic,LOW,45,synthetic_024,battleground_dataset,True,237
100,synthetic_scalability_scenario_derived_from_real_traffic,LOW,45,synthetic_025,afreeca_dataset,True,3314
100,synthetic_scalability_scenario_derived_from_real_traffic,LOW,45,synthetic_026,meet_dataset,True,1354
100,synthetic_scalability_scenario_derived_from_real_traffic,LOW,45,synthetic_027,afreeca_dataset,True,831
100,synthetic_scalability_scenario_derived_from_real_traffic,LOW,45,synthetic_028,geforce_dataset,True,6639
100,synthetic_scalability_scenario_derived_from_real_traffic,LOW,45,synthetic_029,zepeto_dataset,True,2397
100,synthetic_scalability_scenario_derived_from_real_traffic,LOW,45,synthetic_030,youtube_dataset,True,4630
100,synthetic_scalability_scenario_derived_from_real_traffic,LOW,45,synthetic_031,zepeto_dataset,True,1407
100,synthetic_scalability_scenario_derived_from_real_traffic,LOW,45,synthetic_032,youtubeLive_dataset,True,90
100,synthetic_scalability_scenario_derived_from_real_traffic,LOW,45,synthetic_033,meet_dataset,True,6521
100,synthetic_scalability_scenario_derived_from_real_traffic,LOW,45,synthetic_034,zoom_dataset,True,4838
100,synthetic_scalability_scenario_derived_from_real_traffic,LOW,45,synthetic_035,zoom_dataset,True,4730
100,synthetic_scalability_scenario_derived_from_real_traffic,LOW,45,synthetic_036,tft_dataset,True,5475
100,synthetic_scalability_scenario_derived_from_real_traffic,LOW,45,synthetic_037,netflix_dataset,True,2134
100,synthetic_scalability_scenario_derived_from_real_traffic,LOW,45,synthetic_038,zoom_dataset,True,2918
100,synthetic_scalability_scenario_derived_from_real_traffic,LOW,45,synthetic_039,youtube_dataset,True,2508
100,synthetic_scalability_scenario_derived_from_real_traffic,LOW,45,synthetic_040,youtubeLive_dataset,True,5848
100,synthetic_scalability_scenario_derived_from_real_traffic,LOW,45,synthetic_041,teams_dataset,True,2113
100,synthetic_scalability_scenario_derived_from_real_traffic,LOW,45,synthetic_042,geforce_dataset,True,2278
100,synthetic_scalability_scenario_derived_from_real_traffic,LOW,45,synthetic_043,netflix_dataset,True,5022
100,synthetic_scalability_scenario_derived_from_real_traffic,LOW,45,synthetic_044,zepeto_dataset,True,4095
100,synthetic_scalability_scenario_derived_from_real_traffic,LOW,45,synthetic_045,tft_dataset,True,3547
100,synthetic_scalability_scenario_derived_from_real_traffic,LOW,45,synthetic_046,youtubeLive_dataset,True,944
100,synthetic_scalability_scenario_derived_from_real_traffic,LOW,45,synthetic_047,meet_dataset,True,2562
100,synthetic_scalability_scenario_derived_from_real_traffic,LOW,45,synthetic_048,meet_dataset,True,6016
100,synthetic_scalability_scenario_derived_from_real_traffic,LOW,45,synthetic_049,netflix_dataset,True,647
100,synthetic_scalability_scenario_derived_from_real_traffic,LOW,45,synthetic_050,netflix_dataset,True,5432
100,synthetic_scalability_scenario_derived_from_real_traffic,LOW,45,synthetic_051,navernow_dataset,True,4527
100,synthetic_scalability_scenario_derived_from_real_traffic,LOW,45,synthetic_052,meet_dataset,True,763
100,synthetic_scalability_scenario_derived_from_real_traffic,LOW,45,synthetic_053,zoom_dataset,True,5374
100,synthetic_scalability_scenario_derived_from_real_traffic,LOW,45,synthetic_054,afreeca_dataset,True,3352
100,synthetic_scalability_scenario_derived_from_real_traffic,LOW,45,synthetic_055,battleground_dataset,True,2734
100,synthetic_scalability_scenario_derived_from_real_traffic,LOW,45,synthetic_056,afreeca_dataset,True,4166
100,synthetic_scalability_scenario_derived_from_real_traffic,LOW,45,synthetic_057,geforce_dataset,True,1984
100,synthetic_scalability_scenario_derived_from_real_traffic,LOW,45,synthetic_058,tft_dataset,True,509
100,synthetic_scalability_scenario_derived_from_real_traffic,LOW,45,synthetic_059,tft_dataset,True,1561
100,synthetic_scalability_scenario_derived_from_real_traffic,LOW,45,synthetic_060,teams_dataset,True,1215
100,synthetic_scalability_scenario_derived_from_real_traffic,LOW,45,synthetic_061,afreeca_dataset,True,2785
100,synthetic_scalability_scenario_derived_from_real_traffic,LOW,45,synthetic_062,zepeto_dataset,True,3445
100,synthetic_scalability_scenario_derived_from_real_traffic,LOW,45,synthetic_063,battleground_dataset,True,1643
100,synthetic_scalability_scenario_derived_from_real_traffic,LOW,45,synthetic_064,youtube_dataset,True,5278
100,synthetic_scalability_scenario_derived_from_real_traffic,LOW,45,synthetic_065,netflix_dataset,True,2429
100,synthetic_scalability_scenario_derived_from_real_traffic,LOW,45,synthetic_066,battleground_dataset,True,4100
100,synthetic_scalability_scenario_derived_from_real_traffic,LOW,45,synthetic_067,youtubeLive_dataset,True,4638
100,synthetic_scalability_scenario_derived_from_real_traffic,LOW,45,synthetic_068,amazon_dataset,True,5171
100,synthetic_scalability_scenario_derived_from_real_traffic,LOW,45,synthetic_069,zepeto_dataset,True,1067
100,synthetic_scalability_scenario_derived_from_real_traffic,LOW,45,synthetic_070,battleground_dataset,True,2069
100,synthetic_scalability_scenario_derived_from_real_traffic,LOW,45,synthetic_071,zepeto_dataset,True,5526
100,synthetic_scalability_scenario_derived_from_real_traffic,LOW,45,synthetic_072,netflix_dataset,True,4720
100,synthetic_scalability_scenario_derived_from_real_traffic,LOW,45,synthetic_073,afreeca_dataset,True,3457
100,synthetic_scalability_scenario_derived_from_real_traffic,LOW,45,synthetic_074,geforce_dataset,True,6100
100,synthetic_scalability_scenario_derived_from_real_traffic,LOW,45,synthetic_075,amazon_dataset,True,1651
100,synthetic_scalability_scenario_derived_from_real_traffic,LOW,45,synthetic_076,amazon_dataset,True,2994
100,synthetic_scalability_scenario_derived_from_real_traffic,LOW,45,synthetic_077,tft_dataset,True,3268
100,synthetic_scalability_scenario_derived_from_real_traffic,LOW,45,synthetic_078,meet_dataset,True,1149
100,synthetic_scalability_scenario_derived_from_real_traffic,LOW,45,synthetic_079,tft_dataset,True,1394
100,synthetic_scalability_scenario_derived_from_real_traffic,LOW,45,synthetic_080,navernow_dataset,True,4235
100,synthetic_scalability_scenario_derived_from_real_traffic,LOW,45,synthetic_081,zepeto_dataset,True,0
100,synthetic_scalability_scenario_derived_from_real_traffic,LOW,45,synthetic_082,gamebox_dataset,True,2657
100,synthetic_scalability_scenario_derived_from_real_traffic,LOW,45,synthetic_083,amazon_dataset,True,1963
100,synthetic_scalability_scenario_derived_from_real_traffic,LOW,45,synthetic_084,gamebox_dataset,True,5153
100,synthetic_scalability_scenario_derived_from_real_traffic,LOW,45,synthetic_085,zepeto_dataset,True,2964
100,synthetic_scalability_scenario_derived_from_real_traffic,LOW,46,afreeca_dataset,afreeca_dataset,False,0
100,synthetic_scalability_scenario_derived_from_real_traffic,LOW,46,amazon_dataset,amazon_dataset,False,0
100,synthetic_scalability_scenario_derived_from_real_traffic,LOW,46,battleground_dataset,battleground_dataset,False,0
100,synthetic_scalability_scenario_derived_from_real_traffic,LOW,46,gamebox_dataset,gamebox_dataset,False,0
100,synthetic_scalability_scenario_derived_from_real_traffic,LOW,46,geforce_dataset,geforce_dataset,False,0
100,synthetic_scalability_scenario_derived_from_real_traffic,LOW,46,meet_dataset,meet_dataset,False,0
100,synthetic_scalability_scenario_derived_from_real_traffic,LOW,46,navernow_dataset,navernow_dataset,False,0
100,synthetic_scalability_scenario_derived_from_real_traffic,LOW,46,netflix_dataset,netflix_dataset,False,0
100,synthetic_scalability_scenario_derived_from_real_traffic,LOW,46,roblox_dataset,roblox_dataset,False,0
100,synthetic_scalability_scenario_derived_from_real_traffic,LOW,46,teams_dataset,teams_dataset,False,0
100,synthetic_scalability_scenario_derived_from_real_traffic,LOW,46,tft_dataset,tft_dataset,False,0
100,synthetic_scalability_scenario_derived_from_real_traffic,LOW,46,youtubeLive_dataset,youtubeLive_dataset,False,0
100,synthetic_scalability_scenario_derived_from_real_traffic,LOW,46,youtube_dataset,youtube_dataset,False,0
100,synthetic_scalability_scenario_derived_from_real_traffic,LOW,46,zepeto_dataset,zepeto_dataset,False,0
100,synthetic_scalability_scenario_derived_from_real_traffic,LOW,46,zoom_dataset,zoom_dataset,False,0
100,synthetic_scalability_scenario_derived_from_real_traffic,LOW,46,synthetic_001,teams_dataset,True,4886
100,synthetic_scalability_scenario_derived_from_real_traffic,LOW,46,synthetic_002,battleground_dataset,True,5170
100,synthetic_scalability_scenario_derived_from_real_traffic,LOW,46,synthetic_003,youtubeLive_dataset,True,444
100,synthetic_scalability_scenario_derived_from_real_traffic,LOW,46,synthetic_004,zepeto_dataset,True,702
100,synthetic_scalability_scenario_derived_from_real_traffic,LOW,46,synthetic_005,gamebox_dataset,True,2609
100,synthetic_scalability_scenario_derived_from_real_traffic,LOW,46,synthetic_006,geforce_dataset,True,2181
100,synthetic_scalability_scenario_derived_from_real_traffic,LOW,46,synthetic_007,zepeto_dataset,True,1683
100,synthetic_scalability_scenario_derived_from_real_traffic,LOW,46,synthetic_008,geforce_dataset,True,5639
100,synthetic_scalability_scenario_derived_from_real_traffic,LOW,46,synthetic_009,zoom_dataset,True,47
100,synthetic_scalability_scenario_derived_from_real_traffic,LOW,46,synthetic_010,gamebox_dataset,True,1211
100,synthetic_scalability_scenario_derived_from_real_traffic,LOW,46,synthetic_011,meet_dataset,True,4270
100,synthetic_scalability_scenario_derived_from_real_traffic,LOW,46,synthetic_012,teams_dataset,True,3202
100,synthetic_scalability_scenario_derived_from_real_traffic,LOW,46,synthetic_013,afreeca_dataset,True,3352
100,synthetic_scalability_scenario_derived_from_real_traffic,LOW,46,synthetic_014,battleground_dataset,True,4555
100,synthetic_scalability_scenario_derived_from_real_traffic,LOW,46,synthetic_015,geforce_dataset,True,371
100,synthetic_scalability_scenario_derived_from_real_traffic,LOW,46,synthetic_016,zoom_dataset,True,4909
100,synthetic_scalability_scenario_derived_from_real_traffic,LOW,46,synthetic_017,teams_dataset,True,4370
100,synthetic_scalability_scenario_derived_from_real_traffic,LOW,46,synthetic_018,tft_dataset,True,6021
100,synthetic_scalability_scenario_derived_from_real_traffic,LOW,46,synthetic_019,youtube_dataset,True,4160
100,synthetic_scalability_scenario_derived_from_real_traffic,LOW,46,synthetic_020,zoom_dataset,True,6633
100,synthetic_scalability_scenario_derived_from_real_traffic,LOW,46,synthetic_021,youtube_dataset,True,3326
100,synthetic_scalability_scenario_derived_from_real_traffic,LOW,46,synthetic_022,netflix_dataset,True,4820
100,synthetic_scalability_scenario_derived_from_real_traffic,LOW,46,synthetic_023,battleground_dataset,True,288
100,synthetic_scalability_scenario_derived_from_real_traffic,LOW,46,synthetic_024,teams_dataset,True,1735
100,synthetic_scalability_scenario_derived_from_real_traffic,LOW,46,synthetic_025,tft_dataset,True,1157
100,synthetic_scalability_scenario_derived_from_real_traffic,LOW,46,synthetic_026,youtubeLive_dataset,True,3647
100,synthetic_scalability_scenario_derived_from_real_traffic,LOW,46,synthetic_027,meet_dataset,True,2998
100,synthetic_scalability_scenario_derived_from_real_traffic,LOW,46,synthetic_028,battleground_dataset,True,1289
100,synthetic_scalability_scenario_derived_from_real_traffic,LOW,46,synthetic_029,gamebox_dataset,True,3101
100,synthetic_scalability_scenario_derived_from_real_traffic,LOW,46,synthetic_030,battleground_dataset,True,882
100,synthetic_scalability_scenario_derived_from_real_traffic,LOW,46,synthetic_031,navernow_dataset,True,3018
100,synthetic_scalability_scenario_derived_from_real_traffic,LOW,46,synthetic_032,meet_dataset,True,6400
100,synthetic_scalability_scenario_derived_from_real_traffic,LOW,46,synthetic_033,youtubeLive_dataset,True,3417
100,synthetic_scalability_scenario_derived_from_real_traffic,LOW,46,synthetic_034,geforce_dataset,True,3006
100,synthetic_scalability_scenario_derived_from_real_traffic,LOW,46,synthetic_035,netflix_dataset,True,3238
100,synthetic_scalability_scenario_derived_from_real_traffic,LOW,46,synthetic_036,zepeto_dataset,True,1655
100,synthetic_scalability_scenario_derived_from_real_traffic,LOW,46,synthetic_037,zoom_dataset,True,3857
100,synthetic_scalability_scenario_derived_from_real_traffic,LOW,46,synthetic_038,geforce_dataset,True,1058
100,synthetic_scalability_scenario_derived_from_real_traffic,LOW,46,synthetic_039,afreeca_dataset,True,667
100,synthetic_scalability_scenario_derived_from_real_traffic,LOW,46,synthetic_040,zepeto_dataset,True,3285
100,synthetic_scalability_scenario_derived_from_real_traffic,LOW,46,synthetic_041,roblox_dataset,True,892
100,synthetic_scalability_scenario_derived_from_real_traffic,LOW,46,synthetic_042,netflix_dataset,True,4533
100,synthetic_scalability_scenario_derived_from_real_traffic,LOW,46,synthetic_043,netflix_dataset,True,4120
100,synthetic_scalability_scenario_derived_from_real_traffic,LOW,46,synthetic_044,gamebox_dataset,True,3116
100,synthetic_scalability_scenario_derived_from_real_traffic,LOW,46,synthetic_045,meet_dataset,True,1347
100,synthetic_scalability_scenario_derived_from_real_traffic,LOW,46,synthetic_046,zepeto_dataset,True,2685
100,synthetic_scalability_scenario_derived_from_real_traffic,LOW,46,synthetic_047,gamebox_dataset,True,6317
100,synthetic_scalability_scenario_derived_from_real_traffic,LOW,46,synthetic_048,meet_dataset,True,4597
100,synthetic_scalability_scenario_derived_from_real_traffic,LOW,46,synthetic_049,zepeto_dataset,True,5423
100,synthetic_scalability_scenario_derived_from_real_traffic,LOW,46,synthetic_050,teams_dataset,True,1011
100,synthetic_scalability_scenario_derived_from_real_traffic,LOW,46,synthetic_051,zoom_dataset,True,6485
100,synthetic_scalability_scenario_derived_from_real_traffic,LOW,46,synthetic_052,teams_dataset,True,2422
100,synthetic_scalability_scenario_derived_from_real_traffic,LOW,46,synthetic_053,amazon_dataset,True,2511
100,synthetic_scalability_scenario_derived_from_real_traffic,LOW,46,synthetic_054,tft_dataset,True,2531
100,synthetic_scalability_scenario_derived_from_real_traffic,LOW,46,synthetic_055,geforce_dataset,True,665
100,synthetic_scalability_scenario_derived_from_real_traffic,LOW,46,synthetic_056,teams_dataset,True,4978
100,synthetic_scalability_scenario_derived_from_real_traffic,LOW,46,synthetic_057,youtubeLive_dataset,True,1792
100,synthetic_scalability_scenario_derived_from_real_traffic,LOW,46,synthetic_058,youtube_dataset,True,3294
100,synthetic_scalability_scenario_derived_from_real_traffic,LOW,46,synthetic_059,meet_dataset,True,6227
100,synthetic_scalability_scenario_derived_from_real_traffic,LOW,46,synthetic_060,roblox_dataset,True,4135
100,synthetic_scalability_scenario_derived_from_real_traffic,LOW,46,synthetic_061,netflix_dataset,True,6034
100,synthetic_scalability_scenario_derived_from_real_traffic,LOW,46,synthetic_062,netflix_dataset,True,1348
100,synthetic_scalability_scenario_derived_from_real_traffic,LOW,46,synthetic_063,amazon_dataset,True,2830
100,synthetic_scalability_scenario_derived_from_real_traffic,LOW,46,synthetic_064,youtubeLive_dataset,True,4522
100,synthetic_scalability_scenario_derived_from_real_traffic,LOW,46,synthetic_065,amazon_dataset,True,2202
100,synthetic_scalability_scenario_derived_from_real_traffic,LOW,46,synthetic_066,tft_dataset,True,3497
100,synthetic_scalability_scenario_derived_from_real_traffic,LOW,46,synthetic_067,teams_dataset,True,585
100,synthetic_scalability_scenario_derived_from_real_traffic,LOW,46,synthetic_068,geforce_dataset,True,4136
100,synthetic_scalability_scenario_derived_from_real_traffic,LOW,46,synthetic_069,battleground_dataset,True,3032
100,synthetic_scalability_scenario_derived_from_real_traffic,LOW,46,synthetic_070,meet_dataset,True,6044
100,synthetic_scalability_scenario_derived_from_real_traffic,LOW,46,synthetic_071,zoom_dataset,True,2652
100,synthetic_scalability_scenario_derived_from_real_traffic,LOW,46,synthetic_072,meet_dataset,True,3523
100,synthetic_scalability_scenario_derived_from_real_traffic,LOW,46,synthetic_073,gamebox_dataset,True,4179
100,synthetic_scalability_scenario_derived_from_real_traffic,LOW,46,synthetic_074,youtube_dataset,True,4631
100,synthetic_scalability_scenario_derived_from_real_traffic,LOW,46,synthetic_075,tft_dataset,True,2228
100,synthetic_scalability_scenario_derived_from_real_traffic,LOW,46,synthetic_076,roblox_dataset,True,4028
100,synthetic_scalability_scenario_derived_from_real_traffic,LOW,46,synthetic_077,tft_dataset,True,1903
100,synthetic_scalability_scenario_derived_from_real_traffic,LOW,46,synthetic_078,afreeca_dataset,True,133
100,synthetic_scalability_scenario_derived_from_real_traffic,LOW,46,synthetic_079,zoom_dataset,True,6187
100,synthetic_scalability_scenario_derived_from_real_traffic,LOW,46,synthetic_080,netflix_dataset,True,5214
100,synthetic_scalability_scenario_derived_from_real_traffic,LOW,46,synthetic_081,meet_dataset,True,2235
100,synthetic_scalability_scenario_derived_from_real_traffic,LOW,46,synthetic_082,amazon_dataset,True,96
100,synthetic_scalability_scenario_derived_from_real_traffic,LOW,46,synthetic_083,battleground_dataset,True,3492
100,synthetic_scalability_scenario_derived_from_real_traffic,LOW,46,synthetic_084,teams_dataset,True,2978
100,synthetic_scalability_scenario_derived_from_real_traffic,LOW,46,synthetic_085,navernow_dataset,True,3867
100,synthetic_scalability_scenario_derived_from_real_traffic,MEDIUM,42,afreeca_dataset,afreeca_dataset,False,0
100,synthetic_scalability_scenario_derived_from_real_traffic,MEDIUM,42,amazon_dataset,amazon_dataset,False,0
100,synthetic_scalability_scenario_derived_from_real_traffic,MEDIUM,42,battleground_dataset,battleground_dataset,False,0
100,synthetic_scalability_scenario_derived_from_real_traffic,MEDIUM,42,gamebox_dataset,gamebox_dataset,False,0
100,synthetic_scalability_scenario_derived_from_real_traffic,MEDIUM,42,geforce_dataset,geforce_dataset,False,0
100,synthetic_scalability_scenario_derived_from_real_traffic,MEDIUM,42,meet_dataset,meet_dataset,False,0
100,synthetic_scalability_scenario_derived_from_real_traffic,MEDIUM,42,navernow_dataset,navernow_dataset,False,0
100,synthetic_scalability_scenario_derived_from_real_traffic,MEDIUM,42,netflix_dataset,netflix_dataset,False,0
100,synthetic_scalability_scenario_derived_from_real_traffic,MEDIUM,42,roblox_dataset,roblox_dataset,False,0
100,synthetic_scalability_scenario_derived_from_real_traffic,MEDIUM,42,teams_dataset,teams_dataset,False,0
100,synthetic_scalability_scenario_derived_from_real_traffic,MEDIUM,42,tft_dataset,tft_dataset,False,0
100,synthetic_scalability_scenario_derived_from_real_traffic,MEDIUM,42,youtubeLive_dataset,youtubeLive_dataset,False,0
100,synthetic_scalability_scenario_derived_from_real_traffic,MEDIUM,42,youtube_dataset,youtube_dataset,False,0
100,synthetic_scalability_scenario_derived_from_real_traffic,MEDIUM,42,zepeto_dataset,zepeto_dataset,False,0
100,synthetic_scalability_scenario_derived_from_real_traffic,MEDIUM,42,zoom_dataset,zoom_dataset,False,0
100,synthetic_scalability_scenario_derived_from_real_traffic,MEDIUM,42,synthetic_001,roblox_dataset,True,2966
100,synthetic_scalability_scenario_derived_from_real_traffic,MEDIUM,42,synthetic_002,navernow_dataset,True,1520
100,synthetic_scalability_scenario_derived_from_real_traffic,MEDIUM,42,synthetic_003,amazon_dataset,True,3710
100,synthetic_scalability_scenario_derived_from_real_traffic,MEDIUM,42,synthetic_004,zepeto_dataset,True,426
100,synthetic_scalability_scenario_derived_from_real_traffic,MEDIUM,42,synthetic_005,youtube_dataset,True,5536
100,synthetic_scalability_scenario_derived_from_real_traffic,MEDIUM,42,synthetic_006,geforce_dataset,True,4225
100,synthetic_scalability_scenario_derived_from_real_traffic,MEDIUM,42,synthetic_007,battleground_dataset,True,5071
100,synthetic_scalability_scenario_derived_from_real_traffic,MEDIUM,42,synthetic_008,tft_dataset,True,2371
100,synthetic_scalability_scenario_derived_from_real_traffic,MEDIUM,42,synthetic_009,amazon_dataset,True,6493
100,synthetic_scalability_scenario_derived_from_real_traffic,MEDIUM,42,synthetic_010,navernow_dataset,True,5974
100,synthetic_scalability_scenario_derived_from_real_traffic,MEDIUM,42,synthetic_011,tft_dataset,True,5207
100,synthetic_scalability_scenario_derived_from_real_traffic,MEDIUM,42,synthetic_012,youtubeLive_dataset,True,1302
100,synthetic_scalability_scenario_derived_from_real_traffic,MEDIUM,42,synthetic_013,meet_dataset,True,3122
100,synthetic_scalability_scenario_derived_from_real_traffic,MEDIUM,42,synthetic_014,netflix_dataset,True,293
100,synthetic_scalability_scenario_derived_from_real_traffic,MEDIUM,42,synthetic_015,roblox_dataset,True,1032
100,synthetic_scalability_scenario_derived_from_real_traffic,MEDIUM,42,synthetic_016,youtubeLive_dataset,True,4569
100,synthetic_scalability_scenario_derived_from_real_traffic,MEDIUM,42,synthetic_017,zepeto_dataset,True,4982
100,synthetic_scalability_scenario_derived_from_real_traffic,MEDIUM,42,synthetic_018,meet_dataset,True,6472
100,synthetic_scalability_scenario_derived_from_real_traffic,MEDIUM,42,synthetic_019,navernow_dataset,True,2179
100,synthetic_scalability_scenario_derived_from_real_traffic,MEDIUM,42,synthetic_020,zepeto_dataset,True,2478
100,synthetic_scalability_scenario_derived_from_real_traffic,MEDIUM,42,synthetic_021,amazon_dataset,True,3141
100,synthetic_scalability_scenario_derived_from_real_traffic,MEDIUM,42,synthetic_022,youtubeLive_dataset,True,1267
100,synthetic_scalability_scenario_derived_from_real_traffic,MEDIUM,42,synthetic_023,navernow_dataset,True,869
100,synthetic_scalability_scenario_derived_from_real_traffic,MEDIUM,42,synthetic_024,tft_dataset,True,3182
100,synthetic_scalability_scenario_derived_from_real_traffic,MEDIUM,42,synthetic_025,geforce_dataset,True,1518
100,synthetic_scalability_scenario_derived_from_real_traffic,MEDIUM,42,synthetic_026,roblox_dataset,True,4481
100,synthetic_scalability_scenario_derived_from_real_traffic,MEDIUM,42,synthetic_027,zoom_dataset,True,2924
100,synthetic_scalability_scenario_derived_from_real_traffic,MEDIUM,42,synthetic_028,battleground_dataset,True,5570
100,synthetic_scalability_scenario_derived_from_real_traffic,MEDIUM,42,synthetic_029,teams_dataset,True,4684
100,synthetic_scalability_scenario_derived_from_real_traffic,MEDIUM,42,synthetic_030,amazon_dataset,True,2089
100,synthetic_scalability_scenario_derived_from_real_traffic,MEDIUM,42,synthetic_031,youtubeLive_dataset,True,5567
100,synthetic_scalability_scenario_derived_from_real_traffic,MEDIUM,42,synthetic_032,navernow_dataset,True,5383
100,synthetic_scalability_scenario_derived_from_real_traffic,MEDIUM,42,synthetic_033,youtube_dataset,True,2592
100,synthetic_scalability_scenario_derived_from_real_traffic,MEDIUM,42,synthetic_034,zepeto_dataset,True,1928
100,synthetic_scalability_scenario_derived_from_real_traffic,MEDIUM,42,synthetic_035,gamebox_dataset,True,4565
100,synthetic_scalability_scenario_derived_from_real_traffic,MEDIUM,42,synthetic_036,teams_dataset,True,934
100,synthetic_scalability_scenario_derived_from_real_traffic,MEDIUM,42,synthetic_037,youtube_dataset,True,1337
100,synthetic_scalability_scenario_derived_from_real_traffic,MEDIUM,42,synthetic_038,youtube_dataset,True,49
100,synthetic_scalability_scenario_derived_from_real_traffic,MEDIUM,42,synthetic_039,youtubeLive_dataset,True,5264
100,synthetic_scalability_scenario_derived_from_real_traffic,MEDIUM,42,synthetic_040,youtubeLive_dataset,True,4447
100,synthetic_scalability_scenario_derived_from_real_traffic,MEDIUM,42,synthetic_041,netflix_dataset,True,4717
100,synthetic_scalability_scenario_derived_from_real_traffic,MEDIUM,42,synthetic_042,geforce_dataset,True,5223
100,synthetic_scalability_scenario_derived_from_real_traffic,MEDIUM,42,synthetic_043,roblox_dataset,True,3070
100,synthetic_scalability_scenario_derived_from_real_traffic,MEDIUM,42,synthetic_044,netflix_dataset,True,3804
100,synthetic_scalability_scenario_derived_from_real_traffic,MEDIUM,42,synthetic_045,afreeca_dataset,True,935
100,synthetic_scalability_scenario_derived_from_real_traffic,MEDIUM,42,synthetic_046,gamebox_dataset,True,766
100,synthetic_scalability_scenario_derived_from_real_traffic,MEDIUM,42,synthetic_047,navernow_dataset,True,4471
100,synthetic_scalability_scenario_derived_from_real_traffic,MEDIUM,42,synthetic_048,teams_dataset,True,3151
100,synthetic_scalability_scenario_derived_from_real_traffic,MEDIUM,42,synthetic_049,youtube_dataset,True,3781
100,synthetic_scalability_scenario_derived_from_real_traffic,MEDIUM,42,synthetic_050,amazon_dataset,True,5117
100,synthetic_scalability_scenario_derived_from_real_traffic,MEDIUM,42,synthetic_051,roblox_dataset,True,4246
100,synthetic_scalability_scenario_derived_from_real_traffic,MEDIUM,42,synthetic_052,roblox_dataset,True,3703
100,synthetic_scalability_scenario_derived_from_real_traffic,MEDIUM,42,synthetic_053,amazon_dataset,True,3741
100,synthetic_scalability_scenario_derived_from_real_traffic,MEDIUM,42,synthetic_054,youtubeLive_dataset,True,2033
100,synthetic_scalability_scenario_derived_from_real_traffic,MEDIUM,42,synthetic_055,teams_dataset,True,206
100,synthetic_scalability_scenario_derived_from_real_traffic,MEDIUM,42,synthetic_056,meet_dataset,True,2921
100,synthetic_scalability_scenario_derived_from_real_traffic,MEDIUM,42,synthetic_057,zoom_dataset,True,1435
100,synthetic_scalability_scenario_derived_from_real_traffic,MEDIUM,42,synthetic_058,geforce_dataset,True,2733
100,synthetic_scalability_scenario_derived_from_real_traffic,MEDIUM,42,synthetic_059,zoom_dataset,True,5709
100,synthetic_scalability_scenario_derived_from_real_traffic,MEDIUM,42,synthetic_060,afreeca_dataset,True,1565
100,synthetic_scalability_scenario_derived_from_real_traffic,MEDIUM,42,synthetic_061,youtube_dataset,True,390
100,synthetic_scalability_scenario_derived_from_real_traffic,MEDIUM,42,synthetic_062,youtube_dataset,True,1882
100,synthetic_scalability_scenario_derived_from_real_traffic,MEDIUM,42,synthetic_063,zepeto_dataset,True,1964
100,synthetic_scalability_scenario_derived_from_real_traffic,MEDIUM,42,synthetic_064,navernow_dataset,True,4428
100,synthetic_scalability_scenario_derived_from_real_traffic,MEDIUM,42,synthetic_065,amazon_dataset,True,3726
100,synthetic_scalability_scenario_derived_from_real_traffic,MEDIUM,42,synthetic_066,netflix_dataset,True,5244
100,synthetic_scalability_scenario_derived_from_real_traffic,MEDIUM,42,synthetic_067,zoom_dataset,True,4444
100,synthetic_scalability_scenario_derived_from_real_traffic,MEDIUM,42,synthetic_068,navernow_dataset,True,2718
100,synthetic_scalability_scenario_derived_from_real_traffic,MEDIUM,42,synthetic_069,navernow_dataset,True,5445
100,synthetic_scalability_scenario_derived_from_real_traffic,MEDIUM,42,synthetic_070,geforce_dataset,True,1117
100,synthetic_scalability_scenario_derived_from_real_traffic,MEDIUM,42,synthetic_071,meet_dataset,True,151
100,synthetic_scalability_scenario_derived_from_real_traffic,MEDIUM,42,synthetic_072,amazon_dataset,True,602
100,synthetic_scalability_scenario_derived_from_real_traffic,MEDIUM,42,synthetic_073,youtubeLive_dataset,True,4832
100,synthetic_scalability_scenario_derived_from_real_traffic,MEDIUM,42,synthetic_074,tft_dataset,True,3089
100,synthetic_scalability_scenario_derived_from_real_traffic,MEDIUM,42,synthetic_075,tft_dataset,True,1078
100,synthetic_scalability_scenario_derived_from_real_traffic,MEDIUM,42,synthetic_076,zepeto_dataset,True,3351
100,synthetic_scalability_scenario_derived_from_real_traffic,MEDIUM,42,synthetic_077,zoom_dataset,True,1018
100,synthetic_scalability_scenario_derived_from_real_traffic,MEDIUM,42,synthetic_078,netflix_dataset,True,4658
100,synthetic_scalability_scenario_derived_from_real_traffic,MEDIUM,42,synthetic_079,netflix_dataset,True,2984
100,synthetic_scalability_scenario_derived_from_real_traffic,MEDIUM,42,synthetic_080,battleground_dataset,True,2549
100,synthetic_scalability_scenario_derived_from_real_traffic,MEDIUM,42,synthetic_081,gamebox_dataset,True,2017
100,synthetic_scalability_scenario_derived_from_real_traffic,MEDIUM,42,synthetic_082,tft_dataset,True,4216
100,synthetic_scalability_scenario_derived_from_real_traffic,MEDIUM,42,synthetic_083,teams_dataset,True,2420
100,synthetic_scalability_scenario_derived_from_real_traffic,MEDIUM,42,synthetic_084,zoom_dataset,True,586
100,synthetic_scalability_scenario_derived_from_real_traffic,MEDIUM,42,synthetic_085,meet_dataset,True,789
100,synthetic_scalability_scenario_derived_from_real_traffic,MEDIUM,43,afreeca_dataset,afreeca_dataset,False,0
100,synthetic_scalability_scenario_derived_from_real_traffic,MEDIUM,43,amazon_dataset,amazon_dataset,False,0
100,synthetic_scalability_scenario_derived_from_real_traffic,MEDIUM,43,battleground_dataset,battleground_dataset,False,0
100,synthetic_scalability_scenario_derived_from_real_traffic,MEDIUM,43,gamebox_dataset,gamebox_dataset,False,0
100,synthetic_scalability_scenario_derived_from_real_traffic,MEDIUM,43,geforce_dataset,geforce_dataset,False,0
100,synthetic_scalability_scenario_derived_from_real_traffic,MEDIUM,43,meet_dataset,meet_dataset,False,0
100,synthetic_scalability_scenario_derived_from_real_traffic,MEDIUM,43,navernow_dataset,navernow_dataset,False,0
100,synthetic_scalability_scenario_derived_from_real_traffic,MEDIUM,43,netflix_dataset,netflix_dataset,False,0
100,synthetic_scalability_scenario_derived_from_real_traffic,MEDIUM,43,roblox_dataset,roblox_dataset,False,0
100,synthetic_scalability_scenario_derived_from_real_traffic,MEDIUM,43,teams_dataset,teams_dataset,False,0
100,synthetic_scalability_scenario_derived_from_real_traffic,MEDIUM,43,tft_dataset,tft_dataset,False,0
100,synthetic_scalability_scenario_derived_from_real_traffic,MEDIUM,43,youtubeLive_dataset,youtubeLive_dataset,False,0
100,synthetic_scalability_scenario_derived_from_real_traffic,MEDIUM,43,youtube_dataset,youtube_dataset,False,0
100,synthetic_scalability_scenario_derived_from_real_traffic,MEDIUM,43,zepeto_dataset,zepeto_dataset,False,0
100,synthetic_scalability_scenario_derived_from_real_traffic,MEDIUM,43,zoom_dataset,zoom_dataset,False,0
100,synthetic_scalability_scenario_derived_from_real_traffic,MEDIUM,43,synthetic_001,zepeto_dataset,True,2823
100,synthetic_scalability_scenario_derived_from_real_traffic,MEDIUM,43,synthetic_002,navernow_dataset,True,27
100,synthetic_scalability_scenario_derived_from_real_traffic,MEDIUM,43,synthetic_003,navernow_dataset,True,2066
100,synthetic_scalability_scenario_derived_from_real_traffic,MEDIUM,43,synthetic_004,roblox_dataset,True,6367
100,synthetic_scalability_scenario_derived_from_real_traffic,MEDIUM,43,synthetic_005,afreeca_dataset,True,5607
100,synthetic_scalability_scenario_derived_from_real_traffic,MEDIUM,43,synthetic_006,meet_dataset,True,3580
100,synthetic_scalability_scenario_derived_from_real_traffic,MEDIUM,43,synthetic_007,netflix_dataset,True,3247
100,synthetic_scalability_scenario_derived_from_real_traffic,MEDIUM,43,synthetic_008,youtube_dataset,True,6322
100,synthetic_scalability_scenario_derived_from_real_traffic,MEDIUM,43,synthetic_009,zoom_dataset,True,3968
100,synthetic_scalability_scenario_derived_from_real_traffic,MEDIUM,43,synthetic_010,tft_dataset,True,6307
100,synthetic_scalability_scenario_derived_from_real_traffic,MEDIUM,43,synthetic_011,zepeto_dataset,True,6675
100,synthetic_scalability_scenario_derived_from_real_traffic,MEDIUM,43,synthetic_012,afreeca_dataset,True,225
100,synthetic_scalability_scenario_derived_from_real_traffic,MEDIUM,43,synthetic_013,roblox_dataset,True,793
100,synthetic_scalability_scenario_derived_from_real_traffic,MEDIUM,43,synthetic_014,youtube_dataset,True,5092
100,synthetic_scalability_scenario_derived_from_real_traffic,MEDIUM,43,synthetic_015,amazon_dataset,True,843
100,synthetic_scalability_scenario_derived_from_real_traffic,MEDIUM,43,synthetic_016,amazon_dataset,True,2286
100,synthetic_scalability_scenario_derived_from_real_traffic,MEDIUM,43,synthetic_017,youtube_dataset,True,2007
100,synthetic_scalability_scenario_derived_from_real_traffic,MEDIUM,43,synthetic_018,tft_dataset,True,3686
100,synthetic_scalability_scenario_derived_from_real_traffic,MEDIUM,43,synthetic_019,teams_dataset,True,338
100,synthetic_scalability_scenario_derived_from_real_traffic,MEDIUM,43,synthetic_020,tft_dataset,True,3016
100,synthetic_scalability_scenario_derived_from_real_traffic,MEDIUM,43,synthetic_021,battleground_dataset,True,3715
100,synthetic_scalability_scenario_derived_from_real_traffic,MEDIUM,43,synthetic_022,teams_dataset,True,797
100,synthetic_scalability_scenario_derived_from_real_traffic,MEDIUM,43,synthetic_023,netflix_dataset,True,2284
100,synthetic_scalability_scenario_derived_from_real_traffic,MEDIUM,43,synthetic_024,youtubeLive_dataset,True,3375
100,synthetic_scalability_scenario_derived_from_real_traffic,MEDIUM,43,synthetic_025,afreeca_dataset,True,2033
100,synthetic_scalability_scenario_derived_from_real_traffic,MEDIUM,43,synthetic_026,roblox_dataset,True,2795
100,synthetic_scalability_scenario_derived_from_real_traffic,MEDIUM,43,synthetic_027,geforce_dataset,True,2773
100,synthetic_scalability_scenario_derived_from_real_traffic,MEDIUM,43,synthetic_028,geforce_dataset,True,624
100,synthetic_scalability_scenario_derived_from_real_traffic,MEDIUM,43,synthetic_029,tft_dataset,True,3933
100,synthetic_scalability_scenario_derived_from_real_traffic,MEDIUM,43,synthetic_030,netflix_dataset,True,495
100,synthetic_scalability_scenario_derived_from_real_traffic,MEDIUM,43,synthetic_031,tft_dataset,True,3883
100,synthetic_scalability_scenario_derived_from_real_traffic,MEDIUM,43,synthetic_032,youtube_dataset,True,554
100,synthetic_scalability_scenario_derived_from_real_traffic,MEDIUM,43,synthetic_033,geforce_dataset,True,3606
100,synthetic_scalability_scenario_derived_from_real_traffic,MEDIUM,43,synthetic_034,amazon_dataset,True,5691
100,synthetic_scalability_scenario_derived_from_real_traffic,MEDIUM,43,synthetic_035,gamebox_dataset,True,1932
100,synthetic_scalability_scenario_derived_from_real_traffic,MEDIUM,43,synthetic_036,meet_dataset,True,553
100,synthetic_scalability_scenario_derived_from_real_traffic,MEDIUM,43,synthetic_037,battleground_dataset,True,2144
100,synthetic_scalability_scenario_derived_from_real_traffic,MEDIUM,43,synthetic_038,gamebox_dataset,True,2839
100,synthetic_scalability_scenario_derived_from_real_traffic,MEDIUM,43,synthetic_039,teams_dataset,True,4095
100,synthetic_scalability_scenario_derived_from_real_traffic,MEDIUM,43,synthetic_040,zepeto_dataset,True,1013
100,synthetic_scalability_scenario_derived_from_real_traffic,MEDIUM,43,synthetic_041,teams_dataset,True,26
100,synthetic_scalability_scenario_derived_from_real_traffic,MEDIUM,43,synthetic_042,afreeca_dataset,True,5640
100,synthetic_scalability_scenario_derived_from_real_traffic,MEDIUM,43,synthetic_043,meet_dataset,True,3044
100,synthetic_scalability_scenario_derived_from_real_traffic,MEDIUM,43,synthetic_044,zepeto_dataset,True,3837
100,synthetic_scalability_scenario_derived_from_real_traffic,MEDIUM,43,synthetic_045,tft_dataset,True,5360
100,synthetic_scalability_scenario_derived_from_real_traffic,MEDIUM,43,synthetic_046,teams_dataset,True,5106
100,synthetic_scalability_scenario_derived_from_real_traffic,MEDIUM,43,synthetic_047,amazon_dataset,True,5766
100,synthetic_scalability_scenario_derived_from_real_traffic,MEDIUM,43,synthetic_048,navernow_dataset,True,2153
100,synthetic_scalability_scenario_derived_from_real_traffic,MEDIUM,43,synthetic_049,battleground_dataset,True,1296
100,synthetic_scalability_scenario_derived_from_real_traffic,MEDIUM,43,synthetic_050,battleground_dataset,True,84
100,synthetic_scalability_scenario_derived_from_real_traffic,MEDIUM,43,synthetic_051,geforce_dataset,True,2649
100,synthetic_scalability_scenario_derived_from_real_traffic,MEDIUM,43,synthetic_052,zoom_dataset,True,4057
100,synthetic_scalability_scenario_derived_from_real_traffic,MEDIUM,43,synthetic_053,youtubeLive_dataset,True,3790
100,synthetic_scalability_scenario_derived_from_real_traffic,MEDIUM,43,synthetic_054,youtube_dataset,True,5879
100,synthetic_scalability_scenario_derived_from_real_traffic,MEDIUM,43,synthetic_055,zepeto_dataset,True,5537
100,synthetic_scalability_scenario_derived_from_real_traffic,MEDIUM,43,synthetic_056,tft_dataset,True,3321
100,synthetic_scalability_scenario_derived_from_real_traffic,MEDIUM,43,synthetic_057,battleground_dataset,True,820
100,synthetic_scalability_scenario_derived_from_real_traffic,MEDIUM,43,synthetic_058,zoom_dataset,True,3348
100,synthetic_scalability_scenario_derived_from_real_traffic,MEDIUM,43,synthetic_059,youtube_dataset,True,6151
100,synthetic_scalability_scenario_derived_from_real_traffic,MEDIUM,43,synthetic_060,amazon_dataset,True,5892
100,synthetic_scalability_scenario_derived_from_real_traffic,MEDIUM,43,synthetic_061,geforce_dataset,True,4509
100,synthetic_scalability_scenario_derived_from_real_traffic,MEDIUM,43,synthetic_062,navernow_dataset,True,4408
100,synthetic_scalability_scenario_derived_from_real_traffic,MEDIUM,43,synthetic_063,netflix_dataset,True,5546
100,synthetic_scalability_scenario_derived_from_real_traffic,MEDIUM,43,synthetic_064,zoom_dataset,True,4596
100,synthetic_scalability_scenario_derived_from_real_traffic,MEDIUM,43,synthetic_065,navernow_dataset,True,4175
100,synthetic_scalability_scenario_derived_from_real_traffic,MEDIUM,43,synthetic_066,battleground_dataset,True,2687
100,synthetic_scalability_scenario_derived_from_real_traffic,MEDIUM,43,synthetic_067,youtubeLive_dataset,True,2672
100,synthetic_scalability_scenario_derived_from_real_traffic,MEDIUM,43,synthetic_068,zoom_dataset,True,3253
100,synthetic_scalability_scenario_derived_from_real_traffic,MEDIUM,43,synthetic_069,zepeto_dataset,True,5898
100,synthetic_scalability_scenario_derived_from_real_traffic,MEDIUM,43,synthetic_070,gamebox_dataset,True,4291
100,synthetic_scalability_scenario_derived_from_real_traffic,MEDIUM,43,synthetic_071,zoom_dataset,True,5522
100,synthetic_scalability_scenario_derived_from_real_traffic,MEDIUM,43,synthetic_072,netflix_dataset,True,3362
100,synthetic_scalability_scenario_derived_from_real_traffic,MEDIUM,43,synthetic_073,youtubeLive_dataset,True,3588
100,synthetic_scalability_scenario_derived_from_real_traffic,MEDIUM,43,synthetic_074,roblox_dataset,True,4674
100,synthetic_scalability_scenario_derived_from_real_traffic,MEDIUM,43,synthetic_075,zoom_dataset,True,4646
100,synthetic_scalability_scenario_derived_from_real_traffic,MEDIUM,43,synthetic_076,netflix_dataset,True,1468
100,synthetic_scalability_scenario_derived_from_real_traffic,MEDIUM,43,synthetic_077,geforce_dataset,True,6201
100,synthetic_scalability_scenario_derived_from_real_traffic,MEDIUM,43,synthetic_078,youtube_dataset,True,1503
100,synthetic_scalability_scenario_derived_from_real_traffic,MEDIUM,43,synthetic_079,meet_dataset,True,4403
100,synthetic_scalability_scenario_derived_from_real_traffic,MEDIUM,43,synthetic_080,teams_dataset,True,2424
100,synthetic_scalability_scenario_derived_from_real_traffic,MEDIUM,43,synthetic_081,tft_dataset,True,1883
100,synthetic_scalability_scenario_derived_from_real_traffic,MEDIUM,43,synthetic_082,zepeto_dataset,True,6644
100,synthetic_scalability_scenario_derived_from_real_traffic,MEDIUM,43,synthetic_083,geforce_dataset,True,4546
100,synthetic_scalability_scenario_derived_from_real_traffic,MEDIUM,43,synthetic_084,roblox_dataset,True,1895
100,synthetic_scalability_scenario_derived_from_real_traffic,MEDIUM,43,synthetic_085,teams_dataset,True,4864
100,synthetic_scalability_scenario_derived_from_real_traffic,MEDIUM,44,afreeca_dataset,afreeca_dataset,False,0
100,synthetic_scalability_scenario_derived_from_real_traffic,MEDIUM,44,amazon_dataset,amazon_dataset,False,0
100,synthetic_scalability_scenario_derived_from_real_traffic,MEDIUM,44,battleground_dataset,battleground_dataset,False,0
100,synthetic_scalability_scenario_derived_from_real_traffic,MEDIUM,44,gamebox_dataset,gamebox_dataset,False,0
100,synthetic_scalability_scenario_derived_from_real_traffic,MEDIUM,44,geforce_dataset,geforce_dataset,False,0
100,synthetic_scalability_scenario_derived_from_real_traffic,MEDIUM,44,meet_dataset,meet_dataset,False,0
100,synthetic_scalability_scenario_derived_from_real_traffic,MEDIUM,44,navernow_dataset,navernow_dataset,False,0
100,synthetic_scalability_scenario_derived_from_real_traffic,MEDIUM,44,netflix_dataset,netflix_dataset,False,0
100,synthetic_scalability_scenario_derived_from_real_traffic,MEDIUM,44,roblox_dataset,roblox_dataset,False,0
100,synthetic_scalability_scenario_derived_from_real_traffic,MEDIUM,44,teams_dataset,teams_dataset,False,0
100,synthetic_scalability_scenario_derived_from_real_traffic,MEDIUM,44,tft_dataset,tft_dataset,False,0
100,synthetic_scalability_scenario_derived_from_real_traffic,MEDIUM,44,youtubeLive_dataset,youtubeLive_dataset,False,0
100,synthetic_scalability_scenario_derived_from_real_traffic,MEDIUM,44,youtube_dataset,youtube_dataset,False,0
100,synthetic_scalability_scenario_derived_from_real_traffic,MEDIUM,44,zepeto_dataset,zepeto_dataset,False,0
100,synthetic_scalability_scenario_derived_from_real_traffic,MEDIUM,44,zoom_dataset,zoom_dataset,False,0
100,synthetic_scalability_scenario_derived_from_real_traffic,MEDIUM,44,synthetic_001,roblox_dataset,True,4787
100,synthetic_scalability_scenario_derived_from_real_traffic,MEDIUM,44,synthetic_002,navernow_dataset,True,130
100,synthetic_scalability_scenario_derived_from_real_traffic,MEDIUM,44,synthetic_003,roblox_dataset,True,5334
100,synthetic_scalability_scenario_derived_from_real_traffic,MEDIUM,44,synthetic_004,amazon_dataset,True,6026
100,synthetic_scalability_scenario_derived_from_real_traffic,MEDIUM,44,synthetic_005,roblox_dataset,True,3504
100,synthetic_scalability_scenario_derived_from_real_traffic,MEDIUM,44,synthetic_006,youtube_dataset,True,1319
100,synthetic_scalability_scenario_derived_from_real_traffic,MEDIUM,44,synthetic_007,zoom_dataset,True,1209
100,synthetic_scalability_scenario_derived_from_real_traffic,MEDIUM,44,synthetic_008,youtubeLive_dataset,True,5655
100,synthetic_scalability_scenario_derived_from_real_traffic,MEDIUM,44,synthetic_009,teams_dataset,True,583
100,synthetic_scalability_scenario_derived_from_real_traffic,MEDIUM,44,synthetic_010,tft_dataset,True,3654
100,synthetic_scalability_scenario_derived_from_real_traffic,MEDIUM,44,synthetic_011,zoom_dataset,True,1360
100,synthetic_scalability_scenario_derived_from_real_traffic,MEDIUM,44,synthetic_012,gamebox_dataset,True,2015
100,synthetic_scalability_scenario_derived_from_real_traffic,MEDIUM,44,synthetic_013,youtube_dataset,True,6537
100,synthetic_scalability_scenario_derived_from_real_traffic,MEDIUM,44,synthetic_014,zoom_dataset,True,1850
100,synthetic_scalability_scenario_derived_from_real_traffic,MEDIUM,44,synthetic_015,tft_dataset,True,4572
100,synthetic_scalability_scenario_derived_from_real_traffic,MEDIUM,44,synthetic_016,geforce_dataset,True,5133
100,synthetic_scalability_scenario_derived_from_real_traffic,MEDIUM,44,synthetic_017,teams_dataset,True,1928
100,synthetic_scalability_scenario_derived_from_real_traffic,MEDIUM,44,synthetic_018,meet_dataset,True,980
100,synthetic_scalability_scenario_derived_from_real_traffic,MEDIUM,44,synthetic_019,meet_dataset,True,5165
100,synthetic_scalability_scenario_derived_from_real_traffic,MEDIUM,44,synthetic_020,roblox_dataset,True,3034
100,synthetic_scalability_scenario_derived_from_real_traffic,MEDIUM,44,synthetic_021,youtube_dataset,True,1925
100,synthetic_scalability_scenario_derived_from_real_traffic,MEDIUM,44,synthetic_022,battleground_dataset,True,1415
100,synthetic_scalability_scenario_derived_from_real_traffic,MEDIUM,44,synthetic_023,navernow_dataset,True,6580
100,synthetic_scalability_scenario_derived_from_real_traffic,MEDIUM,44,synthetic_024,roblox_dataset,True,4323
100,synthetic_scalability_scenario_derived_from_real_traffic,MEDIUM,44,synthetic_025,youtube_dataset,True,3499
100,synthetic_scalability_scenario_derived_from_real_traffic,MEDIUM,44,synthetic_026,roblox_dataset,True,763
100,synthetic_scalability_scenario_derived_from_real_traffic,MEDIUM,44,synthetic_027,geforce_dataset,True,6104
100,synthetic_scalability_scenario_derived_from_real_traffic,MEDIUM,44,synthetic_028,youtubeLive_dataset,True,2226
100,synthetic_scalability_scenario_derived_from_real_traffic,MEDIUM,44,synthetic_029,roblox_dataset,True,5290
100,synthetic_scalability_scenario_derived_from_real_traffic,MEDIUM,44,synthetic_030,afreeca_dataset,True,6056
100,synthetic_scalability_scenario_derived_from_real_traffic,MEDIUM,44,synthetic_031,geforce_dataset,True,1377
100,synthetic_scalability_scenario_derived_from_real_traffic,MEDIUM,44,synthetic_032,zepeto_dataset,True,6542
100,synthetic_scalability_scenario_derived_from_real_traffic,MEDIUM,44,synthetic_033,battleground_dataset,True,5982
100,synthetic_scalability_scenario_derived_from_real_traffic,MEDIUM,44,synthetic_034,roblox_dataset,True,3787
100,synthetic_scalability_scenario_derived_from_real_traffic,MEDIUM,44,synthetic_035,netflix_dataset,True,4845
100,synthetic_scalability_scenario_derived_from_real_traffic,MEDIUM,44,synthetic_036,roblox_dataset,True,1855
100,synthetic_scalability_scenario_derived_from_real_traffic,MEDIUM,44,synthetic_037,amazon_dataset,True,4841
100,synthetic_scalability_scenario_derived_from_real_traffic,MEDIUM,44,synthetic_038,meet_dataset,True,2884
100,synthetic_scalability_scenario_derived_from_real_traffic,MEDIUM,44,synthetic_039,zoom_dataset,True,2177
100,synthetic_scalability_scenario_derived_from_real_traffic,MEDIUM,44,synthetic_040,amazon_dataset,True,4662
100,synthetic_scalability_scenario_derived_from_real_traffic,MEDIUM,44,synthetic_041,youtube_dataset,True,2563
100,synthetic_scalability_scenario_derived_from_real_traffic,MEDIUM,44,synthetic_042,zepeto_dataset,True,4713
100,synthetic_scalability_scenario_derived_from_real_traffic,MEDIUM,44,synthetic_043,gamebox_dataset,True,5696
100,synthetic_scalability_scenario_derived_from_real_traffic,MEDIUM,44,synthetic_044,netflix_dataset,True,1811
100,synthetic_scalability_scenario_derived_from_real_traffic,MEDIUM,44,synthetic_045,tft_dataset,True,1381
100,synthetic_scalability_scenario_derived_from_real_traffic,MEDIUM,44,synthetic_046,meet_dataset,True,2143
100,synthetic_scalability_scenario_derived_from_real_traffic,MEDIUM,44,synthetic_047,gamebox_dataset,True,2834
100,synthetic_scalability_scenario_derived_from_real_traffic,MEDIUM,44,synthetic_048,zoom_dataset,True,4873
100,synthetic_scalability_scenario_derived_from_real_traffic,MEDIUM,44,synthetic_049,teams_dataset,True,2926
100,synthetic_scalability_scenario_derived_from_real_traffic,MEDIUM,44,synthetic_050,teams_dataset,True,4639
100,synthetic_scalability_scenario_derived_from_real_traffic,MEDIUM,44,synthetic_051,battleground_dataset,True,6659
100,synthetic_scalability_scenario_derived_from_real_traffic,MEDIUM,44,synthetic_052,battleground_dataset,True,1563
100,synthetic_scalability_scenario_derived_from_real_traffic,MEDIUM,44,synthetic_053,meet_dataset,True,5073
100,synthetic_scalability_scenario_derived_from_real_traffic,MEDIUM,44,synthetic_054,battleground_dataset,True,3189
100,synthetic_scalability_scenario_derived_from_real_traffic,MEDIUM,44,synthetic_055,zepeto_dataset,True,2797
100,synthetic_scalability_scenario_derived_from_real_traffic,MEDIUM,44,synthetic_056,zepeto_dataset,True,4025
100,synthetic_scalability_scenario_derived_from_real_traffic,MEDIUM,44,synthetic_057,youtube_dataset,True,790
100,synthetic_scalability_scenario_derived_from_real_traffic,MEDIUM,44,synthetic_058,meet_dataset,True,2109
100,synthetic_scalability_scenario_derived_from_real_traffic,MEDIUM,44,synthetic_059,navernow_dataset,True,1832
100,synthetic_scalability_scenario_derived_from_real_traffic,MEDIUM,44,synthetic_060,meet_dataset,True,4083
100,synthetic_scalability_scenario_derived_from_real_traffic,MEDIUM,44,synthetic_061,netflix_dataset,True,1505
100,synthetic_scalability_scenario_derived_from_real_traffic,MEDIUM,44,synthetic_062,gamebox_dataset,True,317
100,synthetic_scalability_scenario_derived_from_real_traffic,MEDIUM,44,synthetic_063,afreeca_dataset,True,271
100,synthetic_scalability_scenario_derived_from_real_traffic,MEDIUM,44,synthetic_064,geforce_dataset,True,5181
100,synthetic_scalability_scenario_derived_from_real_traffic,MEDIUM,44,synthetic_065,zoom_dataset,True,4574
100,synthetic_scalability_scenario_derived_from_real_traffic,MEDIUM,44,synthetic_066,battleground_dataset,True,5683
100,synthetic_scalability_scenario_derived_from_real_traffic,MEDIUM,44,synthetic_067,battleground_dataset,True,4530
100,synthetic_scalability_scenario_derived_from_real_traffic,MEDIUM,44,synthetic_068,amazon_dataset,True,349
100,synthetic_scalability_scenario_derived_from_real_traffic,MEDIUM,44,synthetic_069,meet_dataset,True,4690
100,synthetic_scalability_scenario_derived_from_real_traffic,MEDIUM,44,synthetic_070,teams_dataset,True,3659
100,synthetic_scalability_scenario_derived_from_real_traffic,MEDIUM,44,synthetic_071,battleground_dataset,True,6434
100,synthetic_scalability_scenario_derived_from_real_traffic,MEDIUM,44,synthetic_072,youtube_dataset,True,1537
100,synthetic_scalability_scenario_derived_from_real_traffic,MEDIUM,44,synthetic_073,youtube_dataset,True,520
100,synthetic_scalability_scenario_derived_from_real_traffic,MEDIUM,44,synthetic_074,battleground_dataset,True,5572
100,synthetic_scalability_scenario_derived_from_real_traffic,MEDIUM,44,synthetic_075,youtubeLive_dataset,True,2827
100,synthetic_scalability_scenario_derived_from_real_traffic,MEDIUM,44,synthetic_076,meet_dataset,True,3144
100,synthetic_scalability_scenario_derived_from_real_traffic,MEDIUM,44,synthetic_077,youtubeLive_dataset,True,4796
100,synthetic_scalability_scenario_derived_from_real_traffic,MEDIUM,44,synthetic_078,roblox_dataset,True,1223
100,synthetic_scalability_scenario_derived_from_real_traffic,MEDIUM,44,synthetic_079,amazon_dataset,True,3017
100,synthetic_scalability_scenario_derived_from_real_traffic,MEDIUM,44,synthetic_080,roblox_dataset,True,5367
100,synthetic_scalability_scenario_derived_from_real_traffic,MEDIUM,44,synthetic_081,roblox_dataset,True,3974
100,synthetic_scalability_scenario_derived_from_real_traffic,MEDIUM,44,synthetic_082,gamebox_dataset,True,6042
100,synthetic_scalability_scenario_derived_from_real_traffic,MEDIUM,44,synthetic_083,geforce_dataset,True,5789
100,synthetic_scalability_scenario_derived_from_real_traffic,MEDIUM,44,synthetic_084,tft_dataset,True,1829
100,synthetic_scalability_scenario_derived_from_real_traffic,MEDIUM,44,synthetic_085,netflix_dataset,True,5323
100,synthetic_scalability_scenario_derived_from_real_traffic,MEDIUM,45,afreeca_dataset,afreeca_dataset,False,0
100,synthetic_scalability_scenario_derived_from_real_traffic,MEDIUM,45,amazon_dataset,amazon_dataset,False,0
100,synthetic_scalability_scenario_derived_from_real_traffic,MEDIUM,45,battleground_dataset,battleground_dataset,False,0
100,synthetic_scalability_scenario_derived_from_real_traffic,MEDIUM,45,gamebox_dataset,gamebox_dataset,False,0
100,synthetic_scalability_scenario_derived_from_real_traffic,MEDIUM,45,geforce_dataset,geforce_dataset,False,0
100,synthetic_scalability_scenario_derived_from_real_traffic,MEDIUM,45,meet_dataset,meet_dataset,False,0
100,synthetic_scalability_scenario_derived_from_real_traffic,MEDIUM,45,navernow_dataset,navernow_dataset,False,0
100,synthetic_scalability_scenario_derived_from_real_traffic,MEDIUM,45,netflix_dataset,netflix_dataset,False,0
100,synthetic_scalability_scenario_derived_from_real_traffic,MEDIUM,45,roblox_dataset,roblox_dataset,False,0
100,synthetic_scalability_scenario_derived_from_real_traffic,MEDIUM,45,teams_dataset,teams_dataset,False,0
100,synthetic_scalability_scenario_derived_from_real_traffic,MEDIUM,45,tft_dataset,tft_dataset,False,0
100,synthetic_scalability_scenario_derived_from_real_traffic,MEDIUM,45,youtubeLive_dataset,youtubeLive_dataset,False,0
100,synthetic_scalability_scenario_derived_from_real_traffic,MEDIUM,45,youtube_dataset,youtube_dataset,False,0
100,synthetic_scalability_scenario_derived_from_real_traffic,MEDIUM,45,zepeto_dataset,zepeto_dataset,False,0
100,synthetic_scalability_scenario_derived_from_real_traffic,MEDIUM,45,zoom_dataset,zoom_dataset,False,0
100,synthetic_scalability_scenario_derived_from_real_traffic,MEDIUM,45,synthetic_001,roblox_dataset,True,6449
100,synthetic_scalability_scenario_derived_from_real_traffic,MEDIUM,45,synthetic_002,netflix_dataset,True,3135
100,synthetic_scalability_scenario_derived_from_real_traffic,MEDIUM,45,synthetic_003,navernow_dataset,True,5426
100,synthetic_scalability_scenario_derived_from_real_traffic,MEDIUM,45,synthetic_004,youtubeLive_dataset,True,5788
100,synthetic_scalability_scenario_derived_from_real_traffic,MEDIUM,45,synthetic_005,meet_dataset,True,4213
100,synthetic_scalability_scenario_derived_from_real_traffic,MEDIUM,45,synthetic_006,youtube_dataset,True,313
100,synthetic_scalability_scenario_derived_from_real_traffic,MEDIUM,45,synthetic_007,navernow_dataset,True,367
100,synthetic_scalability_scenario_derived_from_real_traffic,MEDIUM,45,synthetic_008,geforce_dataset,True,801
100,synthetic_scalability_scenario_derived_from_real_traffic,MEDIUM,45,synthetic_009,navernow_dataset,True,4698
100,synthetic_scalability_scenario_derived_from_real_traffic,MEDIUM,45,synthetic_010,navernow_dataset,True,294
100,synthetic_scalability_scenario_derived_from_real_traffic,MEDIUM,45,synthetic_011,meet_dataset,True,4684
100,synthetic_scalability_scenario_derived_from_real_traffic,MEDIUM,45,synthetic_012,youtube_dataset,True,2808
100,synthetic_scalability_scenario_derived_from_real_traffic,MEDIUM,45,synthetic_013,zepeto_dataset,True,2471
100,synthetic_scalability_scenario_derived_from_real_traffic,MEDIUM,45,synthetic_014,afreeca_dataset,True,1029
100,synthetic_scalability_scenario_derived_from_real_traffic,MEDIUM,45,synthetic_015,roblox_dataset,True,711
100,synthetic_scalability_scenario_derived_from_real_traffic,MEDIUM,45,synthetic_016,battleground_dataset,True,838
100,synthetic_scalability_scenario_derived_from_real_traffic,MEDIUM,45,synthetic_017,geforce_dataset,True,5203
100,synthetic_scalability_scenario_derived_from_real_traffic,MEDIUM,45,synthetic_018,youtube_dataset,True,1167
100,synthetic_scalability_scenario_derived_from_real_traffic,MEDIUM,45,synthetic_019,battleground_dataset,True,4748
100,synthetic_scalability_scenario_derived_from_real_traffic,MEDIUM,45,synthetic_020,gamebox_dataset,True,4695
100,synthetic_scalability_scenario_derived_from_real_traffic,MEDIUM,45,synthetic_021,navernow_dataset,True,3498
100,synthetic_scalability_scenario_derived_from_real_traffic,MEDIUM,45,synthetic_022,zepeto_dataset,True,6425
100,synthetic_scalability_scenario_derived_from_real_traffic,MEDIUM,45,synthetic_023,youtubeLive_dataset,True,2497
100,synthetic_scalability_scenario_derived_from_real_traffic,MEDIUM,45,synthetic_024,battleground_dataset,True,237
100,synthetic_scalability_scenario_derived_from_real_traffic,MEDIUM,45,synthetic_025,afreeca_dataset,True,3314
100,synthetic_scalability_scenario_derived_from_real_traffic,MEDIUM,45,synthetic_026,meet_dataset,True,1354
100,synthetic_scalability_scenario_derived_from_real_traffic,MEDIUM,45,synthetic_027,afreeca_dataset,True,831
100,synthetic_scalability_scenario_derived_from_real_traffic,MEDIUM,45,synthetic_028,geforce_dataset,True,6639
100,synthetic_scalability_scenario_derived_from_real_traffic,MEDIUM,45,synthetic_029,zepeto_dataset,True,2397
100,synthetic_scalability_scenario_derived_from_real_traffic,MEDIUM,45,synthetic_030,youtube_dataset,True,4630
100,synthetic_scalability_scenario_derived_from_real_traffic,MEDIUM,45,synthetic_031,zepeto_dataset,True,1407
100,synthetic_scalability_scenario_derived_from_real_traffic,MEDIUM,45,synthetic_032,youtubeLive_dataset,True,90
100,synthetic_scalability_scenario_derived_from_real_traffic,MEDIUM,45,synthetic_033,meet_dataset,True,6521
100,synthetic_scalability_scenario_derived_from_real_traffic,MEDIUM,45,synthetic_034,zoom_dataset,True,4838
100,synthetic_scalability_scenario_derived_from_real_traffic,MEDIUM,45,synthetic_035,zoom_dataset,True,4730
100,synthetic_scalability_scenario_derived_from_real_traffic,MEDIUM,45,synthetic_036,tft_dataset,True,5475
100,synthetic_scalability_scenario_derived_from_real_traffic,MEDIUM,45,synthetic_037,netflix_dataset,True,2134
100,synthetic_scalability_scenario_derived_from_real_traffic,MEDIUM,45,synthetic_038,zoom_dataset,True,2918
100,synthetic_scalability_scenario_derived_from_real_traffic,MEDIUM,45,synthetic_039,youtube_dataset,True,2508
100,synthetic_scalability_scenario_derived_from_real_traffic,MEDIUM,45,synthetic_040,youtubeLive_dataset,True,5848
100,synthetic_scalability_scenario_derived_from_real_traffic,MEDIUM,45,synthetic_041,teams_dataset,True,2113
100,synthetic_scalability_scenario_derived_from_real_traffic,MEDIUM,45,synthetic_042,geforce_dataset,True,2278
100,synthetic_scalability_scenario_derived_from_real_traffic,MEDIUM,45,synthetic_043,netflix_dataset,True,5022
100,synthetic_scalability_scenario_derived_from_real_traffic,MEDIUM,45,synthetic_044,zepeto_dataset,True,4095
100,synthetic_scalability_scenario_derived_from_real_traffic,MEDIUM,45,synthetic_045,tft_dataset,True,3547
100,synthetic_scalability_scenario_derived_from_real_traffic,MEDIUM,45,synthetic_046,youtubeLive_dataset,True,944
100,synthetic_scalability_scenario_derived_from_real_traffic,MEDIUM,45,synthetic_047,meet_dataset,True,2562
100,synthetic_scalability_scenario_derived_from_real_traffic,MEDIUM,45,synthetic_048,meet_dataset,True,6016
100,synthetic_scalability_scenario_derived_from_real_traffic,MEDIUM,45,synthetic_049,netflix_dataset,True,647
100,synthetic_scalability_scenario_derived_from_real_traffic,MEDIUM,45,synthetic_050,netflix_dataset,True,5432
100,synthetic_scalability_scenario_derived_from_real_traffic,MEDIUM,45,synthetic_051,navernow_dataset,True,4527
100,synthetic_scalability_scenario_derived_from_real_traffic,MEDIUM,45,synthetic_052,meet_dataset,True,763
100,synthetic_scalability_scenario_derived_from_real_traffic,MEDIUM,45,synthetic_053,zoom_dataset,True,5374
100,synthetic_scalability_scenario_derived_from_real_traffic,MEDIUM,45,synthetic_054,afreeca_dataset,True,3352
100,synthetic_scalability_scenario_derived_from_real_traffic,MEDIUM,45,synthetic_055,battleground_dataset,True,2734
100,synthetic_scalability_scenario_derived_from_real_traffic,MEDIUM,45,synthetic_056,afreeca_dataset,True,4166
100,synthetic_scalability_scenario_derived_from_real_traffic,MEDIUM,45,synthetic_057,geforce_dataset,True,1984
100,synthetic_scalability_scenario_derived_from_real_traffic,MEDIUM,45,synthetic_058,tft_dataset,True,509
100,synthetic_scalability_scenario_derived_from_real_traffic,MEDIUM,45,synthetic_059,tft_dataset,True,1561
100,synthetic_scalability_scenario_derived_from_real_traffic,MEDIUM,45,synthetic_060,teams_dataset,True,1215
100,synthetic_scalability_scenario_derived_from_real_traffic,MEDIUM,45,synthetic_061,afreeca_dataset,True,2785
100,synthetic_scalability_scenario_derived_from_real_traffic,MEDIUM,45,synthetic_062,zepeto_dataset,True,3445
100,synthetic_scalability_scenario_derived_from_real_traffic,MEDIUM,45,synthetic_063,battleground_dataset,True,1643
100,synthetic_scalability_scenario_derived_from_real_traffic,MEDIUM,45,synthetic_064,youtube_dataset,True,5278
100,synthetic_scalability_scenario_derived_from_real_traffic,MEDIUM,45,synthetic_065,netflix_dataset,True,2429
100,synthetic_scalability_scenario_derived_from_real_traffic,MEDIUM,45,synthetic_066,battleground_dataset,True,4100
100,synthetic_scalability_scenario_derived_from_real_traffic,MEDIUM,45,synthetic_067,youtubeLive_dataset,True,4638
100,synthetic_scalability_scenario_derived_from_real_traffic,MEDIUM,45,synthetic_068,amazon_dataset,True,5171
100,synthetic_scalability_scenario_derived_from_real_traffic,MEDIUM,45,synthetic_069,zepeto_dataset,True,1067
100,synthetic_scalability_scenario_derived_from_real_traffic,MEDIUM,45,synthetic_070,battleground_dataset,True,2069
100,synthetic_scalability_scenario_derived_from_real_traffic,MEDIUM,45,synthetic_071,zepeto_dataset,True,5526
100,synthetic_scalability_scenario_derived_from_real_traffic,MEDIUM,45,synthetic_072,netflix_dataset,True,4720
100,synthetic_scalability_scenario_derived_from_real_traffic,MEDIUM,45,synthetic_073,afreeca_dataset,True,3457
100,synthetic_scalability_scenario_derived_from_real_traffic,MEDIUM,45,synthetic_074,geforce_dataset,True,6100
100,synthetic_scalability_scenario_derived_from_real_traffic,MEDIUM,45,synthetic_075,amazon_dataset,True,1651
100,synthetic_scalability_scenario_derived_from_real_traffic,MEDIUM,45,synthetic_076,amazon_dataset,True,2994
100,synthetic_scalability_scenario_derived_from_real_traffic,MEDIUM,45,synthetic_077,tft_dataset,True,3268
100,synthetic_scalability_scenario_derived_from_real_traffic,MEDIUM,45,synthetic_078,meet_dataset,True,1149
100,synthetic_scalability_scenario_derived_from_real_traffic,MEDIUM,45,synthetic_079,tft_dataset,True,1394
100,synthetic_scalability_scenario_derived_from_real_traffic,MEDIUM,45,synthetic_080,navernow_dataset,True,4235
100,synthetic_scalability_scenario_derived_from_real_traffic,MEDIUM,45,synthetic_081,zepeto_dataset,True,0
100,synthetic_scalability_scenario_derived_from_real_traffic,MEDIUM,45,synthetic_082,gamebox_dataset,True,2657
100,synthetic_scalability_scenario_derived_from_real_traffic,MEDIUM,45,synthetic_083,amazon_dataset,True,1963
100,synthetic_scalability_scenario_derived_from_real_traffic,MEDIUM,45,synthetic_084,gamebox_dataset,True,5153
100,synthetic_scalability_scenario_derived_from_real_traffic,MEDIUM,45,synthetic_085,zepeto_dataset,True,2964
100,synthetic_scalability_scenario_derived_from_real_traffic,MEDIUM,46,afreeca_dataset,afreeca_dataset,False,0
100,synthetic_scalability_scenario_derived_from_real_traffic,MEDIUM,46,amazon_dataset,amazon_dataset,False,0
100,synthetic_scalability_scenario_derived_from_real_traffic,MEDIUM,46,battleground_dataset,battleground_dataset,False,0
100,synthetic_scalability_scenario_derived_from_real_traffic,MEDIUM,46,gamebox_dataset,gamebox_dataset,False,0
100,synthetic_scalability_scenario_derived_from_real_traffic,MEDIUM,46,geforce_dataset,geforce_dataset,False,0
100,synthetic_scalability_scenario_derived_from_real_traffic,MEDIUM,46,meet_dataset,meet_dataset,False,0
100,synthetic_scalability_scenario_derived_from_real_traffic,MEDIUM,46,navernow_dataset,navernow_dataset,False,0
100,synthetic_scalability_scenario_derived_from_real_traffic,MEDIUM,46,netflix_dataset,netflix_dataset,False,0
100,synthetic_scalability_scenario_derived_from_real_traffic,MEDIUM,46,roblox_dataset,roblox_dataset,False,0
100,synthetic_scalability_scenario_derived_from_real_traffic,MEDIUM,46,teams_dataset,teams_dataset,False,0
100,synthetic_scalability_scenario_derived_from_real_traffic,MEDIUM,46,tft_dataset,tft_dataset,False,0
100,synthetic_scalability_scenario_derived_from_real_traffic,MEDIUM,46,youtubeLive_dataset,youtubeLive_dataset,False,0
100,synthetic_scalability_scenario_derived_from_real_traffic,MEDIUM,46,youtube_dataset,youtube_dataset,False,0
100,synthetic_scalability_scenario_derived_from_real_traffic,MEDIUM,46,zepeto_dataset,zepeto_dataset,False,0
100,synthetic_scalability_scenario_derived_from_real_traffic,MEDIUM,46,zoom_dataset,zoom_dataset,False,0
100,synthetic_scalability_scenario_derived_from_real_traffic,MEDIUM,46,synthetic_001,teams_dataset,True,4886
100,synthetic_scalability_scenario_derived_from_real_traffic,MEDIUM,46,synthetic_002,battleground_dataset,True,5170
100,synthetic_scalability_scenario_derived_from_real_traffic,MEDIUM,46,synthetic_003,youtubeLive_dataset,True,444
100,synthetic_scalability_scenario_derived_from_real_traffic,MEDIUM,46,synthetic_004,zepeto_dataset,True,702
100,synthetic_scalability_scenario_derived_from_real_traffic,MEDIUM,46,synthetic_005,gamebox_dataset,True,2609
100,synthetic_scalability_scenario_derived_from_real_traffic,MEDIUM,46,synthetic_006,geforce_dataset,True,2181
100,synthetic_scalability_scenario_derived_from_real_traffic,MEDIUM,46,synthetic_007,zepeto_dataset,True,1683
100,synthetic_scalability_scenario_derived_from_real_traffic,MEDIUM,46,synthetic_008,geforce_dataset,True,5639
100,synthetic_scalability_scenario_derived_from_real_traffic,MEDIUM,46,synthetic_009,zoom_dataset,True,47
100,synthetic_scalability_scenario_derived_from_real_traffic,MEDIUM,46,synthetic_010,gamebox_dataset,True,1211
100,synthetic_scalability_scenario_derived_from_real_traffic,MEDIUM,46,synthetic_011,meet_dataset,True,4270
100,synthetic_scalability_scenario_derived_from_real_traffic,MEDIUM,46,synthetic_012,teams_dataset,True,3202
100,synthetic_scalability_scenario_derived_from_real_traffic,MEDIUM,46,synthetic_013,afreeca_dataset,True,3352
100,synthetic_scalability_scenario_derived_from_real_traffic,MEDIUM,46,synthetic_014,battleground_dataset,True,4555
100,synthetic_scalability_scenario_derived_from_real_traffic,MEDIUM,46,synthetic_015,geforce_dataset,True,371
100,synthetic_scalability_scenario_derived_from_real_traffic,MEDIUM,46,synthetic_016,zoom_dataset,True,4909
100,synthetic_scalability_scenario_derived_from_real_traffic,MEDIUM,46,synthetic_017,teams_dataset,True,4370
100,synthetic_scalability_scenario_derived_from_real_traffic,MEDIUM,46,synthetic_018,tft_dataset,True,6021
100,synthetic_scalability_scenario_derived_from_real_traffic,MEDIUM,46,synthetic_019,youtube_dataset,True,4160
100,synthetic_scalability_scenario_derived_from_real_traffic,MEDIUM,46,synthetic_020,zoom_dataset,True,6633
100,synthetic_scalability_scenario_derived_from_real_traffic,MEDIUM,46,synthetic_021,youtube_dataset,True,3326
100,synthetic_scalability_scenario_derived_from_real_traffic,MEDIUM,46,synthetic_022,netflix_dataset,True,4820
100,synthetic_scalability_scenario_derived_from_real_traffic,MEDIUM,46,synthetic_023,battleground_dataset,True,288
100,synthetic_scalability_scenario_derived_from_real_traffic,MEDIUM,46,synthetic_024,teams_dataset,True,1735
100,synthetic_scalability_scenario_derived_from_real_traffic,MEDIUM,46,synthetic_025,tft_dataset,True,1157
100,synthetic_scalability_scenario_derived_from_real_traffic,MEDIUM,46,synthetic_026,youtubeLive_dataset,True,3647
100,synthetic_scalability_scenario_derived_from_real_traffic,MEDIUM,46,synthetic_027,meet_dataset,True,2998
100,synthetic_scalability_scenario_derived_from_real_traffic,MEDIUM,46,synthetic_028,battleground_dataset,True,1289
100,synthetic_scalability_scenario_derived_from_real_traffic,MEDIUM,46,synthetic_029,gamebox_dataset,True,3101
100,synthetic_scalability_scenario_derived_from_real_traffic,MEDIUM,46,synthetic_030,battleground_dataset,True,882
100,synthetic_scalability_scenario_derived_from_real_traffic,MEDIUM,46,synthetic_031,navernow_dataset,True,3018
100,synthetic_scalability_scenario_derived_from_real_traffic,MEDIUM,46,synthetic_032,meet_dataset,True,6400
100,synthetic_scalability_scenario_derived_from_real_traffic,MEDIUM,46,synthetic_033,youtubeLive_dataset,True,3417
100,synthetic_scalability_scenario_derived_from_real_traffic,MEDIUM,46,synthetic_034,geforce_dataset,True,3006
100,synthetic_scalability_scenario_derived_from_real_traffic,MEDIUM,46,synthetic_035,netflix_dataset,True,3238
100,synthetic_scalability_scenario_derived_from_real_traffic,MEDIUM,46,synthetic_036,zepeto_dataset,True,1655
100,synthetic_scalability_scenario_derived_from_real_traffic,MEDIUM,46,synthetic_037,zoom_dataset,True,3857
100,synthetic_scalability_scenario_derived_from_real_traffic,MEDIUM,46,synthetic_038,geforce_dataset,True,1058
100,synthetic_scalability_scenario_derived_from_real_traffic,MEDIUM,46,synthetic_039,afreeca_dataset,True,667
100,synthetic_scalability_scenario_derived_from_real_traffic,MEDIUM,46,synthetic_040,zepeto_dataset,True,3285
100,synthetic_scalability_scenario_derived_from_real_traffic,MEDIUM,46,synthetic_041,roblox_dataset,True,892
100,synthetic_scalability_scenario_derived_from_real_traffic,MEDIUM,46,synthetic_042,netflix_dataset,True,4533
100,synthetic_scalability_scenario_derived_from_real_traffic,MEDIUM,46,synthetic_043,netflix_dataset,True,4120
100,synthetic_scalability_scenario_derived_from_real_traffic,MEDIUM,46,synthetic_044,gamebox_dataset,True,3116
100,synthetic_scalability_scenario_derived_from_real_traffic,MEDIUM,46,synthetic_045,meet_dataset,True,1347
100,synthetic_scalability_scenario_derived_from_real_traffic,MEDIUM,46,synthetic_046,zepeto_dataset,True,2685
100,synthetic_scalability_scenario_derived_from_real_traffic,MEDIUM,46,synthetic_047,gamebox_dataset,True,6317
100,synthetic_scalability_scenario_derived_from_real_traffic,MEDIUM,46,synthetic_048,meet_dataset,True,4597
100,synthetic_scalability_scenario_derived_from_real_traffic,MEDIUM,46,synthetic_049,zepeto_dataset,True,5423
100,synthetic_scalability_scenario_derived_from_real_traffic,MEDIUM,46,synthetic_050,teams_dataset,True,1011
100,synthetic_scalability_scenario_derived_from_real_traffic,MEDIUM,46,synthetic_051,zoom_dataset,True,6485
100,synthetic_scalability_scenario_derived_from_real_traffic,MEDIUM,46,synthetic_052,teams_dataset,True,2422
100,synthetic_scalability_scenario_derived_from_real_traffic,MEDIUM,46,synthetic_053,amazon_dataset,True,2511
100,synthetic_scalability_scenario_derived_from_real_traffic,MEDIUM,46,synthetic_054,tft_dataset,True,2531
100,synthetic_scalability_scenario_derived_from_real_traffic,MEDIUM,46,synthetic_055,geforce_dataset,True,665
100,synthetic_scalability_scenario_derived_from_real_traffic,MEDIUM,46,synthetic_056,teams_dataset,True,4978
100,synthetic_scalability_scenario_derived_from_real_traffic,MEDIUM,46,synthetic_057,youtubeLive_dataset,True,1792
100,synthetic_scalability_scenario_derived_from_real_traffic,MEDIUM,46,synthetic_058,youtube_dataset,True,3294
100,synthetic_scalability_scenario_derived_from_real_traffic,MEDIUM,46,synthetic_059,meet_dataset,True,6227
100,synthetic_scalability_scenario_derived_from_real_traffic,MEDIUM,46,synthetic_060,roblox_dataset,True,4135
100,synthetic_scalability_scenario_derived_from_real_traffic,MEDIUM,46,synthetic_061,netflix_dataset,True,6034
100,synthetic_scalability_scenario_derived_from_real_traffic,MEDIUM,46,synthetic_062,netflix_dataset,True,1348
100,synthetic_scalability_scenario_derived_from_real_traffic,MEDIUM,46,synthetic_063,amazon_dataset,True,2830
100,synthetic_scalability_scenario_derived_from_real_traffic,MEDIUM,46,synthetic_064,youtubeLive_dataset,True,4522
100,synthetic_scalability_scenario_derived_from_real_traffic,MEDIUM,46,synthetic_065,amazon_dataset,True,2202
100,synthetic_scalability_scenario_derived_from_real_traffic,MEDIUM,46,synthetic_066,tft_dataset,True,3497
100,synthetic_scalability_scenario_derived_from_real_traffic,MEDIUM,46,synthetic_067,teams_dataset,True,585
100,synthetic_scalability_scenario_derived_from_real_traffic,MEDIUM,46,synthetic_068,geforce_dataset,True,4136
100,synthetic_scalability_scenario_derived_from_real_traffic,MEDIUM,46,synthetic_069,battleground_dataset,True,3032
100,synthetic_scalability_scenario_derived_from_real_traffic,MEDIUM,46,synthetic_070,meet_dataset,True,6044
100,synthetic_scalability_scenario_derived_from_real_traffic,MEDIUM,46,synthetic_071,zoom_dataset,True,2652
100,synthetic_scalability_scenario_derived_from_real_traffic,MEDIUM,46,synthetic_072,meet_dataset,True,3523
100,synthetic_scalability_scenario_derived_from_real_traffic,MEDIUM,46,synthetic_073,gamebox_dataset,True,4179
100,synthetic_scalability_scenario_derived_from_real_traffic,MEDIUM,46,synthetic_074,youtube_dataset,True,4631
100,synthetic_scalability_scenario_derived_from_real_traffic,MEDIUM,46,synthetic_075,tft_dataset,True,2228
100,synthetic_scalability_scenario_derived_from_real_traffic,MEDIUM,46,synthetic_076,roblox_dataset,True,4028
100,synthetic_scalability_scenario_derived_from_real_traffic,MEDIUM,46,synthetic_077,tft_dataset,True,1903
100,synthetic_scalability_scenario_derived_from_real_traffic,MEDIUM,46,synthetic_078,afreeca_dataset,True,133
100,synthetic_scalability_scenario_derived_from_real_traffic,MEDIUM,46,synthetic_079,zoom_dataset,True,6187
100,synthetic_scalability_scenario_derived_from_real_traffic,MEDIUM,46,synthetic_080,netflix_dataset,True,5214
100,synthetic_scalability_scenario_derived_from_real_traffic,MEDIUM,46,synthetic_081,meet_dataset,True,2235
100,synthetic_scalability_scenario_derived_from_real_traffic,MEDIUM,46,synthetic_082,amazon_dataset,True,96
100,synthetic_scalability_scenario_derived_from_real_traffic,MEDIUM,46,synthetic_083,battleground_dataset,True,3492
100,synthetic_scalability_scenario_derived_from_real_traffic,MEDIUM,46,synthetic_084,teams_dataset,True,2978
100,synthetic_scalability_scenario_derived_from_real_traffic,MEDIUM,46,synthetic_085,navernow_dataset,True,3867
100,synthetic_scalability_scenario_derived_from_real_traffic,HIGH,42,afreeca_dataset,afreeca_dataset,False,0
100,synthetic_scalability_scenario_derived_from_real_traffic,HIGH,42,amazon_dataset,amazon_dataset,False,0
100,synthetic_scalability_scenario_derived_from_real_traffic,HIGH,42,battleground_dataset,battleground_dataset,False,0
100,synthetic_scalability_scenario_derived_from_real_traffic,HIGH,42,gamebox_dataset,gamebox_dataset,False,0
100,synthetic_scalability_scenario_derived_from_real_traffic,HIGH,42,geforce_dataset,geforce_dataset,False,0
100,synthetic_scalability_scenario_derived_from_real_traffic,HIGH,42,meet_dataset,meet_dataset,False,0
100,synthetic_scalability_scenario_derived_from_real_traffic,HIGH,42,navernow_dataset,navernow_dataset,False,0
100,synthetic_scalability_scenario_derived_from_real_traffic,HIGH,42,netflix_dataset,netflix_dataset,False,0
100,synthetic_scalability_scenario_derived_from_real_traffic,HIGH,42,roblox_dataset,roblox_dataset,False,0
100,synthetic_scalability_scenario_derived_from_real_traffic,HIGH,42,teams_dataset,teams_dataset,False,0
100,synthetic_scalability_scenario_derived_from_real_traffic,HIGH,42,tft_dataset,tft_dataset,False,0
100,synthetic_scalability_scenario_derived_from_real_traffic,HIGH,42,youtubeLive_dataset,youtubeLive_dataset,False,0
100,synthetic_scalability_scenario_derived_from_real_traffic,HIGH,42,youtube_dataset,youtube_dataset,False,0
100,synthetic_scalability_scenario_derived_from_real_traffic,HIGH,42,zepeto_dataset,zepeto_dataset,False,0
100,synthetic_scalability_scenario_derived_from_real_traffic,HIGH,42,zoom_dataset,zoom_dataset,False,0
100,synthetic_scalability_scenario_derived_from_real_traffic,HIGH,42,synthetic_001,roblox_dataset,True,2966
100,synthetic_scalability_scenario_derived_from_real_traffic,HIGH,42,synthetic_002,navernow_dataset,True,1520
100,synthetic_scalability_scenario_derived_from_real_traffic,HIGH,42,synthetic_003,amazon_dataset,True,3710
100,synthetic_scalability_scenario_derived_from_real_traffic,HIGH,42,synthetic_004,zepeto_dataset,True,426
100,synthetic_scalability_scenario_derived_from_real_traffic,HIGH,42,synthetic_005,youtube_dataset,True,5536
100,synthetic_scalability_scenario_derived_from_real_traffic,HIGH,42,synthetic_006,geforce_dataset,True,4225
100,synthetic_scalability_scenario_derived_from_real_traffic,HIGH,42,synthetic_007,battleground_dataset,True,5071
100,synthetic_scalability_scenario_derived_from_real_traffic,HIGH,42,synthetic_008,tft_dataset,True,2371
100,synthetic_scalability_scenario_derived_from_real_traffic,HIGH,42,synthetic_009,amazon_dataset,True,6493
100,synthetic_scalability_scenario_derived_from_real_traffic,HIGH,42,synthetic_010,navernow_dataset,True,5974
100,synthetic_scalability_scenario_derived_from_real_traffic,HIGH,42,synthetic_011,tft_dataset,True,5207
100,synthetic_scalability_scenario_derived_from_real_traffic,HIGH,42,synthetic_012,youtubeLive_dataset,True,1302
100,synthetic_scalability_scenario_derived_from_real_traffic,HIGH,42,synthetic_013,meet_dataset,True,3122
100,synthetic_scalability_scenario_derived_from_real_traffic,HIGH,42,synthetic_014,netflix_dataset,True,293
100,synthetic_scalability_scenario_derived_from_real_traffic,HIGH,42,synthetic_015,roblox_dataset,True,1032
100,synthetic_scalability_scenario_derived_from_real_traffic,HIGH,42,synthetic_016,youtubeLive_dataset,True,4569
100,synthetic_scalability_scenario_derived_from_real_traffic,HIGH,42,synthetic_017,zepeto_dataset,True,4982
100,synthetic_scalability_scenario_derived_from_real_traffic,HIGH,42,synthetic_018,meet_dataset,True,6472
100,synthetic_scalability_scenario_derived_from_real_traffic,HIGH,42,synthetic_019,navernow_dataset,True,2179
100,synthetic_scalability_scenario_derived_from_real_traffic,HIGH,42,synthetic_020,zepeto_dataset,True,2478
100,synthetic_scalability_scenario_derived_from_real_traffic,HIGH,42,synthetic_021,amazon_dataset,True,3141
100,synthetic_scalability_scenario_derived_from_real_traffic,HIGH,42,synthetic_022,youtubeLive_dataset,True,1267
100,synthetic_scalability_scenario_derived_from_real_traffic,HIGH,42,synthetic_023,navernow_dataset,True,869
100,synthetic_scalability_scenario_derived_from_real_traffic,HIGH,42,synthetic_024,tft_dataset,True,3182
100,synthetic_scalability_scenario_derived_from_real_traffic,HIGH,42,synthetic_025,geforce_dataset,True,1518
100,synthetic_scalability_scenario_derived_from_real_traffic,HIGH,42,synthetic_026,roblox_dataset,True,4481
100,synthetic_scalability_scenario_derived_from_real_traffic,HIGH,42,synthetic_027,zoom_dataset,True,2924
100,synthetic_scalability_scenario_derived_from_real_traffic,HIGH,42,synthetic_028,battleground_dataset,True,5570
100,synthetic_scalability_scenario_derived_from_real_traffic,HIGH,42,synthetic_029,teams_dataset,True,4684
100,synthetic_scalability_scenario_derived_from_real_traffic,HIGH,42,synthetic_030,amazon_dataset,True,2089
100,synthetic_scalability_scenario_derived_from_real_traffic,HIGH,42,synthetic_031,youtubeLive_dataset,True,5567
100,synthetic_scalability_scenario_derived_from_real_traffic,HIGH,42,synthetic_032,navernow_dataset,True,5383
100,synthetic_scalability_scenario_derived_from_real_traffic,HIGH,42,synthetic_033,youtube_dataset,True,2592
100,synthetic_scalability_scenario_derived_from_real_traffic,HIGH,42,synthetic_034,zepeto_dataset,True,1928
100,synthetic_scalability_scenario_derived_from_real_traffic,HIGH,42,synthetic_035,gamebox_dataset,True,4565
100,synthetic_scalability_scenario_derived_from_real_traffic,HIGH,42,synthetic_036,teams_dataset,True,934
100,synthetic_scalability_scenario_derived_from_real_traffic,HIGH,42,synthetic_037,youtube_dataset,True,1337
100,synthetic_scalability_scenario_derived_from_real_traffic,HIGH,42,synthetic_038,youtube_dataset,True,49
100,synthetic_scalability_scenario_derived_from_real_traffic,HIGH,42,synthetic_039,youtubeLive_dataset,True,5264
100,synthetic_scalability_scenario_derived_from_real_traffic,HIGH,42,synthetic_040,youtubeLive_dataset,True,4447
100,synthetic_scalability_scenario_derived_from_real_traffic,HIGH,42,synthetic_041,netflix_dataset,True,4717
100,synthetic_scalability_scenario_derived_from_real_traffic,HIGH,42,synthetic_042,geforce_dataset,True,5223
100,synthetic_scalability_scenario_derived_from_real_traffic,HIGH,42,synthetic_043,roblox_dataset,True,3070
100,synthetic_scalability_scenario_derived_from_real_traffic,HIGH,42,synthetic_044,netflix_dataset,True,3804
100,synthetic_scalability_scenario_derived_from_real_traffic,HIGH,42,synthetic_045,afreeca_dataset,True,935
100,synthetic_scalability_scenario_derived_from_real_traffic,HIGH,42,synthetic_046,gamebox_dataset,True,766
100,synthetic_scalability_scenario_derived_from_real_traffic,HIGH,42,synthetic_047,navernow_dataset,True,4471
100,synthetic_scalability_scenario_derived_from_real_traffic,HIGH,42,synthetic_048,teams_dataset,True,3151
100,synthetic_scalability_scenario_derived_from_real_traffic,HIGH,42,synthetic_049,youtube_dataset,True,3781
100,synthetic_scalability_scenario_derived_from_real_traffic,HIGH,42,synthetic_050,amazon_dataset,True,5117
100,synthetic_scalability_scenario_derived_from_real_traffic,HIGH,42,synthetic_051,roblox_dataset,True,4246
100,synthetic_scalability_scenario_derived_from_real_traffic,HIGH,42,synthetic_052,roblox_dataset,True,3703
100,synthetic_scalability_scenario_derived_from_real_traffic,HIGH,42,synthetic_053,amazon_dataset,True,3741
100,synthetic_scalability_scenario_derived_from_real_traffic,HIGH,42,synthetic_054,youtubeLive_dataset,True,2033
100,synthetic_scalability_scenario_derived_from_real_traffic,HIGH,42,synthetic_055,teams_dataset,True,206
100,synthetic_scalability_scenario_derived_from_real_traffic,HIGH,42,synthetic_056,meet_dataset,True,2921
100,synthetic_scalability_scenario_derived_from_real_traffic,HIGH,42,synthetic_057,zoom_dataset,True,1435
100,synthetic_scalability_scenario_derived_from_real_traffic,HIGH,42,synthetic_058,geforce_dataset,True,2733
100,synthetic_scalability_scenario_derived_from_real_traffic,HIGH,42,synthetic_059,zoom_dataset,True,5709
100,synthetic_scalability_scenario_derived_from_real_traffic,HIGH,42,synthetic_060,afreeca_dataset,True,1565
100,synthetic_scalability_scenario_derived_from_real_traffic,HIGH,42,synthetic_061,youtube_dataset,True,390
100,synthetic_scalability_scenario_derived_from_real_traffic,HIGH,42,synthetic_062,youtube_dataset,True,1882
100,synthetic_scalability_scenario_derived_from_real_traffic,HIGH,42,synthetic_063,zepeto_dataset,True,1964
100,synthetic_scalability_scenario_derived_from_real_traffic,HIGH,42,synthetic_064,navernow_dataset,True,4428
100,synthetic_scalability_scenario_derived_from_real_traffic,HIGH,42,synthetic_065,amazon_dataset,True,3726
100,synthetic_scalability_scenario_derived_from_real_traffic,HIGH,42,synthetic_066,netflix_dataset,True,5244
100,synthetic_scalability_scenario_derived_from_real_traffic,HIGH,42,synthetic_067,zoom_dataset,True,4444
100,synthetic_scalability_scenario_derived_from_real_traffic,HIGH,42,synthetic_068,navernow_dataset,True,2718
100,synthetic_scalability_scenario_derived_from_real_traffic,HIGH,42,synthetic_069,navernow_dataset,True,5445
100,synthetic_scalability_scenario_derived_from_real_traffic,HIGH,42,synthetic_070,geforce_dataset,True,1117
100,synthetic_scalability_scenario_derived_from_real_traffic,HIGH,42,synthetic_071,meet_dataset,True,151
100,synthetic_scalability_scenario_derived_from_real_traffic,HIGH,42,synthetic_072,amazon_dataset,True,602
100,synthetic_scalability_scenario_derived_from_real_traffic,HIGH,42,synthetic_073,youtubeLive_dataset,True,4832
100,synthetic_scalability_scenario_derived_from_real_traffic,HIGH,42,synthetic_074,tft_dataset,True,3089
100,synthetic_scalability_scenario_derived_from_real_traffic,HIGH,42,synthetic_075,tft_dataset,True,1078
100,synthetic_scalability_scenario_derived_from_real_traffic,HIGH,42,synthetic_076,zepeto_dataset,True,3351
100,synthetic_scalability_scenario_derived_from_real_traffic,HIGH,42,synthetic_077,zoom_dataset,True,1018
100,synthetic_scalability_scenario_derived_from_real_traffic,HIGH,42,synthetic_078,netflix_dataset,True,4658
100,synthetic_scalability_scenario_derived_from_real_traffic,HIGH,42,synthetic_079,netflix_dataset,True,2984
100,synthetic_scalability_scenario_derived_from_real_traffic,HIGH,42,synthetic_080,battleground_dataset,True,2549
100,synthetic_scalability_scenario_derived_from_real_traffic,HIGH,42,synthetic_081,gamebox_dataset,True,2017
100,synthetic_scalability_scenario_derived_from_real_traffic,HIGH,42,synthetic_082,tft_dataset,True,4216
100,synthetic_scalability_scenario_derived_from_real_traffic,HIGH,42,synthetic_083,teams_dataset,True,2420
100,synthetic_scalability_scenario_derived_from_real_traffic,HIGH,42,synthetic_084,zoom_dataset,True,586
100,synthetic_scalability_scenario_derived_from_real_traffic,HIGH,42,synthetic_085,meet_dataset,True,789
100,synthetic_scalability_scenario_derived_from_real_traffic,HIGH,43,afreeca_dataset,afreeca_dataset,False,0
100,synthetic_scalability_scenario_derived_from_real_traffic,HIGH,43,amazon_dataset,amazon_dataset,False,0
100,synthetic_scalability_scenario_derived_from_real_traffic,HIGH,43,battleground_dataset,battleground_dataset,False,0
100,synthetic_scalability_scenario_derived_from_real_traffic,HIGH,43,gamebox_dataset,gamebox_dataset,False,0
100,synthetic_scalability_scenario_derived_from_real_traffic,HIGH,43,geforce_dataset,geforce_dataset,False,0
100,synthetic_scalability_scenario_derived_from_real_traffic,HIGH,43,meet_dataset,meet_dataset,False,0
100,synthetic_scalability_scenario_derived_from_real_traffic,HIGH,43,navernow_dataset,navernow_dataset,False,0
100,synthetic_scalability_scenario_derived_from_real_traffic,HIGH,43,netflix_dataset,netflix_dataset,False,0
100,synthetic_scalability_scenario_derived_from_real_traffic,HIGH,43,roblox_dataset,roblox_dataset,False,0
100,synthetic_scalability_scenario_derived_from_real_traffic,HIGH,43,teams_dataset,teams_dataset,False,0
100,synthetic_scalability_scenario_derived_from_real_traffic,HIGH,43,tft_dataset,tft_dataset,False,0
100,synthetic_scalability_scenario_derived_from_real_traffic,HIGH,43,youtubeLive_dataset,youtubeLive_dataset,False,0
100,synthetic_scalability_scenario_derived_from_real_traffic,HIGH,43,youtube_dataset,youtube_dataset,False,0
100,synthetic_scalability_scenario_derived_from_real_traffic,HIGH,43,zepeto_dataset,zepeto_dataset,False,0
100,synthetic_scalability_scenario_derived_from_real_traffic,HIGH,43,zoom_dataset,zoom_dataset,False,0
100,synthetic_scalability_scenario_derived_from_real_traffic,HIGH,43,synthetic_001,zepeto_dataset,True,2823
100,synthetic_scalability_scenario_derived_from_real_traffic,HIGH,43,synthetic_002,navernow_dataset,True,27
100,synthetic_scalability_scenario_derived_from_real_traffic,HIGH,43,synthetic_003,navernow_dataset,True,2066
100,synthetic_scalability_scenario_derived_from_real_traffic,HIGH,43,synthetic_004,roblox_dataset,True,6367
100,synthetic_scalability_scenario_derived_from_real_traffic,HIGH,43,synthetic_005,afreeca_dataset,True,5607
100,synthetic_scalability_scenario_derived_from_real_traffic,HIGH,43,synthetic_006,meet_dataset,True,3580
100,synthetic_scalability_scenario_derived_from_real_traffic,HIGH,43,synthetic_007,netflix_dataset,True,3247
100,synthetic_scalability_scenario_derived_from_real_traffic,HIGH,43,synthetic_008,youtube_dataset,True,6322
100,synthetic_scalability_scenario_derived_from_real_traffic,HIGH,43,synthetic_009,zoom_dataset,True,3968
100,synthetic_scalability_scenario_derived_from_real_traffic,HIGH,43,synthetic_010,tft_dataset,True,6307
100,synthetic_scalability_scenario_derived_from_real_traffic,HIGH,43,synthetic_011,zepeto_dataset,True,6675
100,synthetic_scalability_scenario_derived_from_real_traffic,HIGH,43,synthetic_012,afreeca_dataset,True,225
100,synthetic_scalability_scenario_derived_from_real_traffic,HIGH,43,synthetic_013,roblox_dataset,True,793
100,synthetic_scalability_scenario_derived_from_real_traffic,HIGH,43,synthetic_014,youtube_dataset,True,5092
100,synthetic_scalability_scenario_derived_from_real_traffic,HIGH,43,synthetic_015,amazon_dataset,True,843
100,synthetic_scalability_scenario_derived_from_real_traffic,HIGH,43,synthetic_016,amazon_dataset,True,2286
100,synthetic_scalability_scenario_derived_from_real_traffic,HIGH,43,synthetic_017,youtube_dataset,True,2007
100,synthetic_scalability_scenario_derived_from_real_traffic,HIGH,43,synthetic_018,tft_dataset,True,3686
100,synthetic_scalability_scenario_derived_from_real_traffic,HIGH,43,synthetic_019,teams_dataset,True,338
100,synthetic_scalability_scenario_derived_from_real_traffic,HIGH,43,synthetic_020,tft_dataset,True,3016
100,synthetic_scalability_scenario_derived_from_real_traffic,HIGH,43,synthetic_021,battleground_dataset,True,3715
100,synthetic_scalability_scenario_derived_from_real_traffic,HIGH,43,synthetic_022,teams_dataset,True,797
100,synthetic_scalability_scenario_derived_from_real_traffic,HIGH,43,synthetic_023,netflix_dataset,True,2284
100,synthetic_scalability_scenario_derived_from_real_traffic,HIGH,43,synthetic_024,youtubeLive_dataset,True,3375
100,synthetic_scalability_scenario_derived_from_real_traffic,HIGH,43,synthetic_025,afreeca_dataset,True,2033
100,synthetic_scalability_scenario_derived_from_real_traffic,HIGH,43,synthetic_026,roblox_dataset,True,2795
100,synthetic_scalability_scenario_derived_from_real_traffic,HIGH,43,synthetic_027,geforce_dataset,True,2773
100,synthetic_scalability_scenario_derived_from_real_traffic,HIGH,43,synthetic_028,geforce_dataset,True,624
100,synthetic_scalability_scenario_derived_from_real_traffic,HIGH,43,synthetic_029,tft_dataset,True,3933
100,synthetic_scalability_scenario_derived_from_real_traffic,HIGH,43,synthetic_030,netflix_dataset,True,495
100,synthetic_scalability_scenario_derived_from_real_traffic,HIGH,43,synthetic_031,tft_dataset,True,3883
100,synthetic_scalability_scenario_derived_from_real_traffic,HIGH,43,synthetic_032,youtube_dataset,True,554
100,synthetic_scalability_scenario_derived_from_real_traffic,HIGH,43,synthetic_033,geforce_dataset,True,3606
100,synthetic_scalability_scenario_derived_from_real_traffic,HIGH,43,synthetic_034,amazon_dataset,True,5691
100,synthetic_scalability_scenario_derived_from_real_traffic,HIGH,43,synthetic_035,gamebox_dataset,True,1932
100,synthetic_scalability_scenario_derived_from_real_traffic,HIGH,43,synthetic_036,meet_dataset,True,553
100,synthetic_scalability_scenario_derived_from_real_traffic,HIGH,43,synthetic_037,battleground_dataset,True,2144
100,synthetic_scalability_scenario_derived_from_real_traffic,HIGH,43,synthetic_038,gamebox_dataset,True,2839
100,synthetic_scalability_scenario_derived_from_real_traffic,HIGH,43,synthetic_039,teams_dataset,True,4095
100,synthetic_scalability_scenario_derived_from_real_traffic,HIGH,43,synthetic_040,zepeto_dataset,True,1013
100,synthetic_scalability_scenario_derived_from_real_traffic,HIGH,43,synthetic_041,teams_dataset,True,26
100,synthetic_scalability_scenario_derived_from_real_traffic,HIGH,43,synthetic_042,afreeca_dataset,True,5640
100,synthetic_scalability_scenario_derived_from_real_traffic,HIGH,43,synthetic_043,meet_dataset,True,3044
100,synthetic_scalability_scenario_derived_from_real_traffic,HIGH,43,synthetic_044,zepeto_dataset,True,3837
100,synthetic_scalability_scenario_derived_from_real_traffic,HIGH,43,synthetic_045,tft_dataset,True,5360
100,synthetic_scalability_scenario_derived_from_real_traffic,HIGH,43,synthetic_046,teams_dataset,True,5106
100,synthetic_scalability_scenario_derived_from_real_traffic,HIGH,43,synthetic_047,amazon_dataset,True,5766
100,synthetic_scalability_scenario_derived_from_real_traffic,HIGH,43,synthetic_048,navernow_dataset,True,2153
100,synthetic_scalability_scenario_derived_from_real_traffic,HIGH,43,synthetic_049,battleground_dataset,True,1296
100,synthetic_scalability_scenario_derived_from_real_traffic,HIGH,43,synthetic_050,battleground_dataset,True,84
100,synthetic_scalability_scenario_derived_from_real_traffic,HIGH,43,synthetic_051,geforce_dataset,True,2649
100,synthetic_scalability_scenario_derived_from_real_traffic,HIGH,43,synthetic_052,zoom_dataset,True,4057
100,synthetic_scalability_scenario_derived_from_real_traffic,HIGH,43,synthetic_053,youtubeLive_dataset,True,3790
100,synthetic_scalability_scenario_derived_from_real_traffic,HIGH,43,synthetic_054,youtube_dataset,True,5879
100,synthetic_scalability_scenario_derived_from_real_traffic,HIGH,43,synthetic_055,zepeto_dataset,True,5537
100,synthetic_scalability_scenario_derived_from_real_traffic,HIGH,43,synthetic_056,tft_dataset,True,3321
100,synthetic_scalability_scenario_derived_from_real_traffic,HIGH,43,synthetic_057,battleground_dataset,True,820
100,synthetic_scalability_scenario_derived_from_real_traffic,HIGH,43,synthetic_058,zoom_dataset,True,3348
100,synthetic_scalability_scenario_derived_from_real_traffic,HIGH,43,synthetic_059,youtube_dataset,True,6151
100,synthetic_scalability_scenario_derived_from_real_traffic,HIGH,43,synthetic_060,amazon_dataset,True,5892
100,synthetic_scalability_scenario_derived_from_real_traffic,HIGH,43,synthetic_061,geforce_dataset,True,4509
100,synthetic_scalability_scenario_derived_from_real_traffic,HIGH,43,synthetic_062,navernow_dataset,True,4408
100,synthetic_scalability_scenario_derived_from_real_traffic,HIGH,43,synthetic_063,netflix_dataset,True,5546
100,synthetic_scalability_scenario_derived_from_real_traffic,HIGH,43,synthetic_064,zoom_dataset,True,4596
100,synthetic_scalability_scenario_derived_from_real_traffic,HIGH,43,synthetic_065,navernow_dataset,True,4175
100,synthetic_scalability_scenario_derived_from_real_traffic,HIGH,43,synthetic_066,battleground_dataset,True,2687
100,synthetic_scalability_scenario_derived_from_real_traffic,HIGH,43,synthetic_067,youtubeLive_dataset,True,2672
100,synthetic_scalability_scenario_derived_from_real_traffic,HIGH,43,synthetic_068,zoom_dataset,True,3253
100,synthetic_scalability_scenario_derived_from_real_traffic,HIGH,43,synthetic_069,zepeto_dataset,True,5898
100,synthetic_scalability_scenario_derived_from_real_traffic,HIGH,43,synthetic_070,gamebox_dataset,True,4291
100,synthetic_scalability_scenario_derived_from_real_traffic,HIGH,43,synthetic_071,zoom_dataset,True,5522
100,synthetic_scalability_scenario_derived_from_real_traffic,HIGH,43,synthetic_072,netflix_dataset,True,3362
100,synthetic_scalability_scenario_derived_from_real_traffic,HIGH,43,synthetic_073,youtubeLive_dataset,True,3588
100,synthetic_scalability_scenario_derived_from_real_traffic,HIGH,43,synthetic_074,roblox_dataset,True,4674
100,synthetic_scalability_scenario_derived_from_real_traffic,HIGH,43,synthetic_075,zoom_dataset,True,4646
100,synthetic_scalability_scenario_derived_from_real_traffic,HIGH,43,synthetic_076,netflix_dataset,True,1468
100,synthetic_scalability_scenario_derived_from_real_traffic,HIGH,43,synthetic_077,geforce_dataset,True,6201
100,synthetic_scalability_scenario_derived_from_real_traffic,HIGH,43,synthetic_078,youtube_dataset,True,1503
100,synthetic_scalability_scenario_derived_from_real_traffic,HIGH,43,synthetic_079,meet_dataset,True,4403
100,synthetic_scalability_scenario_derived_from_real_traffic,HIGH,43,synthetic_080,teams_dataset,True,2424
100,synthetic_scalability_scenario_derived_from_real_traffic,HIGH,43,synthetic_081,tft_dataset,True,1883
100,synthetic_scalability_scenario_derived_from_real_traffic,HIGH,43,synthetic_082,zepeto_dataset,True,6644
100,synthetic_scalability_scenario_derived_from_real_traffic,HIGH,43,synthetic_083,geforce_dataset,True,4546
100,synthetic_scalability_scenario_derived_from_real_traffic,HIGH,43,synthetic_084,roblox_dataset,True,1895
100,synthetic_scalability_scenario_derived_from_real_traffic,HIGH,43,synthetic_085,teams_dataset,True,4864
100,synthetic_scalability_scenario_derived_from_real_traffic,HIGH,44,afreeca_dataset,afreeca_dataset,False,0
100,synthetic_scalability_scenario_derived_from_real_traffic,HIGH,44,amazon_dataset,amazon_dataset,False,0
100,synthetic_scalability_scenario_derived_from_real_traffic,HIGH,44,battleground_dataset,battleground_dataset,False,0
100,synthetic_scalability_scenario_derived_from_real_traffic,HIGH,44,gamebox_dataset,gamebox_dataset,False,0
100,synthetic_scalability_scenario_derived_from_real_traffic,HIGH,44,geforce_dataset,geforce_dataset,False,0
100,synthetic_scalability_scenario_derived_from_real_traffic,HIGH,44,meet_dataset,meet_dataset,False,0
100,synthetic_scalability_scenario_derived_from_real_traffic,HIGH,44,navernow_dataset,navernow_dataset,False,0
100,synthetic_scalability_scenario_derived_from_real_traffic,HIGH,44,netflix_dataset,netflix_dataset,False,0
100,synthetic_scalability_scenario_derived_from_real_traffic,HIGH,44,roblox_dataset,roblox_dataset,False,0
100,synthetic_scalability_scenario_derived_from_real_traffic,HIGH,44,teams_dataset,teams_dataset,False,0
100,synthetic_scalability_scenario_derived_from_real_traffic,HIGH,44,tft_dataset,tft_dataset,False,0
100,synthetic_scalability_scenario_derived_from_real_traffic,HIGH,44,youtubeLive_dataset,youtubeLive_dataset,False,0
100,synthetic_scalability_scenario_derived_from_real_traffic,HIGH,44,youtube_dataset,youtube_dataset,False,0
100,synthetic_scalability_scenario_derived_from_real_traffic,HIGH,44,zepeto_dataset,zepeto_dataset,False,0
100,synthetic_scalability_scenario_derived_from_real_traffic,HIGH,44,zoom_dataset,zoom_dataset,False,0
100,synthetic_scalability_scenario_derived_from_real_traffic,HIGH,44,synthetic_001,roblox_dataset,True,4787
100,synthetic_scalability_scenario_derived_from_real_traffic,HIGH,44,synthetic_002,navernow_dataset,True,130
100,synthetic_scalability_scenario_derived_from_real_traffic,HIGH,44,synthetic_003,roblox_dataset,True,5334
100,synthetic_scalability_scenario_derived_from_real_traffic,HIGH,44,synthetic_004,amazon_dataset,True,6026
100,synthetic_scalability_scenario_derived_from_real_traffic,HIGH,44,synthetic_005,roblox_dataset,True,3504
100,synthetic_scalability_scenario_derived_from_real_traffic,HIGH,44,synthetic_006,youtube_dataset,True,1319
100,synthetic_scalability_scenario_derived_from_real_traffic,HIGH,44,synthetic_007,zoom_dataset,True,1209
100,synthetic_scalability_scenario_derived_from_real_traffic,HIGH,44,synthetic_008,youtubeLive_dataset,True,5655
100,synthetic_scalability_scenario_derived_from_real_traffic,HIGH,44,synthetic_009,teams_dataset,True,583
100,synthetic_scalability_scenario_derived_from_real_traffic,HIGH,44,synthetic_010,tft_dataset,True,3654
100,synthetic_scalability_scenario_derived_from_real_traffic,HIGH,44,synthetic_011,zoom_dataset,True,1360
100,synthetic_scalability_scenario_derived_from_real_traffic,HIGH,44,synthetic_012,gamebox_dataset,True,2015
100,synthetic_scalability_scenario_derived_from_real_traffic,HIGH,44,synthetic_013,youtube_dataset,True,6537
100,synthetic_scalability_scenario_derived_from_real_traffic,HIGH,44,synthetic_014,zoom_dataset,True,1850
100,synthetic_scalability_scenario_derived_from_real_traffic,HIGH,44,synthetic_015,tft_dataset,True,4572
100,synthetic_scalability_scenario_derived_from_real_traffic,HIGH,44,synthetic_016,geforce_dataset,True,5133
100,synthetic_scalability_scenario_derived_from_real_traffic,HIGH,44,synthetic_017,teams_dataset,True,1928
100,synthetic_scalability_scenario_derived_from_real_traffic,HIGH,44,synthetic_018,meet_dataset,True,980
100,synthetic_scalability_scenario_derived_from_real_traffic,HIGH,44,synthetic_019,meet_dataset,True,5165
100,synthetic_scalability_scenario_derived_from_real_traffic,HIGH,44,synthetic_020,roblox_dataset,True,3034
100,synthetic_scalability_scenario_derived_from_real_traffic,HIGH,44,synthetic_021,youtube_dataset,True,1925
100,synthetic_scalability_scenario_derived_from_real_traffic,HIGH,44,synthetic_022,battleground_dataset,True,1415
100,synthetic_scalability_scenario_derived_from_real_traffic,HIGH,44,synthetic_023,navernow_dataset,True,6580
100,synthetic_scalability_scenario_derived_from_real_traffic,HIGH,44,synthetic_024,roblox_dataset,True,4323
100,synthetic_scalability_scenario_derived_from_real_traffic,HIGH,44,synthetic_025,youtube_dataset,True,3499
100,synthetic_scalability_scenario_derived_from_real_traffic,HIGH,44,synthetic_026,roblox_dataset,True,763
100,synthetic_scalability_scenario_derived_from_real_traffic,HIGH,44,synthetic_027,geforce_dataset,True,6104
100,synthetic_scalability_scenario_derived_from_real_traffic,HIGH,44,synthetic_028,youtubeLive_dataset,True,2226
100,synthetic_scalability_scenario_derived_from_real_traffic,HIGH,44,synthetic_029,roblox_dataset,True,5290
100,synthetic_scalability_scenario_derived_from_real_traffic,HIGH,44,synthetic_030,afreeca_dataset,True,6056
100,synthetic_scalability_scenario_derived_from_real_traffic,HIGH,44,synthetic_031,geforce_dataset,True,1377
100,synthetic_scalability_scenario_derived_from_real_traffic,HIGH,44,synthetic_032,zepeto_dataset,True,6542
100,synthetic_scalability_scenario_derived_from_real_traffic,HIGH,44,synthetic_033,battleground_dataset,True,5982
100,synthetic_scalability_scenario_derived_from_real_traffic,HIGH,44,synthetic_034,roblox_dataset,True,3787
100,synthetic_scalability_scenario_derived_from_real_traffic,HIGH,44,synthetic_035,netflix_dataset,True,4845
100,synthetic_scalability_scenario_derived_from_real_traffic,HIGH,44,synthetic_036,roblox_dataset,True,1855
100,synthetic_scalability_scenario_derived_from_real_traffic,HIGH,44,synthetic_037,amazon_dataset,True,4841
100,synthetic_scalability_scenario_derived_from_real_traffic,HIGH,44,synthetic_038,meet_dataset,True,2884
100,synthetic_scalability_scenario_derived_from_real_traffic,HIGH,44,synthetic_039,zoom_dataset,True,2177
100,synthetic_scalability_scenario_derived_from_real_traffic,HIGH,44,synthetic_040,amazon_dataset,True,4662
100,synthetic_scalability_scenario_derived_from_real_traffic,HIGH,44,synthetic_041,youtube_dataset,True,2563
100,synthetic_scalability_scenario_derived_from_real_traffic,HIGH,44,synthetic_042,zepeto_dataset,True,4713
100,synthetic_scalability_scenario_derived_from_real_traffic,HIGH,44,synthetic_043,gamebox_dataset,True,5696
100,synthetic_scalability_scenario_derived_from_real_traffic,HIGH,44,synthetic_044,netflix_dataset,True,1811
100,synthetic_scalability_scenario_derived_from_real_traffic,HIGH,44,synthetic_045,tft_dataset,True,1381
100,synthetic_scalability_scenario_derived_from_real_traffic,HIGH,44,synthetic_046,meet_dataset,True,2143
100,synthetic_scalability_scenario_derived_from_real_traffic,HIGH,44,synthetic_047,gamebox_dataset,True,2834
100,synthetic_scalability_scenario_derived_from_real_traffic,HIGH,44,synthetic_048,zoom_dataset,True,4873
100,synthetic_scalability_scenario_derived_from_real_traffic,HIGH,44,synthetic_049,teams_dataset,True,2926
100,synthetic_scalability_scenario_derived_from_real_traffic,HIGH,44,synthetic_050,teams_dataset,True,4639
100,synthetic_scalability_scenario_derived_from_real_traffic,HIGH,44,synthetic_051,battleground_dataset,True,6659
100,synthetic_scalability_scenario_derived_from_real_traffic,HIGH,44,synthetic_052,battleground_dataset,True,1563
100,synthetic_scalability_scenario_derived_from_real_traffic,HIGH,44,synthetic_053,meet_dataset,True,5073
100,synthetic_scalability_scenario_derived_from_real_traffic,HIGH,44,synthetic_054,battleground_dataset,True,3189
100,synthetic_scalability_scenario_derived_from_real_traffic,HIGH,44,synthetic_055,zepeto_dataset,True,2797
100,synthetic_scalability_scenario_derived_from_real_traffic,HIGH,44,synthetic_056,zepeto_dataset,True,4025
100,synthetic_scalability_scenario_derived_from_real_traffic,HIGH,44,synthetic_057,youtube_dataset,True,790
100,synthetic_scalability_scenario_derived_from_real_traffic,HIGH,44,synthetic_058,meet_dataset,True,2109
100,synthetic_scalability_scenario_derived_from_real_traffic,HIGH,44,synthetic_059,navernow_dataset,True,1832
100,synthetic_scalability_scenario_derived_from_real_traffic,HIGH,44,synthetic_060,meet_dataset,True,4083
100,synthetic_scalability_scenario_derived_from_real_traffic,HIGH,44,synthetic_061,netflix_dataset,True,1505
100,synthetic_scalability_scenario_derived_from_real_traffic,HIGH,44,synthetic_062,gamebox_dataset,True,317
100,synthetic_scalability_scenario_derived_from_real_traffic,HIGH,44,synthetic_063,afreeca_dataset,True,271
100,synthetic_scalability_scenario_derived_from_real_traffic,HIGH,44,synthetic_064,geforce_dataset,True,5181
100,synthetic_scalability_scenario_derived_from_real_traffic,HIGH,44,synthetic_065,zoom_dataset,True,4574
100,synthetic_scalability_scenario_derived_from_real_traffic,HIGH,44,synthetic_066,battleground_dataset,True,5683
100,synthetic_scalability_scenario_derived_from_real_traffic,HIGH,44,synthetic_067,battleground_dataset,True,4530
100,synthetic_scalability_scenario_derived_from_real_traffic,HIGH,44,synthetic_068,amazon_dataset,True,349
100,synthetic_scalability_scenario_derived_from_real_traffic,HIGH,44,synthetic_069,meet_dataset,True,4690
100,synthetic_scalability_scenario_derived_from_real_traffic,HIGH,44,synthetic_070,teams_dataset,True,3659
100,synthetic_scalability_scenario_derived_from_real_traffic,HIGH,44,synthetic_071,battleground_dataset,True,6434
100,synthetic_scalability_scenario_derived_from_real_traffic,HIGH,44,synthetic_072,youtube_dataset,True,1537
100,synthetic_scalability_scenario_derived_from_real_traffic,HIGH,44,synthetic_073,youtube_dataset,True,520
100,synthetic_scalability_scenario_derived_from_real_traffic,HIGH,44,synthetic_074,battleground_dataset,True,5572
100,synthetic_scalability_scenario_derived_from_real_traffic,HIGH,44,synthetic_075,youtubeLive_dataset,True,2827
100,synthetic_scalability_scenario_derived_from_real_traffic,HIGH,44,synthetic_076,meet_dataset,True,3144
100,synthetic_scalability_scenario_derived_from_real_traffic,HIGH,44,synthetic_077,youtubeLive_dataset,True,4796
100,synthetic_scalability_scenario_derived_from_real_traffic,HIGH,44,synthetic_078,roblox_dataset,True,1223
100,synthetic_scalability_scenario_derived_from_real_traffic,HIGH,44,synthetic_079,amazon_dataset,True,3017
100,synthetic_scalability_scenario_derived_from_real_traffic,HIGH,44,synthetic_080,roblox_dataset,True,5367
100,synthetic_scalability_scenario_derived_from_real_traffic,HIGH,44,synthetic_081,roblox_dataset,True,3974
100,synthetic_scalability_scenario_derived_from_real_traffic,HIGH,44,synthetic_082,gamebox_dataset,True,6042
100,synthetic_scalability_scenario_derived_from_real_traffic,HIGH,44,synthetic_083,geforce_dataset,True,5789
100,synthetic_scalability_scenario_derived_from_real_traffic,HIGH,44,synthetic_084,tft_dataset,True,1829
100,synthetic_scalability_scenario_derived_from_real_traffic,HIGH,44,synthetic_085,netflix_dataset,True,5323
100,synthetic_scalability_scenario_derived_from_real_traffic,HIGH,45,afreeca_dataset,afreeca_dataset,False,0
100,synthetic_scalability_scenario_derived_from_real_traffic,HIGH,45,amazon_dataset,amazon_dataset,False,0
100,synthetic_scalability_scenario_derived_from_real_traffic,HIGH,45,battleground_dataset,battleground_dataset,False,0
100,synthetic_scalability_scenario_derived_from_real_traffic,HIGH,45,gamebox_dataset,gamebox_dataset,False,0
100,synthetic_scalability_scenario_derived_from_real_traffic,HIGH,45,geforce_dataset,geforce_dataset,False,0
100,synthetic_scalability_scenario_derived_from_real_traffic,HIGH,45,meet_dataset,meet_dataset,False,0
100,synthetic_scalability_scenario_derived_from_real_traffic,HIGH,45,navernow_dataset,navernow_dataset,False,0
100,synthetic_scalability_scenario_derived_from_real_traffic,HIGH,45,netflix_dataset,netflix_dataset,False,0
100,synthetic_scalability_scenario_derived_from_real_traffic,HIGH,45,roblox_dataset,roblox_dataset,False,0
100,synthetic_scalability_scenario_derived_from_real_traffic,HIGH,45,teams_dataset,teams_dataset,False,0
100,synthetic_scalability_scenario_derived_from_real_traffic,HIGH,45,tft_dataset,tft_dataset,False,0
100,synthetic_scalability_scenario_derived_from_real_traffic,HIGH,45,youtubeLive_dataset,youtubeLive_dataset,False,0
100,synthetic_scalability_scenario_derived_from_real_traffic,HIGH,45,youtube_dataset,youtube_dataset,False,0
100,synthetic_scalability_scenario_derived_from_real_traffic,HIGH,45,zepeto_dataset,zepeto_dataset,False,0
100,synthetic_scalability_scenario_derived_from_real_traffic,HIGH,45,zoom_dataset,zoom_dataset,False,0
100,synthetic_scalability_scenario_derived_from_real_traffic,HIGH,45,synthetic_001,roblox_dataset,True,6449
100,synthetic_scalability_scenario_derived_from_real_traffic,HIGH,45,synthetic_002,netflix_dataset,True,3135
100,synthetic_scalability_scenario_derived_from_real_traffic,HIGH,45,synthetic_003,navernow_dataset,True,5426
100,synthetic_scalability_scenario_derived_from_real_traffic,HIGH,45,synthetic_004,youtubeLive_dataset,True,5788
100,synthetic_scalability_scenario_derived_from_real_traffic,HIGH,45,synthetic_005,meet_dataset,True,4213
100,synthetic_scalability_scenario_derived_from_real_traffic,HIGH,45,synthetic_006,youtube_dataset,True,313
100,synthetic_scalability_scenario_derived_from_real_traffic,HIGH,45,synthetic_007,navernow_dataset,True,367
100,synthetic_scalability_scenario_derived_from_real_traffic,HIGH,45,synthetic_008,geforce_dataset,True,801
100,synthetic_scalability_scenario_derived_from_real_traffic,HIGH,45,synthetic_009,navernow_dataset,True,4698
100,synthetic_scalability_scenario_derived_from_real_traffic,HIGH,45,synthetic_010,navernow_dataset,True,294
100,synthetic_scalability_scenario_derived_from_real_traffic,HIGH,45,synthetic_011,meet_dataset,True,4684
100,synthetic_scalability_scenario_derived_from_real_traffic,HIGH,45,synthetic_012,youtube_dataset,True,2808
100,synthetic_scalability_scenario_derived_from_real_traffic,HIGH,45,synthetic_013,zepeto_dataset,True,2471
100,synthetic_scalability_scenario_derived_from_real_traffic,HIGH,45,synthetic_014,afreeca_dataset,True,1029
100,synthetic_scalability_scenario_derived_from_real_traffic,HIGH,45,synthetic_015,roblox_dataset,True,711
100,synthetic_scalability_scenario_derived_from_real_traffic,HIGH,45,synthetic_016,battleground_dataset,True,838
100,synthetic_scalability_scenario_derived_from_real_traffic,HIGH,45,synthetic_017,geforce_dataset,True,5203
100,synthetic_scalability_scenario_derived_from_real_traffic,HIGH,45,synthetic_018,youtube_dataset,True,1167
100,synthetic_scalability_scenario_derived_from_real_traffic,HIGH,45,synthetic_019,battleground_dataset,True,4748
100,synthetic_scalability_scenario_derived_from_real_traffic,HIGH,45,synthetic_020,gamebox_dataset,True,4695
100,synthetic_scalability_scenario_derived_from_real_traffic,HIGH,45,synthetic_021,navernow_dataset,True,3498
100,synthetic_scalability_scenario_derived_from_real_traffic,HIGH,45,synthetic_022,zepeto_dataset,True,6425
100,synthetic_scalability_scenario_derived_from_real_traffic,HIGH,45,synthetic_023,youtubeLive_dataset,True,2497
100,synthetic_scalability_scenario_derived_from_real_traffic,HIGH,45,synthetic_024,battleground_dataset,True,237
100,synthetic_scalability_scenario_derived_from_real_traffic,HIGH,45,synthetic_025,afreeca_dataset,True,3314
100,synthetic_scalability_scenario_derived_from_real_traffic,HIGH,45,synthetic_026,meet_dataset,True,1354
100,synthetic_scalability_scenario_derived_from_real_traffic,HIGH,45,synthetic_027,afreeca_dataset,True,831
100,synthetic_scalability_scenario_derived_from_real_traffic,HIGH,45,synthetic_028,geforce_dataset,True,6639
100,synthetic_scalability_scenario_derived_from_real_traffic,HIGH,45,synthetic_029,zepeto_dataset,True,2397
100,synthetic_scalability_scenario_derived_from_real_traffic,HIGH,45,synthetic_030,youtube_dataset,True,4630
100,synthetic_scalability_scenario_derived_from_real_traffic,HIGH,45,synthetic_031,zepeto_dataset,True,1407
100,synthetic_scalability_scenario_derived_from_real_traffic,HIGH,45,synthetic_032,youtubeLive_dataset,True,90
100,synthetic_scalability_scenario_derived_from_real_traffic,HIGH,45,synthetic_033,meet_dataset,True,6521
100,synthetic_scalability_scenario_derived_from_real_traffic,HIGH,45,synthetic_034,zoom_dataset,True,4838
100,synthetic_scalability_scenario_derived_from_real_traffic,HIGH,45,synthetic_035,zoom_dataset,True,4730
100,synthetic_scalability_scenario_derived_from_real_traffic,HIGH,45,synthetic_036,tft_dataset,True,5475
100,synthetic_scalability_scenario_derived_from_real_traffic,HIGH,45,synthetic_037,netflix_dataset,True,2134
100,synthetic_scalability_scenario_derived_from_real_traffic,HIGH,45,synthetic_038,zoom_dataset,True,2918
100,synthetic_scalability_scenario_derived_from_real_traffic,HIGH,45,synthetic_039,youtube_dataset,True,2508
100,synthetic_scalability_scenario_derived_from_real_traffic,HIGH,45,synthetic_040,youtubeLive_dataset,True,5848
100,synthetic_scalability_scenario_derived_from_real_traffic,HIGH,45,synthetic_041,teams_dataset,True,2113
100,synthetic_scalability_scenario_derived_from_real_traffic,HIGH,45,synthetic_042,geforce_dataset,True,2278
100,synthetic_scalability_scenario_derived_from_real_traffic,HIGH,45,synthetic_043,netflix_dataset,True,5022
100,synthetic_scalability_scenario_derived_from_real_traffic,HIGH,45,synthetic_044,zepeto_dataset,True,4095
100,synthetic_scalability_scenario_derived_from_real_traffic,HIGH,45,synthetic_045,tft_dataset,True,3547
100,synthetic_scalability_scenario_derived_from_real_traffic,HIGH,45,synthetic_046,youtubeLive_dataset,True,944
100,synthetic_scalability_scenario_derived_from_real_traffic,HIGH,45,synthetic_047,meet_dataset,True,2562
100,synthetic_scalability_scenario_derived_from_real_traffic,HIGH,45,synthetic_048,meet_dataset,True,6016
100,synthetic_scalability_scenario_derived_from_real_traffic,HIGH,45,synthetic_049,netflix_dataset,True,647
100,synthetic_scalability_scenario_derived_from_real_traffic,HIGH,45,synthetic_050,netflix_dataset,True,5432
100,synthetic_scalability_scenario_derived_from_real_traffic,HIGH,45,synthetic_051,navernow_dataset,True,4527
100,synthetic_scalability_scenario_derived_from_real_traffic,HIGH,45,synthetic_052,meet_dataset,True,763
100,synthetic_scalability_scenario_derived_from_real_traffic,HIGH,45,synthetic_053,zoom_dataset,True,5374
100,synthetic_scalability_scenario_derived_from_real_traffic,HIGH,45,synthetic_054,afreeca_dataset,True,3352
100,synthetic_scalability_scenario_derived_from_real_traffic,HIGH,45,synthetic_055,battleground_dataset,True,2734
100,synthetic_scalability_scenario_derived_from_real_traffic,HIGH,45,synthetic_056,afreeca_dataset,True,4166
100,synthetic_scalability_scenario_derived_from_real_traffic,HIGH,45,synthetic_057,geforce_dataset,True,1984
100,synthetic_scalability_scenario_derived_from_real_traffic,HIGH,45,synthetic_058,tft_dataset,True,509
100,synthetic_scalability_scenario_derived_from_real_traffic,HIGH,45,synthetic_059,tft_dataset,True,1561
100,synthetic_scalability_scenario_derived_from_real_traffic,HIGH,45,synthetic_060,teams_dataset,True,1215
100,synthetic_scalability_scenario_derived_from_real_traffic,HIGH,45,synthetic_061,afreeca_dataset,True,2785
100,synthetic_scalability_scenario_derived_from_real_traffic,HIGH,45,synthetic_062,zepeto_dataset,True,3445
100,synthetic_scalability_scenario_derived_from_real_traffic,HIGH,45,synthetic_063,battleground_dataset,True,1643
100,synthetic_scalability_scenario_derived_from_real_traffic,HIGH,45,synthetic_064,youtube_dataset,True,5278
100,synthetic_scalability_scenario_derived_from_real_traffic,HIGH,45,synthetic_065,netflix_dataset,True,2429
100,synthetic_scalability_scenario_derived_from_real_traffic,HIGH,45,synthetic_066,battleground_dataset,True,4100
100,synthetic_scalability_scenario_derived_from_real_traffic,HIGH,45,synthetic_067,youtubeLive_dataset,True,4638
100,synthetic_scalability_scenario_derived_from_real_traffic,HIGH,45,synthetic_068,amazon_dataset,True,5171
100,synthetic_scalability_scenario_derived_from_real_traffic,HIGH,45,synthetic_069,zepeto_dataset,True,1067
100,synthetic_scalability_scenario_derived_from_real_traffic,HIGH,45,synthetic_070,battleground_dataset,True,2069
100,synthetic_scalability_scenario_derived_from_real_traffic,HIGH,45,synthetic_071,zepeto_dataset,True,5526
100,synthetic_scalability_scenario_derived_from_real_traffic,HIGH,45,synthetic_072,netflix_dataset,True,4720
100,synthetic_scalability_scenario_derived_from_real_traffic,HIGH,45,synthetic_073,afreeca_dataset,True,3457
100,synthetic_scalability_scenario_derived_from_real_traffic,HIGH,45,synthetic_074,geforce_dataset,True,6100
100,synthetic_scalability_scenario_derived_from_real_traffic,HIGH,45,synthetic_075,amazon_dataset,True,1651
100,synthetic_scalability_scenario_derived_from_real_traffic,HIGH,45,synthetic_076,amazon_dataset,True,2994
100,synthetic_scalability_scenario_derived_from_real_traffic,HIGH,45,synthetic_077,tft_dataset,True,3268
100,synthetic_scalability_scenario_derived_from_real_traffic,HIGH,45,synthetic_078,meet_dataset,True,1149
100,synthetic_scalability_scenario_derived_from_real_traffic,HIGH,45,synthetic_079,tft_dataset,True,1394
100,synthetic_scalability_scenario_derived_from_real_traffic,HIGH,45,synthetic_080,navernow_dataset,True,4235
100,synthetic_scalability_scenario_derived_from_real_traffic,HIGH,45,synthetic_081,zepeto_dataset,True,0
100,synthetic_scalability_scenario_derived_from_real_traffic,HIGH,45,synthetic_082,gamebox_dataset,True,2657
100,synthetic_scalability_scenario_derived_from_real_traffic,HIGH,45,synthetic_083,amazon_dataset,True,1963
100,synthetic_scalability_scenario_derived_from_real_traffic,HIGH,45,synthetic_084,gamebox_dataset,True,5153
100,synthetic_scalability_scenario_derived_from_real_traffic,HIGH,45,synthetic_085,zepeto_dataset,True,2964
100,synthetic_scalability_scenario_derived_from_real_traffic,HIGH,46,afreeca_dataset,afreeca_dataset,False,0
100,synthetic_scalability_scenario_derived_from_real_traffic,HIGH,46,amazon_dataset,amazon_dataset,False,0
100,synthetic_scalability_scenario_derived_from_real_traffic,HIGH,46,battleground_dataset,battleground_dataset,False,0
100,synthetic_scalability_scenario_derived_from_real_traffic,HIGH,46,gamebox_dataset,gamebox_dataset,False,0
100,synthetic_scalability_scenario_derived_from_real_traffic,HIGH,46,geforce_dataset,geforce_dataset,False,0
100,synthetic_scalability_scenario_derived_from_real_traffic,HIGH,46,meet_dataset,meet_dataset,False,0
100,synthetic_scalability_scenario_derived_from_real_traffic,HIGH,46,navernow_dataset,navernow_dataset,False,0
100,synthetic_scalability_scenario_derived_from_real_traffic,HIGH,46,netflix_dataset,netflix_dataset,False,0
100,synthetic_scalability_scenario_derived_from_real_traffic,HIGH,46,roblox_dataset,roblox_dataset,False,0
100,synthetic_scalability_scenario_derived_from_real_traffic,HIGH,46,teams_dataset,teams_dataset,False,0
100,synthetic_scalability_scenario_derived_from_real_traffic,HIGH,46,tft_dataset,tft_dataset,False,0
100,synthetic_scalability_scenario_derived_from_real_traffic,HIGH,46,youtubeLive_dataset,youtubeLive_dataset,False,0
100,synthetic_scalability_scenario_derived_from_real_traffic,HIGH,46,youtube_dataset,youtube_dataset,False,0
100,synthetic_scalability_scenario_derived_from_real_traffic,HIGH,46,zepeto_dataset,zepeto_dataset,False,0
100,synthetic_scalability_scenario_derived_from_real_traffic,HIGH,46,zoom_dataset,zoom_dataset,False,0
100,synthetic_scalability_scenario_derived_from_real_traffic,HIGH,46,synthetic_001,teams_dataset,True,4886
100,synthetic_scalability_scenario_derived_from_real_traffic,HIGH,46,synthetic_002,battleground_dataset,True,5170
100,synthetic_scalability_scenario_derived_from_real_traffic,HIGH,46,synthetic_003,youtubeLive_dataset,True,444
100,synthetic_scalability_scenario_derived_from_real_traffic,HIGH,46,synthetic_004,zepeto_dataset,True,702
100,synthetic_scalability_scenario_derived_from_real_traffic,HIGH,46,synthetic_005,gamebox_dataset,True,2609
100,synthetic_scalability_scenario_derived_from_real_traffic,HIGH,46,synthetic_006,geforce_dataset,True,2181
100,synthetic_scalability_scenario_derived_from_real_traffic,HIGH,46,synthetic_007,zepeto_dataset,True,1683
100,synthetic_scalability_scenario_derived_from_real_traffic,HIGH,46,synthetic_008,geforce_dataset,True,5639
100,synthetic_scalability_scenario_derived_from_real_traffic,HIGH,46,synthetic_009,zoom_dataset,True,47
100,synthetic_scalability_scenario_derived_from_real_traffic,HIGH,46,synthetic_010,gamebox_dataset,True,1211
100,synthetic_scalability_scenario_derived_from_real_traffic,HIGH,46,synthetic_011,meet_dataset,True,4270
100,synthetic_scalability_scenario_derived_from_real_traffic,HIGH,46,synthetic_012,teams_dataset,True,3202
100,synthetic_scalability_scenario_derived_from_real_traffic,HIGH,46,synthetic_013,afreeca_dataset,True,3352
100,synthetic_scalability_scenario_derived_from_real_traffic,HIGH,46,synthetic_014,battleground_dataset,True,4555
100,synthetic_scalability_scenario_derived_from_real_traffic,HIGH,46,synthetic_015,geforce_dataset,True,371
100,synthetic_scalability_scenario_derived_from_real_traffic,HIGH,46,synthetic_016,zoom_dataset,True,4909
100,synthetic_scalability_scenario_derived_from_real_traffic,HIGH,46,synthetic_017,teams_dataset,True,4370
100,synthetic_scalability_scenario_derived_from_real_traffic,HIGH,46,synthetic_018,tft_dataset,True,6021
100,synthetic_scalability_scenario_derived_from_real_traffic,HIGH,46,synthetic_019,youtube_dataset,True,4160
100,synthetic_scalability_scenario_derived_from_real_traffic,HIGH,46,synthetic_020,zoom_dataset,True,6633
100,synthetic_scalability_scenario_derived_from_real_traffic,HIGH,46,synthetic_021,youtube_dataset,True,3326
100,synthetic_scalability_scenario_derived_from_real_traffic,HIGH,46,synthetic_022,netflix_dataset,True,4820
100,synthetic_scalability_scenario_derived_from_real_traffic,HIGH,46,synthetic_023,battleground_dataset,True,288
100,synthetic_scalability_scenario_derived_from_real_traffic,HIGH,46,synthetic_024,teams_dataset,True,1735
100,synthetic_scalability_scenario_derived_from_real_traffic,HIGH,46,synthetic_025,tft_dataset,True,1157
100,synthetic_scalability_scenario_derived_from_real_traffic,HIGH,46,synthetic_026,youtubeLive_dataset,True,3647
100,synthetic_scalability_scenario_derived_from_real_traffic,HIGH,46,synthetic_027,meet_dataset,True,2998
100,synthetic_scalability_scenario_derived_from_real_traffic,HIGH,46,synthetic_028,battleground_dataset,True,1289
100,synthetic_scalability_scenario_derived_from_real_traffic,HIGH,46,synthetic_029,gamebox_dataset,True,3101
100,synthetic_scalability_scenario_derived_from_real_traffic,HIGH,46,synthetic_030,battleground_dataset,True,882
100,synthetic_scalability_scenario_derived_from_real_traffic,HIGH,46,synthetic_031,navernow_dataset,True,3018
100,synthetic_scalability_scenario_derived_from_real_traffic,HIGH,46,synthetic_032,meet_dataset,True,6400
100,synthetic_scalability_scenario_derived_from_real_traffic,HIGH,46,synthetic_033,youtubeLive_dataset,True,3417
100,synthetic_scalability_scenario_derived_from_real_traffic,HIGH,46,synthetic_034,geforce_dataset,True,3006
100,synthetic_scalability_scenario_derived_from_real_traffic,HIGH,46,synthetic_035,netflix_dataset,True,3238
100,synthetic_scalability_scenario_derived_from_real_traffic,HIGH,46,synthetic_036,zepeto_dataset,True,1655
100,synthetic_scalability_scenario_derived_from_real_traffic,HIGH,46,synthetic_037,zoom_dataset,True,3857
100,synthetic_scalability_scenario_derived_from_real_traffic,HIGH,46,synthetic_038,geforce_dataset,True,1058
100,synthetic_scalability_scenario_derived_from_real_traffic,HIGH,46,synthetic_039,afreeca_dataset,True,667
100,synthetic_scalability_scenario_derived_from_real_traffic,HIGH,46,synthetic_040,zepeto_dataset,True,3285
100,synthetic_scalability_scenario_derived_from_real_traffic,HIGH,46,synthetic_041,roblox_dataset,True,892
100,synthetic_scalability_scenario_derived_from_real_traffic,HIGH,46,synthetic_042,netflix_dataset,True,4533
100,synthetic_scalability_scenario_derived_from_real_traffic,HIGH,46,synthetic_043,netflix_dataset,True,4120
100,synthetic_scalability_scenario_derived_from_real_traffic,HIGH,46,synthetic_044,gamebox_dataset,True,3116
100,synthetic_scalability_scenario_derived_from_real_traffic,HIGH,46,synthetic_045,meet_dataset,True,1347
100,synthetic_scalability_scenario_derived_from_real_traffic,HIGH,46,synthetic_046,zepeto_dataset,True,2685
100,synthetic_scalability_scenario_derived_from_real_traffic,HIGH,46,synthetic_047,gamebox_dataset,True,6317
100,synthetic_scalability_scenario_derived_from_real_traffic,HIGH,46,synthetic_048,meet_dataset,True,4597
100,synthetic_scalability_scenario_derived_from_real_traffic,HIGH,46,synthetic_049,zepeto_dataset,True,5423
100,synthetic_scalability_scenario_derived_from_real_traffic,HIGH,46,synthetic_050,teams_dataset,True,1011
100,synthetic_scalability_scenario_derived_from_real_traffic,HIGH,46,synthetic_051,zoom_dataset,True,6485
100,synthetic_scalability_scenario_derived_from_real_traffic,HIGH,46,synthetic_052,teams_dataset,True,2422
100,synthetic_scalability_scenario_derived_from_real_traffic,HIGH,46,synthetic_053,amazon_dataset,True,2511
100,synthetic_scalability_scenario_derived_from_real_traffic,HIGH,46,synthetic_054,tft_dataset,True,2531
100,synthetic_scalability_scenario_derived_from_real_traffic,HIGH,46,synthetic_055,geforce_dataset,True,665
100,synthetic_scalability_scenario_derived_from_real_traffic,HIGH,46,synthetic_056,teams_dataset,True,4978
100,synthetic_scalability_scenario_derived_from_real_traffic,HIGH,46,synthetic_057,youtubeLive_dataset,True,1792
100,synthetic_scalability_scenario_derived_from_real_traffic,HIGH,46,synthetic_058,youtube_dataset,True,3294
100,synthetic_scalability_scenario_derived_from_real_traffic,HIGH,46,synthetic_059,meet_dataset,True,6227
100,synthetic_scalability_scenario_derived_from_real_traffic,HIGH,46,synthetic_060,roblox_dataset,True,4135
100,synthetic_scalability_scenario_derived_from_real_traffic,HIGH,46,synthetic_061,netflix_dataset,True,6034
100,synthetic_scalability_scenario_derived_from_real_traffic,HIGH,46,synthetic_062,netflix_dataset,True,1348
100,synthetic_scalability_scenario_derived_from_real_traffic,HIGH,46,synthetic_063,amazon_dataset,True,2830
100,synthetic_scalability_scenario_derived_from_real_traffic,HIGH,46,synthetic_064,youtubeLive_dataset,True,4522
100,synthetic_scalability_scenario_derived_from_real_traffic,HIGH,46,synthetic_065,amazon_dataset,True,2202
100,synthetic_scalability_scenario_derived_from_real_traffic,HIGH,46,synthetic_066,tft_dataset,True,3497
100,synthetic_scalability_scenario_derived_from_real_traffic,HIGH,46,synthetic_067,teams_dataset,True,585
100,synthetic_scalability_scenario_derived_from_real_traffic,HIGH,46,synthetic_068,geforce_dataset,True,4136
100,synthetic_scalability_scenario_derived_from_real_traffic,HIGH,46,synthetic_069,battleground_dataset,True,3032
100,synthetic_scalability_scenario_derived_from_real_traffic,HIGH,46,synthetic_070,meet_dataset,True,6044
100,synthetic_scalability_scenario_derived_from_real_traffic,HIGH,46,synthetic_071,zoom_dataset,True,2652
100,synthetic_scalability_scenario_derived_from_real_traffic,HIGH,46,synthetic_072,meet_dataset,True,3523
100,synthetic_scalability_scenario_derived_from_real_traffic,HIGH,46,synthetic_073,gamebox_dataset,True,4179
100,synthetic_scalability_scenario_derived_from_real_traffic,HIGH,46,synthetic_074,youtube_dataset,True,4631
100,synthetic_scalability_scenario_derived_from_real_traffic,HIGH,46,synthetic_075,tft_dataset,True,2228
100,synthetic_scalability_scenario_derived_from_real_traffic,HIGH,46,synthetic_076,roblox_dataset,True,4028
100,synthetic_scalability_scenario_derived_from_real_traffic,HIGH,46,synthetic_077,tft_dataset,True,1903
100,synthetic_scalability_scenario_derived_from_real_traffic,HIGH,46,synthetic_078,afreeca_dataset,True,133
100,synthetic_scalability_scenario_derived_from_real_traffic,HIGH,46,synthetic_079,zoom_dataset,True,6187
100,synthetic_scalability_scenario_derived_from_real_traffic,HIGH,46,synthetic_080,netflix_dataset,True,5214
100,synthetic_scalability_scenario_derived_from_real_traffic,HIGH,46,synthetic_081,meet_dataset,True,2235
100,synthetic_scalability_scenario_derived_from_real_traffic,HIGH,46,synthetic_082,amazon_dataset,True,96
100,synthetic_scalability_scenario_derived_from_real_traffic,HIGH,46,synthetic_083,battleground_dataset,True,3492
100,synthetic_scalability_scenario_derived_from_real_traffic,HIGH,46,synthetic_084,teams_dataset,True,2978
100,synthetic_scalability_scenario_derived_from_real_traffic,HIGH,46,synthetic_085,navernow_dataset,True,3867
100,synthetic_scalability_scenario_derived_from_real_traffic,SPIKE,42,afreeca_dataset,afreeca_dataset,False,0
100,synthetic_scalability_scenario_derived_from_real_traffic,SPIKE,42,amazon_dataset,amazon_dataset,False,0
100,synthetic_scalability_scenario_derived_from_real_traffic,SPIKE,42,battleground_dataset,battleground_dataset,False,0
100,synthetic_scalability_scenario_derived_from_real_traffic,SPIKE,42,gamebox_dataset,gamebox_dataset,False,0
100,synthetic_scalability_scenario_derived_from_real_traffic,SPIKE,42,geforce_dataset,geforce_dataset,False,0
100,synthetic_scalability_scenario_derived_from_real_traffic,SPIKE,42,meet_dataset,meet_dataset,False,0
100,synthetic_scalability_scenario_derived_from_real_traffic,SPIKE,42,navernow_dataset,navernow_dataset,False,0
100,synthetic_scalability_scenario_derived_from_real_traffic,SPIKE,42,netflix_dataset,netflix_dataset,False,0
100,synthetic_scalability_scenario_derived_from_real_traffic,SPIKE,42,roblox_dataset,roblox_dataset,False,0
100,synthetic_scalability_scenario_derived_from_real_traffic,SPIKE,42,teams_dataset,teams_dataset,False,0
100,synthetic_scalability_scenario_derived_from_real_traffic,SPIKE,42,tft_dataset,tft_dataset,False,0
100,synthetic_scalability_scenario_derived_from_real_traffic,SPIKE,42,youtubeLive_dataset,youtubeLive_dataset,False,0
100,synthetic_scalability_scenario_derived_from_real_traffic,SPIKE,42,youtube_dataset,youtube_dataset,False,0
100,synthetic_scalability_scenario_derived_from_real_traffic,SPIKE,42,zepeto_dataset,zepeto_dataset,False,0
100,synthetic_scalability_scenario_derived_from_real_traffic,SPIKE,42,zoom_dataset,zoom_dataset,False,0
100,synthetic_scalability_scenario_derived_from_real_traffic,SPIKE,42,synthetic_001,roblox_dataset,True,2966
100,synthetic_scalability_scenario_derived_from_real_traffic,SPIKE,42,synthetic_002,navernow_dataset,True,1520
100,synthetic_scalability_scenario_derived_from_real_traffic,SPIKE,42,synthetic_003,amazon_dataset,True,3710
100,synthetic_scalability_scenario_derived_from_real_traffic,SPIKE,42,synthetic_004,zepeto_dataset,True,426
100,synthetic_scalability_scenario_derived_from_real_traffic,SPIKE,42,synthetic_005,youtube_dataset,True,5536
100,synthetic_scalability_scenario_derived_from_real_traffic,SPIKE,42,synthetic_006,geforce_dataset,True,4225
100,synthetic_scalability_scenario_derived_from_real_traffic,SPIKE,42,synthetic_007,battleground_dataset,True,5071
100,synthetic_scalability_scenario_derived_from_real_traffic,SPIKE,42,synthetic_008,tft_dataset,True,2371
100,synthetic_scalability_scenario_derived_from_real_traffic,SPIKE,42,synthetic_009,amazon_dataset,True,6493
100,synthetic_scalability_scenario_derived_from_real_traffic,SPIKE,42,synthetic_010,navernow_dataset,True,5974
100,synthetic_scalability_scenario_derived_from_real_traffic,SPIKE,42,synthetic_011,tft_dataset,True,5207
100,synthetic_scalability_scenario_derived_from_real_traffic,SPIKE,42,synthetic_012,youtubeLive_dataset,True,1302
100,synthetic_scalability_scenario_derived_from_real_traffic,SPIKE,42,synthetic_013,meet_dataset,True,3122
100,synthetic_scalability_scenario_derived_from_real_traffic,SPIKE,42,synthetic_014,netflix_dataset,True,293
100,synthetic_scalability_scenario_derived_from_real_traffic,SPIKE,42,synthetic_015,roblox_dataset,True,1032
100,synthetic_scalability_scenario_derived_from_real_traffic,SPIKE,42,synthetic_016,youtubeLive_dataset,True,4569
100,synthetic_scalability_scenario_derived_from_real_traffic,SPIKE,42,synthetic_017,zepeto_dataset,True,4982
100,synthetic_scalability_scenario_derived_from_real_traffic,SPIKE,42,synthetic_018,meet_dataset,True,6472
100,synthetic_scalability_scenario_derived_from_real_traffic,SPIKE,42,synthetic_019,navernow_dataset,True,2179
100,synthetic_scalability_scenario_derived_from_real_traffic,SPIKE,42,synthetic_020,zepeto_dataset,True,2478
100,synthetic_scalability_scenario_derived_from_real_traffic,SPIKE,42,synthetic_021,amazon_dataset,True,3141
100,synthetic_scalability_scenario_derived_from_real_traffic,SPIKE,42,synthetic_022,youtubeLive_dataset,True,1267
100,synthetic_scalability_scenario_derived_from_real_traffic,SPIKE,42,synthetic_023,navernow_dataset,True,869
100,synthetic_scalability_scenario_derived_from_real_traffic,SPIKE,42,synthetic_024,tft_dataset,True,3182
100,synthetic_scalability_scenario_derived_from_real_traffic,SPIKE,42,synthetic_025,geforce_dataset,True,1518
100,synthetic_scalability_scenario_derived_from_real_traffic,SPIKE,42,synthetic_026,roblox_dataset,True,4481
100,synthetic_scalability_scenario_derived_from_real_traffic,SPIKE,42,synthetic_027,zoom_dataset,True,2924
100,synthetic_scalability_scenario_derived_from_real_traffic,SPIKE,42,synthetic_028,battleground_dataset,True,5570
100,synthetic_scalability_scenario_derived_from_real_traffic,SPIKE,42,synthetic_029,teams_dataset,True,4684
100,synthetic_scalability_scenario_derived_from_real_traffic,SPIKE,42,synthetic_030,amazon_dataset,True,2089
100,synthetic_scalability_scenario_derived_from_real_traffic,SPIKE,42,synthetic_031,youtubeLive_dataset,True,5567
100,synthetic_scalability_scenario_derived_from_real_traffic,SPIKE,42,synthetic_032,navernow_dataset,True,5383
100,synthetic_scalability_scenario_derived_from_real_traffic,SPIKE,42,synthetic_033,youtube_dataset,True,2592
100,synthetic_scalability_scenario_derived_from_real_traffic,SPIKE,42,synthetic_034,zepeto_dataset,True,1928
100,synthetic_scalability_scenario_derived_from_real_traffic,SPIKE,42,synthetic_035,gamebox_dataset,True,4565
100,synthetic_scalability_scenario_derived_from_real_traffic,SPIKE,42,synthetic_036,teams_dataset,True,934
100,synthetic_scalability_scenario_derived_from_real_traffic,SPIKE,42,synthetic_037,youtube_dataset,True,1337
100,synthetic_scalability_scenario_derived_from_real_traffic,SPIKE,42,synthetic_038,youtube_dataset,True,49
100,synthetic_scalability_scenario_derived_from_real_traffic,SPIKE,42,synthetic_039,youtubeLive_dataset,True,5264
100,synthetic_scalability_scenario_derived_from_real_traffic,SPIKE,42,synthetic_040,youtubeLive_dataset,True,4447
100,synthetic_scalability_scenario_derived_from_real_traffic,SPIKE,42,synthetic_041,netflix_dataset,True,4717
100,synthetic_scalability_scenario_derived_from_real_traffic,SPIKE,42,synthetic_042,geforce_dataset,True,5223
100,synthetic_scalability_scenario_derived_from_real_traffic,SPIKE,42,synthetic_043,roblox_dataset,True,3070
100,synthetic_scalability_scenario_derived_from_real_traffic,SPIKE,42,synthetic_044,netflix_dataset,True,3804
100,synthetic_scalability_scenario_derived_from_real_traffic,SPIKE,42,synthetic_045,afreeca_dataset,True,935
100,synthetic_scalability_scenario_derived_from_real_traffic,SPIKE,42,synthetic_046,gamebox_dataset,True,766
100,synthetic_scalability_scenario_derived_from_real_traffic,SPIKE,42,synthetic_047,navernow_dataset,True,4471
100,synthetic_scalability_scenario_derived_from_real_traffic,SPIKE,42,synthetic_048,teams_dataset,True,3151
100,synthetic_scalability_scenario_derived_from_real_traffic,SPIKE,42,synthetic_049,youtube_dataset,True,3781
100,synthetic_scalability_scenario_derived_from_real_traffic,SPIKE,42,synthetic_050,amazon_dataset,True,5117
100,synthetic_scalability_scenario_derived_from_real_traffic,SPIKE,42,synthetic_051,roblox_dataset,True,4246
100,synthetic_scalability_scenario_derived_from_real_traffic,SPIKE,42,synthetic_052,roblox_dataset,True,3703
100,synthetic_scalability_scenario_derived_from_real_traffic,SPIKE,42,synthetic_053,amazon_dataset,True,3741
100,synthetic_scalability_scenario_derived_from_real_traffic,SPIKE,42,synthetic_054,youtubeLive_dataset,True,2033
100,synthetic_scalability_scenario_derived_from_real_traffic,SPIKE,42,synthetic_055,teams_dataset,True,206
100,synthetic_scalability_scenario_derived_from_real_traffic,SPIKE,42,synthetic_056,meet_dataset,True,2921
100,synthetic_scalability_scenario_derived_from_real_traffic,SPIKE,42,synthetic_057,zoom_dataset,True,1435
100,synthetic_scalability_scenario_derived_from_real_traffic,SPIKE,42,synthetic_058,geforce_dataset,True,2733
100,synthetic_scalability_scenario_derived_from_real_traffic,SPIKE,42,synthetic_059,zoom_dataset,True,5709
100,synthetic_scalability_scenario_derived_from_real_traffic,SPIKE,42,synthetic_060,afreeca_dataset,True,1565
100,synthetic_scalability_scenario_derived_from_real_traffic,SPIKE,42,synthetic_061,youtube_dataset,True,390
100,synthetic_scalability_scenario_derived_from_real_traffic,SPIKE,42,synthetic_062,youtube_dataset,True,1882
100,synthetic_scalability_scenario_derived_from_real_traffic,SPIKE,42,synthetic_063,zepeto_dataset,True,1964
100,synthetic_scalability_scenario_derived_from_real_traffic,SPIKE,42,synthetic_064,navernow_dataset,True,4428
100,synthetic_scalability_scenario_derived_from_real_traffic,SPIKE,42,synthetic_065,amazon_dataset,True,3726
100,synthetic_scalability_scenario_derived_from_real_traffic,SPIKE,42,synthetic_066,netflix_dataset,True,5244
100,synthetic_scalability_scenario_derived_from_real_traffic,SPIKE,42,synthetic_067,zoom_dataset,True,4444
100,synthetic_scalability_scenario_derived_from_real_traffic,SPIKE,42,synthetic_068,navernow_dataset,True,2718
100,synthetic_scalability_scenario_derived_from_real_traffic,SPIKE,42,synthetic_069,navernow_dataset,True,5445
100,synthetic_scalability_scenario_derived_from_real_traffic,SPIKE,42,synthetic_070,geforce_dataset,True,1117
100,synthetic_scalability_scenario_derived_from_real_traffic,SPIKE,42,synthetic_071,meet_dataset,True,151
100,synthetic_scalability_scenario_derived_from_real_traffic,SPIKE,42,synthetic_072,amazon_dataset,True,602
100,synthetic_scalability_scenario_derived_from_real_traffic,SPIKE,42,synthetic_073,youtubeLive_dataset,True,4832
100,synthetic_scalability_scenario_derived_from_real_traffic,SPIKE,42,synthetic_074,tft_dataset,True,3089
100,synthetic_scalability_scenario_derived_from_real_traffic,SPIKE,42,synthetic_075,tft_dataset,True,1078
100,synthetic_scalability_scenario_derived_from_real_traffic,SPIKE,42,synthetic_076,zepeto_dataset,True,3351
100,synthetic_scalability_scenario_derived_from_real_traffic,SPIKE,42,synthetic_077,zoom_dataset,True,1018
100,synthetic_scalability_scenario_derived_from_real_traffic,SPIKE,42,synthetic_078,netflix_dataset,True,4658
100,synthetic_scalability_scenario_derived_from_real_traffic,SPIKE,42,synthetic_079,netflix_dataset,True,2984
100,synthetic_scalability_scenario_derived_from_real_traffic,SPIKE,42,synthetic_080,battleground_dataset,True,2549
100,synthetic_scalability_scenario_derived_from_real_traffic,SPIKE,42,synthetic_081,gamebox_dataset,True,2017
100,synthetic_scalability_scenario_derived_from_real_traffic,SPIKE,42,synthetic_082,tft_dataset,True,4216
100,synthetic_scalability_scenario_derived_from_real_traffic,SPIKE,42,synthetic_083,teams_dataset,True,2420
100,synthetic_scalability_scenario_derived_from_real_traffic,SPIKE,42,synthetic_084,zoom_dataset,True,586
100,synthetic_scalability_scenario_derived_from_real_traffic,SPIKE,42,synthetic_085,meet_dataset,True,789
100,synthetic_scalability_scenario_derived_from_real_traffic,SPIKE,43,afreeca_dataset,afreeca_dataset,False,0
100,synthetic_scalability_scenario_derived_from_real_traffic,SPIKE,43,amazon_dataset,amazon_dataset,False,0
100,synthetic_scalability_scenario_derived_from_real_traffic,SPIKE,43,battleground_dataset,battleground_dataset,False,0
100,synthetic_scalability_scenario_derived_from_real_traffic,SPIKE,43,gamebox_dataset,gamebox_dataset,False,0
100,synthetic_scalability_scenario_derived_from_real_traffic,SPIKE,43,geforce_dataset,geforce_dataset,False,0
100,synthetic_scalability_scenario_derived_from_real_traffic,SPIKE,43,meet_dataset,meet_dataset,False,0
100,synthetic_scalability_scenario_derived_from_real_traffic,SPIKE,43,navernow_dataset,navernow_dataset,False,0
100,synthetic_scalability_scenario_derived_from_real_traffic,SPIKE,43,netflix_dataset,netflix_dataset,False,0
100,synthetic_scalability_scenario_derived_from_real_traffic,SPIKE,43,roblox_dataset,roblox_dataset,False,0
100,synthetic_scalability_scenario_derived_from_real_traffic,SPIKE,43,teams_dataset,teams_dataset,False,0
100,synthetic_scalability_scenario_derived_from_real_traffic,SPIKE,43,tft_dataset,tft_dataset,False,0
100,synthetic_scalability_scenario_derived_from_real_traffic,SPIKE,43,youtubeLive_dataset,youtubeLive_dataset,False,0
100,synthetic_scalability_scenario_derived_from_real_traffic,SPIKE,43,youtube_dataset,youtube_dataset,False,0
100,synthetic_scalability_scenario_derived_from_real_traffic,SPIKE,43,zepeto_dataset,zepeto_dataset,False,0
100,synthetic_scalability_scenario_derived_from_real_traffic,SPIKE,43,zoom_dataset,zoom_dataset,False,0
100,synthetic_scalability_scenario_derived_from_real_traffic,SPIKE,43,synthetic_001,zepeto_dataset,True,2823
100,synthetic_scalability_scenario_derived_from_real_traffic,SPIKE,43,synthetic_002,navernow_dataset,True,27
100,synthetic_scalability_scenario_derived_from_real_traffic,SPIKE,43,synthetic_003,navernow_dataset,True,2066
100,synthetic_scalability_scenario_derived_from_real_traffic,SPIKE,43,synthetic_004,roblox_dataset,True,6367
100,synthetic_scalability_scenario_derived_from_real_traffic,SPIKE,43,synthetic_005,afreeca_dataset,True,5607
100,synthetic_scalability_scenario_derived_from_real_traffic,SPIKE,43,synthetic_006,meet_dataset,True,3580
100,synthetic_scalability_scenario_derived_from_real_traffic,SPIKE,43,synthetic_007,netflix_dataset,True,3247
100,synthetic_scalability_scenario_derived_from_real_traffic,SPIKE,43,synthetic_008,youtube_dataset,True,6322
100,synthetic_scalability_scenario_derived_from_real_traffic,SPIKE,43,synthetic_009,zoom_dataset,True,3968
100,synthetic_scalability_scenario_derived_from_real_traffic,SPIKE,43,synthetic_010,tft_dataset,True,6307
100,synthetic_scalability_scenario_derived_from_real_traffic,SPIKE,43,synthetic_011,zepeto_dataset,True,6675
100,synthetic_scalability_scenario_derived_from_real_traffic,SPIKE,43,synthetic_012,afreeca_dataset,True,225
100,synthetic_scalability_scenario_derived_from_real_traffic,SPIKE,43,synthetic_013,roblox_dataset,True,793
100,synthetic_scalability_scenario_derived_from_real_traffic,SPIKE,43,synthetic_014,youtube_dataset,True,5092
100,synthetic_scalability_scenario_derived_from_real_traffic,SPIKE,43,synthetic_015,amazon_dataset,True,843
100,synthetic_scalability_scenario_derived_from_real_traffic,SPIKE,43,synthetic_016,amazon_dataset,True,2286
100,synthetic_scalability_scenario_derived_from_real_traffic,SPIKE,43,synthetic_017,youtube_dataset,True,2007
100,synthetic_scalability_scenario_derived_from_real_traffic,SPIKE,43,synthetic_018,tft_dataset,True,3686
100,synthetic_scalability_scenario_derived_from_real_traffic,SPIKE,43,synthetic_019,teams_dataset,True,338
100,synthetic_scalability_scenario_derived_from_real_traffic,SPIKE,43,synthetic_020,tft_dataset,True,3016
100,synthetic_scalability_scenario_derived_from_real_traffic,SPIKE,43,synthetic_021,battleground_dataset,True,3715
100,synthetic_scalability_scenario_derived_from_real_traffic,SPIKE,43,synthetic_022,teams_dataset,True,797
100,synthetic_scalability_scenario_derived_from_real_traffic,SPIKE,43,synthetic_023,netflix_dataset,True,2284
100,synthetic_scalability_scenario_derived_from_real_traffic,SPIKE,43,synthetic_024,youtubeLive_dataset,True,3375
100,synthetic_scalability_scenario_derived_from_real_traffic,SPIKE,43,synthetic_025,afreeca_dataset,True,2033
100,synthetic_scalability_scenario_derived_from_real_traffic,SPIKE,43,synthetic_026,roblox_dataset,True,2795
100,synthetic_scalability_scenario_derived_from_real_traffic,SPIKE,43,synthetic_027,geforce_dataset,True,2773
100,synthetic_scalability_scenario_derived_from_real_traffic,SPIKE,43,synthetic_028,geforce_dataset,True,624
100,synthetic_scalability_scenario_derived_from_real_traffic,SPIKE,43,synthetic_029,tft_dataset,True,3933
100,synthetic_scalability_scenario_derived_from_real_traffic,SPIKE,43,synthetic_030,netflix_dataset,True,495
100,synthetic_scalability_scenario_derived_from_real_traffic,SPIKE,43,synthetic_031,tft_dataset,True,3883
100,synthetic_scalability_scenario_derived_from_real_traffic,SPIKE,43,synthetic_032,youtube_dataset,True,554
100,synthetic_scalability_scenario_derived_from_real_traffic,SPIKE,43,synthetic_033,geforce_dataset,True,3606
100,synthetic_scalability_scenario_derived_from_real_traffic,SPIKE,43,synthetic_034,amazon_dataset,True,5691
100,synthetic_scalability_scenario_derived_from_real_traffic,SPIKE,43,synthetic_035,gamebox_dataset,True,1932
100,synthetic_scalability_scenario_derived_from_real_traffic,SPIKE,43,synthetic_036,meet_dataset,True,553
100,synthetic_scalability_scenario_derived_from_real_traffic,SPIKE,43,synthetic_037,battleground_dataset,True,2144
100,synthetic_scalability_scenario_derived_from_real_traffic,SPIKE,43,synthetic_038,gamebox_dataset,True,2839
100,synthetic_scalability_scenario_derived_from_real_traffic,SPIKE,43,synthetic_039,teams_dataset,True,4095
100,synthetic_scalability_scenario_derived_from_real_traffic,SPIKE,43,synthetic_040,zepeto_dataset,True,1013
100,synthetic_scalability_scenario_derived_from_real_traffic,SPIKE,43,synthetic_041,teams_dataset,True,26
100,synthetic_scalability_scenario_derived_from_real_traffic,SPIKE,43,synthetic_042,afreeca_dataset,True,5640
100,synthetic_scalability_scenario_derived_from_real_traffic,SPIKE,43,synthetic_043,meet_dataset,True,3044
100,synthetic_scalability_scenario_derived_from_real_traffic,SPIKE,43,synthetic_044,zepeto_dataset,True,3837
100,synthetic_scalability_scenario_derived_from_real_traffic,SPIKE,43,synthetic_045,tft_dataset,True,5360
100,synthetic_scalability_scenario_derived_from_real_traffic,SPIKE,43,synthetic_046,teams_dataset,True,5106
100,synthetic_scalability_scenario_derived_from_real_traffic,SPIKE,43,synthetic_047,amazon_dataset,True,5766
100,synthetic_scalability_scenario_derived_from_real_traffic,SPIKE,43,synthetic_048,navernow_dataset,True,2153
100,synthetic_scalability_scenario_derived_from_real_traffic,SPIKE,43,synthetic_049,battleground_dataset,True,1296
100,synthetic_scalability_scenario_derived_from_real_traffic,SPIKE,43,synthetic_050,battleground_dataset,True,84
100,synthetic_scalability_scenario_derived_from_real_traffic,SPIKE,43,synthetic_051,geforce_dataset,True,2649
100,synthetic_scalability_scenario_derived_from_real_traffic,SPIKE,43,synthetic_052,zoom_dataset,True,4057
100,synthetic_scalability_scenario_derived_from_real_traffic,SPIKE,43,synthetic_053,youtubeLive_dataset,True,3790
100,synthetic_scalability_scenario_derived_from_real_traffic,SPIKE,43,synthetic_054,youtube_dataset,True,5879
100,synthetic_scalability_scenario_derived_from_real_traffic,SPIKE,43,synthetic_055,zepeto_dataset,True,5537
100,synthetic_scalability_scenario_derived_from_real_traffic,SPIKE,43,synthetic_056,tft_dataset,True,3321
100,synthetic_scalability_scenario_derived_from_real_traffic,SPIKE,43,synthetic_057,battleground_dataset,True,820
100,synthetic_scalability_scenario_derived_from_real_traffic,SPIKE,43,synthetic_058,zoom_dataset,True,3348
100,synthetic_scalability_scenario_derived_from_real_traffic,SPIKE,43,synthetic_059,youtube_dataset,True,6151
100,synthetic_scalability_scenario_derived_from_real_traffic,SPIKE,43,synthetic_060,amazon_dataset,True,5892
100,synthetic_scalability_scenario_derived_from_real_traffic,SPIKE,43,synthetic_061,geforce_dataset,True,4509
100,synthetic_scalability_scenario_derived_from_real_traffic,SPIKE,43,synthetic_062,navernow_dataset,True,4408
100,synthetic_scalability_scenario_derived_from_real_traffic,SPIKE,43,synthetic_063,netflix_dataset,True,5546
100,synthetic_scalability_scenario_derived_from_real_traffic,SPIKE,43,synthetic_064,zoom_dataset,True,4596
100,synthetic_scalability_scenario_derived_from_real_traffic,SPIKE,43,synthetic_065,navernow_dataset,True,4175
100,synthetic_scalability_scenario_derived_from_real_traffic,SPIKE,43,synthetic_066,battleground_dataset,True,2687
100,synthetic_scalability_scenario_derived_from_real_traffic,SPIKE,43,synthetic_067,youtubeLive_dataset,True,2672
100,synthetic_scalability_scenario_derived_from_real_traffic,SPIKE,43,synthetic_068,zoom_dataset,True,3253
100,synthetic_scalability_scenario_derived_from_real_traffic,SPIKE,43,synthetic_069,zepeto_dataset,True,5898
100,synthetic_scalability_scenario_derived_from_real_traffic,SPIKE,43,synthetic_070,gamebox_dataset,True,4291
100,synthetic_scalability_scenario_derived_from_real_traffic,SPIKE,43,synthetic_071,zoom_dataset,True,5522
100,synthetic_scalability_scenario_derived_from_real_traffic,SPIKE,43,synthetic_072,netflix_dataset,True,3362
100,synthetic_scalability_scenario_derived_from_real_traffic,SPIKE,43,synthetic_073,youtubeLive_dataset,True,3588
100,synthetic_scalability_scenario_derived_from_real_traffic,SPIKE,43,synthetic_074,roblox_dataset,True,4674
100,synthetic_scalability_scenario_derived_from_real_traffic,SPIKE,43,synthetic_075,zoom_dataset,True,4646
100,synthetic_scalability_scenario_derived_from_real_traffic,SPIKE,43,synthetic_076,netflix_dataset,True,1468
100,synthetic_scalability_scenario_derived_from_real_traffic,SPIKE,43,synthetic_077,geforce_dataset,True,6201
100,synthetic_scalability_scenario_derived_from_real_traffic,SPIKE,43,synthetic_078,youtube_dataset,True,1503
100,synthetic_scalability_scenario_derived_from_real_traffic,SPIKE,43,synthetic_079,meet_dataset,True,4403
100,synthetic_scalability_scenario_derived_from_real_traffic,SPIKE,43,synthetic_080,teams_dataset,True,2424
100,synthetic_scalability_scenario_derived_from_real_traffic,SPIKE,43,synthetic_081,tft_dataset,True,1883
100,synthetic_scalability_scenario_derived_from_real_traffic,SPIKE,43,synthetic_082,zepeto_dataset,True,6644
100,synthetic_scalability_scenario_derived_from_real_traffic,SPIKE,43,synthetic_083,geforce_dataset,True,4546
100,synthetic_scalability_scenario_derived_from_real_traffic,SPIKE,43,synthetic_084,roblox_dataset,True,1895
100,synthetic_scalability_scenario_derived_from_real_traffic,SPIKE,43,synthetic_085,teams_dataset,True,4864
100,synthetic_scalability_scenario_derived_from_real_traffic,SPIKE,44,afreeca_dataset,afreeca_dataset,False,0
100,synthetic_scalability_scenario_derived_from_real_traffic,SPIKE,44,amazon_dataset,amazon_dataset,False,0
100,synthetic_scalability_scenario_derived_from_real_traffic,SPIKE,44,battleground_dataset,battleground_dataset,False,0
100,synthetic_scalability_scenario_derived_from_real_traffic,SPIKE,44,gamebox_dataset,gamebox_dataset,False,0
100,synthetic_scalability_scenario_derived_from_real_traffic,SPIKE,44,geforce_dataset,geforce_dataset,False,0
100,synthetic_scalability_scenario_derived_from_real_traffic,SPIKE,44,meet_dataset,meet_dataset,False,0
100,synthetic_scalability_scenario_derived_from_real_traffic,SPIKE,44,navernow_dataset,navernow_dataset,False,0
100,synthetic_scalability_scenario_derived_from_real_traffic,SPIKE,44,netflix_dataset,netflix_dataset,False,0
100,synthetic_scalability_scenario_derived_from_real_traffic,SPIKE,44,roblox_dataset,roblox_dataset,False,0
100,synthetic_scalability_scenario_derived_from_real_traffic,SPIKE,44,teams_dataset,teams_dataset,False,0
100,synthetic_scalability_scenario_derived_from_real_traffic,SPIKE,44,tft_dataset,tft_dataset,False,0
100,synthetic_scalability_scenario_derived_from_real_traffic,SPIKE,44,youtubeLive_dataset,youtubeLive_dataset,False,0
100,synthetic_scalability_scenario_derived_from_real_traffic,SPIKE,44,youtube_dataset,youtube_dataset,False,0
100,synthetic_scalability_scenario_derived_from_real_traffic,SPIKE,44,zepeto_dataset,zepeto_dataset,False,0
100,synthetic_scalability_scenario_derived_from_real_traffic,SPIKE,44,zoom_dataset,zoom_dataset,False,0
100,synthetic_scalability_scenario_derived_from_real_traffic,SPIKE,44,synthetic_001,roblox_dataset,True,4787
100,synthetic_scalability_scenario_derived_from_real_traffic,SPIKE,44,synthetic_002,navernow_dataset,True,130
100,synthetic_scalability_scenario_derived_from_real_traffic,SPIKE,44,synthetic_003,roblox_dataset,True,5334
100,synthetic_scalability_scenario_derived_from_real_traffic,SPIKE,44,synthetic_004,amazon_dataset,True,6026
100,synthetic_scalability_scenario_derived_from_real_traffic,SPIKE,44,synthetic_005,roblox_dataset,True,3504
100,synthetic_scalability_scenario_derived_from_real_traffic,SPIKE,44,synthetic_006,youtube_dataset,True,1319
100,synthetic_scalability_scenario_derived_from_real_traffic,SPIKE,44,synthetic_007,zoom_dataset,True,1209
100,synthetic_scalability_scenario_derived_from_real_traffic,SPIKE,44,synthetic_008,youtubeLive_dataset,True,5655
100,synthetic_scalability_scenario_derived_from_real_traffic,SPIKE,44,synthetic_009,teams_dataset,True,583
100,synthetic_scalability_scenario_derived_from_real_traffic,SPIKE,44,synthetic_010,tft_dataset,True,3654
100,synthetic_scalability_scenario_derived_from_real_traffic,SPIKE,44,synthetic_011,zoom_dataset,True,1360
100,synthetic_scalability_scenario_derived_from_real_traffic,SPIKE,44,synthetic_012,gamebox_dataset,True,2015
100,synthetic_scalability_scenario_derived_from_real_traffic,SPIKE,44,synthetic_013,youtube_dataset,True,6537
100,synthetic_scalability_scenario_derived_from_real_traffic,SPIKE,44,synthetic_014,zoom_dataset,True,1850
100,synthetic_scalability_scenario_derived_from_real_traffic,SPIKE,44,synthetic_015,tft_dataset,True,4572
100,synthetic_scalability_scenario_derived_from_real_traffic,SPIKE,44,synthetic_016,geforce_dataset,True,5133
100,synthetic_scalability_scenario_derived_from_real_traffic,SPIKE,44,synthetic_017,teams_dataset,True,1928
100,synthetic_scalability_scenario_derived_from_real_traffic,SPIKE,44,synthetic_018,meet_dataset,True,980
100,synthetic_scalability_scenario_derived_from_real_traffic,SPIKE,44,synthetic_019,meet_dataset,True,5165
100,synthetic_scalability_scenario_derived_from_real_traffic,SPIKE,44,synthetic_020,roblox_dataset,True,3034
100,synthetic_scalability_scenario_derived_from_real_traffic,SPIKE,44,synthetic_021,youtube_dataset,True,1925
100,synthetic_scalability_scenario_derived_from_real_traffic,SPIKE,44,synthetic_022,battleground_dataset,True,1415
100,synthetic_scalability_scenario_derived_from_real_traffic,SPIKE,44,synthetic_023,navernow_dataset,True,6580
100,synthetic_scalability_scenario_derived_from_real_traffic,SPIKE,44,synthetic_024,roblox_dataset,True,4323
100,synthetic_scalability_scenario_derived_from_real_traffic,SPIKE,44,synthetic_025,youtube_dataset,True,3499
100,synthetic_scalability_scenario_derived_from_real_traffic,SPIKE,44,synthetic_026,roblox_dataset,True,763
100,synthetic_scalability_scenario_derived_from_real_traffic,SPIKE,44,synthetic_027,geforce_dataset,True,6104
100,synthetic_scalability_scenario_derived_from_real_traffic,SPIKE,44,synthetic_028,youtubeLive_dataset,True,2226
100,synthetic_scalability_scenario_derived_from_real_traffic,SPIKE,44,synthetic_029,roblox_dataset,True,5290
100,synthetic_scalability_scenario_derived_from_real_traffic,SPIKE,44,synthetic_030,afreeca_dataset,True,6056
100,synthetic_scalability_scenario_derived_from_real_traffic,SPIKE,44,synthetic_031,geforce_dataset,True,1377
100,synthetic_scalability_scenario_derived_from_real_traffic,SPIKE,44,synthetic_032,zepeto_dataset,True,6542
100,synthetic_scalability_scenario_derived_from_real_traffic,SPIKE,44,synthetic_033,battleground_dataset,True,5982
100,synthetic_scalability_scenario_derived_from_real_traffic,SPIKE,44,synthetic_034,roblox_dataset,True,3787
100,synthetic_scalability_scenario_derived_from_real_traffic,SPIKE,44,synthetic_035,netflix_dataset,True,4845
100,synthetic_scalability_scenario_derived_from_real_traffic,SPIKE,44,synthetic_036,roblox_dataset,True,1855
100,synthetic_scalability_scenario_derived_from_real_traffic,SPIKE,44,synthetic_037,amazon_dataset,True,4841
100,synthetic_scalability_scenario_derived_from_real_traffic,SPIKE,44,synthetic_038,meet_dataset,True,2884
100,synthetic_scalability_scenario_derived_from_real_traffic,SPIKE,44,synthetic_039,zoom_dataset,True,2177
100,synthetic_scalability_scenario_derived_from_real_traffic,SPIKE,44,synthetic_040,amazon_dataset,True,4662
100,synthetic_scalability_scenario_derived_from_real_traffic,SPIKE,44,synthetic_041,youtube_dataset,True,2563
100,synthetic_scalability_scenario_derived_from_real_traffic,SPIKE,44,synthetic_042,zepeto_dataset,True,4713
100,synthetic_scalability_scenario_derived_from_real_traffic,SPIKE,44,synthetic_043,gamebox_dataset,True,5696
100,synthetic_scalability_scenario_derived_from_real_traffic,SPIKE,44,synthetic_044,netflix_dataset,True,1811
100,synthetic_scalability_scenario_derived_from_real_traffic,SPIKE,44,synthetic_045,tft_dataset,True,1381
100,synthetic_scalability_scenario_derived_from_real_traffic,SPIKE,44,synthetic_046,meet_dataset,True,2143
100,synthetic_scalability_scenario_derived_from_real_traffic,SPIKE,44,synthetic_047,gamebox_dataset,True,2834
100,synthetic_scalability_scenario_derived_from_real_traffic,SPIKE,44,synthetic_048,zoom_dataset,True,4873
100,synthetic_scalability_scenario_derived_from_real_traffic,SPIKE,44,synthetic_049,teams_dataset,True,2926
100,synthetic_scalability_scenario_derived_from_real_traffic,SPIKE,44,synthetic_050,teams_dataset,True,4639
100,synthetic_scalability_scenario_derived_from_real_traffic,SPIKE,44,synthetic_051,battleground_dataset,True,6659
100,synthetic_scalability_scenario_derived_from_real_traffic,SPIKE,44,synthetic_052,battleground_dataset,True,1563
100,synthetic_scalability_scenario_derived_from_real_traffic,SPIKE,44,synthetic_053,meet_dataset,True,5073
100,synthetic_scalability_scenario_derived_from_real_traffic,SPIKE,44,synthetic_054,battleground_dataset,True,3189
100,synthetic_scalability_scenario_derived_from_real_traffic,SPIKE,44,synthetic_055,zepeto_dataset,True,2797
100,synthetic_scalability_scenario_derived_from_real_traffic,SPIKE,44,synthetic_056,zepeto_dataset,True,4025
100,synthetic_scalability_scenario_derived_from_real_traffic,SPIKE,44,synthetic_057,youtube_dataset,True,790
100,synthetic_scalability_scenario_derived_from_real_traffic,SPIKE,44,synthetic_058,meet_dataset,True,2109
100,synthetic_scalability_scenario_derived_from_real_traffic,SPIKE,44,synthetic_059,navernow_dataset,True,1832
100,synthetic_scalability_scenario_derived_from_real_traffic,SPIKE,44,synthetic_060,meet_dataset,True,4083
100,synthetic_scalability_scenario_derived_from_real_traffic,SPIKE,44,synthetic_061,netflix_dataset,True,1505
100,synthetic_scalability_scenario_derived_from_real_traffic,SPIKE,44,synthetic_062,gamebox_dataset,True,317
100,synthetic_scalability_scenario_derived_from_real_traffic,SPIKE,44,synthetic_063,afreeca_dataset,True,271
100,synthetic_scalability_scenario_derived_from_real_traffic,SPIKE,44,synthetic_064,geforce_dataset,True,5181
100,synthetic_scalability_scenario_derived_from_real_traffic,SPIKE,44,synthetic_065,zoom_dataset,True,4574
100,synthetic_scalability_scenario_derived_from_real_traffic,SPIKE,44,synthetic_066,battleground_dataset,True,5683
100,synthetic_scalability_scenario_derived_from_real_traffic,SPIKE,44,synthetic_067,battleground_dataset,True,4530
100,synthetic_scalability_scenario_derived_from_real_traffic,SPIKE,44,synthetic_068,amazon_dataset,True,349
100,synthetic_scalability_scenario_derived_from_real_traffic,SPIKE,44,synthetic_069,meet_dataset,True,4690
100,synthetic_scalability_scenario_derived_from_real_traffic,SPIKE,44,synthetic_070,teams_dataset,True,3659
100,synthetic_scalability_scenario_derived_from_real_traffic,SPIKE,44,synthetic_071,battleground_dataset,True,6434
100,synthetic_scalability_scenario_derived_from_real_traffic,SPIKE,44,synthetic_072,youtube_dataset,True,1537
100,synthetic_scalability_scenario_derived_from_real_traffic,SPIKE,44,synthetic_073,youtube_dataset,True,520
100,synthetic_scalability_scenario_derived_from_real_traffic,SPIKE,44,synthetic_074,battleground_dataset,True,5572
100,synthetic_scalability_scenario_derived_from_real_traffic,SPIKE,44,synthetic_075,youtubeLive_dataset,True,2827
100,synthetic_scalability_scenario_derived_from_real_traffic,SPIKE,44,synthetic_076,meet_dataset,True,3144
100,synthetic_scalability_scenario_derived_from_real_traffic,SPIKE,44,synthetic_077,youtubeLive_dataset,True,4796
100,synthetic_scalability_scenario_derived_from_real_traffic,SPIKE,44,synthetic_078,roblox_dataset,True,1223
100,synthetic_scalability_scenario_derived_from_real_traffic,SPIKE,44,synthetic_079,amazon_dataset,True,3017
100,synthetic_scalability_scenario_derived_from_real_traffic,SPIKE,44,synthetic_080,roblox_dataset,True,5367
100,synthetic_scalability_scenario_derived_from_real_traffic,SPIKE,44,synthetic_081,roblox_dataset,True,3974
100,synthetic_scalability_scenario_derived_from_real_traffic,SPIKE,44,synthetic_082,gamebox_dataset,True,6042
100,synthetic_scalability_scenario_derived_from_real_traffic,SPIKE,44,synthetic_083,geforce_dataset,True,5789
100,synthetic_scalability_scenario_derived_from_real_traffic,SPIKE,44,synthetic_084,tft_dataset,True,1829
100,synthetic_scalability_scenario_derived_from_real_traffic,SPIKE,44,synthetic_085,netflix_dataset,True,5323
100,synthetic_scalability_scenario_derived_from_real_traffic,SPIKE,45,afreeca_dataset,afreeca_dataset,False,0
100,synthetic_scalability_scenario_derived_from_real_traffic,SPIKE,45,amazon_dataset,amazon_dataset,False,0
100,synthetic_scalability_scenario_derived_from_real_traffic,SPIKE,45,battleground_dataset,battleground_dataset,False,0
100,synthetic_scalability_scenario_derived_from_real_traffic,SPIKE,45,gamebox_dataset,gamebox_dataset,False,0
100,synthetic_scalability_scenario_derived_from_real_traffic,SPIKE,45,geforce_dataset,geforce_dataset,False,0
100,synthetic_scalability_scenario_derived_from_real_traffic,SPIKE,45,meet_dataset,meet_dataset,False,0
100,synthetic_scalability_scenario_derived_from_real_traffic,SPIKE,45,navernow_dataset,navernow_dataset,False,0
100,synthetic_scalability_scenario_derived_from_real_traffic,SPIKE,45,netflix_dataset,netflix_dataset,False,0
100,synthetic_scalability_scenario_derived_from_real_traffic,SPIKE,45,roblox_dataset,roblox_dataset,False,0
100,synthetic_scalability_scenario_derived_from_real_traffic,SPIKE,45,teams_dataset,teams_dataset,False,0
100,synthetic_scalability_scenario_derived_from_real_traffic,SPIKE,45,tft_dataset,tft_dataset,False,0
100,synthetic_scalability_scenario_derived_from_real_traffic,SPIKE,45,youtubeLive_dataset,youtubeLive_dataset,False,0
100,synthetic_scalability_scenario_derived_from_real_traffic,SPIKE,45,youtube_dataset,youtube_dataset,False,0
100,synthetic_scalability_scenario_derived_from_real_traffic,SPIKE,45,zepeto_dataset,zepeto_dataset,False,0
100,synthetic_scalability_scenario_derived_from_real_traffic,SPIKE,45,zoom_dataset,zoom_dataset,False,0
100,synthetic_scalability_scenario_derived_from_real_traffic,SPIKE,45,synthetic_001,roblox_dataset,True,6449
100,synthetic_scalability_scenario_derived_from_real_traffic,SPIKE,45,synthetic_002,netflix_dataset,True,3135
100,synthetic_scalability_scenario_derived_from_real_traffic,SPIKE,45,synthetic_003,navernow_dataset,True,5426
100,synthetic_scalability_scenario_derived_from_real_traffic,SPIKE,45,synthetic_004,youtubeLive_dataset,True,5788
100,synthetic_scalability_scenario_derived_from_real_traffic,SPIKE,45,synthetic_005,meet_dataset,True,4213
100,synthetic_scalability_scenario_derived_from_real_traffic,SPIKE,45,synthetic_006,youtube_dataset,True,313
100,synthetic_scalability_scenario_derived_from_real_traffic,SPIKE,45,synthetic_007,navernow_dataset,True,367
100,synthetic_scalability_scenario_derived_from_real_traffic,SPIKE,45,synthetic_008,geforce_dataset,True,801
100,synthetic_scalability_scenario_derived_from_real_traffic,SPIKE,45,synthetic_009,navernow_dataset,True,4698
100,synthetic_scalability_scenario_derived_from_real_traffic,SPIKE,45,synthetic_010,navernow_dataset,True,294
100,synthetic_scalability_scenario_derived_from_real_traffic,SPIKE,45,synthetic_011,meet_dataset,True,4684
100,synthetic_scalability_scenario_derived_from_real_traffic,SPIKE,45,synthetic_012,youtube_dataset,True,2808
100,synthetic_scalability_scenario_derived_from_real_traffic,SPIKE,45,synthetic_013,zepeto_dataset,True,2471
100,synthetic_scalability_scenario_derived_from_real_traffic,SPIKE,45,synthetic_014,afreeca_dataset,True,1029
100,synthetic_scalability_scenario_derived_from_real_traffic,SPIKE,45,synthetic_015,roblox_dataset,True,711
100,synthetic_scalability_scenario_derived_from_real_traffic,SPIKE,45,synthetic_016,battleground_dataset,True,838
100,synthetic_scalability_scenario_derived_from_real_traffic,SPIKE,45,synthetic_017,geforce_dataset,True,5203
100,synthetic_scalability_scenario_derived_from_real_traffic,SPIKE,45,synthetic_018,youtube_dataset,True,1167
100,synthetic_scalability_scenario_derived_from_real_traffic,SPIKE,45,synthetic_019,battleground_dataset,True,4748
100,synthetic_scalability_scenario_derived_from_real_traffic,SPIKE,45,synthetic_020,gamebox_dataset,True,4695
100,synthetic_scalability_scenario_derived_from_real_traffic,SPIKE,45,synthetic_021,navernow_dataset,True,3498
100,synthetic_scalability_scenario_derived_from_real_traffic,SPIKE,45,synthetic_022,zepeto_dataset,True,6425
100,synthetic_scalability_scenario_derived_from_real_traffic,SPIKE,45,synthetic_023,youtubeLive_dataset,True,2497
100,synthetic_scalability_scenario_derived_from_real_traffic,SPIKE,45,synthetic_024,battleground_dataset,True,237
100,synthetic_scalability_scenario_derived_from_real_traffic,SPIKE,45,synthetic_025,afreeca_dataset,True,3314
100,synthetic_scalability_scenario_derived_from_real_traffic,SPIKE,45,synthetic_026,meet_dataset,True,1354
100,synthetic_scalability_scenario_derived_from_real_traffic,SPIKE,45,synthetic_027,afreeca_dataset,True,831
100,synthetic_scalability_scenario_derived_from_real_traffic,SPIKE,45,synthetic_028,geforce_dataset,True,6639
100,synthetic_scalability_scenario_derived_from_real_traffic,SPIKE,45,synthetic_029,zepeto_dataset,True,2397
100,synthetic_scalability_scenario_derived_from_real_traffic,SPIKE,45,synthetic_030,youtube_dataset,True,4630
100,synthetic_scalability_scenario_derived_from_real_traffic,SPIKE,45,synthetic_031,zepeto_dataset,True,1407
100,synthetic_scalability_scenario_derived_from_real_traffic,SPIKE,45,synthetic_032,youtubeLive_dataset,True,90
100,synthetic_scalability_scenario_derived_from_real_traffic,SPIKE,45,synthetic_033,meet_dataset,True,6521
100,synthetic_scalability_scenario_derived_from_real_traffic,SPIKE,45,synthetic_034,zoom_dataset,True,4838
100,synthetic_scalability_scenario_derived_from_real_traffic,SPIKE,45,synthetic_035,zoom_dataset,True,4730
100,synthetic_scalability_scenario_derived_from_real_traffic,SPIKE,45,synthetic_036,tft_dataset,True,5475
100,synthetic_scalability_scenario_derived_from_real_traffic,SPIKE,45,synthetic_037,netflix_dataset,True,2134
100,synthetic_scalability_scenario_derived_from_real_traffic,SPIKE,45,synthetic_038,zoom_dataset,True,2918
100,synthetic_scalability_scenario_derived_from_real_traffic,SPIKE,45,synthetic_039,youtube_dataset,True,2508
100,synthetic_scalability_scenario_derived_from_real_traffic,SPIKE,45,synthetic_040,youtubeLive_dataset,True,5848
100,synthetic_scalability_scenario_derived_from_real_traffic,SPIKE,45,synthetic_041,teams_dataset,True,2113
100,synthetic_scalability_scenario_derived_from_real_traffic,SPIKE,45,synthetic_042,geforce_dataset,True,2278
100,synthetic_scalability_scenario_derived_from_real_traffic,SPIKE,45,synthetic_043,netflix_dataset,True,5022
100,synthetic_scalability_scenario_derived_from_real_traffic,SPIKE,45,synthetic_044,zepeto_dataset,True,4095
100,synthetic_scalability_scenario_derived_from_real_traffic,SPIKE,45,synthetic_045,tft_dataset,True,3547
100,synthetic_scalability_scenario_derived_from_real_traffic,SPIKE,45,synthetic_046,youtubeLive_dataset,True,944
100,synthetic_scalability_scenario_derived_from_real_traffic,SPIKE,45,synthetic_047,meet_dataset,True,2562
100,synthetic_scalability_scenario_derived_from_real_traffic,SPIKE,45,synthetic_048,meet_dataset,True,6016
100,synthetic_scalability_scenario_derived_from_real_traffic,SPIKE,45,synthetic_049,netflix_dataset,True,647
100,synthetic_scalability_scenario_derived_from_real_traffic,SPIKE,45,synthetic_050,netflix_dataset,True,5432
100,synthetic_scalability_scenario_derived_from_real_traffic,SPIKE,45,synthetic_051,navernow_dataset,True,4527
100,synthetic_scalability_scenario_derived_from_real_traffic,SPIKE,45,synthetic_052,meet_dataset,True,763
100,synthetic_scalability_scenario_derived_from_real_traffic,SPIKE,45,synthetic_053,zoom_dataset,True,5374
100,synthetic_scalability_scenario_derived_from_real_traffic,SPIKE,45,synthetic_054,afreeca_dataset,True,3352
100,synthetic_scalability_scenario_derived_from_real_traffic,SPIKE,45,synthetic_055,battleground_dataset,True,2734
100,synthetic_scalability_scenario_derived_from_real_traffic,SPIKE,45,synthetic_056,afreeca_dataset,True,4166
100,synthetic_scalability_scenario_derived_from_real_traffic,SPIKE,45,synthetic_057,geforce_dataset,True,1984
100,synthetic_scalability_scenario_derived_from_real_traffic,SPIKE,45,synthetic_058,tft_dataset,True,509
100,synthetic_scalability_scenario_derived_from_real_traffic,SPIKE,45,synthetic_059,tft_dataset,True,1561
100,synthetic_scalability_scenario_derived_from_real_traffic,SPIKE,45,synthetic_060,teams_dataset,True,1215
100,synthetic_scalability_scenario_derived_from_real_traffic,SPIKE,45,synthetic_061,afreeca_dataset,True,2785
100,synthetic_scalability_scenario_derived_from_real_traffic,SPIKE,45,synthetic_062,zepeto_dataset,True,3445
100,synthetic_scalability_scenario_derived_from_real_traffic,SPIKE,45,synthetic_063,battleground_dataset,True,1643
100,synthetic_scalability_scenario_derived_from_real_traffic,SPIKE,45,synthetic_064,youtube_dataset,True,5278
100,synthetic_scalability_scenario_derived_from_real_traffic,SPIKE,45,synthetic_065,netflix_dataset,True,2429
100,synthetic_scalability_scenario_derived_from_real_traffic,SPIKE,45,synthetic_066,battleground_dataset,True,4100
100,synthetic_scalability_scenario_derived_from_real_traffic,SPIKE,45,synthetic_067,youtubeLive_dataset,True,4638
100,synthetic_scalability_scenario_derived_from_real_traffic,SPIKE,45,synthetic_068,amazon_dataset,True,5171
100,synthetic_scalability_scenario_derived_from_real_traffic,SPIKE,45,synthetic_069,zepeto_dataset,True,1067
100,synthetic_scalability_scenario_derived_from_real_traffic,SPIKE,45,synthetic_070,battleground_dataset,True,2069
100,synthetic_scalability_scenario_derived_from_real_traffic,SPIKE,45,synthetic_071,zepeto_dataset,True,5526
100,synthetic_scalability_scenario_derived_from_real_traffic,SPIKE,45,synthetic_072,netflix_dataset,True,4720
100,synthetic_scalability_scenario_derived_from_real_traffic,SPIKE,45,synthetic_073,afreeca_dataset,True,3457
100,synthetic_scalability_scenario_derived_from_real_traffic,SPIKE,45,synthetic_074,geforce_dataset,True,6100
100,synthetic_scalability_scenario_derived_from_real_traffic,SPIKE,45,synthetic_075,amazon_dataset,True,1651
100,synthetic_scalability_scenario_derived_from_real_traffic,SPIKE,45,synthetic_076,amazon_dataset,True,2994
100,synthetic_scalability_scenario_derived_from_real_traffic,SPIKE,45,synthetic_077,tft_dataset,True,3268
100,synthetic_scalability_scenario_derived_from_real_traffic,SPIKE,45,synthetic_078,meet_dataset,True,1149
100,synthetic_scalability_scenario_derived_from_real_traffic,SPIKE,45,synthetic_079,tft_dataset,True,1394
100,synthetic_scalability_scenario_derived_from_real_traffic,SPIKE,45,synthetic_080,navernow_dataset,True,4235
100,synthetic_scalability_scenario_derived_from_real_traffic,SPIKE,45,synthetic_081,zepeto_dataset,True,0
100,synthetic_scalability_scenario_derived_from_real_traffic,SPIKE,45,synthetic_082,gamebox_dataset,True,2657
100,synthetic_scalability_scenario_derived_from_real_traffic,SPIKE,45,synthetic_083,amazon_dataset,True,1963
100,synthetic_scalability_scenario_derived_from_real_traffic,SPIKE,45,synthetic_084,gamebox_dataset,True,5153
100,synthetic_scalability_scenario_derived_from_real_traffic,SPIKE,45,synthetic_085,zepeto_dataset,True,2964
100,synthetic_scalability_scenario_derived_from_real_traffic,SPIKE,46,afreeca_dataset,afreeca_dataset,False,0
100,synthetic_scalability_scenario_derived_from_real_traffic,SPIKE,46,amazon_dataset,amazon_dataset,False,0
100,synthetic_scalability_scenario_derived_from_real_traffic,SPIKE,46,battleground_dataset,battleground_dataset,False,0
100,synthetic_scalability_scenario_derived_from_real_traffic,SPIKE,46,gamebox_dataset,gamebox_dataset,False,0
100,synthetic_scalability_scenario_derived_from_real_traffic,SPIKE,46,geforce_dataset,geforce_dataset,False,0
100,synthetic_scalability_scenario_derived_from_real_traffic,SPIKE,46,meet_dataset,meet_dataset,False,0
100,synthetic_scalability_scenario_derived_from_real_traffic,SPIKE,46,navernow_dataset,navernow_dataset,False,0
100,synthetic_scalability_scenario_derived_from_real_traffic,SPIKE,46,netflix_dataset,netflix_dataset,False,0
100,synthetic_scalability_scenario_derived_from_real_traffic,SPIKE,46,roblox_dataset,roblox_dataset,False,0
100,synthetic_scalability_scenario_derived_from_real_traffic,SPIKE,46,teams_dataset,teams_dataset,False,0
100,synthetic_scalability_scenario_derived_from_real_traffic,SPIKE,46,tft_dataset,tft_dataset,False,0
100,synthetic_scalability_scenario_derived_from_real_traffic,SPIKE,46,youtubeLive_dataset,youtubeLive_dataset,False,0
100,synthetic_scalability_scenario_derived_from_real_traffic,SPIKE,46,youtube_dataset,youtube_dataset,False,0
100,synthetic_scalability_scenario_derived_from_real_traffic,SPIKE,46,zepeto_dataset,zepeto_dataset,False,0
100,synthetic_scalability_scenario_derived_from_real_traffic,SPIKE,46,zoom_dataset,zoom_dataset,False,0
100,synthetic_scalability_scenario_derived_from_real_traffic,SPIKE,46,synthetic_001,teams_dataset,True,4886
100,synthetic_scalability_scenario_derived_from_real_traffic,SPIKE,46,synthetic_002,battleground_dataset,True,5170
100,synthetic_scalability_scenario_derived_from_real_traffic,SPIKE,46,synthetic_003,youtubeLive_dataset,True,444
100,synthetic_scalability_scenario_derived_from_real_traffic,SPIKE,46,synthetic_004,zepeto_dataset,True,702
100,synthetic_scalability_scenario_derived_from_real_traffic,SPIKE,46,synthetic_005,gamebox_dataset,True,2609
100,synthetic_scalability_scenario_derived_from_real_traffic,SPIKE,46,synthetic_006,geforce_dataset,True,2181
100,synthetic_scalability_scenario_derived_from_real_traffic,SPIKE,46,synthetic_007,zepeto_dataset,True,1683
100,synthetic_scalability_scenario_derived_from_real_traffic,SPIKE,46,synthetic_008,geforce_dataset,True,5639
100,synthetic_scalability_scenario_derived_from_real_traffic,SPIKE,46,synthetic_009,zoom_dataset,True,47
100,synthetic_scalability_scenario_derived_from_real_traffic,SPIKE,46,synthetic_010,gamebox_dataset,True,1211
100,synthetic_scalability_scenario_derived_from_real_traffic,SPIKE,46,synthetic_011,meet_dataset,True,4270
100,synthetic_scalability_scenario_derived_from_real_traffic,SPIKE,46,synthetic_012,teams_dataset,True,3202
100,synthetic_scalability_scenario_derived_from_real_traffic,SPIKE,46,synthetic_013,afreeca_dataset,True,3352
100,synthetic_scalability_scenario_derived_from_real_traffic,SPIKE,46,synthetic_014,battleground_dataset,True,4555
100,synthetic_scalability_scenario_derived_from_real_traffic,SPIKE,46,synthetic_015,geforce_dataset,True,371
100,synthetic_scalability_scenario_derived_from_real_traffic,SPIKE,46,synthetic_016,zoom_dataset,True,4909
100,synthetic_scalability_scenario_derived_from_real_traffic,SPIKE,46,synthetic_017,teams_dataset,True,4370
100,synthetic_scalability_scenario_derived_from_real_traffic,SPIKE,46,synthetic_018,tft_dataset,True,6021
100,synthetic_scalability_scenario_derived_from_real_traffic,SPIKE,46,synthetic_019,youtube_dataset,True,4160
100,synthetic_scalability_scenario_derived_from_real_traffic,SPIKE,46,synthetic_020,zoom_dataset,True,6633
100,synthetic_scalability_scenario_derived_from_real_traffic,SPIKE,46,synthetic_021,youtube_dataset,True,3326
100,synthetic_scalability_scenario_derived_from_real_traffic,SPIKE,46,synthetic_022,netflix_dataset,True,4820
100,synthetic_scalability_scenario_derived_from_real_traffic,SPIKE,46,synthetic_023,battleground_dataset,True,288
100,synthetic_scalability_scenario_derived_from_real_traffic,SPIKE,46,synthetic_024,teams_dataset,True,1735
100,synthetic_scalability_scenario_derived_from_real_traffic,SPIKE,46,synthetic_025,tft_dataset,True,1157
100,synthetic_scalability_scenario_derived_from_real_traffic,SPIKE,46,synthetic_026,youtubeLive_dataset,True,3647
100,synthetic_scalability_scenario_derived_from_real_traffic,SPIKE,46,synthetic_027,meet_dataset,True,2998
100,synthetic_scalability_scenario_derived_from_real_traffic,SPIKE,46,synthetic_028,battleground_dataset,True,1289
100,synthetic_scalability_scenario_derived_from_real_traffic,SPIKE,46,synthetic_029,gamebox_dataset,True,3101
100,synthetic_scalability_scenario_derived_from_real_traffic,SPIKE,46,synthetic_030,battleground_dataset,True,882
100,synthetic_scalability_scenario_derived_from_real_traffic,SPIKE,46,synthetic_031,navernow_dataset,True,3018
100,synthetic_scalability_scenario_derived_from_real_traffic,SPIKE,46,synthetic_032,meet_dataset,True,6400
100,synthetic_scalability_scenario_derived_from_real_traffic,SPIKE,46,synthetic_033,youtubeLive_dataset,True,3417
100,synthetic_scalability_scenario_derived_from_real_traffic,SPIKE,46,synthetic_034,geforce_dataset,True,3006
100,synthetic_scalability_scenario_derived_from_real_traffic,SPIKE,46,synthetic_035,netflix_dataset,True,3238
100,synthetic_scalability_scenario_derived_from_real_traffic,SPIKE,46,synthetic_036,zepeto_dataset,True,1655
100,synthetic_scalability_scenario_derived_from_real_traffic,SPIKE,46,synthetic_037,zoom_dataset,True,3857
100,synthetic_scalability_scenario_derived_from_real_traffic,SPIKE,46,synthetic_038,geforce_dataset,True,1058
100,synthetic_scalability_scenario_derived_from_real_traffic,SPIKE,46,synthetic_039,afreeca_dataset,True,667
100,synthetic_scalability_scenario_derived_from_real_traffic,SPIKE,46,synthetic_040,zepeto_dataset,True,3285
100,synthetic_scalability_scenario_derived_from_real_traffic,SPIKE,46,synthetic_041,roblox_dataset,True,892
100,synthetic_scalability_scenario_derived_from_real_traffic,SPIKE,46,synthetic_042,netflix_dataset,True,4533
100,synthetic_scalability_scenario_derived_from_real_traffic,SPIKE,46,synthetic_043,netflix_dataset,True,4120
100,synthetic_scalability_scenario_derived_from_real_traffic,SPIKE,46,synthetic_044,gamebox_dataset,True,3116
100,synthetic_scalability_scenario_derived_from_real_traffic,SPIKE,46,synthetic_045,meet_dataset,True,1347
100,synthetic_scalability_scenario_derived_from_real_traffic,SPIKE,46,synthetic_046,zepeto_dataset,True,2685
100,synthetic_scalability_scenario_derived_from_real_traffic,SPIKE,46,synthetic_047,gamebox_dataset,True,6317
100,synthetic_scalability_scenario_derived_from_real_traffic,SPIKE,46,synthetic_048,meet_dataset,True,4597
100,synthetic_scalability_scenario_derived_from_real_traffic,SPIKE,46,synthetic_049,zepeto_dataset,True,5423
100,synthetic_scalability_scenario_derived_from_real_traffic,SPIKE,46,synthetic_050,teams_dataset,True,1011
100,synthetic_scalability_scenario_derived_from_real_traffic,SPIKE,46,synthetic_051,zoom_dataset,True,6485
100,synthetic_scalability_scenario_derived_from_real_traffic,SPIKE,46,synthetic_052,teams_dataset,True,2422
100,synthetic_scalability_scenario_derived_from_real_traffic,SPIKE,46,synthetic_053,amazon_dataset,True,2511
100,synthetic_scalability_scenario_derived_from_real_traffic,SPIKE,46,synthetic_054,tft_dataset,True,2531
100,synthetic_scalability_scenario_derived_from_real_traffic,SPIKE,46,synthetic_055,geforce_dataset,True,665
100,synthetic_scalability_scenario_derived_from_real_traffic,SPIKE,46,synthetic_056,teams_dataset,True,4978
100,synthetic_scalability_scenario_derived_from_real_traffic,SPIKE,46,synthetic_057,youtubeLive_dataset,True,1792
100,synthetic_scalability_scenario_derived_from_real_traffic,SPIKE,46,synthetic_058,youtube_dataset,True,3294
100,synthetic_scalability_scenario_derived_from_real_traffic,SPIKE,46,synthetic_059,meet_dataset,True,6227
100,synthetic_scalability_scenario_derived_from_real_traffic,SPIKE,46,synthetic_060,roblox_dataset,True,4135
100,synthetic_scalability_scenario_derived_from_real_traffic,SPIKE,46,synthetic_061,netflix_dataset,True,6034
100,synthetic_scalability_scenario_derived_from_real_traffic,SPIKE,46,synthetic_062,netflix_dataset,True,1348
100,synthetic_scalability_scenario_derived_from_real_traffic,SPIKE,46,synthetic_063,amazon_dataset,True,2830
100,synthetic_scalability_scenario_derived_from_real_traffic,SPIKE,46,synthetic_064,youtubeLive_dataset,True,4522
100,synthetic_scalability_scenario_derived_from_real_traffic,SPIKE,46,synthetic_065,amazon_dataset,True,2202
100,synthetic_scalability_scenario_derived_from_real_traffic,SPIKE,46,synthetic_066,tft_dataset,True,3497
100,synthetic_scalability_scenario_derived_from_real_traffic,SPIKE,46,synthetic_067,teams_dataset,True,585
100,synthetic_scalability_scenario_derived_from_real_traffic,SPIKE,46,synthetic_068,geforce_dataset,True,4136
100,synthetic_scalability_scenario_derived_from_real_traffic,SPIKE,46,synthetic_069,battleground_dataset,True,3032
100,synthetic_scalability_scenario_derived_from_real_traffic,SPIKE,46,synthetic_070,meet_dataset,True,6044
100,synthetic_scalability_scenario_derived_from_real_traffic,SPIKE,46,synthetic_071,zoom_dataset,True,2652
100,synthetic_scalability_scenario_derived_from_real_traffic,SPIKE,46,synthetic_072,meet_dataset,True,3523
100,synthetic_scalability_scenario_derived_from_real_traffic,SPIKE,46,synthetic_073,gamebox_dataset,True,4179
100,synthetic_scalability_scenario_derived_from_real_traffic,SPIKE,46,synthetic_074,youtube_dataset,True,4631
100,synthetic_scalability_scenario_derived_from_real_traffic,SPIKE,46,synthetic_075,tft_dataset,True,2228
100,synthetic_scalability_scenario_derived_from_real_traffic,SPIKE,46,synthetic_076,roblox_dataset,True,4028
100,synthetic_scalability_scenario_derived_from_real_traffic,SPIKE,46,synthetic_077,tft_dataset,True,1903
100,synthetic_scalability_scenario_derived_from_real_traffic,SPIKE,46,synthetic_078,afreeca_dataset,True,133
100,synthetic_scalability_scenario_derived_from_real_traffic,SPIKE,46,synthetic_079,zoom_dataset,True,6187
100,synthetic_scalability_scenario_derived_from_real_traffic,SPIKE,46,synthetic_080,netflix_dataset,True,5214
100,synthetic_scalability_scenario_derived_from_real_traffic,SPIKE,46,synthetic_081,meet_dataset,True,2235
100,synthetic_scalability_scenario_derived_from_real_traffic,SPIKE,46,synthetic_082,amazon_dataset,True,96
100,synthetic_scalability_scenario_derived_from_real_traffic,SPIKE,46,synthetic_083,battleground_dataset,True,3492
100,synthetic_scalability_scenario_derived_from_real_traffic,SPIKE,46,synthetic_084,teams_dataset,True,2978
100,synthetic_scalability_scenario_derived_from_real_traffic,SPIKE,46,synthetic_085,navernow_dataset,True,3867
